promotion_id,campaign_name,promo_type,discount_value,min_order_value,start_date,end_date,campaign_duration_days,target_segment,campaign_channel,campaign_objective,target_category,expected_response_rate,budget_allocated,cost_per_acquisition,invalid_date_range_flag,negative_discount_flag,invalid_expected_response_rate_flag,invalid_budget_flag,is_valid_date_range
1,Cross_Sell_Fixed_Amount_1,Fixed_Amount,86.29,,2025-03-03,2025-02-13,18,Medium_Value,Social,Cross_Sell,Unknown,0.117,31654.2,48.03,True,False,False,False,False
2,Reactivation_Percentage_Discount_2,Percentage_Discount,,24.66,2024-07-29,2024-09-05,38,Medium_Value,Social,Reactivation,Unknown,0.091,49169.82,25.67,False,True,False,False,True
3,Acquisition_BOGO_3,BOGO,0.0,92.54,2024-07-29,2024-08-19,21,Medium_Value,SMS,Acquisition,Home,0.241,35889.11,28.1,False,False,False,False,True
4,Reactivation_Percentage_Discount_4,Percentage_Discount,41.6,85.76,2025-06-06,2025-07-11,35,Low_Value,Website_Banner,Reactivation,Unknown,0.214,11973.4,33.1,False,False,False,False,True
5,Retention_Fixed_Amount_5,Fixed_Amount,16.55,0.0,2025-04-06,2025-04-25,19,Lapsed,Email,Retention,Unknown,0.17,9236.54,39.82,False,False,False,False,True
6,Acquisition_BOGO_6,BOGO,0.0,18.42,2025-03-04,2025-03-20,16,High_Value,Push,Acquisition,Unknown,0.086,21303.04,23.08,False,False,False,False,True
7,Retention_Percentage_Discount_7,Percentage_Discount,14.3,24.08,2024-10-30,2024-11-20,21,High_Value,Email,Retention,Home,0.186,24577.81,45.94,False,False,False,False,True
8,Cross_Sell_Free_Shipping_8,Free_Shipping,0.0,67.03,2024-08-27,2024-09-07,11,New_Customer,SMS,Cross_Sell,Unknown,0.088,21719.17,28.24,False,False,False,False,True
9,Acquisition_BOGO_9,BOGO,0.0,0.0,2025-04-20,2025-05-20,30,Low_Value,Email,Acquisition,Sports,0.059,11103.46,24.68,False,False,False,False,True
10,Upsell_Percentage_Discount_10,Percentage_Discount,10.4,71.58,2025-08-24,2025-08-09,15,Medium_Value,Social,Upsell,Electronics,0.235,6661.58,44.55,True,False,False,False,False
11,Reactivation_Free_Shipping_11,Free_Shipping,0.0,20.08,2025-06-27,2025-08-13,47,Low_Value,Website_Banner,Reactivation,Unknown,0.07,22533.28,38.8,False,False,False,False,True
12,Acquisition_BOGO_12,BOGO,0.0,14.01,2024-08-03,2024-09-11,39,Low_Value,In_App,Acquisition,Clothing,0.059,1148.11,12.03,False,False,False,False,True
13,Acquisition_Percentage_Discount_13,Percentage_Discount,43.1,86.05,2024-09-06,2024-09-26,20,Low_Value,SMS,Acquisition,Home,0.225,29445.68,9.93,False,False,False,False,True
14,Retention_Fixed_Amount_14,Fixed_Amount,5.74,14.53,2025-03-24,2025-04-02,9,All_Customers,Website_Banner,Retention,Unknown,0.16,26121.37,23.48,False,False,False,False,True
15,Reactivation_Percentage_Discount_15,Percentage_Discount,20.7,23.41,2024-12-14,2025-02-09,57,High_Value,Push,Reactivation,Unknown,0.236,12534.48,22.73,False,False,False,False,True
16,Retention_BOGO_16,BOGO,0.0,27.49,2025-06-11,2025-06-17,6,New_Customer,In_App,Retention,Beauty,0.078,9797.02,25.3,False,False,False,False,True
17,Upsell_Free_Shipping_17,Free_Shipping,0.0,0.0,2024-10-08,2024-10-19,11,Low_Value,In_App,Upsell,Unknown,0.107,26418.79,37.96,False,False,False,False,True
18,Acquisition_BOGO_18,BOGO,0.0,5.98,2025-03-30,2025-05-18,49,All_Customers,Website_Banner,Acquisition,Unknown,0.076,26929.89,11.12,False,False,False,False,True
19,Upsell_Fixed_Amount_19,Fixed_Amount,61.24,0.0,2024-08-23,2024-09-05,13,Lapsed,Social,Upsell,Beauty,0.206,16491.99,45.86,False,False,False,False,True
20,Reactivation_Free_Shipping_20,Free_Shipping,0.0,75.47,2025-04-24,2025-05-19,25,Low_Value,Push,Reactivation,Unknown,0.185,14737.63,22.4,False,False,False,False,True
21,Cross_Sell_Fixed_Amount_21,Fixed_Amount,94.41,21.09,2025-07-15,2025-07-30,15,Lapsed,Social,Cross_Sell,Unknown,0.053,6746.57,12.78,False,False,False,False,True
22,Upsell_Percentage_Discount_22,Percentage_Discount,9.4,89.68,2024-10-13,2024-09-27,16,Medium_Value,Email,Upsell,Sports,0.175,4319.59,28.25,True,False,False,False,False
23,Cross_Sell_Free_Shipping_23,Free_Shipping,0.0,0.0,2025-05-20,2025-05-27,7,Medium_Value,SMS,Cross_Sell,Unknown,0.175,10522.37,39.89,False,False,False,False,True
24,Reactivation_BOGO_24,BOGO,0.0,45.9,2025-02-15,2025-03-31,44,New_Customer,Website_Banner,Reactivation,Unknown,0.09,28716.68,11.64,False,False,False,False,True
25,Retention_Fixed_Amount_25,Fixed_Amount,36.5,81.97,2024-07-27,2024-08-09,13,Lapsed,Social,Retention,Unknown,0.151,23891.71,12.88,False,False,False,False,True
26,Cross_Sell_BOGO_26,BOGO,0.0,0.0,2025-02-15,2025-03-07,20,All_Customers,In_App,Cross_Sell,Unknown,0.135,21631.93,38.65,False,False,False,False,True
27,Acquisition_Percentage_Discount_27,Percentage_Discount,31.5,91.26,2024-12-12,2025-01-25,44,Lapsed,Email,Acquisition,Unknown,0.093,21305.11,31.54,False,False,False,False,True
28,Cross_Sell_BOGO_28,BOGO,0.0,48.97,2025-05-22,2025-06-02,11,High_Value,Website_Banner,Cross_Sell,Unknown,0.214,28114.43,21.86,False,False,False,False,True
29,Cross_Sell_Free_Shipping_29,Free_Shipping,0.0,87.56,2024-12-02,2024-12-05,3,Low_Value,Email,Cross_Sell,Unknown,0.147,20830.77,36.5,False,False,False,False,True
30,Acquisition_BOGO_30,BOGO,0.0,0.0,2025-01-25,2025-03-12,46,Low_Value,Email,Acquisition,Books,0.181,31269.1,31.5,False,False,False,False,True
31,Acquisition_BOGO_31,BOGO,0.0,80.24,2025-06-08,2025-06-25,17,Low_Value,Email,Acquisition,Unknown,0.168,6506.19,45.98,False,False,False,False,True
32,Cross_Sell_Fixed_Amount_32,Fixed_Amount,65.83,39.09,2025-07-14,2025-07-21,7,Low_Value,Email,Cross_Sell,Unknown,0.129,10808.96,49.34,False,False,False,False,True
33,Acquisition_BOGO_33,BOGO,0.0,19.49,2025-07-15,2025-08-22,38,Low_Value,Social,Acquisition,Unknown,0.24,27798.45,15.25,False,False,False,False,True
34,Retention_Free_Shipping_34,Free_Shipping,0.0,50.39,2025-05-13,2025-06-03,21,New_Customer,In_App,Retention,Unknown,0.191,46576.82,14.26,False,False,False,False,True
35,Retention_BOGO_35,BOGO,0.0,45.98,2025-07-17,2025-07-25,8,New_Customer,Social,Retention,Books,0.065,49446.03,36.2,False,False,False,False,True
36,Upsell_BOGO_36,BOGO,0.0,69.69,2025-02-23,2025-03-14,19,High_Value,Social,Upsell,Home,0.099,32357.75,25.95,False,False,False,False,True
37,Retention_Free_Shipping_37,Free_Shipping,0.0,0.0,2024-08-25,2024-09-10,16,Lapsed,Push,Retention,Unknown,0.05,49619.67,9.25,False,False,False,False,True
38,Upsell_Fixed_Amount_38,Fixed_Amount,61.49,0.0,2024-12-28,2025-01-14,17,New_Customer,Social,Upsell,Unknown,0.1,24494.99,10.94,False,False,False,False,True
39,Upsell_BOGO_39,BOGO,0.0,,2025-09-26,2025-10-01,5,All_Customers,SMS,Upsell,Books,0.164,4788.7,6.95,False,False,False,False,True
40,Retention_Fixed_Amount_40,Fixed_Amount,41.62,79.32,2024-08-22,2024-09-12,21,All_Customers,Email,Retention,Unknown,0.099,6368.77,5.96,False,False,False,False,True
41,Retention_Free_Shipping_41,Free_Shipping,0.0,0.0,2025-06-21,2025-07-04,13,High_Value,Push,Retention,Home,0.071,9540.99,27.54,False,False,False,False,True
42,Reactivation_Free_Shipping_42,Free_Shipping,0.0,0.0,2025-03-02,2025-04-08,37,High_Value,Push,Reactivation,Unknown,0.232,19098.62,46.22,False,False,False,False,True
43,Retention_Percentage_Discount_43,Percentage_Discount,31.5,0.0,2024-10-11,2024-10-30,19,New_Customer,Email,Retention,Books,0.213,26986.23,6.7,False,False,False,False,True
44,Cross_Sell_Fixed_Amount_44,Fixed_Amount,46.79,79.18,2025-06-01,2025-06-06,5,New_Customer,Social,Cross_Sell,Home,0.141,36751.53,27.19,False,False,False,False,True
45,Retention_Free_Shipping_45,Free_Shipping,0.0,0.0,2025-07-06,2025-07-16,10,Lapsed,Push,Retention,Unknown,0.198,35920.92,42.46,False,False,False,False,True
46,Reactivation_Fixed_Amount_46,Fixed_Amount,24.51,91.4,2025-06-14,2025-07-04,20,Low_Value,SMS,Reactivation,Books,0.105,6258.46,15.0,False,False,False,False,True
47,Acquisition_Percentage_Discount_47,Percentage_Discount,9.1,0.0,2024-10-24,2024-11-15,22,High_Value,SMS,Acquisition,Unknown,0.176,15355.08,34.0,False,False,False,False,True
48,Upsell_Fixed_Amount_48,Fixed_Amount,99.65,4.87,2024-09-17,2024-09-28,11,New_Customer,Push,Upsell,Books,0.183,26762.18,26.6,False,False,False,False,True
49,Reactivation_Percentage_Discount_49,Percentage_Discount,7.2,0.0,2024-10-20,2024-11-21,32,Lapsed,Email,Reactivation,Unknown,0.068,14376.42,5.28,False,False,False,False,True
50,Acquisition_Fixed_Amount_50,Fixed_Amount,44.72,26.23,2024-12-04,2025-01-29,56,Lapsed,Email,Acquisition,Books,0.213,41484.73,36.46,False,False,False,False,True
51,Reactivation_BOGO_51,BOGO,0.0,75.49,2025-02-27,2025-03-22,23,New_Customer,SMS,Reactivation,Home,0.074,39601.4,8.63,False,False,False,False,True
52,Reactivation_Fixed_Amount_52,Fixed_Amount,7.16,36.12,2024-10-15,2024-12-11,57,New_Customer,Social,Reactivation,Unknown,0.097,17608.17,8.51,False,False,False,False,True
53,Upsell_BOGO_53,BOGO,0.0,76.62,2024-12-24,2024-12-27,3,High_Value,Website_Banner,Upsell,Unknown,0.052,16268.16,19.07,False,False,False,False,True
54,Upsell_BOGO_54,BOGO,0.0,59.14,2024-10-13,2024-11-02,20,New_Customer,Email,Upsell,Electronics,0.128,7878.22,21.59,False,False,False,False,True
55,Upsell_Fixed_Amount_55,Fixed_Amount,75.41,15.62,2024-08-14,2024-09-02,19,Low_Value,Social,Upsell,Unknown,0.058,20902.62,15.97,False,False,False,False,True
56,Reactivation_BOGO_56,BOGO,0.0,0.0,2024-08-25,2024-10-10,46,Low_Value,Push,Reactivation,Sports,0.221,2511.57,30.97,False,False,False,False,True
57,Acquisition_Free_Shipping_57,Free_Shipping,0.0,12.85,2025-03-16,2025-04-13,28,Medium_Value,Social,Acquisition,Unknown,0.155,19109.03,25.62,False,False,False,False,True
58,Cross_Sell_BOGO_58,BOGO,0.0,0.0,2025-06-06,2025-06-15,9,New_Customer,In_App,Cross_Sell,Beauty,0.074,4773.34,5.45,False,False,False,False,True
59,Retention_BOGO_59,BOGO,0.0,0.0,2025-07-17,2025-07-21,4,All_Customers,SMS,Retention,Unknown,0.196,39702.58,20.65,False,False,False,False,True
60,Reactivation_Percentage_Discount_60,Percentage_Discount,9.1,56.51,2024-12-07,2024-12-26,19,Lapsed,Email,Reactivation,Unknown,0.174,17106.01,11.74,False,False,False,False,True
61,Upsell_Fixed_Amount_61,Fixed_Amount,33.46,11.56,2025-05-25,2025-06-02,8,Medium_Value,Social,Upsell,Unknown,0.098,44068.24,28.27,False,False,False,False,True
62,Cross_Sell_Fixed_Amount_62,Fixed_Amount,6.36,24.63,2024-11-28,2024-12-16,18,All_Customers,Push,Cross_Sell,Unknown,0.118,1371.5,41.59,False,False,False,False,True
63,Cross_Sell_Fixed_Amount_63,Fixed_Amount,66.27,65.23,2025-06-20,2025-07-06,16,Low_Value,Website_Banner,Cross_Sell,Unknown,0.216,11599.16,21.09,False,False,False,False,True
64,Cross_Sell_Percentage_Discount_64,Percentage_Discount,43.9,34.89,2024-10-07,2024-10-28,21,Medium_Value,Website_Banner,Cross_Sell,Electronics,0.198,5982.76,19.22,False,False,False,False,True
65,Reactivation_BOGO_65,BOGO,0.0,98.37,2024-07-17,2024-08-19,33,Low_Value,Push,Reactivation,Unknown,0.11,18178.99,49.88,False,False,False,False,True
66,Retention_BOGO_66,BOGO,0.0,89.22,2024-12-04,2024-12-14,10,High_Value,Push,Retention,Home,0.089,43412.34,41.78,False,False,False,False,True
67,Upsell_Fixed_Amount_67,Fixed_Amount,33.13,85.48,2025-03-15,2025-04-01,17,Low_Value,Website_Banner,Upsell,Beauty,0.091,11253.22,29.88,False,False,False,False,True
68,Reactivation_Fixed_Amount_68,Fixed_Amount,58.06,77.27,2025-05-15,2025-07-02,48,All_Customers,Email,Reactivation,Beauty,0.108,48125.01,15.16,False,False,False,False,True
69,Reactivation_Free_Shipping_69,Free_Shipping,0.0,0.0,2025-03-18,2025-04-22,35,Low_Value,SMS,Reactivation,Electronics,0.106,5626.91,25.08,False,False,False,False,True
70,Cross_Sell_Fixed_Amount_70,Fixed_Amount,36.69,78.53,2025-07-04,2025-07-19,15,Medium_Value,Push,Cross_Sell,Unknown,0.171,45565.38,33.28,False,False,False,False,True
71,Reactivation_Fixed_Amount_71,Fixed_Amount,9.8,51.87,2025-02-14,2025-01-14,31,Lapsed,In_App,Reactivation,Unknown,0.211,10570.74,7.91,True,False,False,False,False
72,Reactivation_Free_Shipping_72,Free_Shipping,0.0,75.76,2024-11-26,2025-01-04,39,New_Customer,SMS,Reactivation,Unknown,0.117,21840.01,35.81,False,False,False,False,True
73,Upsell_Fixed_Amount_73,Fixed_Amount,32.01,,2025-02-09,2025-02-27,18,Medium_Value,Social,Upsell,Unknown,0.064,25785.55,40.06,False,False,False,False,True
74,Retention_Fixed_Amount_74,Fixed_Amount,43.09,51.12,2024-08-25,2024-09-01,7,Lapsed,Website_Banner,Retention,Unknown,0.201,4855.81,18.82,False,False,False,False,True
75,Cross_Sell_Free_Shipping_75,Free_Shipping,0.0,92.68,2024-10-28,2024-11-06,9,Low_Value,In_App,Cross_Sell,Unknown,0.242,14556.37,40.2,False,False,False,False,True
76,Acquisition_Free_Shipping_76,Free_Shipping,0.0,50.26,2025-01-10,2025-02-17,38,Medium_Value,Email,Acquisition,Books,0.077,41328.43,38.72,False,False,False,False,True
77,Acquisition_Free_Shipping_77,Free_Shipping,0.0,27.63,2024-07-23,2024-09-13,52,All_Customers,SMS,Acquisition,Clothing,0.202,8416.79,46.96,False,False,False,False,True
78,Reactivation_BOGO_78,BOGO,0.0,97.5,2025-05-14,2025-07-11,58,Lapsed,Email,Reactivation,Sports,0.078,14945.83,26.82,False,False,False,False,True
79,Reactivation_Free_Shipping_79,Free_Shipping,0.0,0.0,2025-08-18,2025-09-10,23,Low_Value,SMS,Reactivation,Unknown,0.131,21501.44,13.64,False,False,False,False,True
80,Cross_Sell_BOGO_80,BOGO,0.0,10.54,2025-04-19,2025-05-08,19,All_Customers,Push,Cross_Sell,Unknown,0.189,45866.95,39.74,False,False,False,False,True
81,Upsell_BOGO_81,BOGO,0.0,0.0,2024-11-11,2024-11-27,16,Low_Value,Email,Upsell,Home,0.17,20669.45,27.45,False,False,False,False,True
82,Reactivation_Percentage_Discount_82,Percentage_Discount,46.7,56.47,2024-10-30,2024-12-16,47,All_Customers,Website_Banner,Reactivation,Unknown,0.078,16079.87,22.32,False,False,False,False,True
83,Reactivation_Fixed_Amount_83,Fixed_Amount,79.4,0.0,2024-10-22,2024-12-06,45,Low_Value,Social,Reactivation,Clothing,0.175,15086.65,20.78,False,False,False,False,True
84,Cross_Sell_Percentage_Discount_84,Percentage_Discount,5.4,86.5,2024-09-30,2024-10-12,12,All_Customers,SMS,Cross_Sell,Clothing,0.206,8064.75,24.27,False,False,False,False,True
85,Retention_Fixed_Amount_85,Fixed_Amount,34.43,28.5,2025-07-15,2025-08-05,21,Lapsed,Social,Retention,Beauty,0.103,42621.87,43.11,False,False,False,False,True
86,Cross_Sell_Free_Shipping_86,Free_Shipping,0.0,87.54,2025-04-28,2025-05-14,16,All_Customers,Email,Cross_Sell,Books,0.24,21392.09,29.07,False,False,False,False,True
87,Upsell_Free_Shipping_87,Free_Shipping,0.0,52.39,2024-10-06,2024-10-18,12,All_Customers,Website_Banner,Upsell,Unknown,0.235,19121.5,11.09,False,False,False,False,True
88,Reactivation_Fixed_Amount_88,Fixed_Amount,73.88,97.18,2025-04-17,2025-06-09,53,Low_Value,SMS,Reactivation,Electronics,0.091,2794.71,24.34,False,False,False,False,True
89,Acquisition_Free_Shipping_89,Free_Shipping,0.0,0.0,2024-10-20,2024-11-13,24,High_Value,SMS,Acquisition,Unknown,0.081,23254.25,19.91,False,False,False,False,True
90,Upsell_Fixed_Amount_90,Fixed_Amount,21.91,52.63,2025-04-16,2025-05-01,15,Medium_Value,Website_Banner,Upsell,Beauty,0.198,28620.47,37.22,False,False,False,False,True
91,Retention_Free_Shipping_91,Free_Shipping,0.0,65.44,2024-11-13,2024-11-23,10,Medium_Value,Website_Banner,Retention,Unknown,0.136,12150.75,10.8,False,False,False,False,True
92,Acquisition_Fixed_Amount_92,Fixed_Amount,25.24,0.0,2025-05-13,2025-06-29,47,Lapsed,Social,Acquisition,Unknown,0.153,17605.65,46.75,False,False,False,False,True
93,Reactivation_BOGO_93,BOGO,0.0,55.8,2025-02-17,2025-03-03,14,Lapsed,Push,Reactivation,Clothing,0.164,36325.3,42.34,False,False,False,False,True
94,Upsell_Fixed_Amount_94,Fixed_Amount,73.42,11.35,2025-01-31,2025-02-10,10,New_Customer,Email,Upsell,Unknown,0.223,8055.02,15.34,False,False,False,False,True
95,Reactivation_Percentage_Discount_95,Percentage_Discount,24.1,32.93,2024-10-08,2024-11-26,49,Low_Value,In_App,Reactivation,Sports,0.182,1322.85,19.67,False,False,False,False,True
96,Reactivation_Fixed_Amount_96,Fixed_Amount,95.81,20.02,2024-11-19,2024-12-08,19,Low_Value,SMS,Reactivation,Unknown,0.25,18605.29,42.96,False,False,False,False,True
97,Reactivation_BOGO_97,BOGO,0.0,77.39,2025-02-27,2025-03-19,20,Lapsed,Social,Reactivation,Unknown,0.178,7539.65,16.22,False,False,False,False,True
98,Reactivation_BOGO_98,BOGO,0.0,81.88,2025-05-25,2025-07-18,54,Low_Value,SMS,Reactivation,Unknown,0.245,25793.99,31.95,False,False,False,False,True
99,Reactivation_Percentage_Discount_99,Percentage_Discount,6.5,9.17,2024-08-10,2024-09-26,47,Low_Value,In_App,Reactivation,Unknown,0.236,19631.17,19.51,False,False,False,False,True
100,Reactivation_BOGO_100,BOGO,0.0,23.22,2025-07-03,2025-08-03,31,Low_Value,Social,Reactivation,Electronics,0.105,34801.19,6.69,False,False,False,False,True
101,Retention_BOGO_101,BOGO,0.0,24.94,2024-09-02,2024-09-17,15,All_Customers,In_App,Retention,Beauty,0.216,5234.13,20.27,False,False,False,False,True
102,Cross_Sell_Free_Shipping_102,Free_Shipping,0.0,0.0,2025-02-16,2025-03-03,15,Lapsed,SMS,Cross_Sell,Unknown,0.191,1868.43,10.87,False,False,False,False,True
103,Reactivation_Percentage_Discount_103,Percentage_Discount,11.9,45.66,2024-08-07,2024-09-11,35,Lapsed,SMS,Reactivation,Unknown,0.233,41158.42,36.33,False,False,False,False,True
104,Retention_BOGO_104,BOGO,0.0,16.54,2024-12-30,2025-01-05,6,Low_Value,Social,Retention,Books,0.148,48487.2,38.86,False,False,False,False,True
105,Reactivation_Free_Shipping_105,Free_Shipping,0.0,0.0,2024-08-12,2024-09-17,36,Low_Value,Email,Reactivation,Beauty,0.115,32561.12,8.05,False,False,False,False,True
106,Acquisition_BOGO_106,BOGO,0.0,,2024-12-30,2025-01-23,24,Lapsed,SMS,Acquisition,Beauty,0.087,15814.98,43.66,False,False,False,False,True
107,Cross_Sell_Fixed_Amount_107,Fixed_Amount,13.87,,2025-07-03,2025-07-24,21,All_Customers,Website_Banner,Cross_Sell,Home,0.213,7571.21,17.16,False,False,False,False,True
108,Upsell_Fixed_Amount_108,Fixed_Amount,57.8,17.96,2025-01-02,2025-01-05,3,Medium_Value,In_App,Upsell,Beauty,0.243,38022.59,17.22,False,False,False,False,True
109,Acquisition_Free_Shipping_109,Free_Shipping,0.0,31.24,2025-04-02,2025-03-05,28,Lapsed,Email,Acquisition,Home,0.207,48258.49,17.31,True,False,False,False,False
110,Reactivation_Fixed_Amount_110,Fixed_Amount,58.99,15.93,2024-11-29,2024-12-22,23,High_Value,SMS,Reactivation,Unknown,0.183,42377.14,21.0,False,False,False,False,True
111,Retention_BOGO_111,BOGO,0.0,0.0,2024-08-22,2024-09-10,19,Lapsed,Website_Banner,Retention,Unknown,0.099,32250.2,44.27,False,False,False,False,True
112,Acquisition_Free_Shipping_112,Free_Shipping,0.0,80.22,2025-02-05,2025-02-28,23,High_Value,SMS,Acquisition,Unknown,0.128,32244.3,7.61,False,False,False,False,True
113,Acquisition_Percentage_Discount_113,Percentage_Discount,39.4,99.52,2025-02-04,2025-03-24,48,All_Customers,Social,Acquisition,Beauty,0.187,27909.02,48.36,False,False,False,False,True
114,Reactivation_Fixed_Amount_114,Fixed_Amount,49.59,40.44,2024-08-25,2024-10-04,40,Lapsed,Email,Reactivation,Clothing,0.196,29464.52,18.52,False,False,False,False,True
115,Reactivation_BOGO_115,BOGO,0.0,28.66,2025-06-24,2025-07-16,22,New_Customer,Social,Reactivation,Unknown,0.063,24870.74,10.35,False,False,False,False,True
116,Upsell_BOGO_116,BOGO,0.0,20.11,2024-08-03,2024-08-18,15,New_Customer,In_App,Upsell,Unknown,0.169,45485.65,8.96,False,False,False,False,True
117,Reactivation_Free_Shipping_117,Free_Shipping,0.0,15.35,2025-06-16,2025-08-01,46,All_Customers,Push,Reactivation,Home,0.116,47226.65,15.92,False,False,False,False,True
118,Retention_BOGO_118,BOGO,0.0,82.47,2024-08-13,2024-08-22,9,High_Value,In_App,Retention,Electronics,0.239,42428.97,28.8,False,False,False,False,True
119,Acquisition_Percentage_Discount_119,Percentage_Discount,41.0,21.15,2025-01-09,2025-02-28,50,All_Customers,Website_Banner,Acquisition,Unknown,0.174,29944.76,44.56,False,False,False,False,True
120,Acquisition_Free_Shipping_120,Free_Shipping,0.0,41.6,2024-07-22,2024-09-02,42,Low_Value,Push,Acquisition,Home,0.12,7003.87,36.27,False,False,False,False,True
121,Cross_Sell_Free_Shipping_121,Free_Shipping,0.0,7.32,2025-05-20,2025-06-05,16,Lapsed,Website_Banner,Cross_Sell,Unknown,0.106,22201.25,31.45,False,False,False,False,True
122,Cross_Sell_Percentage_Discount_122,Percentage_Discount,43.0,66.43,2025-03-14,2025-04-04,21,Low_Value,Social,Cross_Sell,Unknown,0.209,9350.71,33.13,False,False,False,False,True
123,Upsell_BOGO_123,BOGO,0.0,88.14,2024-07-20,2024-07-24,4,New_Customer,Push,Upsell,Electronics,0.219,7710.95,47.06,False,False,False,False,True
124,Upsell_Free_Shipping_124,Free_Shipping,0.0,58.62,2025-06-01,2025-06-18,17,Medium_Value,Website_Banner,Upsell,Unknown,0.214,4386.1,16.75,False,False,False,False,True
125,Reactivation_BOGO_125,BOGO,0.0,70.09,2024-12-08,2025-02-04,58,All_Customers,Email,Reactivation,Sports,0.137,46805.89,37.73,False,False,False,False,True
126,Cross_Sell_Percentage_Discount_126,Percentage_Discount,13.8,0.0,2024-07-28,2024-08-14,17,High_Value,Email,Cross_Sell,Unknown,0.193,39101.58,27.88,False,False,False,False,True
127,Retention_Fixed_Amount_127,Fixed_Amount,82.17,0.0,2024-09-13,2024-09-23,10,High_Value,In_App,Retention,Unknown,0.112,18831.77,15.39,False,False,False,False,True
128,Cross_Sell_Free_Shipping_128,Free_Shipping,0.0,0.0,2025-02-26,2025-03-16,18,All_Customers,SMS,Cross_Sell,Books,0.182,2767.16,27.52,False,False,False,False,True
129,Reactivation_Fixed_Amount_129,Fixed_Amount,80.63,83.41,2024-10-15,2024-11-23,39,High_Value,In_App,Reactivation,Sports,0.203,47305.96,28.35,False,False,False,False,True
130,Acquisition_Percentage_Discount_130,Percentage_Discount,23.3,7.19,2024-11-08,2024-12-29,51,Medium_Value,Website_Banner,Acquisition,Unknown,0.187,27607.31,39.62,False,False,False,False,True
131,Upsell_Fixed_Amount_131,Fixed_Amount,60.44,34.58,2025-05-27,2025-06-08,12,New_Customer,SMS,Upsell,Unknown,0.057,31407.69,46.99,False,False,False,False,True
132,Reactivation_Percentage_Discount_132,Percentage_Discount,20.6,60.82,2024-08-18,2024-10-06,49,Medium_Value,Website_Banner,Reactivation,Unknown,0.064,6509.21,16.22,False,False,False,False,True
133,Cross_Sell_Free_Shipping_133,Free_Shipping,0.0,15.08,2024-10-26,2024-10-31,5,All_Customers,In_App,Cross_Sell,Books,0.093,33789.44,14.77,False,False,False,False,True
134,Upsell_Percentage_Discount_134,Percentage_Discount,18.8,58.06,2024-12-24,2025-01-01,8,New_Customer,Social,Upsell,Unknown,0.213,48291.23,42.79,False,False,False,False,True
135,Retention_Free_Shipping_135,Free_Shipping,0.0,0.0,2024-10-25,2024-11-01,7,Low_Value,Push,Retention,Electronics,0.207,20748.69,27.81,False,False,False,False,True
136,Acquisition_Free_Shipping_136,Free_Shipping,0.0,0.0,2025-03-04,2025-03-23,19,New_Customer,Social,Acquisition,Unknown,0.149,25574.86,26.58,False,False,False,False,True
137,Upsell_Fixed_Amount_137,Fixed_Amount,48.3,15.01,2025-08-24,2025-09-10,17,High_Value,Email,Upsell,Unknown,0.092,18233.76,29.67,False,False,False,False,True
138,Upsell_Free_Shipping_138,Free_Shipping,0.0,8.8,2025-05-24,2025-06-12,19,Low_Value,Email,Upsell,Unknown,0.051,47915.72,38.86,False,False,False,False,True
139,Retention_BOGO_139,BOGO,0.0,45.28,2024-07-14,2024-07-29,15,New_Customer,Push,Retention,Sports,0.216,3807.73,7.09,False,False,False,False,True
140,Upsell_BOGO_140,BOGO,0.0,55.25,2025-04-04,2025-04-07,3,Lapsed,Email,Upsell,Unknown,0.168,26753.16,36.17,False,False,False,False,True
141,Acquisition_BOGO_141,BOGO,0.0,,2025-03-31,2025-05-14,44,Low_Value,Email,Acquisition,Unknown,0.105,45837.01,11.81,False,False,False,False,True
142,Cross_Sell_Percentage_Discount_142,Percentage_Discount,15.3,34.65,2025-01-16,2025-01-20,4,Medium_Value,Push,Cross_Sell,Home,0.124,14317.82,29.54,False,False,False,False,True
143,Reactivation_Percentage_Discount_143,Percentage_Discount,22.1,66.65,2024-07-21,2024-09-06,47,New_Customer,Email,Reactivation,Clothing,0.205,12179.9,33.52,False,False,False,False,True
144,Upsell_Free_Shipping_144,Free_Shipping,0.0,80.19,2024-09-06,2024-09-18,12,All_Customers,In_App,Upsell,Beauty,0.201,41439.63,15.26,False,False,False,False,True
145,Reactivation_Fixed_Amount_145,Fixed_Amount,23.22,0.0,2024-09-13,2024-10-10,27,Lapsed,In_App,Reactivation,Electronics,0.229,2679.19,17.85,False,False,False,False,True
146,Reactivation_BOGO_146,BOGO,0.0,2.92,2025-06-02,2025-07-19,47,Medium_Value,Social,Reactivation,Unknown,0.237,10853.56,33.37,False,False,False,False,True
147,Upsell_Fixed_Amount_147,Fixed_Amount,77.54,0.0,2025-04-08,2025-04-17,9,Low_Value,Email,Upsell,Unknown,0.25,33464.35,28.42,False,False,False,False,True
148,Reactivation_Percentage_Discount_148,Percentage_Discount,45.6,,2024-09-24,2024-10-27,33,High_Value,Email,Reactivation,Unknown,0.133,1541.01,46.2,False,False,False,False,True
149,Reactivation_Free_Shipping_149,Free_Shipping,0.0,87.56,2025-06-17,2025-08-10,54,Low_Value,Push,Reactivation,Unknown,0.225,24128.82,47.8,False,False,False,False,True
150,Retention_Percentage_Discount_150,Percentage_Discount,14.5,84.76,2025-02-25,2025-03-10,13,High_Value,SMS,Retention,Books,0.172,7273.77,11.64,False,False,False,False,True
151,Reactivation_BOGO_151,BOGO,0.0,8.94,2025-07-26,2025-08-17,22,Lapsed,In_App,Reactivation,Books,0.118,4966.23,5.82,False,False,False,False,True
152,Retention_Free_Shipping_152,Free_Shipping,0.0,10.8,2024-08-10,2024-08-29,19,High_Value,Email,Retention,Unknown,0.073,22742.01,37.64,False,False,False,False,True
153,Reactivation_Percentage_Discount_153,Percentage_Discount,5.8,85.77,2024-07-23,2024-09-15,54,All_Customers,SMS,Reactivation,Sports,0.193,2050.88,22.67,False,False,False,False,True
154,Reactivation_BOGO_154,BOGO,0.0,22.91,2024-09-24,2024-10-24,30,New_Customer,Push,Reactivation,Clothing,0.216,29388.36,33.96,False,False,False,False,True
155,Retention_Fixed_Amount_155,Fixed_Amount,77.08,81.48,2024-12-07,2024-12-13,6,All_Customers,Email,Retention,Unknown,0.073,19909.9,48.2,False,False,False,False,True
156,Cross_Sell_Free_Shipping_156,Free_Shipping,0.0,56.43,2025-08-04,2025-08-09,5,New_Customer,SMS,Cross_Sell,Electronics,0.172,46617.65,17.99,False,False,False,False,True
157,Reactivation_Percentage_Discount_157,Percentage_Discount,7.1,0.0,2025-05-06,2025-05-26,20,Low_Value,Push,Reactivation,Books,0.18,31484.35,46.86,False,False,False,False,True
158,Acquisition_Percentage_Discount_158,Percentage_Discount,,0.0,2025-03-17,2025-04-15,29,All_Customers,Push,Acquisition,Books,0.077,29058.45,41.39,False,True,False,False,True
159,Cross_Sell_BOGO_159,BOGO,0.0,81.5,2025-03-02,2025-03-21,19,High_Value,SMS,Cross_Sell,Unknown,0.084,39942.69,6.23,False,False,False,False,True
160,Acquisition_Free_Shipping_160,Free_Shipping,0.0,86.81,2025-01-31,2025-03-02,30,Medium_Value,Social,Acquisition,Clothing,0.133,37199.32,7.83,False,False,False,False,True
161,Retention_Free_Shipping_161,Free_Shipping,0.0,0.0,2025-05-09,2025-05-24,15,High_Value,Website_Banner,Retention,Unknown,0.24,29643.86,34.43,False,False,False,False,True
162,Acquisition_Fixed_Amount_162,Fixed_Amount,7.95,0.0,2025-02-08,2025-03-16,36,Medium_Value,Social,Acquisition,Unknown,0.113,4233.73,28.76,False,False,False,False,True
163,Upsell_Percentage_Discount_163,Percentage_Discount,36.5,87.84,2025-04-09,2025-04-24,15,Low_Value,SMS,Upsell,Unknown,0.191,5512.89,28.26,False,False,False,False,True
164,Cross_Sell_Fixed_Amount_164,Fixed_Amount,99.16,13.47,2024-12-28,2025-01-03,6,New_Customer,SMS,Cross_Sell,Clothing,0.112,41469.73,5.53,False,False,False,False,True
165,Upsell_Free_Shipping_165,Free_Shipping,0.0,80.37,2025-03-22,2025-03-28,6,Low_Value,Website_Banner,Upsell,Unknown,0.1,43998.39,15.64,False,False,False,False,True
166,Reactivation_BOGO_166,BOGO,0.0,0.0,2025-06-27,2025-07-11,14,Lapsed,Push,Reactivation,Clothing,0.086,7683.67,44.91,False,False,False,False,True
167,Cross_Sell_Percentage_Discount_167,Percentage_Discount,49.6,0.0,2025-01-27,2025-02-04,8,High_Value,Website_Banner,Cross_Sell,Sports,0.205,20534.66,38.17,False,False,False,False,True
168,Acquisition_BOGO_168,BOGO,0.0,25.15,2025-05-26,2025-07-22,57,Medium_Value,Email,Acquisition,Books,0.215,25438.4,41.14,False,False,False,False,True
169,Upsell_BOGO_169,BOGO,0.0,14.05,2025-09-03,2025-09-20,17,Low_Value,In_App,Upsell,Unknown,0.224,21165.33,19.51,False,False,False,False,True
170,Cross_Sell_Fixed_Amount_170,Fixed_Amount,19.8,40.19,2025-08-26,2025-09-12,17,Medium_Value,Social,Cross_Sell,Beauty,0.247,4250.46,22.62,False,False,False,False,True
171,Cross_Sell_Fixed_Amount_171,Fixed_Amount,80.09,14.04,2025-08-01,2025-08-14,13,New_Customer,Push,Cross_Sell,Unknown,0.067,46717.09,7.65,False,False,False,False,True
172,Cross_Sell_Fixed_Amount_172,Fixed_Amount,48.84,90.61,2025-03-13,2025-04-02,20,Low_Value,SMS,Cross_Sell,Unknown,0.124,6200.87,25.76,False,False,False,False,True
173,Retention_Fixed_Amount_173,Fixed_Amount,43.16,84.81,2024-11-17,2024-11-22,5,Low_Value,Push,Retention,Books,0.118,21533.53,7.49,False,False,False,False,True
174,Cross_Sell_Percentage_Discount_174,Percentage_Discount,48.0,22.99,2025-07-03,2025-07-18,15,Medium_Value,SMS,Cross_Sell,Clothing,0.098,3257.06,21.45,False,False,False,False,True
175,Reactivation_Percentage_Discount_175,Percentage_Discount,17.1,11.16,2024-10-27,2024-12-26,60,High_Value,Email,Reactivation,Unknown,0.074,16373.88,12.38,False,False,False,False,True
176,Upsell_Fixed_Amount_176,Fixed_Amount,78.96,0.0,2025-05-30,2025-06-06,7,All_Customers,Social,Upsell,Clothing,0.071,7154.64,16.0,False,False,False,False,True
177,Acquisition_Free_Shipping_177,Free_Shipping,0.0,53.86,2024-07-26,2024-08-30,35,High_Value,Push,Acquisition,Unknown,0.215,17566.08,11.7,False,False,False,False,True
178,Upsell_Free_Shipping_178,Free_Shipping,0.0,0.0,2025-06-30,2025-07-04,4,All_Customers,Social,Upsell,Unknown,0.157,12434.37,46.28,False,False,False,False,True
179,Acquisition_Percentage_Discount_179,Percentage_Discount,21.3,63.29,2025-07-04,2025-08-10,37,Low_Value,Social,Acquisition,Unknown,0.077,21350.79,18.6,False,False,False,False,True
180,Cross_Sell_Free_Shipping_180,Free_Shipping,0.0,0.0,2025-01-30,2025-02-05,6,All_Customers,Social,Cross_Sell,Books,0.184,6830.39,19.23,False,False,False,False,True
181,Acquisition_BOGO_181,BOGO,0.0,,2024-12-12,2025-01-25,44,New_Customer,SMS,Acquisition,Home,0.073,17117.9,42.59,False,False,False,False,True
182,Acquisition_Free_Shipping_182,Free_Shipping,0.0,0.0,2025-07-10,2025-08-08,29,Lapsed,SMS,Acquisition,Unknown,0.096,45572.78,30.68,False,False,False,False,True
183,Acquisition_BOGO_183,BOGO,0.0,95.0,2024-08-14,2024-10-04,51,High_Value,In_App,Acquisition,Unknown,0.097,49079.52,9.27,False,False,False,False,True
184,Retention_Fixed_Amount_184,Fixed_Amount,50.8,98.22,2024-09-15,2024-09-19,4,High_Value,In_App,Retention,Home,0.224,44268.04,26.21,False,False,False,False,True
185,Upsell_Fixed_Amount_185,Fixed_Amount,94.54,0.71,2025-07-12,2025-07-19,7,Low_Value,Push,Upsell,Unknown,0.127,20991.56,16.64,False,False,False,False,True
186,Upsell_Free_Shipping_186,Free_Shipping,0.0,0.0,2025-04-25,2025-05-12,17,Low_Value,SMS,Upsell,Unknown,0.212,41486.07,10.48,False,False,False,False,True
187,Reactivation_Percentage_Discount_187,Percentage_Discount,31.9,54.14,2025-06-25,2025-07-28,33,Medium_Value,Push,Reactivation,Unknown,0.24,48689.6,22.22,False,False,False,False,True
188,Retention_Fixed_Amount_188,Fixed_Amount,46.76,0.0,2025-07-13,2025-07-16,3,All_Customers,In_App,Retention,Electronics,0.207,14638.98,37.58,False,False,False,False,True
189,Cross_Sell_Fixed_Amount_189,Fixed_Amount,54.44,59.82,2024-11-21,2024-12-06,15,Medium_Value,Email,Cross_Sell,Beauty,0.147,30098.16,18.65,False,False,False,False,True
190,Cross_Sell_Percentage_Discount_190,Percentage_Discount,36.9,90.78,2024-08-18,2024-09-07,20,Low_Value,SMS,Cross_Sell,Unknown,0.208,9804.34,13.55,False,False,False,False,True
191,Cross_Sell_Fixed_Amount_191,Fixed_Amount,54.54,44.71,2024-11-12,2024-11-19,7,Low_Value,Website_Banner,Cross_Sell,Unknown,0.079,25354.97,38.77,False,False,False,False,True
192,Upsell_Percentage_Discount_192,Percentage_Discount,45.5,0.0,2025-08-14,2025-09-04,21,All_Customers,In_App,Upsell,Unknown,0.181,2974.1,27.31,False,False,False,False,True
193,Reactivation_Free_Shipping_193,Free_Shipping,0.0,0.0,2024-10-04,2024-11-10,37,High_Value,Social,Reactivation,Unknown,0.112,49548.13,8.05,False,False,False,False,True
194,Upsell_Percentage_Discount_194,Percentage_Discount,32.8,,2025-04-06,2025-04-22,16,Lapsed,Push,Upsell,Clothing,0.106,30624.62,44.36,False,False,False,False,True
195,Acquisition_BOGO_195,BOGO,0.0,97.28,2024-09-03,2024-09-29,26,High_Value,Social,Acquisition,Unknown,0.16,37440.0,45.33,False,False,False,False,True
196,Cross_Sell_Fixed_Amount_196,Fixed_Amount,40.54,7.11,2024-11-02,2024-11-19,17,Medium_Value,SMS,Cross_Sell,Sports,0.064,39497.46,25.59,False,False,False,False,True
197,Retention_Percentage_Discount_197,Percentage_Discount,33.6,66.38,2025-09-20,2025-10-01,11,Low_Value,SMS,Retention,Beauty,0.207,22044.68,21.53,False,False,False,False,True
198,Upsell_Free_Shipping_198,Free_Shipping,0.0,53.31,2025-02-15,2025-02-21,6,All_Customers,In_App,Upsell,Unknown,0.182,43591.33,39.31,False,False,False,False,True
199,Cross_Sell_Free_Shipping_199,Free_Shipping,0.0,0.0,2024-10-15,2024-10-25,10,Lapsed,Social,Cross_Sell,Beauty,0.184,5794.83,16.01,False,False,False,False,True
200,Upsell_Fixed_Amount_200,Fixed_Amount,,6.32,2025-03-21,2025-04-07,17,All_Customers,Website_Banner,Upsell,Sports,0.233,37160.6,46.25,False,True,False,False,True
201,Reactivation_BOGO_201,BOGO,0.0,47.61,2025-05-12,2025-06-27,46,Medium_Value,In_App,Reactivation,Unknown,0.162,31799.57,5.63,False,False,False,False,True
202,Cross_Sell_Fixed_Amount_202,Fixed_Amount,94.49,19.4,2024-07-16,2024-08-05,20,High_Value,SMS,Cross_Sell,Sports,0.131,34045.5,45.6,False,False,False,False,True
203,Retention_Percentage_Discount_203,Percentage_Discount,10.0,13.68,2025-05-01,2025-05-07,6,All_Customers,In_App,Retention,Unknown,0.053,35270.63,25.75,False,False,False,False,True
204,Upsell_Percentage_Discount_204,Percentage_Discount,49.0,0.0,2024-11-03,2024-11-06,3,Low_Value,Push,Upsell,Unknown,0.241,37741.28,6.02,False,False,False,False,True
205,Reactivation_Percentage_Discount_205,Percentage_Discount,34.2,71.32,2025-07-27,2025-09-01,36,New_Customer,Social,Reactivation,Electronics,0.173,48582.76,31.43,False,False,False,False,True
206,Upsell_Free_Shipping_206,Free_Shipping,0.0,10.42,2025-02-25,2025-03-13,16,High_Value,Website_Banner,Upsell,Beauty,0.222,5998.22,8.44,False,False,False,False,True
207,Acquisition_Free_Shipping_207,Free_Shipping,0.0,24.56,2025-07-07,2025-08-07,31,Medium_Value,Email,Acquisition,Unknown,0.109,4579.44,18.97,False,False,False,False,True
208,Reactivation_Free_Shipping_208,Free_Shipping,0.0,33.21,2025-06-08,2025-07-31,53,Lapsed,Email,Reactivation,Unknown,0.169,47018.3,10.59,False,False,False,False,True
209,Reactivation_Fixed_Amount_209,Fixed_Amount,98.82,,2024-11-09,2024-12-13,34,Medium_Value,SMS,Reactivation,Books,0.164,15556.91,19.24,False,False,False,False,True
210,Reactivation_BOGO_210,BOGO,0.0,19.47,2024-09-18,2024-11-15,58,Low_Value,SMS,Reactivation,Electronics,0.175,10239.13,45.95,False,False,False,False,True
211,Acquisition_BOGO_211,BOGO,0.0,,2024-09-30,2024-11-10,41,Low_Value,Social,Acquisition,Unknown,0.081,17821.68,37.99,False,False,False,False,True
212,Retention_Fixed_Amount_212,Fixed_Amount,76.57,0.0,2025-08-18,2025-09-03,16,All_Customers,In_App,Retention,Unknown,0.07,34746.99,5.53,False,False,False,False,True
213,Upsell_Percentage_Discount_213,Percentage_Discount,31.6,0.0,2025-04-18,2025-04-26,8,Low_Value,Push,Upsell,Unknown,0.241,14261.46,41.52,False,False,False,False,True
214,Reactivation_BOGO_214,BOGO,0.0,81.72,2024-07-26,2024-09-17,53,High_Value,Website_Banner,Reactivation,Unknown,0.239,30855.0,34.69,False,False,False,False,True
215,Retention_Percentage_Discount_215,Percentage_Discount,15.6,63.42,2025-08-11,2025-08-29,18,All_Customers,Email,Retention,Unknown,0.231,44950.43,14.39,False,False,False,False,True
216,Reactivation_Percentage_Discount_216,Percentage_Discount,24.8,0.0,2025-04-28,2025-05-18,20,New_Customer,Push,Reactivation,Beauty,0.12,27208.53,44.31,False,False,False,False,True
217,Retention_Percentage_Discount_217,Percentage_Discount,26.8,94.61,2025-02-09,2025-02-13,4,Medium_Value,In_App,Retention,Books,0.211,31900.54,46.57,False,False,False,False,True
218,Reactivation_Fixed_Amount_218,Fixed_Amount,57.07,0.0,2025-09-03,2025-09-25,22,All_Customers,Push,Reactivation,Electronics,0.169,16086.96,14.35,False,False,False,False,True
219,Retention_BOGO_219,BOGO,0.0,0.0,2024-08-05,2024-08-25,20,Medium_Value,Website_Banner,Retention,Electronics,0.208,20871.66,41.76,False,False,False,False,True
220,Upsell_Free_Shipping_220,Free_Shipping,0.0,32.19,2025-06-29,2025-07-02,3,All_Customers,In_App,Upsell,Unknown,0.153,49191.24,32.99,False,False,False,False,True
221,Acquisition_Fixed_Amount_221,Fixed_Amount,10.41,87.58,2025-08-03,2025-09-17,45,Lapsed,Email,Acquisition,Unknown,0.189,19531.53,19.92,False,False,False,False,True
222,Cross_Sell_Free_Shipping_222,Free_Shipping,0.0,64.54,2025-02-22,2025-03-07,13,New_Customer,In_App,Cross_Sell,Unknown,0.112,47920.68,25.98,False,False,False,False,True
223,Upsell_Fixed_Amount_223,Fixed_Amount,62.64,26.21,2024-11-30,2024-12-08,8,All_Customers,SMS,Upsell,Sports,0.121,36179.99,31.37,False,False,False,False,True
224,Upsell_Fixed_Amount_224,Fixed_Amount,47.9,0.0,2024-11-02,2024-11-08,6,New_Customer,SMS,Upsell,Unknown,0.151,21128.08,44.89,False,False,False,False,True
225,Retention_Fixed_Amount_225,Fixed_Amount,29.74,81.7,2025-05-08,2025-05-20,12,Low_Value,Email,Retention,Unknown,0.134,16929.18,46.69,False,False,False,False,True
226,Reactivation_Percentage_Discount_226,Percentage_Discount,49.1,0.0,2024-10-31,2024-12-02,32,Medium_Value,SMS,Reactivation,Unknown,0.207,27276.11,19.86,False,False,False,False,True
227,Upsell_Percentage_Discount_227,Percentage_Discount,26.5,43.52,2025-07-17,2025-07-23,6,Lapsed,Push,Upsell,Unknown,0.237,13829.34,36.85,False,False,False,False,True
228,Reactivation_Percentage_Discount_228,Percentage_Discount,42.4,41.93,2024-12-29,2025-01-14,16,Medium_Value,In_App,Reactivation,Unknown,0.193,35880.48,40.95,False,False,False,False,True
229,Upsell_Free_Shipping_229,Free_Shipping,0.0,89.32,2025-02-24,2025-03-12,16,All_Customers,Website_Banner,Upsell,Unknown,0.199,8025.44,45.86,False,False,False,False,True
230,Upsell_BOGO_230,BOGO,0.0,,2025-08-15,2025-09-04,20,New_Customer,In_App,Upsell,Beauty,0.184,44241.82,15.08,False,False,False,False,True
231,Retention_Fixed_Amount_231,Fixed_Amount,76.34,61.72,2024-10-21,2024-11-08,18,All_Customers,SMS,Retention,Home,0.064,42180.42,18.44,False,False,False,False,True
232,Upsell_Free_Shipping_232,Free_Shipping,0.0,74.08,2024-07-26,2024-08-14,19,All_Customers,Website_Banner,Upsell,Home,0.081,39188.02,30.78,False,False,False,False,True
233,Upsell_Fixed_Amount_233,Fixed_Amount,95.86,34.83,2025-04-23,2025-04-30,7,Lapsed,SMS,Upsell,Clothing,0.066,41955.59,26.22,False,False,False,False,True
234,Acquisition_BOGO_234,BOGO,0.0,91.28,2025-05-09,2025-06-17,39,Low_Value,Email,Acquisition,Home,0.238,27328.15,17.47,False,False,False,False,True
235,Reactivation_Percentage_Discount_235,Percentage_Discount,42.3,59.26,2025-04-17,2025-05-15,28,New_Customer,Website_Banner,Reactivation,Unknown,0.224,27832.06,5.41,False,False,False,False,True
236,Reactivation_BOGO_236,BOGO,0.0,12.39,2024-12-31,2025-03-01,60,Lapsed,Website_Banner,Reactivation,Unknown,0.108,42130.98,25.01,False,False,False,False,True
237,Cross_Sell_Free_Shipping_237,Free_Shipping,0.0,75.16,2025-03-01,2025-03-15,14,High_Value,Email,Cross_Sell,Unknown,0.073,32317.38,25.08,False,False,False,False,True
238,Cross_Sell_Fixed_Amount_238,Fixed_Amount,39.56,0.0,2024-08-24,2024-09-13,20,Lapsed,Website_Banner,Cross_Sell,Beauty,0.104,23812.85,9.5,False,False,False,False,True
239,Cross_Sell_BOGO_239,BOGO,0.0,35.53,2025-07-02,2025-07-06,4,Low_Value,In_App,Cross_Sell,Electronics,0.204,14829.96,33.16,False,False,False,False,True
240,Cross_Sell_Free_Shipping_240,Free_Shipping,0.0,0.0,2024-10-19,2024-11-04,16,Medium_Value,SMS,Cross_Sell,Unknown,0.06,7487.67,36.59,False,False,False,False,True
241,Retention_Percentage_Discount_241,Percentage_Discount,22.8,75.74,2025-07-09,2025-07-16,7,All_Customers,In_App,Retention,Unknown,0.174,18711.82,40.8,False,False,False,False,True
242,Reactivation_BOGO_242,BOGO,0.0,3.74,2025-04-08,2025-06-02,55,Medium_Value,In_App,Reactivation,Unknown,0.248,41172.08,25.55,False,False,False,False,True
243,Upsell_Percentage_Discount_243,Percentage_Discount,45.7,69.81,2025-07-08,2025-07-12,4,Medium_Value,Push,Upsell,Unknown,0.104,9817.12,36.08,False,False,False,False,True
244,Acquisition_BOGO_244,BOGO,0.0,59.44,2024-11-25,2025-01-12,48,Low_Value,Push,Acquisition,Unknown,0.112,31465.01,22.23,False,False,False,False,True
245,Retention_BOGO_245,BOGO,0.0,39.33,2025-07-29,2025-08-14,16,New_Customer,Push,Retention,Clothing,0.228,14626.83,17.35,False,False,False,False,True
246,Upsell_BOGO_246,BOGO,0.0,0.0,2025-07-21,2025-08-08,18,Medium_Value,SMS,Upsell,Clothing,0.112,11340.85,34.82,False,False,False,False,True
247,Cross_Sell_Free_Shipping_247,Free_Shipping,0.0,52.58,2024-07-08,2024-07-14,6,Low_Value,In_App,Cross_Sell,Books,0.204,22278.05,26.47,False,False,False,False,True
248,Acquisition_Fixed_Amount_248,Fixed_Amount,13.34,0.0,2025-06-26,2025-08-10,45,All_Customers,SMS,Acquisition,Unknown,0.07,15307.74,48.75,False,False,False,False,True
249,Upsell_BOGO_249,BOGO,0.0,17.84,2025-03-13,2025-03-26,13,All_Customers,Social,Upsell,Unknown,0.069,13267.16,46.59,False,False,False,False,True
250,Retention_Percentage_Discount_250,Percentage_Discount,9.3,,2025-08-03,2025-08-07,4,Lapsed,Social,Retention,Unknown,0.076,47298.5,28.15,False,False,False,False,True
251,Reactivation_Percentage_Discount_251,Percentage_Discount,39.2,0.0,2024-08-11,2024-09-24,44,New_Customer,In_App,Reactivation,Unknown,0.205,10004.74,17.41,False,False,False,False,True
252,Cross_Sell_BOGO_252,BOGO,0.0,25.31,2025-06-13,2025-06-20,7,Lapsed,Website_Banner,Cross_Sell,Clothing,0.088,36400.46,38.76,False,False,False,False,True
253,Retention_BOGO_253,BOGO,0.0,19.13,2025-02-11,2025-02-18,7,All_Customers,Push,Retention,Books,0.13,48979.97,8.46,False,False,False,False,True
254,Retention_Fixed_Amount_254,Fixed_Amount,13.52,16.22,2025-02-02,2025-02-08,6,Low_Value,Website_Banner,Retention,Unknown,0.144,21053.69,45.41,False,False,False,False,True
255,Reactivation_Free_Shipping_255,Free_Shipping,0.0,35.88,2025-04-04,2025-05-16,42,Low_Value,Push,Reactivation,Unknown,0.074,17697.97,22.36,False,False,False,False,True
256,Retention_BOGO_256,BOGO,0.0,0.0,2024-11-27,2024-12-01,4,New_Customer,Website_Banner,Retention,Unknown,0.124,38568.44,42.85,False,False,False,False,True
257,Retention_Free_Shipping_257,Free_Shipping,0.0,19.99,2025-07-31,2025-08-09,9,Medium_Value,Website_Banner,Retention,Unknown,0.118,40589.7,14.62,False,False,False,False,True
258,Retention_BOGO_258,BOGO,0.0,57.76,2024-11-26,2024-12-15,19,All_Customers,Email,Retention,Unknown,0.202,33494.23,44.25,False,False,False,False,True
259,Retention_Free_Shipping_259,Free_Shipping,0.0,32.78,2025-06-11,2025-07-02,21,Lapsed,SMS,Retention,Sports,0.063,41942.95,24.01,False,False,False,False,True
260,Reactivation_BOGO_260,BOGO,0.0,0.0,2025-05-13,2025-07-04,52,High_Value,Push,Reactivation,Electronics,0.099,6210.97,38.5,False,False,False,False,True
261,Upsell_Percentage_Discount_261,Percentage_Discount,5.4,51.03,2025-09-25,2025-10-01,6,Low_Value,Website_Banner,Upsell,Unknown,0.182,31831.74,21.92,False,False,False,False,True
262,Retention_Fixed_Amount_262,Fixed_Amount,44.66,0.0,2025-09-18,2025-09-29,11,High_Value,Social,Retention,Unknown,0.137,40788.27,19.63,False,False,False,False,True
263,Acquisition_Fixed_Amount_263,Fixed_Amount,19.24,55.02,2024-09-10,2024-10-30,50,Medium_Value,Website_Banner,Acquisition,Unknown,0.182,46498.43,13.95,False,False,False,False,True
264,Upsell_Free_Shipping_264,Free_Shipping,0.0,20.36,2025-04-07,2025-04-18,11,Medium_Value,Push,Upsell,Electronics,0.207,2537.82,33.92,False,False,False,False,True
265,Retention_Fixed_Amount_265,Fixed_Amount,26.55,23.46,2025-08-27,2025-09-15,19,New_Customer,SMS,Retention,Books,0.072,46665.29,28.71,False,False,False,False,True
266,Acquisition_Fixed_Amount_266,Fixed_Amount,66.34,67.92,2024-12-26,2025-02-15,51,Lapsed,Website_Banner,Acquisition,Beauty,0.177,37517.12,36.44,False,False,False,False,True
267,Acquisition_Fixed_Amount_267,Fixed_Amount,88.63,0.0,2024-11-30,2024-12-27,27,High_Value,Email,Acquisition,Unknown,0.229,15465.81,46.36,False,False,False,False,True
268,Acquisition_Percentage_Discount_268,Percentage_Discount,10.3,15.55,2024-07-14,2024-08-18,35,Lapsed,Email,Acquisition,Clothing,0.168,44465.11,36.09,False,False,False,False,True
269,Acquisition_BOGO_269,BOGO,0.0,92.85,2025-09-13,2025-09-28,15,All_Customers,In_App,Acquisition,Unknown,0.231,33755.31,40.1,False,False,False,False,True
270,Cross_Sell_Free_Shipping_270,Free_Shipping,0.0,81.31,2024-09-17,2024-10-06,19,Low_Value,Email,Cross_Sell,Unknown,0.181,31009.91,21.47,False,False,False,False,True
271,Reactivation_Percentage_Discount_271,Percentage_Discount,26.9,55.19,2025-01-01,2025-02-07,37,Lapsed,Email,Reactivation,Unknown,0.077,46726.42,32.29,False,False,False,False,True
272,Acquisition_Free_Shipping_272,Free_Shipping,0.0,65.34,2024-12-11,2025-01-16,36,Medium_Value,SMS,Acquisition,Beauty,0.089,36468.05,49.88,False,False,False,False,True
273,Acquisition_Fixed_Amount_273,Fixed_Amount,44.38,,2025-06-11,2025-07-14,33,High_Value,Website_Banner,Acquisition,Unknown,0.15,48025.88,36.92,False,False,False,False,True
274,Cross_Sell_Fixed_Amount_274,Fixed_Amount,79.38,44.63,2025-08-20,2025-08-25,5,High_Value,SMS,Cross_Sell,Unknown,0.202,4412.28,23.24,False,False,False,False,True
275,Reactivation_Fixed_Amount_275,Fixed_Amount,14.2,85.23,2025-04-09,2025-05-07,28,New_Customer,Push,Reactivation,Unknown,0.105,30586.37,10.86,False,False,False,False,True
276,Cross_Sell_Free_Shipping_276,Free_Shipping,0.0,0.0,2025-01-02,2025-01-19,17,Low_Value,In_App,Cross_Sell,Unknown,0.17,36615.67,21.2,False,False,False,False,True
277,Upsell_Percentage_Discount_277,Percentage_Discount,21.2,60.26,2025-06-01,2025-06-10,9,High_Value,Email,Upsell,Unknown,0.22,6965.78,37.6,False,False,False,False,True
278,Retention_Fixed_Amount_278,Fixed_Amount,8.83,0.0,2025-07-14,2025-07-29,15,Low_Value,SMS,Retention,Unknown,0.078,46182.98,25.22,False,False,False,False,True
279,Retention_Percentage_Discount_279,Percentage_Discount,40.2,0.0,2025-04-19,2025-05-06,17,All_Customers,Website_Banner,Retention,Unknown,0.14,28647.53,37.56,False,False,False,False,True
280,Reactivation_Fixed_Amount_280,Fixed_Amount,62.75,2.44,2025-04-05,2025-05-20,45,High_Value,Push,Reactivation,Clothing,0.051,15348.74,15.04,False,False,False,False,True
281,Acquisition_Free_Shipping_281,Free_Shipping,0.0,0.0,2025-04-25,2025-05-10,15,Low_Value,Website_Banner,Acquisition,Unknown,0.142,12510.5,42.08,False,False,False,False,True
282,Reactivation_Free_Shipping_282,Free_Shipping,0.0,47.47,2024-12-30,2025-02-10,42,Low_Value,Push,Reactivation,Unknown,0.227,29985.95,8.66,False,False,False,False,True
283,Upsell_BOGO_283,BOGO,0.0,85.46,2025-07-02,2025-07-08,6,Low_Value,SMS,Upsell,Unknown,0.095,26215.5,7.55,False,False,False,False,True
284,Acquisition_Free_Shipping_284,Free_Shipping,0.0,0.0,2025-01-17,2025-03-06,48,Low_Value,SMS,Acquisition,Unknown,0.128,14381.78,10.83,False,False,False,False,True
285,Retention_Fixed_Amount_285,Fixed_Amount,35.81,33.24,2025-03-03,2025-03-13,10,All_Customers,Social,Retention,Unknown,0.157,29098.2,37.4,False,False,False,False,True
286,Upsell_Fixed_Amount_286,Fixed_Amount,64.22,11.51,2024-08-05,2024-08-09,4,New_Customer,Website_Banner,Upsell,Unknown,0.135,41419.99,30.71,False,False,False,False,True
287,Cross_Sell_Fixed_Amount_287,Fixed_Amount,31.05,0.0,2025-01-02,2025-01-22,20,Low_Value,Push,Cross_Sell,Beauty,0.19,38531.66,34.22,False,False,False,False,True
288,Retention_BOGO_288,BOGO,0.0,,2025-09-07,2025-09-19,12,Low_Value,SMS,Retention,Unknown,0.057,8917.58,14.18,False,False,False,False,True
289,Cross_Sell_Free_Shipping_289,Free_Shipping,0.0,0.0,2024-12-16,2025-01-03,18,New_Customer,SMS,Cross_Sell,Beauty,0.078,24122.59,38.95,False,False,False,False,True
290,Cross_Sell_Percentage_Discount_290,Percentage_Discount,24.2,0.0,2025-05-08,2025-05-28,20,Medium_Value,Social,Cross_Sell,Electronics,0.143,42340.36,30.43,False,False,False,False,True
291,Acquisition_Percentage_Discount_291,Percentage_Discount,20.4,51.55,2024-11-22,2024-12-26,34,Low_Value,Push,Acquisition,Unknown,0.097,6946.35,17.71,False,False,False,False,True
292,Retention_Free_Shipping_292,Free_Shipping,0.0,0.0,2025-05-01,2025-05-06,5,High_Value,Email,Retention,Electronics,0.149,38493.73,27.54,False,False,False,False,True
293,Reactivation_BOGO_293,BOGO,0.0,35.33,2025-08-04,2025-09-29,56,Medium_Value,SMS,Reactivation,Unknown,0.126,19812.69,8.23,False,False,False,False,True
294,Reactivation_BOGO_294,BOGO,0.0,0.0,2025-04-20,2025-05-07,17,New_Customer,In_App,Reactivation,Unknown,0.054,7033.74,9.67,False,False,False,False,True
295,Upsell_Free_Shipping_295,Free_Shipping,0.0,30.63,2025-03-24,2025-04-03,10,All_Customers,SMS,Upsell,Unknown,0.157,42215.6,40.85,False,False,False,False,True
296,Cross_Sell_Free_Shipping_296,Free_Shipping,0.0,82.05,2025-04-28,2025-05-16,18,New_Customer,Push,Cross_Sell,Home,0.188,41788.09,28.8,False,False,False,False,True
297,Cross_Sell_Percentage_Discount_297,Percentage_Discount,36.0,67.83,2025-08-01,2025-08-17,16,Low_Value,Social,Cross_Sell,Unknown,0.082,8970.08,26.71,False,False,False,False,True
298,Reactivation_Percentage_Discount_298,Percentage_Discount,15.7,0.0,2025-05-04,2025-06-27,54,Low_Value,Website_Banner,Reactivation,Beauty,0.061,45078.66,24.34,False,False,False,False,True
299,Retention_Fixed_Amount_299,Fixed_Amount,43.03,0.0,2025-03-15,2025-03-30,15,All_Customers,SMS,Retention,Unknown,0.152,14111.05,6.6,False,False,False,False,True
300,Retention_Fixed_Amount_300,Fixed_Amount,31.4,,2025-03-01,2025-03-09,8,Lapsed,Email,Retention,Unknown,0.075,49976.38,7.42,False,False,False,False,True
301,Upsell_BOGO_301,BOGO,0.0,24.71,2024-07-07,2024-07-25,18,High_Value,Social,Upsell,Beauty,0.074,13682.06,38.29,False,False,False,False,True
302,Upsell_BOGO_302,BOGO,0.0,26.71,2025-08-05,2025-08-20,15,New_Customer,SMS,Upsell,Beauty,0.236,26750.13,25.05,False,False,False,False,True
303,Cross_Sell_Fixed_Amount_303,Fixed_Amount,17.58,38.56,2024-08-04,2024-08-25,21,All_Customers,Push,Cross_Sell,Electronics,0.209,16086.33,47.24,False,False,False,False,True
304,Reactivation_Fixed_Amount_304,Fixed_Amount,55.74,6.65,2025-04-10,2025-05-08,28,Lapsed,In_App,Reactivation,Unknown,0.102,16621.37,17.49,False,False,False,False,True
305,Retention_BOGO_305,BOGO,0.0,25.2,2024-12-27,2025-01-05,9,Low_Value,Website_Banner,Retention,Unknown,0.217,14879.22,38.9,False,False,False,False,True
306,Cross_Sell_Fixed_Amount_306,Fixed_Amount,62.89,28.27,2025-07-10,2025-07-13,3,All_Customers,In_App,Cross_Sell,Sports,0.081,39951.75,33.31,False,False,False,False,True
307,Cross_Sell_Percentage_Discount_307,Percentage_Discount,35.7,14.64,2025-07-07,2025-07-24,17,High_Value,SMS,Cross_Sell,Unknown,0.126,7072.1,20.59,False,False,False,False,True
308,Cross_Sell_Fixed_Amount_308,Fixed_Amount,12.93,6.08,2024-11-11,2024-11-27,16,Low_Value,Push,Cross_Sell,Beauty,0.186,23521.29,28.89,False,False,False,False,True
309,Reactivation_BOGO_309,BOGO,0.0,10.76,2025-04-12,2025-05-27,45,New_Customer,Push,Reactivation,Unknown,0.109,10816.01,41.46,False,False,False,False,True
310,Reactivation_Percentage_Discount_310,Percentage_Discount,9.8,78.59,2025-06-09,2025-08-06,58,Lapsed,In_App,Reactivation,Home,0.199,41635.73,32.49,False,False,False,False,True
311,Reactivation_Percentage_Discount_311,Percentage_Discount,48.3,0.0,2025-01-01,2025-02-17,47,All_Customers,SMS,Reactivation,Electronics,0.141,29207.14,49.58,False,False,False,False,True
312,Acquisition_Percentage_Discount_312,Percentage_Discount,27.9,71.14,2025-05-18,2025-07-05,48,Low_Value,SMS,Acquisition,Unknown,0.05,49703.85,6.2,False,False,False,False,True
313,Retention_BOGO_313,BOGO,0.0,2.82,2025-07-18,2025-08-04,17,All_Customers,Social,Retention,Unknown,0.088,39179.27,28.52,False,False,False,False,True
314,Upsell_Free_Shipping_314,Free_Shipping,0.0,37.44,2024-08-05,2024-08-23,18,All_Customers,Push,Upsell,Sports,0.058,37418.87,26.6,False,False,False,False,True
315,Retention_Free_Shipping_315,Free_Shipping,0.0,0.0,2025-06-30,2025-07-03,3,High_Value,Website_Banner,Retention,Unknown,0.23,26600.97,47.75,False,False,False,False,True
316,Reactivation_Percentage_Discount_316,Percentage_Discount,14.1,76.61,2025-06-06,2025-07-27,51,Medium_Value,Website_Banner,Reactivation,Unknown,0.227,21927.64,16.01,False,False,False,False,True
317,Acquisition_Fixed_Amount_317,Fixed_Amount,37.6,40.21,2025-05-14,2025-07-12,59,All_Customers,Push,Acquisition,Unknown,0.154,20384.53,11.41,False,False,False,False,True
318,Cross_Sell_Free_Shipping_318,Free_Shipping,0.0,31.14,2025-05-22,2025-06-08,17,New_Customer,Email,Cross_Sell,Unknown,0.142,14853.87,14.58,False,False,False,False,True
319,Acquisition_Percentage_Discount_319,Percentage_Discount,20.1,63.67,2024-10-15,2024-11-22,38,All_Customers,SMS,Acquisition,Books,0.213,42565.68,39.01,False,False,False,False,True
320,Retention_BOGO_320,BOGO,0.0,71.71,2025-06-27,2025-07-10,13,Medium_Value,Push,Retention,Sports,0.245,36501.04,39.94,False,False,False,False,True
321,Reactivation_Free_Shipping_321,Free_Shipping,0.0,6.1,2025-03-08,2025-04-16,39,New_Customer,Push,Reactivation,Unknown,0.106,3526.85,9.09,False,False,False,False,True
322,Cross_Sell_Percentage_Discount_322,Percentage_Discount,15.1,66.57,2025-07-01,2025-07-09,8,Medium_Value,Social,Cross_Sell,Unknown,0.095,11481.75,27.67,False,False,False,False,True
323,Cross_Sell_Fixed_Amount_323,Fixed_Amount,66.64,10.57,2025-09-08,2025-09-22,14,High_Value,Website_Banner,Cross_Sell,Beauty,0.142,41839.36,46.09,False,False,False,False,True
324,Reactivation_Percentage_Discount_324,Percentage_Discount,36.4,0.0,2025-03-03,2025-03-18,15,High_Value,Website_Banner,Reactivation,Electronics,0.208,24374.26,47.79,False,False,False,False,True
325,Cross_Sell_Percentage_Discount_325,Percentage_Discount,32.7,0.0,2025-03-30,2025-04-10,11,Low_Value,Push,Cross_Sell,Home,0.077,20532.5,35.27,False,False,False,False,True
326,Retention_Percentage_Discount_326,Percentage_Discount,24.9,14.87,2024-11-09,2024-11-23,14,Low_Value,Website_Banner,Retention,Sports,0.112,48419.48,12.36,False,False,False,False,True
327,Reactivation_BOGO_327,BOGO,0.0,,2024-11-21,2024-12-18,27,Lapsed,Email,Reactivation,Sports,0.052,31849.9,34.37,False,False,False,False,True
328,Retention_Fixed_Amount_328,Fixed_Amount,49.02,53.27,2025-03-26,2025-03-31,5,Lapsed,Website_Banner,Retention,Books,0.066,26180.43,28.65,False,False,False,False,True
329,Upsell_Percentage_Discount_329,Percentage_Discount,11.6,10.92,2024-08-21,2024-09-01,11,Low_Value,Push,Upsell,Unknown,0.161,28730.9,10.79,False,False,False,False,True
330,Retention_BOGO_330,BOGO,0.0,0.0,2025-07-28,2025-08-07,10,New_Customer,SMS,Retention,Unknown,0.214,13243.93,49.14,False,False,False,False,True
331,Cross_Sell_BOGO_331,BOGO,0.0,1.62,2025-05-20,2025-05-30,10,Low_Value,Push,Cross_Sell,Beauty,0.214,2621.44,44.73,False,False,False,False,True
332,Upsell_Fixed_Amount_332,Fixed_Amount,62.65,0.0,2024-11-10,2024-11-19,9,All_Customers,In_App,Upsell,Electronics,0.096,7230.78,12.26,False,False,False,False,True
333,Cross_Sell_BOGO_333,BOGO,0.0,79.18,2025-08-26,2025-09-06,11,Lapsed,In_App,Cross_Sell,Unknown,0.091,16507.86,29.33,False,False,False,False,True
334,Upsell_Percentage_Discount_334,Percentage_Discount,25.5,0.0,2025-09-11,2025-09-14,3,Medium_Value,Email,Upsell,Electronics,0.199,5880.3,6.94,False,False,False,False,True
335,Cross_Sell_Free_Shipping_335,Free_Shipping,0.0,73.06,2025-07-18,2025-07-23,5,All_Customers,Email,Cross_Sell,Books,0.095,45212.02,27.31,False,False,False,False,True
336,Reactivation_Percentage_Discount_336,Percentage_Discount,41.3,31.2,2024-07-26,2024-08-10,15,New_Customer,Website_Banner,Reactivation,Unknown,0.107,21340.5,36.49,False,False,False,False,True
337,Retention_BOGO_337,BOGO,0.0,0.0,2024-08-13,2024-08-22,9,Low_Value,SMS,Retention,Unknown,0.222,23279.25,34.58,False,False,False,False,True
338,Upsell_Fixed_Amount_338,Fixed_Amount,21.39,61.21,2024-07-19,2024-07-29,10,Lapsed,In_App,Upsell,Books,0.063,14940.27,44.89,False,False,False,False,True
339,Retention_Free_Shipping_339,Free_Shipping,0.0,64.79,2025-03-23,2025-04-11,19,Medium_Value,In_App,Retention,Unknown,0.209,26884.01,5.69,False,False,False,False,True
340,Cross_Sell_BOGO_340,BOGO,0.0,25.02,2024-07-13,2024-07-24,11,High_Value,In_App,Cross_Sell,Books,0.232,9546.87,33.15,False,False,False,False,True
341,Upsell_Free_Shipping_341,Free_Shipping,0.0,9.63,2024-07-29,2024-08-18,20,Medium_Value,In_App,Upsell,Clothing,0.172,32020.39,45.38,False,False,False,False,True
342,Retention_Percentage_Discount_342,Percentage_Discount,11.4,0.0,2025-06-04,2025-06-13,9,Low_Value,In_App,Retention,Unknown,0.115,9500.39,5.72,False,False,False,False,True
343,Reactivation_Free_Shipping_343,Free_Shipping,0.0,20.27,2024-08-01,2024-09-27,57,High_Value,Email,Reactivation,Beauty,0.194,28928.24,33.74,False,False,False,False,True
344,Upsell_Percentage_Discount_344,Percentage_Discount,19.4,0.0,2025-08-16,2025-08-31,15,Low_Value,Website_Banner,Upsell,Unknown,0.231,42676.64,49.37,False,False,False,False,True
345,Cross_Sell_Percentage_Discount_345,Percentage_Discount,45.9,84.77,2025-05-14,2025-05-19,5,High_Value,Social,Cross_Sell,Clothing,0.208,5132.58,44.65,False,False,False,False,True
346,Retention_Fixed_Amount_346,Fixed_Amount,92.22,0.0,2025-07-08,2025-07-22,14,Medium_Value,In_App,Retention,Unknown,0.124,28682.14,21.64,False,False,False,False,True
347,Reactivation_Percentage_Discount_347,Percentage_Discount,41.3,49.82,2024-12-10,2025-01-22,43,New_Customer,Social,Reactivation,Beauty,0.084,39297.12,31.89,False,False,False,False,True
348,Acquisition_Fixed_Amount_348,Fixed_Amount,95.73,23.94,2024-12-25,2025-01-22,28,Lapsed,Push,Acquisition,Clothing,0.153,38190.91,14.45,False,False,False,False,True
349,Acquisition_BOGO_349,BOGO,0.0,91.32,2024-07-27,2024-09-17,52,New_Customer,Email,Acquisition,Home,0.211,23303.7,21.55,False,False,False,False,True
350,Acquisition_Fixed_Amount_350,Fixed_Amount,75.78,69.41,2024-07-16,2024-08-05,20,High_Value,SMS,Acquisition,Unknown,0.198,27210.21,20.6,False,False,False,False,True
351,Cross_Sell_BOGO_351,BOGO,0.0,0.0,2024-10-04,2024-10-18,14,New_Customer,Push,Cross_Sell,Sports,0.241,43223.09,21.19,False,False,False,False,True
352,Reactivation_BOGO_352,BOGO,0.0,0.0,2024-07-05,2024-08-31,57,Low_Value,SMS,Reactivation,Clothing,0.181,34068.95,33.63,False,False,False,False,True
353,Cross_Sell_BOGO_353,BOGO,0.0,80.93,2025-01-17,2025-01-23,6,All_Customers,Social,Cross_Sell,Unknown,0.113,37668.07,41.62,False,False,False,False,True
354,Acquisition_Free_Shipping_354,Free_Shipping,0.0,0.0,2024-10-05,2024-11-09,35,High_Value,Social,Acquisition,Unknown,0.248,10083.82,29.11,False,False,False,False,True
355,Reactivation_Fixed_Amount_355,Fixed_Amount,95.99,69.33,2025-07-13,2025-09-08,57,All_Customers,Email,Reactivation,Unknown,0.148,14539.83,16.62,False,False,False,False,True
356,Retention_Free_Shipping_356,Free_Shipping,0.0,0.0,2024-12-28,2025-01-17,20,Lapsed,SMS,Retention,Unknown,0.195,47468.73,15.16,False,False,False,False,True
357,Acquisition_Percentage_Discount_357,Percentage_Discount,29.9,89.41,2024-08-03,2024-09-29,57,Lapsed,SMS,Acquisition,Sports,0.225,41839.27,6.66,False,False,False,False,True
358,Upsell_BOGO_358,BOGO,0.0,,2025-06-06,2025-06-19,13,All_Customers,Social,Upsell,Unknown,0.193,13320.0,10.45,False,False,False,False,True
359,Cross_Sell_Fixed_Amount_359,Fixed_Amount,9.51,,2024-10-30,2024-11-12,13,All_Customers,In_App,Cross_Sell,Unknown,0.154,33698.11,26.03,False,False,False,False,True
360,Reactivation_Fixed_Amount_360,Fixed_Amount,48.14,0.0,2025-07-11,2025-07-25,14,Lapsed,Push,Reactivation,Unknown,0.06,43577.68,37.78,False,False,False,False,True
361,Acquisition_BOGO_361,BOGO,0.0,0.0,2025-03-24,2025-05-06,43,High_Value,Push,Acquisition,Unknown,0.127,44167.01,44.78,False,False,False,False,True
362,Upsell_BOGO_362,BOGO,0.0,82.86,2025-01-11,2025-01-31,20,Low_Value,SMS,Upsell,Unknown,0.062,30190.52,42.4,False,False,False,False,True
363,Retention_Free_Shipping_363,Free_Shipping,0.0,0.0,2025-07-11,2025-07-24,13,Lapsed,Email,Retention,Sports,0.137,10579.68,22.72,False,False,False,False,True
364,Reactivation_BOGO_364,BOGO,0.0,72.84,2025-04-11,2025-05-20,39,New_Customer,In_App,Reactivation,Beauty,0.206,28559.65,7.07,False,False,False,False,True
365,Retention_Percentage_Discount_365,Percentage_Discount,22.8,0.0,2024-09-15,2024-09-28,13,New_Customer,Social,Retention,Home,0.198,33489.52,36.01,False,False,False,False,True
366,Acquisition_Percentage_Discount_366,Percentage_Discount,32.1,91.65,2024-11-06,2024-12-29,53,Low_Value,Email,Acquisition,Unknown,0.139,9023.75,11.21,False,False,False,False,True
367,Retention_Percentage_Discount_367,Percentage_Discount,11.7,16.61,2024-07-31,2024-08-06,6,All_Customers,Website_Banner,Retention,Unknown,0.246,39570.72,5.27,False,False,False,False,True
368,Upsell_Fixed_Amount_368,Fixed_Amount,20.45,34.17,2025-06-24,2025-07-02,8,All_Customers,Website_Banner,Upsell,Unknown,0.106,9263.34,30.71,False,False,False,False,True
369,Upsell_BOGO_369,BOGO,0.0,40.45,2025-04-25,2025-05-14,19,Medium_Value,Website_Banner,Upsell,Sports,0.197,33342.61,36.83,False,False,False,False,True
370,Reactivation_Fixed_Amount_370,Fixed_Amount,27.63,0.0,2025-06-09,2025-07-27,48,All_Customers,Email,Reactivation,Unknown,0.078,15832.77,16.58,False,False,False,False,True
371,Acquisition_Fixed_Amount_371,Fixed_Amount,27.8,0.0,2025-03-15,2025-05-02,48,High_Value,In_App,Acquisition,Books,0.209,20664.4,47.43,False,False,False,False,True
372,Reactivation_Free_Shipping_372,Free_Shipping,0.0,52.23,2025-01-02,2025-02-28,57,High_Value,Push,Reactivation,Electronics,0.212,13088.98,43.82,False,False,False,False,True
373,Retention_Fixed_Amount_373,Fixed_Amount,76.46,0.0,2025-08-14,2025-09-02,19,Medium_Value,Social,Retention,Unknown,0.16,1916.75,10.42,False,False,False,False,True
374,Reactivation_Free_Shipping_374,Free_Shipping,0.0,76.91,2025-05-02,2025-06-03,32,Low_Value,Website_Banner,Reactivation,Unknown,0.108,11646.43,49.79,False,False,False,False,True
375,Upsell_Free_Shipping_375,Free_Shipping,0.0,28.53,2025-03-12,2025-03-29,17,Low_Value,Website_Banner,Upsell,Beauty,0.077,22279.3,28.9,False,False,False,False,True
376,Reactivation_Percentage_Discount_376,Percentage_Discount,23.9,74.9,2025-02-25,2025-04-08,42,Medium_Value,Email,Reactivation,Books,0.105,40514.39,13.54,False,False,False,False,True
377,Upsell_BOGO_377,BOGO,0.0,0.0,2024-07-19,2024-08-02,14,New_Customer,In_App,Upsell,Unknown,0.18,21166.98,24.09,False,False,False,False,True
378,Upsell_Fixed_Amount_378,Fixed_Amount,93.26,30.73,2025-06-27,2025-07-13,16,All_Customers,Website_Banner,Upsell,Home,0.053,48182.62,19.93,False,False,False,False,True
379,Cross_Sell_Percentage_Discount_379,Percentage_Discount,42.1,66.88,2025-02-11,2025-02-14,3,Medium_Value,Email,Cross_Sell,Unknown,0.088,25362.71,30.14,False,False,False,False,True
380,Upsell_Percentage_Discount_380,Percentage_Discount,30.8,57.52,2025-06-09,2025-06-23,14,New_Customer,Social,Upsell,Unknown,0.084,9777.9,32.57,False,False,False,False,True
381,Acquisition_Free_Shipping_381,Free_Shipping,0.0,26.9,2024-10-02,2024-10-18,16,Lapsed,SMS,Acquisition,Unknown,0.102,49830.33,14.57,False,False,False,False,True
382,Cross_Sell_BOGO_382,BOGO,0.0,0.0,2025-01-03,2025-01-08,5,All_Customers,In_App,Cross_Sell,Unknown,0.213,27876.93,38.37,False,False,False,False,True
383,Acquisition_Fixed_Amount_383,Fixed_Amount,,0.0,2025-01-17,2025-02-25,39,New_Customer,Social,Acquisition,Home,0.191,6032.86,27.76,False,True,False,False,True
384,Acquisition_Free_Shipping_384,Free_Shipping,0.0,31.92,2024-08-10,2024-09-08,29,Medium_Value,Push,Acquisition,Unknown,0.077,5879.48,37.31,False,False,False,False,True
385,Retention_Free_Shipping_385,Free_Shipping,0.0,,2024-11-05,2024-11-15,10,Low_Value,Email,Retention,Unknown,0.192,21003.75,6.66,False,False,False,False,True
386,Upsell_BOGO_386,BOGO,0.0,0.0,2024-12-19,2025-01-06,18,Low_Value,Email,Upsell,Sports,0.083,7697.58,19.53,False,False,False,False,True
387,Cross_Sell_Percentage_Discount_387,Percentage_Discount,29.6,0.0,2024-10-07,2024-10-14,7,Low_Value,SMS,Cross_Sell,Unknown,0.071,23450.33,18.9,False,False,False,False,True
388,Acquisition_Free_Shipping_388,Free_Shipping,0.0,57.92,2024-12-31,2025-02-07,38,High_Value,SMS,Acquisition,Beauty,0.225,7393.76,6.16,False,False,False,False,True
389,Cross_Sell_Free_Shipping_389,Free_Shipping,0.0,0.0,2024-07-14,2024-07-23,9,High_Value,Email,Cross_Sell,Books,0.181,14442.98,48.1,False,False,False,False,True
390,Retention_Free_Shipping_390,Free_Shipping,0.0,0.0,2024-09-17,2024-10-02,15,New_Customer,Push,Retention,Unknown,0.236,36817.7,37.32,False,False,False,False,True
391,Retention_Free_Shipping_391,Free_Shipping,0.0,0.0,2024-07-07,2024-07-24,17,Lapsed,In_App,Retention,Unknown,0.24,14840.57,13.22,False,False,False,False,True
392,Upsell_Free_Shipping_392,Free_Shipping,0.0,24.53,2024-07-28,2024-08-15,18,Low_Value,In_App,Upsell,Electronics,0.22,40511.35,45.49,False,False,False,False,True
393,Retention_BOGO_393,BOGO,0.0,0.0,2025-01-03,2025-01-22,19,New_Customer,Website_Banner,Retention,Unknown,0.192,27088.74,32.3,False,False,False,False,True
394,Cross_Sell_BOGO_394,BOGO,0.0,0.0,2025-04-10,2025-04-21,11,Lapsed,Social,Cross_Sell,Unknown,0.16,13612.95,23.99,False,False,False,False,True
395,Upsell_Fixed_Amount_395,Fixed_Amount,16.78,65.17,2025-07-19,2025-08-05,17,Lapsed,Push,Upsell,Unknown,0.053,13506.33,13.36,False,False,False,False,True
396,Retention_Free_Shipping_396,Free_Shipping,0.0,0.0,2024-11-03,2024-11-07,4,Medium_Value,Email,Retention,Unknown,0.09,26916.07,20.31,False,False,False,False,True
397,Reactivation_BOGO_397,BOGO,0.0,63.47,2024-08-20,2024-10-02,43,Low_Value,Social,Reactivation,Books,0.246,11257.26,35.3,False,False,False,False,True
398,Retention_Fixed_Amount_398,Fixed_Amount,12.42,0.0,2025-02-19,2025-03-11,20,New_Customer,SMS,Retention,Unknown,0.127,10480.81,11.14,False,False,False,False,True
399,Cross_Sell_Percentage_Discount_399,Percentage_Discount,10.9,65.24,2025-02-25,2025-03-06,9,All_Customers,Website_Banner,Cross_Sell,Unknown,0.074,31831.58,38.96,False,False,False,False,True
400,Reactivation_BOGO_400,BOGO,0.0,0.0,2024-07-16,2024-08-03,18,Low_Value,Social,Reactivation,Clothing,0.238,25375.82,31.59,False,False,False,False,True
401,Upsell_Fixed_Amount_401,Fixed_Amount,7.96,0.0,2024-10-29,2024-11-18,20,Low_Value,Social,Upsell,Unknown,0.131,34673.13,42.42,False,False,False,False,True
402,Cross_Sell_Fixed_Amount_402,Fixed_Amount,63.51,8.98,2025-07-28,2025-08-16,19,High_Value,Website_Banner,Cross_Sell,Sports,0.217,32459.9,31.0,False,False,False,False,True
403,Cross_Sell_Free_Shipping_403,Free_Shipping,0.0,1.09,2024-10-07,2024-10-28,21,High_Value,Website_Banner,Cross_Sell,Unknown,0.088,8447.53,44.73,False,False,False,False,True
404,Cross_Sell_BOGO_404,BOGO,0.0,6.66,2024-07-17,2024-07-21,4,All_Customers,SMS,Cross_Sell,Unknown,0.091,42387.19,15.26,False,False,False,False,True
405,Acquisition_Free_Shipping_405,Free_Shipping,0.0,0.0,2024-08-19,2024-10-04,46,New_Customer,Email,Acquisition,Unknown,0.211,24834.57,33.86,False,False,False,False,True
406,Acquisition_BOGO_406,BOGO,0.0,11.74,2025-07-06,2025-07-24,18,Medium_Value,SMS,Acquisition,Unknown,0.21,37639.46,45.44,False,False,False,False,True
407,Retention_BOGO_407,BOGO,0.0,4.87,2024-11-25,2024-12-08,13,Low_Value,Push,Retention,Beauty,0.116,1291.28,48.65,False,False,False,False,True
408,Acquisition_Percentage_Discount_408,Percentage_Discount,26.1,0.0,2024-08-06,2024-09-03,28,New_Customer,In_App,Acquisition,Clothing,0.231,7261.23,33.66,False,False,False,False,True
409,Reactivation_Percentage_Discount_409,Percentage_Discount,34.9,30.47,2025-07-03,2025-07-25,22,All_Customers,SMS,Reactivation,Unknown,0.134,17339.65,44.32,False,False,False,False,True
410,Reactivation_BOGO_410,BOGO,0.0,71.38,2025-07-30,2025-09-23,55,Low_Value,Website_Banner,Reactivation,Unknown,0.09,30267.9,34.18,False,False,False,False,True
411,Reactivation_BOGO_411,BOGO,0.0,8.86,2025-07-22,2025-09-10,50,Low_Value,In_App,Reactivation,Unknown,0.086,12093.73,19.41,False,False,False,False,True
412,Cross_Sell_Fixed_Amount_412,Fixed_Amount,74.42,97.37,2024-10-10,2024-10-27,17,Low_Value,Push,Cross_Sell,Unknown,0.148,7362.54,27.26,False,False,False,False,True
413,Retention_Percentage_Discount_413,Percentage_Discount,38.6,63.82,2024-12-01,2024-12-10,9,Low_Value,Social,Retention,Beauty,0.208,47277.68,48.84,False,False,False,False,True
414,Upsell_Fixed_Amount_414,Fixed_Amount,68.88,32.1,2025-01-01,2025-01-20,19,New_Customer,Website_Banner,Upsell,Unknown,0.052,23634.92,34.88,False,False,False,False,True
415,Reactivation_BOGO_415,BOGO,0.0,5.88,2025-09-06,2025-09-22,16,Low_Value,SMS,Reactivation,Unknown,0.171,40051.81,49.81,False,False,False,False,True
416,Retention_BOGO_416,BOGO,0.0,0.0,2025-09-20,2025-09-28,8,High_Value,Push,Retention,Unknown,0.167,9118.86,22.75,False,False,False,False,True
417,Acquisition_BOGO_417,BOGO,0.0,82.73,2024-09-14,2024-10-16,32,High_Value,Website_Banner,Acquisition,Unknown,0.073,42605.33,22.48,False,False,False,False,True
418,Acquisition_BOGO_418,BOGO,0.0,0.0,2025-03-27,2025-05-15,49,Medium_Value,Website_Banner,Acquisition,Unknown,0.084,45293.17,18.61,False,False,False,False,True
419,Upsell_Percentage_Discount_419,Percentage_Discount,22.1,99.83,2024-12-28,2025-01-05,8,Medium_Value,Email,Upsell,Unknown,0.199,7634.01,30.58,False,False,False,False,True
420,Upsell_BOGO_420,BOGO,0.0,0.0,2025-03-29,2025-04-15,17,Lapsed,In_App,Upsell,Clothing,0.224,39424.86,25.09,False,False,False,False,True
421,Upsell_BOGO_421,BOGO,0.0,66.56,2024-12-16,2024-12-03,13,Medium_Value,Website_Banner,Upsell,Unknown,0.101,1719.32,29.96,True,False,False,False,False
422,Acquisition_Fixed_Amount_422,Fixed_Amount,87.9,0.0,2025-08-07,2025-09-07,31,New_Customer,In_App,Acquisition,Books,0.185,37057.02,21.4,False,False,False,False,True
423,Acquisition_Free_Shipping_423,Free_Shipping,0.0,78.49,2024-08-21,2024-09-29,39,High_Value,Website_Banner,Acquisition,Unknown,0.062,1093.06,39.9,False,False,False,False,True
424,Cross_Sell_Fixed_Amount_424,Fixed_Amount,14.95,92.26,2025-07-25,2025-08-14,20,New_Customer,SMS,Cross_Sell,Unknown,0.106,1901.86,29.01,False,False,False,False,True
425,Retention_BOGO_425,BOGO,0.0,54.49,2025-01-29,2025-02-11,13,All_Customers,Push,Retention,Electronics,0.138,3592.86,7.03,False,False,False,False,True
426,Retention_Percentage_Discount_426,Percentage_Discount,23.6,53.09,2025-04-18,2025-05-01,13,High_Value,SMS,Retention,Home,0.1,36799.43,48.21,False,False,False,False,True
427,Upsell_Fixed_Amount_427,Fixed_Amount,96.05,11.52,2025-02-08,2025-02-16,8,All_Customers,Push,Upsell,Home,0.105,13041.6,47.07,False,False,False,False,True
428,Upsell_Free_Shipping_428,Free_Shipping,0.0,24.82,2025-05-03,2025-05-09,6,Medium_Value,Social,Upsell,Clothing,0.138,14510.72,44.55,False,False,False,False,True
429,Retention_BOGO_429,BOGO,0.0,33.46,2024-09-30,2024-10-14,14,New_Customer,Website_Banner,Retention,Unknown,0.116,37088.01,7.24,False,False,False,False,True
430,Retention_Percentage_Discount_430,Percentage_Discount,26.8,27.45,2025-02-08,2025-02-17,9,High_Value,In_App,Retention,Unknown,0.106,37468.48,18.16,False,False,False,False,True
431,Acquisition_Fixed_Amount_431,Fixed_Amount,8.46,0.0,2024-08-02,2024-09-13,42,Lapsed,Email,Acquisition,Clothing,0.066,16871.05,17.99,False,False,False,False,True
432,Acquisition_BOGO_432,BOGO,0.0,95.67,2024-10-08,2024-11-27,50,New_Customer,In_App,Acquisition,Beauty,0.115,47972.8,39.48,False,False,False,False,True
433,Retention_BOGO_433,BOGO,0.0,43.09,2024-08-23,2024-09-10,18,Medium_Value,Email,Retention,Clothing,0.101,43467.37,25.88,False,False,False,False,True
434,Upsell_Percentage_Discount_434,Percentage_Discount,8.7,0.0,2024-12-06,2024-12-20,14,Medium_Value,Website_Banner,Upsell,Books,0.206,7950.95,42.26,False,False,False,False,True
435,Acquisition_Free_Shipping_435,Free_Shipping,0.0,36.44,2025-07-24,2025-08-09,16,Low_Value,In_App,Acquisition,Sports,0.208,34591.75,17.29,False,False,False,False,True
436,Acquisition_BOGO_436,BOGO,0.0,89.83,2024-07-29,2024-09-01,34,High_Value,SMS,Acquisition,Home,0.083,30303.24,24.41,False,False,False,False,True
437,Retention_BOGO_437,BOGO,0.0,0.0,2025-02-22,2025-02-27,5,New_Customer,In_App,Retention,Electronics,0.109,34139.64,24.41,False,False,False,False,True
438,Upsell_Free_Shipping_438,Free_Shipping,0.0,77.5,2025-08-11,2025-08-26,15,Lapsed,Website_Banner,Upsell,Beauty,0.068,20023.36,26.89,False,False,False,False,True
439,Retention_Free_Shipping_439,Free_Shipping,0.0,67.59,2025-01-23,2025-02-07,15,New_Customer,Push,Retention,Unknown,0.199,5605.84,5.73,False,False,False,False,True
440,Cross_Sell_Fixed_Amount_440,Fixed_Amount,82.6,0.0,2025-03-17,2025-04-01,15,New_Customer,Social,Cross_Sell,Electronics,0.22,35771.13,11.26,False,False,False,False,True
441,Upsell_Percentage_Discount_441,Percentage_Discount,23.6,92.12,2024-08-24,2024-09-08,15,New_Customer,Social,Upsell,Unknown,0.091,11634.07,28.34,False,False,False,False,True
442,Reactivation_Fixed_Amount_442,Fixed_Amount,79.56,0.0,2025-06-07,2025-07-22,45,Low_Value,In_App,Reactivation,Unknown,0.152,9733.35,31.89,False,False,False,False,True
443,Acquisition_Fixed_Amount_443,Fixed_Amount,91.16,28.67,2024-07-12,2024-08-27,46,New_Customer,Website_Banner,Acquisition,Unknown,0.08,18620.08,29.29,False,False,False,False,True
444,Reactivation_Free_Shipping_444,Free_Shipping,0.0,77.55,2025-03-04,2025-04-08,35,Medium_Value,Push,Reactivation,Home,0.248,48197.22,5.16,False,False,False,False,True
445,Upsell_BOGO_445,BOGO,,28.84,2025-02-19,2025-02-25,6,High_Value,Website_Banner,Upsell,Beauty,0.173,37280.15,45.25,False,True,False,False,True
446,Cross_Sell_BOGO_446,BOGO,0.0,16.66,2025-03-05,2025-03-24,19,Low_Value,Website_Banner,Cross_Sell,Unknown,0.171,22835.92,34.35,False,False,False,False,True
447,Acquisition_Percentage_Discount_447,Percentage_Discount,28.4,26.01,2025-07-03,2025-08-28,56,Medium_Value,Email,Acquisition,Electronics,0.187,14973.04,32.77,False,False,False,False,True
448,Acquisition_Fixed_Amount_448,Fixed_Amount,34.04,58.86,2025-04-26,2025-06-09,44,Medium_Value,In_App,Acquisition,Home,0.141,20696.19,6.17,False,False,False,False,True
449,Reactivation_Fixed_Amount_449,Fixed_Amount,69.46,0.0,2025-07-23,2025-08-09,17,All_Customers,Website_Banner,Reactivation,Clothing,0.082,41754.53,41.89,False,False,False,False,True
450,Acquisition_BOGO_450,BOGO,0.0,39.34,2025-02-23,2025-03-17,22,Lapsed,Email,Acquisition,Home,0.224,8909.65,6.36,False,False,False,False,True
451,Reactivation_Fixed_Amount_451,Fixed_Amount,63.03,0.0,2025-07-09,2025-08-17,39,Low_Value,Social,Reactivation,Unknown,0.095,18335.73,46.45,False,False,False,False,True
452,Retention_BOGO_452,BOGO,0.0,44.76,2024-08-29,2024-09-02,4,High_Value,SMS,Retention,Unknown,0.147,10637.87,29.34,False,False,False,False,True
453,Upsell_Free_Shipping_453,Free_Shipping,0.0,68.57,2025-01-31,2025-02-21,21,All_Customers,In_App,Upsell,Unknown,0.085,15730.84,12.6,False,False,False,False,True
454,Retention_Free_Shipping_454,Free_Shipping,0.0,0.0,2024-10-08,2024-10-25,17,New_Customer,Email,Retention,Unknown,0.05,21679.21,19.8,False,False,False,False,True
455,Cross_Sell_BOGO_455,BOGO,0.0,,2025-07-08,2025-07-27,19,Medium_Value,Social,Cross_Sell,Unknown,0.244,28664.26,22.34,False,False,False,False,True
456,Cross_Sell_Free_Shipping_456,Free_Shipping,0.0,90.34,2024-11-07,2024-11-17,10,High_Value,SMS,Cross_Sell,Books,0.151,48644.98,42.79,False,False,False,False,True
457,Upsell_Fixed_Amount_457,Fixed_Amount,88.22,30.77,2024-10-17,2024-10-23,6,Lapsed,Email,Upsell,Home,0.134,17377.43,45.46,False,False,False,False,True
458,Acquisition_Fixed_Amount_458,Fixed_Amount,30.86,0.0,2025-07-21,2025-09-13,54,Lapsed,SMS,Acquisition,Beauty,0.144,10347.6,22.89,False,False,False,False,True
459,Retention_Percentage_Discount_459,Percentage_Discount,34.8,0.0,2024-09-01,2024-09-14,13,Low_Value,Push,Retention,Unknown,0.096,13013.71,36.95,False,False,False,False,True
460,Reactivation_Free_Shipping_460,Free_Shipping,0.0,98.66,2024-09-20,2024-11-03,44,New_Customer,Push,Reactivation,Beauty,0.225,49511.87,12.29,False,False,False,False,True
461,Reactivation_Percentage_Discount_461,Percentage_Discount,34.0,34.0,2025-01-08,2025-03-05,56,Lapsed,In_App,Reactivation,Electronics,0.236,43109.26,38.58,False,False,False,False,True
462,Reactivation_BOGO_462,BOGO,0.0,0.0,2024-11-13,2024-11-27,14,High_Value,Website_Banner,Reactivation,Home,0.124,9680.89,18.19,False,False,False,False,True
463,Retention_Percentage_Discount_463,Percentage_Discount,11.9,15.38,2025-05-25,2025-06-01,7,New_Customer,SMS,Retention,Unknown,0.126,18082.92,33.3,False,False,False,False,True
464,Retention_Free_Shipping_464,Free_Shipping,0.0,21.77,2024-07-18,2024-08-06,19,High_Value,In_App,Retention,Books,0.061,10877.88,23.38,False,False,False,False,True
465,Retention_BOGO_465,BOGO,0.0,5.04,2025-03-16,2025-03-24,8,All_Customers,SMS,Retention,Books,0.054,33972.65,16.87,False,False,False,False,True
466,Upsell_Free_Shipping_466,Free_Shipping,0.0,0.0,2025-04-20,2025-05-01,11,Low_Value,SMS,Upsell,Unknown,0.2,28451.92,42.48,False,False,False,False,True
467,Cross_Sell_Free_Shipping_467,Free_Shipping,0.0,2.42,2024-12-01,2024-12-06,5,New_Customer,Push,Cross_Sell,Unknown,0.136,48885.39,34.12,False,False,False,False,True
468,Acquisition_Fixed_Amount_468,Fixed_Amount,89.99,0.0,2025-01-18,2025-03-10,51,Low_Value,In_App,Acquisition,Unknown,0.246,32344.76,6.34,False,False,False,False,True
469,Acquisition_Free_Shipping_469,Free_Shipping,0.0,13.74,2024-10-20,2024-12-02,43,New_Customer,SMS,Acquisition,Unknown,0.057,46463.3,28.91,False,False,False,False,True
470,Retention_Fixed_Amount_470,Fixed_Amount,13.32,0.0,2025-02-21,2025-03-07,14,All_Customers,Website_Banner,Retention,Sports,0.149,23051.1,47.38,False,False,False,False,True
471,Acquisition_Free_Shipping_471,Free_Shipping,0.0,70.14,2025-01-18,2025-03-03,44,Low_Value,Website_Banner,Acquisition,Home,0.054,46424.12,26.33,False,False,False,False,True
472,Reactivation_BOGO_472,BOGO,0.0,97.02,2024-12-30,2025-02-12,44,Low_Value,In_App,Reactivation,Unknown,0.112,47905.73,22.5,False,False,False,False,True
473,Acquisition_Percentage_Discount_473,Percentage_Discount,7.6,,2024-07-27,2024-08-18,22,New_Customer,Push,Acquisition,Unknown,0.232,10040.34,29.47,False,False,False,False,True
474,Retention_BOGO_474,BOGO,0.0,27.56,2025-06-04,2025-06-23,19,New_Customer,Email,Retention,Unknown,0.211,16424.14,40.9,False,False,False,False,True
475,Upsell_Free_Shipping_475,Free_Shipping,0.0,40.41,2024-08-24,2024-09-05,12,High_Value,Push,Upsell,Unknown,0.128,19331.01,8.82,False,False,False,False,True
476,Upsell_Percentage_Discount_476,Percentage_Discount,24.6,66.59,2024-11-29,2024-12-15,16,Medium_Value,Push,Upsell,Unknown,0.178,10541.49,39.76,False,False,False,False,True
477,Upsell_Free_Shipping_477,Free_Shipping,0.0,1.95,2024-11-11,2024-11-15,4,High_Value,Website_Banner,Upsell,Unknown,0.23,8043.58,43.86,False,False,False,False,True
478,Upsell_Fixed_Amount_478,Fixed_Amount,57.76,0.0,2024-10-29,2024-11-12,14,High_Value,SMS,Upsell,Beauty,0.196,12625.02,37.18,False,False,False,False,True
479,Cross_Sell_BOGO_479,BOGO,0.0,1.06,2024-12-07,2024-12-16,9,High_Value,Website_Banner,Cross_Sell,Unknown,0.114,49661.52,44.29,False,False,False,False,True
480,Acquisition_Percentage_Discount_480,Percentage_Discount,20.1,0.0,2025-01-30,2025-03-29,58,Medium_Value,Push,Acquisition,Beauty,0.126,24929.79,23.01,False,False,False,False,True
481,Retention_Percentage_Discount_481,Percentage_Discount,15.9,,2025-02-06,2025-02-21,15,Low_Value,Social,Retention,Electronics,0.129,11422.19,26.29,False,False,False,False,True
482,Retention_BOGO_482,BOGO,0.0,87.77,2025-08-08,2025-08-17,9,Medium_Value,Push,Retention,Unknown,0.223,30817.89,38.62,False,False,False,False,True
483,Upsell_Free_Shipping_483,Free_Shipping,0.0,98.27,2025-06-09,2025-06-29,20,All_Customers,In_App,Upsell,Electronics,0.128,30027.48,23.02,False,False,False,False,True
484,Cross_Sell_Percentage_Discount_484,Percentage_Discount,22.2,92.68,2025-09-04,2025-09-08,4,Lapsed,SMS,Cross_Sell,Unknown,0.172,45416.17,36.61,False,False,False,False,True
485,Reactivation_Free_Shipping_485,Free_Shipping,0.0,,2024-08-06,2024-08-25,19,Lapsed,Email,Reactivation,Unknown,0.057,10479.62,27.95,False,False,False,False,True
486,Cross_Sell_Fixed_Amount_486,Fixed_Amount,65.71,75.51,2024-11-16,2024-11-30,14,High_Value,Push,Cross_Sell,Clothing,0.109,22555.97,25.91,False,False,False,False,True
487,Retention_Fixed_Amount_487,Fixed_Amount,59.67,0.0,2025-07-13,2025-08-02,20,Medium_Value,Email,Retention,Unknown,0.198,10212.3,43.84,False,False,False,False,True
488,Upsell_BOGO_488,BOGO,0.0,0.0,2024-08-31,2024-09-08,8,Low_Value,Push,Upsell,Unknown,0.11,36214.82,39.42,False,False,False,False,True
489,Retention_Free_Shipping_489,Free_Shipping,0.0,0.0,2024-12-21,2025-01-01,11,Medium_Value,Push,Retention,Sports,0.151,17330.81,13.95,False,False,False,False,True
490,Retention_Fixed_Amount_490,Fixed_Amount,63.42,3.23,2025-08-31,2025-09-09,9,New_Customer,Push,Retention,Unknown,0.134,30156.37,39.67,False,False,False,False,True
491,Cross_Sell_BOGO_491,BOGO,0.0,14.3,2025-01-20,2025-02-07,18,Low_Value,Push,Cross_Sell,Clothing,0.134,35655.77,25.38,False,False,False,False,True
492,Cross_Sell_Percentage_Discount_492,Percentage_Discount,17.7,0.0,2025-02-01,2025-02-14,13,New_Customer,Website_Banner,Cross_Sell,Unknown,0.064,27729.0,7.83,False,False,False,False,True
493,Acquisition_BOGO_493,BOGO,0.0,0.0,2025-04-22,2025-05-20,28,All_Customers,Push,Acquisition,Unknown,0.243,37072.45,32.6,False,False,False,False,True
494,Cross_Sell_BOGO_494,BOGO,0.0,0.0,2024-11-17,2024-11-25,8,High_Value,Email,Cross_Sell,Home,0.188,10948.33,7.06,False,False,False,False,True
495,Cross_Sell_Fixed_Amount_495,Fixed_Amount,93.56,24.25,2025-07-19,2025-08-04,16,Low_Value,In_App,Cross_Sell,Electronics,0.091,43009.87,12.21,False,False,False,False,True
496,Upsell_Free_Shipping_496,Free_Shipping,0.0,16.8,2025-07-03,2025-07-06,3,High_Value,Push,Upsell,Books,0.126,43402.77,22.01,False,False,False,False,True
497,Acquisition_BOGO_497,BOGO,0.0,0.0,2025-06-04,2025-07-17,43,All_Customers,Push,Acquisition,Electronics,0.201,21299.56,9.02,False,False,False,False,True
498,Cross_Sell_BOGO_498,BOGO,0.0,31.59,2025-06-27,2025-07-18,21,All_Customers,Push,Cross_Sell,Unknown,0.21,4734.13,12.5,False,False,False,False,True
499,Retention_Free_Shipping_499,Free_Shipping,0.0,86.02,2025-05-20,2025-05-31,11,High_Value,Email,Retention,Home,0.133,13492.48,35.05,False,False,False,False,True
500,Retention_Fixed_Amount_500,Fixed_Amount,76.48,19.78,2024-07-17,2024-07-27,10,New_Customer,SMS,Retention,Unknown,0.247,22788.32,25.56,False,False,False,False,True
501,Acquisition_BOGO_501,BOGO,0.0,0.0,2025-04-10,2025-05-13,33,Medium_Value,Push,Acquisition,Unknown,0.168,15291.41,29.89,False,False,False,False,True
502,Upsell_Percentage_Discount_502,Percentage_Discount,23.7,0.0,2025-05-09,2025-05-15,6,All_Customers,SMS,Upsell,Unknown,0.217,8678.85,32.42,False,False,False,False,True
503,Reactivation_Fixed_Amount_503,Fixed_Amount,70.21,48.78,2025-02-21,2025-04-05,43,Lapsed,Push,Reactivation,Unknown,0.17,36584.84,49.81,False,False,False,False,True
504,Acquisition_BOGO_504,BOGO,0.0,0.0,2024-08-02,2024-08-21,19,Medium_Value,In_App,Acquisition,Unknown,0.15,17667.03,15.65,False,False,False,False,True
505,Upsell_BOGO_505,BOGO,0.0,56.83,2025-07-17,2025-07-29,12,Lapsed,Push,Upsell,Home,0.056,31664.44,20.85,False,False,False,False,True
506,Acquisition_Percentage_Discount_506,Percentage_Discount,6.5,84.78,2025-06-09,2025-08-07,59,High_Value,Email,Acquisition,Beauty,0.213,49675.68,33.18,False,False,False,False,True
507,Cross_Sell_Percentage_Discount_507,Percentage_Discount,44.0,90.3,2025-08-03,2025-08-19,16,Lapsed,In_App,Cross_Sell,Home,0.219,13926.42,15.43,False,False,False,False,True
508,Retention_Percentage_Discount_508,Percentage_Discount,19.8,8.48,2024-09-25,2024-10-07,12,Medium_Value,Website_Banner,Retention,Unknown,0.14,39886.55,43.57,False,False,False,False,True
509,Upsell_Percentage_Discount_509,Percentage_Discount,41.0,23.35,2025-09-18,2025-09-29,11,Low_Value,SMS,Upsell,Unknown,0.218,19913.09,15.82,False,False,False,False,True
510,Acquisition_Free_Shipping_510,Free_Shipping,0.0,35.28,2024-12-16,2025-02-11,57,All_Customers,Push,Acquisition,Sports,0.25,29163.83,31.03,False,False,False,False,True
511,Acquisition_Free_Shipping_511,Free_Shipping,0.0,17.76,2025-01-26,2025-02-17,22,High_Value,In_App,Acquisition,Unknown,0.168,48343.69,23.79,False,False,False,False,True
512,Upsell_Percentage_Discount_512,Percentage_Discount,43.0,83.33,2025-07-10,2025-07-28,18,High_Value,Social,Upsell,Sports,0.082,31287.34,26.27,False,False,False,False,True
513,Cross_Sell_Percentage_Discount_513,Percentage_Discount,45.3,40.64,2025-08-12,2025-08-17,5,Low_Value,Email,Cross_Sell,Beauty,0.238,45561.28,30.41,False,False,False,False,True
514,Acquisition_BOGO_514,BOGO,0.0,27.21,2024-12-12,2025-01-11,30,High_Value,SMS,Acquisition,Unknown,0.205,7690.28,39.09,False,False,False,False,True
515,Cross_Sell_Fixed_Amount_515,Fixed_Amount,28.87,77.47,2025-03-21,2025-03-30,9,High_Value,Push,Cross_Sell,Unknown,0.236,10141.17,22.16,False,False,False,False,True
516,Acquisition_Free_Shipping_516,Free_Shipping,0.0,48.73,2025-02-18,2025-04-04,45,Low_Value,Social,Acquisition,Unknown,0.109,32090.32,26.37,False,False,False,False,True
517,Retention_Fixed_Amount_517,Fixed_Amount,36.07,22.18,2025-04-03,2025-04-12,9,All_Customers,Push,Retention,Unknown,0.148,15330.01,16.0,False,False,False,False,True
518,Retention_Fixed_Amount_518,Fixed_Amount,65.16,6.14,2024-12-08,2024-12-25,17,Medium_Value,Email,Retention,Unknown,0.079,24356.56,27.52,False,False,False,False,True
519,Upsell_Free_Shipping_519,Free_Shipping,0.0,0.0,2025-09-14,2025-09-24,10,New_Customer,SMS,Upsell,Electronics,0.06,13821.75,23.18,False,False,False,False,True
520,Reactivation_BOGO_520,BOGO,0.0,0.0,2024-12-20,2025-02-15,57,Medium_Value,Social,Reactivation,Unknown,0.05,1592.1,43.45,False,False,False,False,True
521,Upsell_Free_Shipping_521,Free_Shipping,0.0,,2024-12-30,2025-01-05,6,New_Customer,Push,Upsell,Electronics,0.248,17696.09,5.67,False,False,False,False,True
522,Acquisition_Fixed_Amount_522,Fixed_Amount,81.33,94.83,2024-11-25,2025-01-22,58,Lapsed,Website_Banner,Acquisition,Beauty,0.106,28629.85,45.48,False,False,False,False,True
523,Reactivation_Fixed_Amount_523,Fixed_Amount,19.5,0.0,2025-03-03,2025-01-11,51,Medium_Value,Push,Reactivation,Unknown,0.116,23034.82,44.1,True,False,False,False,False
524,Cross_Sell_BOGO_524,BOGO,0.0,85.87,2025-08-21,2025-09-06,16,Low_Value,Push,Cross_Sell,Electronics,0.082,24455.47,8.83,False,False,False,False,True
525,Cross_Sell_Free_Shipping_525,Free_Shipping,0.0,0.0,2025-09-16,2025-09-21,5,Low_Value,Email,Cross_Sell,Clothing,0.065,4098.55,17.9,False,False,False,False,True
526,Cross_Sell_Fixed_Amount_526,Fixed_Amount,78.75,0.0,2025-03-09,2025-03-29,20,Medium_Value,In_App,Cross_Sell,Electronics,0.054,13474.89,5.2,False,False,False,False,True
527,Reactivation_Fixed_Amount_527,Fixed_Amount,44.77,77.14,2025-04-08,2025-05-24,46,New_Customer,Website_Banner,Reactivation,Books,0.11,47796.43,9.4,False,False,False,False,True
528,Retention_Percentage_Discount_528,Percentage_Discount,15.5,99.95,2025-05-31,2025-06-08,8,New_Customer,Social,Retention,Unknown,0.204,42732.97,46.05,False,False,False,False,True
529,Upsell_Free_Shipping_529,Free_Shipping,0.0,0.0,2024-07-25,2024-08-02,8,Lapsed,Website_Banner,Upsell,Unknown,0.132,46257.71,23.65,False,False,False,False,True
530,Upsell_BOGO_530,BOGO,0.0,51.98,2025-02-15,2025-02-22,7,Lapsed,Email,Upsell,Unknown,0.212,30030.4,31.04,False,False,False,False,True
531,Cross_Sell_Free_Shipping_531,Free_Shipping,0.0,0.0,2025-08-26,2025-09-01,6,New_Customer,Email,Cross_Sell,Beauty,0.118,20244.31,41.33,False,False,False,False,True
532,Cross_Sell_Percentage_Discount_532,Percentage_Discount,24.1,75.9,2025-03-18,2025-04-07,20,Medium_Value,Push,Cross_Sell,Beauty,0.11,28883.95,40.78,False,False,False,False,True
533,Retention_Free_Shipping_533,Free_Shipping,0.0,48.86,2025-07-08,2025-07-25,17,Lapsed,SMS,Retention,Unknown,0.123,2420.58,23.58,False,False,False,False,True
534,Retention_BOGO_534,BOGO,0.0,0.0,2025-02-11,2025-02-22,11,Medium_Value,In_App,Retention,Unknown,0.207,15419.85,16.69,False,False,False,False,True
535,Acquisition_BOGO_535,BOGO,0.0,0.0,2025-02-23,2025-04-01,37,All_Customers,Website_Banner,Acquisition,Books,0.239,27205.45,24.62,False,False,False,False,True
536,Retention_Fixed_Amount_536,Fixed_Amount,75.35,59.95,2024-09-14,2024-10-02,18,High_Value,SMS,Retention,Unknown,0.069,25437.01,45.76,False,False,False,False,True
537,Upsell_Free_Shipping_537,Free_Shipping,0.0,,2024-11-07,2024-11-20,13,High_Value,In_App,Upsell,Unknown,0.193,41020.29,14.95,False,False,False,False,True
538,Acquisition_Fixed_Amount_538,Fixed_Amount,65.42,44.48,2025-06-21,2025-08-01,41,All_Customers,Website_Banner,Acquisition,Sports,0.185,24220.73,10.26,False,False,False,False,True
539,Upsell_Percentage_Discount_539,Percentage_Discount,33.8,89.33,2025-03-12,2025-03-27,15,All_Customers,Social,Upsell,Home,0.142,23654.61,48.53,False,False,False,False,True
540,Upsell_Free_Shipping_540,Free_Shipping,0.0,81.58,2024-12-28,2025-01-16,19,Low_Value,SMS,Upsell,Unknown,0.201,30035.31,23.07,False,False,False,False,True
541,Cross_Sell_BOGO_541,BOGO,0.0,5.98,2024-07-09,2024-07-30,21,Medium_Value,SMS,Cross_Sell,Unknown,0.242,23092.29,15.54,False,False,False,False,True
542,Cross_Sell_Free_Shipping_542,Free_Shipping,0.0,18.28,2024-07-20,2024-08-03,14,Medium_Value,Email,Cross_Sell,Sports,0.111,39470.59,46.44,False,False,False,False,True
543,Acquisition_Percentage_Discount_543,Percentage_Discount,29.0,73.8,2024-09-01,2024-09-20,19,Lapsed,Social,Acquisition,Unknown,0.085,16385.29,36.35,False,False,False,False,True
544,Reactivation_Percentage_Discount_544,Percentage_Discount,8.3,57.64,2024-09-02,2024-10-19,47,High_Value,Website_Banner,Reactivation,Unknown,0.123,41392.86,25.44,False,False,False,False,True
545,Cross_Sell_Free_Shipping_545,Free_Shipping,0.0,0.0,2024-11-17,2024-10-31,17,High_Value,Website_Banner,Cross_Sell,Unknown,0.145,48035.39,36.05,True,False,False,False,False
546,Retention_BOGO_546,BOGO,0.0,20.42,2024-11-13,2024-11-26,13,New_Customer,Website_Banner,Retention,Electronics,0.146,7892.27,34.94,False,False,False,False,True
547,Upsell_BOGO_547,BOGO,0.0,10.54,2025-02-01,2025-02-10,9,Lapsed,Push,Upsell,Unknown,0.101,38989.48,15.16,False,False,False,False,True
548,Cross_Sell_Free_Shipping_548,Free_Shipping,0.0,53.41,2024-09-23,2024-10-07,14,Low_Value,Email,Cross_Sell,Unknown,0.216,47906.84,37.47,False,False,False,False,True
549,Reactivation_BOGO_549,BOGO,0.0,0.0,2024-12-13,2025-01-01,19,Lapsed,Website_Banner,Reactivation,Unknown,0.199,31662.92,48.62,False,False,False,False,True
550,Retention_Fixed_Amount_550,Fixed_Amount,35.96,19.84,2025-02-17,2025-02-21,4,High_Value,SMS,Retention,Unknown,0.101,8468.85,45.94,False,False,False,False,True
551,Acquisition_Percentage_Discount_551,Percentage_Discount,32.5,0.0,2024-12-04,2024-12-31,27,Lapsed,Push,Acquisition,Unknown,0.065,20619.45,41.3,False,False,False,False,True
552,Retention_Fixed_Amount_552,Fixed_Amount,93.9,62.21,2025-06-25,2025-07-12,17,New_Customer,Email,Retention,Electronics,0.15,27786.56,32.02,False,False,False,False,True
553,Retention_BOGO_553,BOGO,0.0,45.45,2025-05-06,2025-05-19,13,Medium_Value,In_App,Retention,Unknown,0.077,28875.54,18.6,False,False,False,False,True
554,Reactivation_BOGO_554,BOGO,0.0,0.0,2024-08-26,2024-10-16,51,Medium_Value,SMS,Reactivation,Beauty,0.055,21141.26,6.48,False,False,False,False,True
555,Cross_Sell_Free_Shipping_555,Free_Shipping,0.0,80.02,2024-08-31,2024-09-21,21,Low_Value,In_App,Cross_Sell,Unknown,0.131,11417.41,23.07,False,False,False,False,True
556,Acquisition_Free_Shipping_556,Free_Shipping,0.0,6.38,2025-04-18,2025-05-26,38,Medium_Value,In_App,Acquisition,Sports,0.052,7381.8,20.77,False,False,False,False,True
557,Retention_Free_Shipping_557,Free_Shipping,0.0,73.19,2024-10-23,2024-11-12,20,All_Customers,Email,Retention,Unknown,0.22,13080.9,7.5,False,False,False,False,True
558,Cross_Sell_Free_Shipping_558,Free_Shipping,0.0,67.55,2024-11-30,2024-12-08,8,All_Customers,Website_Banner,Cross_Sell,Clothing,0.167,10953.19,10.24,False,False,False,False,True
559,Acquisition_Percentage_Discount_559,Percentage_Discount,26.6,72.18,2025-07-25,2025-09-16,53,Medium_Value,Social,Acquisition,Books,0.123,24686.49,39.21,False,False,False,False,True
560,Reactivation_BOGO_560,BOGO,0.0,2.87,2024-10-10,2024-11-09,30,All_Customers,Social,Reactivation,Unknown,0.218,14842.4,10.68,False,False,False,False,True
561,Retention_BOGO_561,BOGO,0.0,66.78,2025-07-06,2025-07-24,18,High_Value,Social,Retention,Home,0.134,35956.01,16.36,False,False,False,False,True
562,Reactivation_BOGO_562,BOGO,0.0,38.58,2025-07-09,2025-08-05,27,Lapsed,Website_Banner,Reactivation,Beauty,0.075,18517.52,38.86,False,False,False,False,True
563,Upsell_Fixed_Amount_563,Fixed_Amount,73.77,49.68,2025-07-24,2025-08-05,12,New_Customer,SMS,Upsell,Home,0.129,4540.77,15.83,False,False,False,False,True
564,Reactivation_Fixed_Amount_564,Fixed_Amount,36.05,0.0,2025-02-18,2025-03-23,33,High_Value,Website_Banner,Reactivation,Unknown,0.171,46440.9,34.71,False,False,False,False,True
565,Cross_Sell_BOGO_565,BOGO,0.0,60.27,2024-12-11,2024-12-18,7,All_Customers,Social,Cross_Sell,Beauty,0.186,25511.37,42.12,False,False,False,False,True
566,Upsell_BOGO_566,BOGO,0.0,73.77,2025-05-12,2025-05-22,10,Medium_Value,In_App,Upsell,Unknown,0.189,7309.54,21.09,False,False,False,False,True
567,Reactivation_Free_Shipping_567,Free_Shipping,0.0,26.37,2025-04-16,2025-06-08,53,New_Customer,In_App,Reactivation,Unknown,0.145,18338.64,19.74,False,False,False,False,True
568,Reactivation_Free_Shipping_568,Free_Shipping,0.0,19.6,2024-11-06,2025-01-01,56,Low_Value,SMS,Reactivation,Sports,0.083,20737.16,45.83,False,False,False,False,True
569,Upsell_Fixed_Amount_569,Fixed_Amount,46.03,86.36,2025-04-08,2025-04-24,16,Medium_Value,Email,Upsell,Unknown,0.204,5765.81,40.6,False,False,False,False,True
570,Cross_Sell_BOGO_570,BOGO,0.0,45.81,2025-01-25,2025-01-29,4,Lapsed,Website_Banner,Cross_Sell,Electronics,0.236,26082.18,32.23,False,False,False,False,True
571,Retention_Fixed_Amount_571,Fixed_Amount,,53.14,2024-10-05,2024-10-26,21,Medium_Value,Email,Retention,Sports,0.231,46835.14,21.06,False,True,False,False,True
572,Reactivation_Percentage_Discount_572,Percentage_Discount,37.8,7.34,2025-03-25,2025-05-09,45,Lapsed,Email,Reactivation,Clothing,0.219,47277.26,43.4,False,False,False,False,True
573,Retention_Fixed_Amount_573,Fixed_Amount,8.97,53.86,2024-07-13,2024-07-17,4,New_Customer,Website_Banner,Retention,Home,0.238,36711.36,17.64,False,False,False,False,True
574,Retention_Free_Shipping_574,Free_Shipping,0.0,0.0,2025-02-06,2025-02-14,8,Low_Value,Push,Retention,Books,0.076,48203.36,40.63,False,False,False,False,True
575,Reactivation_Fixed_Amount_575,Fixed_Amount,41.1,96.31,2024-12-07,2024-12-23,16,All_Customers,Push,Reactivation,Unknown,0.159,22441.84,42.11,False,False,False,False,True
576,Retention_Free_Shipping_576,Free_Shipping,0.0,94.5,2025-08-26,2025-09-06,11,Medium_Value,Email,Retention,Clothing,0.232,19405.45,17.69,False,False,False,False,True
577,Retention_Percentage_Discount_577,Percentage_Discount,,0.0,2025-01-20,2025-02-09,20,All_Customers,Push,Retention,Sports,0.155,39079.44,24.1,False,True,False,False,True
578,Retention_BOGO_578,BOGO,0.0,89.83,2024-12-30,2025-01-14,15,Lapsed,Email,Retention,Unknown,0.248,39341.31,37.75,False,False,False,False,True
579,Acquisition_Free_Shipping_579,Free_Shipping,0.0,52.47,2024-12-18,2025-01-11,24,High_Value,Push,Acquisition,Unknown,0.126,2953.02,31.29,False,False,False,False,True
580,Acquisition_Free_Shipping_580,Free_Shipping,0.0,19.7,2025-06-29,2025-08-26,58,New_Customer,Push,Acquisition,Unknown,0.181,29595.37,49.64,False,False,False,False,True
581,Retention_BOGO_581,BOGO,0.0,10.57,2025-09-17,2025-09-27,10,Lapsed,Social,Retention,Unknown,0.151,24996.97,8.33,False,False,False,False,True
582,Retention_Percentage_Discount_582,Percentage_Discount,31.9,21.87,2025-08-06,2025-08-10,4,Medium_Value,SMS,Retention,Beauty,0.181,26560.0,25.04,False,False,False,False,True
583,Upsell_Fixed_Amount_583,Fixed_Amount,59.91,67.37,2024-11-27,2024-12-17,20,Medium_Value,SMS,Upsell,Electronics,0.178,4389.37,31.01,False,False,False,False,True
584,Retention_Percentage_Discount_584,Percentage_Discount,34.3,45.08,2025-01-06,2025-01-26,20,Medium_Value,Email,Retention,Unknown,0.165,3907.8,42.74,False,False,False,False,True
585,Acquisition_BOGO_585,BOGO,0.0,81.67,2024-12-14,2025-02-04,52,Medium_Value,SMS,Acquisition,Unknown,0.103,31471.1,42.78,False,False,False,False,True
586,Retention_Percentage_Discount_586,Percentage_Discount,42.8,14.06,2025-01-25,2025-02-09,15,Lapsed,Email,Retention,Unknown,0.108,23626.08,19.99,False,False,False,False,True
587,Upsell_BOGO_587,BOGO,0.0,0.0,2025-06-04,2025-06-21,17,Low_Value,SMS,Upsell,Unknown,0.22,26009.77,12.38,False,False,False,False,True
588,Retention_BOGO_588,BOGO,0.0,59.48,2025-04-18,2025-05-05,17,Lapsed,In_App,Retention,Books,0.141,4919.42,5.23,False,False,False,False,True
589,Cross_Sell_Free_Shipping_589,Free_Shipping,0.0,0.0,2025-01-31,2025-02-15,15,All_Customers,In_App,Cross_Sell,Clothing,0.155,45658.0,8.23,False,False,False,False,True
590,Acquisition_Free_Shipping_590,Free_Shipping,0.0,25.75,2025-03-01,2025-04-23,53,Lapsed,SMS,Acquisition,Unknown,0.25,35190.97,38.68,False,False,False,False,True
591,Cross_Sell_BOGO_591,BOGO,0.0,89.56,2024-11-27,2024-12-05,8,High_Value,In_App,Cross_Sell,Unknown,0.089,15952.99,26.11,False,False,False,False,True
592,Reactivation_Percentage_Discount_592,Percentage_Discount,34.2,0.0,2025-03-18,2025-05-14,57,Lapsed,Push,Reactivation,Unknown,0.141,16072.88,39.22,False,False,False,False,True
593,Reactivation_Fixed_Amount_593,Fixed_Amount,13.71,16.0,2024-08-25,2024-09-27,33,High_Value,Social,Reactivation,Unknown,0.114,42703.34,29.67,False,False,False,False,True
594,Acquisition_Percentage_Discount_594,Percentage_Discount,11.1,81.54,2025-01-17,2025-02-03,17,All_Customers,Social,Acquisition,Sports,0.142,31023.1,5.98,False,False,False,False,True
595,Upsell_BOGO_595,BOGO,0.0,65.26,2024-10-15,2024-10-20,5,All_Customers,Email,Upsell,Clothing,0.144,21547.7,25.14,False,False,False,False,True
596,Acquisition_Fixed_Amount_596,Fixed_Amount,31.03,78.75,2024-12-06,2025-01-28,53,Medium_Value,Social,Acquisition,Beauty,0.185,24351.69,34.76,False,False,False,False,True
597,Upsell_BOGO_597,BOGO,0.0,0.0,2024-09-13,2024-09-27,14,Lapsed,SMS,Upsell,Beauty,0.065,4121.78,23.62,False,False,False,False,True
598,Reactivation_Free_Shipping_598,Free_Shipping,0.0,6.56,2024-09-01,2024-10-11,40,Low_Value,Social,Reactivation,Unknown,0.143,6924.96,5.37,False,False,False,False,True
599,Retention_Percentage_Discount_599,Percentage_Discount,28.8,49.19,2024-11-25,2024-12-15,20,High_Value,In_App,Retention,Unknown,0.216,30127.44,37.26,False,False,False,False,True
600,Upsell_BOGO_600,BOGO,0.0,37.31,2025-04-04,2025-04-17,13,Lapsed,Social,Upsell,Unknown,0.142,45459.48,39.72,False,False,False,False,True
601,Acquisition_Fixed_Amount_601,Fixed_Amount,74.86,55.35,2025-01-28,2025-02-12,15,Medium_Value,Website_Banner,Acquisition,Sports,0.197,25396.74,34.39,False,False,False,False,True
602,Cross_Sell_BOGO_602,BOGO,0.0,53.22,2024-07-22,2024-08-12,21,Lapsed,Social,Cross_Sell,Unknown,0.184,34412.47,26.63,False,False,False,False,True
603,Cross_Sell_BOGO_603,BOGO,0.0,97.47,2025-01-26,2025-02-07,12,New_Customer,Social,Cross_Sell,Sports,0.072,25505.65,15.61,False,False,False,False,True
604,Reactivation_Fixed_Amount_604,Fixed_Amount,63.71,0.0,2025-03-16,2025-04-24,39,Medium_Value,Push,Reactivation,Books,0.248,35499.2,43.69,False,False,False,False,True
605,Upsell_Fixed_Amount_605,Fixed_Amount,87.13,96.37,2024-09-29,2024-10-20,21,Lapsed,In_App,Upsell,Unknown,0.091,44065.86,41.44,False,False,False,False,True
606,Cross_Sell_Free_Shipping_606,Free_Shipping,0.0,79.71,2025-05-21,2025-05-29,8,Medium_Value,In_App,Cross_Sell,Unknown,0.069,21776.57,35.35,False,False,False,False,True
607,Upsell_Free_Shipping_607,Free_Shipping,0.0,79.52,2025-05-31,2025-06-18,18,Lapsed,Website_Banner,Upsell,Unknown,0.188,28613.93,10.95,False,False,False,False,True
608,Cross_Sell_Percentage_Discount_608,Percentage_Discount,39.6,42.16,2024-12-17,2024-12-22,5,Low_Value,In_App,Cross_Sell,Beauty,0.239,47553.89,45.57,False,False,False,False,True
609,Cross_Sell_BOGO_609,BOGO,0.0,28.66,2024-10-25,2024-11-04,10,New_Customer,Email,Cross_Sell,Unknown,0.094,4117.6,38.51,False,False,False,False,True
610,Retention_Free_Shipping_610,Free_Shipping,0.0,23.44,2025-02-09,2025-02-15,6,Low_Value,Email,Retention,Sports,0.162,16122.02,49.72,False,False,False,False,True
611,Cross_Sell_Fixed_Amount_611,Fixed_Amount,97.58,80.32,2025-05-24,2025-06-10,17,Low_Value,Social,Cross_Sell,Unknown,0.241,25517.36,16.33,False,False,False,False,True
612,Reactivation_Percentage_Discount_612,Percentage_Discount,48.2,96.09,2025-06-22,2025-07-27,35,All_Customers,In_App,Reactivation,Unknown,0.23,20119.78,35.97,False,False,False,False,True
613,Reactivation_Fixed_Amount_613,Fixed_Amount,31.82,32.05,2025-04-26,2025-06-16,51,New_Customer,In_App,Reactivation,Unknown,0.13,19806.51,27.53,False,False,False,False,True
614,Retention_Fixed_Amount_614,Fixed_Amount,16.87,81.3,2025-05-21,2025-05-27,6,All_Customers,Email,Retention,Unknown,0.21,23799.01,41.96,False,False,False,False,True
615,Upsell_Percentage_Discount_615,Percentage_Discount,10.5,0.0,2024-11-03,2024-11-22,19,New_Customer,SMS,Upsell,Unknown,0.075,7244.96,49.23,False,False,False,False,True
616,Cross_Sell_Fixed_Amount_616,Fixed_Amount,93.41,60.3,2024-08-29,2024-09-05,7,High_Value,Push,Cross_Sell,Unknown,0.226,40575.51,16.3,False,False,False,False,True
617,Retention_Free_Shipping_617,Free_Shipping,0.0,55.84,2025-05-01,2025-05-06,5,All_Customers,Email,Retention,Books,0.191,15352.3,47.43,False,False,False,False,True
618,Reactivation_Free_Shipping_618,Free_Shipping,0.0,74.72,2025-08-27,2025-09-19,23,Lapsed,In_App,Reactivation,Unknown,0.214,19565.5,27.03,False,False,False,False,True
619,Cross_Sell_Percentage_Discount_619,Percentage_Discount,27.5,59.92,2025-02-04,2025-02-21,17,High_Value,In_App,Cross_Sell,Unknown,0.173,35456.86,46.44,False,False,False,False,True
620,Upsell_BOGO_620,BOGO,0.0,44.73,2025-05-20,2025-05-30,10,New_Customer,Push,Upsell,Unknown,0.166,11110.59,43.05,False,False,False,False,True
621,Cross_Sell_Percentage_Discount_621,Percentage_Discount,34.2,29.2,2025-08-29,2025-09-06,8,New_Customer,Social,Cross_Sell,Beauty,0.121,28165.0,35.74,False,False,False,False,True
622,Cross_Sell_Percentage_Discount_622,Percentage_Discount,44.2,52.3,2024-09-18,2024-10-07,19,Medium_Value,Social,Cross_Sell,Unknown,0.125,40014.75,18.09,False,False,False,False,True
623,Reactivation_Percentage_Discount_623,Percentage_Discount,21.8,32.1,2025-06-28,2025-08-13,46,All_Customers,SMS,Reactivation,Unknown,0.099,6550.03,42.32,False,False,False,False,True
624,Retention_Fixed_Amount_624,Fixed_Amount,90.03,69.65,2025-02-17,2025-02-21,4,High_Value,In_App,Retention,Electronics,0.183,10122.8,48.28,False,False,False,False,True
625,Retention_Percentage_Discount_625,Percentage_Discount,8.6,,2025-04-09,2025-04-21,12,High_Value,In_App,Retention,Unknown,0.21,7676.07,9.17,False,False,False,False,True
626,Retention_BOGO_626,BOGO,0.0,94.05,2024-08-05,2024-08-17,12,Medium_Value,In_App,Retention,Sports,0.163,2138.04,26.33,False,False,False,False,True
627,Cross_Sell_BOGO_627,BOGO,0.0,82.87,2024-12-25,2024-12-28,3,Medium_Value,In_App,Cross_Sell,Sports,0.156,49858.13,16.39,False,False,False,False,True
628,Reactivation_Percentage_Discount_628,Percentage_Discount,5.3,94.48,2024-11-09,2024-12-20,41,Medium_Value,SMS,Reactivation,Unknown,0.164,23603.01,22.17,False,False,False,False,True
629,Retention_BOGO_629,BOGO,0.0,37.77,2024-12-16,2024-12-01,15,New_Customer,SMS,Retention,Unknown,0.164,37724.71,36.94,True,False,False,False,False
630,Acquisition_Fixed_Amount_630,Fixed_Amount,67.62,75.77,2024-07-11,2024-09-06,57,High_Value,Email,Acquisition,Unknown,0.096,14528.67,15.87,False,False,False,False,True
631,Acquisition_Percentage_Discount_631,Percentage_Discount,6.1,38.54,2024-08-31,2024-10-30,60,Lapsed,Website_Banner,Acquisition,Unknown,0.221,18656.34,38.44,False,False,False,False,True
632,Upsell_Free_Shipping_632,Free_Shipping,0.0,11.87,2025-02-20,2025-02-27,7,New_Customer,Website_Banner,Upsell,Unknown,0.209,21571.85,45.24,False,False,False,False,True
633,Reactivation_Percentage_Discount_633,Percentage_Discount,44.9,8.01,2025-01-31,2025-03-29,57,High_Value,Website_Banner,Reactivation,Unknown,0.236,48507.05,39.29,False,False,False,False,True
634,Cross_Sell_Percentage_Discount_634,Percentage_Discount,42.5,0.0,2024-11-29,2024-12-06,7,Lapsed,Website_Banner,Cross_Sell,Unknown,0.147,29630.41,21.46,False,False,False,False,True
635,Cross_Sell_Percentage_Discount_635,Percentage_Discount,25.5,0.0,2024-08-13,2024-08-28,15,High_Value,Social,Cross_Sell,Home,0.222,24710.87,5.72,False,False,False,False,True
636,Upsell_Free_Shipping_636,Free_Shipping,0.0,0.0,2024-08-18,2024-08-27,9,Lapsed,Social,Upsell,Unknown,0.183,27022.99,25.74,False,False,False,False,True
637,Cross_Sell_Percentage_Discount_637,Percentage_Discount,11.2,92.03,2025-04-18,2025-05-06,18,High_Value,Push,Cross_Sell,Unknown,0.194,40257.17,49.29,False,False,False,False,True
638,Retention_Fixed_Amount_638,Fixed_Amount,71.57,0.0,2025-07-09,2025-07-15,6,All_Customers,Social,Retention,Unknown,0.237,3572.59,12.95,False,False,False,False,True
639,Retention_BOGO_639,BOGO,0.0,0.0,2024-12-06,2024-12-16,10,High_Value,SMS,Retention,Clothing,0.136,5877.62,9.67,False,False,False,False,True
640,Cross_Sell_BOGO_640,BOGO,0.0,0.0,2024-12-04,2024-12-17,13,Low_Value,Push,Cross_Sell,Unknown,0.162,48783.35,47.78,False,False,False,False,True
641,Acquisition_Free_Shipping_641,Free_Shipping,0.0,48.84,2025-04-03,2025-04-24,21,New_Customer,In_App,Acquisition,Unknown,0.113,24091.55,46.24,False,False,False,False,True
642,Retention_Fixed_Amount_642,Fixed_Amount,34.83,75.99,2025-01-11,2025-01-19,8,Lapsed,SMS,Retention,Unknown,0.156,49639.97,15.87,False,False,False,False,True
643,Retention_Fixed_Amount_643,Fixed_Amount,87.24,4.99,2024-12-11,2024-12-25,14,High_Value,Website_Banner,Retention,Electronics,0.153,30304.68,14.84,False,False,False,False,True
644,Retention_Free_Shipping_644,Free_Shipping,0.0,0.0,2024-12-26,2025-01-10,15,New_Customer,Push,Retention,Unknown,0.202,35234.14,48.62,False,False,False,False,True
645,Upsell_BOGO_645,BOGO,0.0,0.0,2024-12-12,2024-12-26,14,Low_Value,SMS,Upsell,Unknown,0.092,30177.17,20.2,False,False,False,False,True
646,Upsell_Percentage_Discount_646,Percentage_Discount,42.2,0.0,2025-06-17,2025-06-30,13,Medium_Value,In_App,Upsell,Books,0.075,7020.93,26.62,False,False,False,False,True
647,Upsell_Free_Shipping_647,Free_Shipping,0.0,0.0,2024-11-12,2024-12-02,20,Lapsed,Push,Upsell,Unknown,0.074,29049.4,8.39,False,False,False,False,True
648,Acquisition_BOGO_648,BOGO,0.0,13.03,2025-02-13,2025-04-05,51,All_Customers,Website_Banner,Acquisition,Electronics,0.21,13717.08,40.71,False,False,False,False,True
649,Reactivation_Percentage_Discount_649,Percentage_Discount,24.4,70.28,2024-08-09,2024-09-10,32,High_Value,Social,Reactivation,Unknown,0.067,25187.89,49.35,False,False,False,False,True
650,Reactivation_Percentage_Discount_650,Percentage_Discount,11.9,92.53,2025-02-28,2025-04-20,51,Low_Value,Email,Reactivation,Unknown,0.167,12125.35,31.24,False,False,False,False,True
651,Cross_Sell_BOGO_651,BOGO,0.0,,2025-04-23,2025-04-29,6,Lapsed,Push,Cross_Sell,Clothing,0.074,47757.98,28.02,False,False,False,False,True
652,Reactivation_Free_Shipping_652,Free_Shipping,0.0,95.7,2024-07-13,2024-08-04,22,All_Customers,Website_Banner,Reactivation,Books,0.183,2264.96,6.11,False,False,False,False,True
653,Cross_Sell_Free_Shipping_653,Free_Shipping,0.0,0.0,2025-07-25,2025-07-31,6,All_Customers,Email,Cross_Sell,Beauty,0.067,22712.04,14.36,False,False,False,False,True
654,Upsell_BOGO_654,BOGO,0.0,0.0,2024-11-23,2024-12-07,14,Lapsed,SMS,Upsell,Unknown,0.082,18390.52,15.71,False,False,False,False,True
655,Upsell_Percentage_Discount_655,Percentage_Discount,46.8,51.29,2025-05-16,2025-06-06,21,New_Customer,Push,Upsell,Unknown,0.201,40123.54,30.38,False,False,False,False,True
656,Cross_Sell_BOGO_656,BOGO,0.0,90.46,2024-09-13,2024-08-25,19,Low_Value,SMS,Cross_Sell,Unknown,0.217,20417.38,30.23,True,False,False,False,False
657,Reactivation_Free_Shipping_657,Free_Shipping,0.0,50.14,2025-07-19,2025-08-16,28,New_Customer,Social,Reactivation,Unknown,0.219,8022.63,13.76,False,False,False,False,True
658,Acquisition_Percentage_Discount_658,Percentage_Discount,35.3,0.0,2025-07-06,2025-07-28,22,Lapsed,Website_Banner,Acquisition,Home,0.197,25082.49,33.69,False,False,False,False,True
659,Reactivation_Fixed_Amount_659,Fixed_Amount,74.79,,2024-12-01,2025-01-07,37,All_Customers,In_App,Reactivation,Unknown,0.13,8307.45,19.33,False,False,False,False,True
660,Cross_Sell_Fixed_Amount_660,Fixed_Amount,64.6,52.78,2024-11-10,2024-11-25,15,High_Value,In_App,Cross_Sell,Sports,0.181,35404.67,24.72,False,False,False,False,True
661,Reactivation_Fixed_Amount_661,Fixed_Amount,18.16,,2024-07-23,2024-08-26,34,Medium_Value,Website_Banner,Reactivation,Electronics,0.142,7337.56,27.2,False,False,False,False,True
662,Upsell_Fixed_Amount_662,Fixed_Amount,81.43,48.28,2025-02-27,2025-03-05,6,New_Customer,Push,Upsell,Unknown,0.174,6590.17,49.92,False,False,False,False,True
663,Upsell_Fixed_Amount_663,Fixed_Amount,10.72,45.13,2025-03-17,2025-04-07,21,Low_Value,SMS,Upsell,Books,0.146,31851.63,14.55,False,False,False,False,True
664,Retention_Fixed_Amount_664,Fixed_Amount,58.05,0.0,2025-05-22,2025-06-12,21,Low_Value,SMS,Retention,Unknown,0.074,8086.79,10.35,False,False,False,False,True
665,Acquisition_BOGO_665,BOGO,0.0,53.75,2025-08-31,2025-09-25,25,All_Customers,In_App,Acquisition,Unknown,0.077,46423.5,41.44,False,False,False,False,True
666,Retention_BOGO_666,BOGO,0.0,21.21,2025-01-10,2025-01-16,6,Low_Value,Email,Retention,Clothing,0.107,3627.14,30.6,False,False,False,False,True
667,Upsell_Free_Shipping_667,Free_Shipping,0.0,31.23,2025-09-03,2025-09-09,6,New_Customer,Email,Upsell,Unknown,0.058,18308.51,40.31,False,False,False,False,True
668,Upsell_BOGO_668,BOGO,0.0,0.0,2025-01-05,2025-01-09,4,New_Customer,Social,Upsell,Books,0.239,11031.15,14.34,False,False,False,False,True
669,Cross_Sell_Percentage_Discount_669,Percentage_Discount,42.2,80.41,2025-06-19,2025-07-06,17,Medium_Value,Email,Cross_Sell,Home,0.226,24444.2,7.46,False,False,False,False,True
670,Upsell_BOGO_670,BOGO,0.0,41.58,2025-05-13,2025-05-28,15,New_Customer,In_App,Upsell,Sports,0.122,47362.53,26.12,False,False,False,False,True
671,Cross_Sell_BOGO_671,BOGO,0.0,41.06,2024-10-28,2024-11-05,8,Medium_Value,Push,Cross_Sell,Unknown,0.169,29362.17,14.98,False,False,False,False,True
672,Retention_Free_Shipping_672,Free_Shipping,0.0,0.0,2025-02-07,2025-02-18,11,Lapsed,In_App,Retention,Home,0.1,32612.52,36.66,False,False,False,False,True
673,Reactivation_BOGO_673,BOGO,0.0,34.05,2025-03-03,2025-04-07,35,New_Customer,Social,Reactivation,Unknown,0.09,16683.16,17.87,False,False,False,False,True
674,Retention_Fixed_Amount_674,Fixed_Amount,80.02,72.62,2025-05-20,2025-06-01,12,Lapsed,Social,Retention,Books,0.065,33515.52,18.15,False,False,False,False,True
675,Retention_BOGO_675,BOGO,0.0,58.75,2025-07-22,2025-08-12,21,Medium_Value,Email,Retention,Sports,0.141,47558.38,25.57,False,False,False,False,True
676,Acquisition_Free_Shipping_676,Free_Shipping,0.0,65.39,2024-08-26,2024-09-19,24,All_Customers,Website_Banner,Acquisition,Clothing,0.174,31622.05,38.92,False,False,False,False,True
677,Acquisition_Fixed_Amount_677,Fixed_Amount,95.68,69.46,2024-07-15,2024-08-15,31,All_Customers,SMS,Acquisition,Home,0.208,25299.57,9.31,False,False,False,False,True
678,Acquisition_Free_Shipping_678,Free_Shipping,0.0,87.31,2024-08-29,2024-10-16,48,Medium_Value,In_App,Acquisition,Unknown,0.111,12414.32,12.35,False,False,False,False,True
679,Retention_Free_Shipping_679,Free_Shipping,0.0,0.2,2025-03-14,2025-03-18,4,Lapsed,Email,Retention,Electronics,0.053,9300.94,39.02,False,False,False,False,True
680,Acquisition_Fixed_Amount_680,Fixed_Amount,99.85,23.26,2024-10-05,2024-11-16,42,All_Customers,In_App,Acquisition,Electronics,0.22,7265.16,21.98,False,False,False,False,True
681,Acquisition_Free_Shipping_681,Free_Shipping,0.0,47.71,2025-01-21,2025-03-10,48,High_Value,SMS,Acquisition,Sports,0.109,25240.23,42.98,False,False,False,False,True
682,Cross_Sell_Free_Shipping_682,Free_Shipping,0.0,50.78,2024-10-25,2024-10-29,4,Low_Value,Email,Cross_Sell,Unknown,0.222,3233.12,32.08,False,False,False,False,True
683,Reactivation_Fixed_Amount_683,Fixed_Amount,99.42,0.0,2025-08-06,2025-09-20,45,Medium_Value,Email,Reactivation,Unknown,0.161,6688.52,12.23,False,False,False,False,True
684,Upsell_Fixed_Amount_684,Fixed_Amount,28.39,26.84,2024-11-21,2024-11-27,6,All_Customers,In_App,Upsell,Books,0.215,25796.41,19.17,False,False,False,False,True
685,Reactivation_BOGO_685,BOGO,0.0,58.38,2025-04-16,2025-05-16,30,High_Value,Email,Reactivation,Unknown,0.175,26280.87,18.08,False,False,False,False,True
686,Upsell_BOGO_686,BOGO,0.0,94.65,2025-03-06,2025-03-23,17,Lapsed,Website_Banner,Upsell,Clothing,0.169,40642.57,39.05,False,False,False,False,True
687,Retention_Free_Shipping_687,Free_Shipping,0.0,49.77,2024-10-19,2024-11-01,13,Low_Value,Push,Retention,Sports,0.201,16561.76,33.94,False,False,False,False,True
688,Acquisition_BOGO_688,BOGO,0.0,51.84,2025-01-10,2025-02-08,29,Medium_Value,SMS,Acquisition,Unknown,0.179,43935.42,35.41,False,False,False,False,True
689,Acquisition_BOGO_689,BOGO,0.0,0.0,2025-03-22,2025-04-09,18,Medium_Value,Email,Acquisition,Unknown,0.205,11628.0,43.44,False,False,False,False,True
690,Upsell_BOGO_690,BOGO,0.0,18.28,2025-02-24,2025-03-15,19,New_Customer,Social,Upsell,Unknown,0.196,13721.73,45.84,False,False,False,False,True
691,Acquisition_Fixed_Amount_691,Fixed_Amount,84.18,98.32,2025-03-27,2025-04-27,31,Low_Value,SMS,Acquisition,Unknown,0.065,2901.51,20.65,False,False,False,False,True
692,Retention_BOGO_692,BOGO,0.0,14.17,2025-01-04,2025-01-17,13,Low_Value,Website_Banner,Retention,Unknown,0.246,3034.63,8.12,False,False,False,False,True
693,Upsell_Percentage_Discount_693,Percentage_Discount,45.9,75.59,2025-05-15,2025-05-28,13,High_Value,SMS,Upsell,Clothing,0.132,29796.11,36.28,False,False,False,False,True
694,Retention_Percentage_Discount_694,Percentage_Discount,12.3,50.63,2025-07-22,2025-07-31,9,All_Customers,Social,Retention,Unknown,0.086,44165.99,31.21,False,False,False,False,True
695,Retention_Fixed_Amount_695,Fixed_Amount,21.43,86.07,2024-10-04,2024-10-22,18,High_Value,Website_Banner,Retention,Unknown,0.236,10415.04,44.53,False,False,False,False,True
696,Retention_Fixed_Amount_696,Fixed_Amount,58.0,0.0,2024-10-08,2024-10-19,11,High_Value,Push,Retention,Beauty,0.167,30048.94,6.75,False,False,False,False,True
697,Acquisition_Fixed_Amount_697,Fixed_Amount,19.37,0.0,2025-05-10,2025-05-29,19,Low_Value,In_App,Acquisition,Unknown,0.122,7611.3,11.0,False,False,False,False,True
698,Upsell_Free_Shipping_698,Free_Shipping,0.0,89.1,2024-07-31,2024-08-08,8,New_Customer,Push,Upsell,Unknown,0.135,34297.78,21.07,False,False,False,False,True
699,Cross_Sell_BOGO_699,BOGO,0.0,0.0,2024-10-14,2024-10-22,8,Low_Value,SMS,Cross_Sell,Home,0.169,28578.81,19.24,False,False,False,False,True
700,Upsell_Free_Shipping_700,Free_Shipping,0.0,,2025-09-18,2025-09-24,6,High_Value,Push,Upsell,Unknown,0.124,4823.56,21.81,False,False,False,False,True
701,Retention_BOGO_701,BOGO,0.0,15.17,2025-03-03,2025-03-15,12,All_Customers,Email,Retention,Unknown,0.216,13219.53,10.71,False,False,False,False,True
702,Cross_Sell_Percentage_Discount_702,Percentage_Discount,5.7,0.0,2025-05-13,2025-05-18,5,Medium_Value,SMS,Cross_Sell,Unknown,0.209,34191.09,26.1,False,False,False,False,True
703,Acquisition_Fixed_Amount_703,Fixed_Amount,57.85,0.0,2025-06-08,2025-08-02,55,High_Value,Push,Acquisition,Home,0.128,33376.45,23.09,False,False,False,False,True
704,Acquisition_Percentage_Discount_704,Percentage_Discount,30.4,77.1,2024-12-15,2025-01-31,47,High_Value,SMS,Acquisition,Unknown,0.133,9699.99,29.09,False,False,False,False,True
705,Acquisition_Percentage_Discount_705,Percentage_Discount,15.7,85.53,2024-10-10,2024-11-02,23,All_Customers,Push,Acquisition,Beauty,0.225,40797.62,12.72,False,False,False,False,True
706,Retention_Fixed_Amount_706,Fixed_Amount,81.49,34.37,2025-03-13,2025-03-25,12,Medium_Value,In_App,Retention,Home,0.174,22493.35,26.77,False,False,False,False,True
707,Acquisition_Free_Shipping_707,Free_Shipping,0.0,,2025-05-11,2025-06-06,26,High_Value,Social,Acquisition,Unknown,0.172,27540.42,45.33,False,False,False,False,True
708,Acquisition_Free_Shipping_708,Free_Shipping,0.0,84.8,2025-08-08,2025-09-29,52,All_Customers,Social,Acquisition,Books,0.246,45731.16,29.77,False,False,False,False,True
709,Retention_Fixed_Amount_709,Fixed_Amount,74.48,0.0,2025-04-12,2025-04-18,6,High_Value,Email,Retention,Unknown,0.102,49648.67,29.24,False,False,False,False,True
710,Upsell_BOGO_710,BOGO,0.0,16.64,2024-12-08,2024-12-20,12,Lapsed,In_App,Upsell,Unknown,0.21,8412.29,6.54,False,False,False,False,True
711,Cross_Sell_Percentage_Discount_711,Percentage_Discount,25.7,0.0,2024-11-08,2024-11-27,19,Medium_Value,Website_Banner,Cross_Sell,Unknown,0.184,7754.03,11.85,False,False,False,False,True
712,Upsell_BOGO_712,BOGO,0.0,50.65,2024-11-18,2024-11-29,11,Lapsed,Social,Upsell,Clothing,0.19,44350.89,21.64,False,False,False,False,True
713,Acquisition_Percentage_Discount_713,Percentage_Discount,5.2,6.19,2024-08-10,2024-09-12,33,New_Customer,Email,Acquisition,Clothing,0.239,44358.29,18.55,False,False,False,False,True
714,Upsell_Free_Shipping_714,Free_Shipping,0.0,0.0,2024-07-31,2024-08-08,8,High_Value,Email,Upsell,Clothing,0.212,38202.49,43.31,False,False,False,False,True
715,Upsell_Free_Shipping_715,Free_Shipping,0.0,0.0,2024-11-08,2024-10-19,20,Low_Value,Website_Banner,Upsell,Unknown,0.242,34634.48,21.68,True,False,False,False,False
716,Upsell_BOGO_716,BOGO,0.0,0.0,2025-07-11,2025-07-30,19,Medium_Value,In_App,Upsell,Unknown,0.191,34118.38,28.85,False,False,False,False,True
717,Reactivation_Free_Shipping_717,Free_Shipping,0.0,43.51,2025-09-02,2025-09-27,25,High_Value,Website_Banner,Reactivation,Unknown,0.205,39796.94,34.74,False,False,False,False,True
718,Upsell_Fixed_Amount_718,Fixed_Amount,6.7,0.0,2025-04-26,2025-05-01,5,New_Customer,Website_Banner,Upsell,Clothing,0.23,41848.08,34.34,False,False,False,False,True
719,Reactivation_Free_Shipping_719,Free_Shipping,0.0,0.0,2025-08-13,2025-09-29,47,Lapsed,SMS,Reactivation,Unknown,0.115,46725.88,47.54,False,False,False,False,True
720,Retention_Free_Shipping_720,Free_Shipping,0.0,0.0,2024-12-01,2024-12-12,11,All_Customers,Email,Retention,Unknown,0.072,42130.99,16.48,False,False,False,False,True
721,Retention_Percentage_Discount_721,Percentage_Discount,36.4,68.64,2024-11-13,2024-11-22,9,Medium_Value,Social,Retention,Sports,0.218,13224.69,12.84,False,False,False,False,True
722,Upsell_Percentage_Discount_722,Percentage_Discount,5.5,61.95,2025-02-06,2025-02-21,15,High_Value,Push,Upsell,Unknown,0.108,22901.63,29.06,False,False,False,False,True
723,Retention_BOGO_723,BOGO,0.0,81.67,2025-01-18,2025-01-23,5,New_Customer,Push,Retention,Sports,0.245,5858.91,38.17,False,False,False,False,True
724,Retention_BOGO_724,BOGO,0.0,51.3,2025-02-27,2025-03-09,10,All_Customers,SMS,Retention,Beauty,0.154,26866.84,37.73,False,False,False,False,True
725,Reactivation_Free_Shipping_725,Free_Shipping,0.0,97.74,2025-06-15,2025-07-14,29,Lapsed,Social,Reactivation,Sports,0.135,1976.85,35.25,False,False,False,False,True
726,Reactivation_Fixed_Amount_726,Fixed_Amount,60.88,0.0,2024-09-03,2024-10-06,33,High_Value,SMS,Reactivation,Unknown,0.138,26845.98,32.16,False,False,False,False,True
727,Acquisition_Free_Shipping_727,Free_Shipping,0.0,92.9,2024-09-02,2024-07-31,33,High_Value,Push,Acquisition,Unknown,0.179,22792.8,10.97,True,False,False,False,False
728,Upsell_Fixed_Amount_728,Fixed_Amount,35.89,81.11,2025-04-29,2025-05-10,11,Medium_Value,Website_Banner,Upsell,Unknown,0.153,49346.13,42.85,False,False,False,False,True
729,Upsell_Percentage_Discount_729,Percentage_Discount,33.2,0.0,2025-05-17,2025-05-31,14,All_Customers,In_App,Upsell,Unknown,0.238,25689.71,5.9,False,False,False,False,True
730,Acquisition_Fixed_Amount_730,Fixed_Amount,78.38,40.14,2025-08-03,2025-08-21,18,Medium_Value,Social,Acquisition,Unknown,0.158,27873.21,44.79,False,False,False,False,True
731,Cross_Sell_Percentage_Discount_731,Percentage_Discount,5.1,2.63,2024-09-10,2024-09-23,13,Lapsed,Push,Cross_Sell,Unknown,0.096,7934.58,27.22,False,False,False,False,True
732,Acquisition_BOGO_732,BOGO,0.0,37.03,2025-01-01,2025-02-26,56,Medium_Value,Website_Banner,Acquisition,Unknown,0.153,31324.23,9.43,False,False,False,False,True
733,Acquisition_Free_Shipping_733,Free_Shipping,0.0,74.67,2024-12-24,2025-02-15,53,Medium_Value,Email,Acquisition,Electronics,0.059,20350.13,11.9,False,False,False,False,True
734,Cross_Sell_Percentage_Discount_734,Percentage_Discount,9.4,0.0,2024-12-22,2024-12-25,3,Medium_Value,SMS,Cross_Sell,Books,0.068,27814.29,28.34,False,False,False,False,True
735,Retention_BOGO_735,BOGO,0.0,97.79,2025-09-15,2025-09-21,6,Medium_Value,Website_Banner,Retention,Clothing,0.106,6664.16,9.5,False,False,False,False,True
736,Upsell_Percentage_Discount_736,Percentage_Discount,45.6,0.0,2025-01-03,2025-01-09,6,Medium_Value,SMS,Upsell,Unknown,0.213,32231.94,12.47,False,False,False,False,True
737,Upsell_Percentage_Discount_737,Percentage_Discount,13.5,12.78,2025-04-25,2025-05-09,14,High_Value,Website_Banner,Upsell,Beauty,0.213,27230.38,19.94,False,False,False,False,True
738,Acquisition_Free_Shipping_738,Free_Shipping,0.0,0.0,2024-10-25,2024-09-30,25,All_Customers,In_App,Acquisition,Unknown,0.235,13938.65,28.33,True,False,False,False,False
739,Cross_Sell_Fixed_Amount_739,Fixed_Amount,83.56,82.42,2025-05-29,2025-06-04,6,Low_Value,Push,Cross_Sell,Unknown,0.083,32599.34,21.74,False,False,False,False,True
740,Retention_Fixed_Amount_740,Fixed_Amount,64.0,0.0,2024-10-17,2024-11-02,16,Medium_Value,Social,Retention,Unknown,0.126,31501.72,31.61,False,False,False,False,True
741,Cross_Sell_BOGO_741,BOGO,0.0,0.0,2025-01-21,2025-02-11,21,Low_Value,Email,Cross_Sell,Unknown,0.121,40285.73,20.55,False,False,False,False,True
742,Cross_Sell_BOGO_742,BOGO,0.0,0.0,2025-07-15,2025-08-01,17,Low_Value,In_App,Cross_Sell,Sports,0.178,9245.61,33.23,False,False,False,False,True
743,Upsell_Free_Shipping_743,Free_Shipping,0.0,65.28,2025-01-24,2025-02-01,8,New_Customer,SMS,Upsell,Electronics,0.165,48671.55,48.1,False,False,False,False,True
744,Cross_Sell_Free_Shipping_744,Free_Shipping,0.0,94.16,2025-05-04,2025-05-20,16,Low_Value,SMS,Cross_Sell,Home,0.152,22078.4,44.54,False,False,False,False,True
745,Reactivation_Percentage_Discount_745,Percentage_Discount,31.6,78.24,2024-12-18,2025-02-16,60,Lapsed,Social,Reactivation,Unknown,0.23,2462.62,35.32,False,False,False,False,True
746,Acquisition_BOGO_746,BOGO,0.0,0.0,2025-02-15,2025-04-13,57,Medium_Value,Social,Acquisition,Unknown,0.059,1504.01,23.85,False,False,False,False,True
747,Cross_Sell_Percentage_Discount_747,Percentage_Discount,47.5,0.0,2024-11-06,2024-11-27,21,High_Value,Social,Cross_Sell,Sports,0.112,16735.19,39.37,False,False,False,False,True
748,Retention_Fixed_Amount_748,Fixed_Amount,85.28,,2024-07-24,2024-08-06,13,High_Value,SMS,Retention,Unknown,0.246,17091.67,35.39,False,False,False,False,True
749,Upsell_Percentage_Discount_749,Percentage_Discount,35.5,14.47,2025-01-17,2025-02-06,20,High_Value,Push,Upsell,Unknown,0.174,38639.13,24.34,False,False,False,False,True
750,Cross_Sell_Fixed_Amount_750,Fixed_Amount,91.66,0.0,2025-01-14,2025-01-22,8,Medium_Value,Push,Cross_Sell,Unknown,0.12,5242.84,25.46,False,False,False,False,True
751,Reactivation_BOGO_751,BOGO,0.0,34.03,2024-11-01,2024-11-15,14,Low_Value,Social,Reactivation,Home,0.082,14643.82,39.13,False,False,False,False,True
752,Retention_Fixed_Amount_752,Fixed_Amount,87.46,58.27,2025-06-17,2025-06-24,7,Low_Value,Email,Retention,Unknown,0.153,3541.84,33.55,False,False,False,False,True
753,Reactivation_Free_Shipping_753,Free_Shipping,0.0,0.0,2025-03-10,2025-04-20,41,Low_Value,Push,Reactivation,Unknown,0.237,31626.29,14.1,False,False,False,False,True
754,Retention_BOGO_754,BOGO,0.0,72.05,2025-06-13,2025-06-19,6,New_Customer,Website_Banner,Retention,Unknown,0.075,42935.69,9.15,False,False,False,False,True
755,Acquisition_Free_Shipping_755,Free_Shipping,0.0,11.37,2025-05-25,2025-07-16,52,Lapsed,Push,Acquisition,Unknown,0.162,39840.63,24.62,False,False,False,False,True
756,Acquisition_Free_Shipping_756,Free_Shipping,0.0,74.87,2024-07-31,2024-09-15,46,New_Customer,Social,Acquisition,Unknown,0.067,4512.99,34.49,False,False,False,False,True
757,Acquisition_Percentage_Discount_757,Percentage_Discount,10.6,3.3,2024-07-29,2024-08-12,14,All_Customers,SMS,Acquisition,Beauty,0.112,46502.13,37.61,False,False,False,False,True
758,Upsell_Percentage_Discount_758,Percentage_Discount,36.9,84.25,2025-06-01,2025-06-11,10,Medium_Value,Push,Upsell,Unknown,0.23,19916.34,46.99,False,False,False,False,True
759,Upsell_Fixed_Amount_759,Fixed_Amount,36.68,11.38,2025-09-12,2025-09-30,18,Lapsed,Email,Upsell,Unknown,0.182,39590.71,6.57,False,False,False,False,True
760,Retention_Free_Shipping_760,Free_Shipping,0.0,1.76,2024-11-01,2024-11-18,17,All_Customers,Website_Banner,Retention,Books,0.238,26838.53,7.28,False,False,False,False,True
761,Upsell_Percentage_Discount_761,Percentage_Discount,17.9,88.83,2024-08-13,2024-08-16,3,Lapsed,Email,Upsell,Electronics,0.247,11293.02,30.51,False,False,False,False,True
762,Upsell_BOGO_762,BOGO,0.0,0.0,2025-08-10,2025-08-15,5,Medium_Value,Social,Upsell,Unknown,0.127,44300.06,33.09,False,False,False,False,True
763,Cross_Sell_BOGO_763,BOGO,0.0,93.19,2025-04-02,2025-03-12,21,Low_Value,Email,Cross_Sell,Beauty,0.237,1393.13,38.94,True,False,False,False,False
764,Retention_Fixed_Amount_764,Fixed_Amount,71.27,57.27,2024-07-17,2024-07-27,10,New_Customer,Email,Retention,Unknown,0.077,6966.16,14.38,False,False,False,False,True
765,Acquisition_BOGO_765,BOGO,0.0,87.4,2025-08-01,2025-09-12,42,New_Customer,Push,Acquisition,Unknown,0.178,8694.93,32.43,False,False,False,False,True
766,Upsell_Free_Shipping_766,Free_Shipping,0.0,44.26,2025-05-24,2025-06-13,20,New_Customer,In_App,Upsell,Books,0.201,48948.46,16.9,False,False,False,False,True
767,Reactivation_Fixed_Amount_767,Fixed_Amount,71.13,99.56,2024-07-06,2024-08-21,46,New_Customer,Social,Reactivation,Unknown,0.127,22336.74,26.0,False,False,False,False,True
768,Cross_Sell_Fixed_Amount_768,Fixed_Amount,85.94,6.69,2024-07-07,2024-07-16,9,Low_Value,Push,Cross_Sell,Unknown,0.067,20211.74,19.33,False,False,False,False,True
769,Cross_Sell_Percentage_Discount_769,Percentage_Discount,11.8,48.37,2024-10-28,2024-11-11,14,All_Customers,Website_Banner,Cross_Sell,Unknown,0.224,20604.74,34.46,False,False,False,False,True
770,Acquisition_Free_Shipping_770,Free_Shipping,0.0,0.0,2024-10-08,2024-08-22,47,New_Customer,Push,Acquisition,Beauty,0.062,24729.36,23.87,True,False,False,False,False
771,Reactivation_BOGO_771,BOGO,0.0,,2025-01-27,2025-03-19,51,Medium_Value,Website_Banner,Reactivation,Unknown,0.182,40517.01,44.24,False,False,False,False,True
772,Cross_Sell_Percentage_Discount_772,Percentage_Discount,14.2,33.5,2024-10-01,2024-09-15,16,All_Customers,Social,Cross_Sell,Clothing,0.119,42370.91,15.17,True,False,False,False,False
773,Cross_Sell_Free_Shipping_773,Free_Shipping,0.0,4.75,2025-01-28,2025-01-31,3,Lapsed,Push,Cross_Sell,Clothing,0.147,8743.01,43.92,False,False,False,False,True
774,Cross_Sell_Percentage_Discount_774,Percentage_Discount,19.8,25.17,2025-02-08,2025-02-18,10,High_Value,SMS,Cross_Sell,Unknown,0.133,28226.61,9.21,False,False,False,False,True
775,Reactivation_Percentage_Discount_775,Percentage_Discount,31.2,87.97,2024-11-08,2024-12-11,33,Low_Value,Push,Reactivation,Clothing,0.083,40860.38,22.28,False,False,False,False,True
776,Retention_Percentage_Discount_776,Percentage_Discount,6.4,59.59,2025-08-15,2025-08-27,12,Medium_Value,Website_Banner,Retention,Books,0.181,12619.89,24.35,False,False,False,False,True
777,Cross_Sell_Fixed_Amount_777,Fixed_Amount,95.02,4.7,2024-08-01,2024-08-07,6,Lapsed,SMS,Cross_Sell,Unknown,0.221,3287.97,47.58,False,False,False,False,True
778,Reactivation_Free_Shipping_778,Free_Shipping,0.0,33.94,2025-05-21,2025-06-05,15,Medium_Value,Push,Reactivation,Unknown,0.081,26860.06,9.32,False,False,False,False,True
779,Upsell_Fixed_Amount_779,Fixed_Amount,89.02,25.13,2025-01-20,2025-01-30,10,Lapsed,Social,Upsell,Unknown,0.141,27043.93,6.59,False,False,False,False,True
780,Reactivation_Percentage_Discount_780,Percentage_Discount,10.1,90.53,2024-12-28,2025-02-02,36,Lapsed,SMS,Reactivation,Unknown,0.235,28370.49,8.98,False,False,False,False,True
781,Acquisition_Free_Shipping_781,Free_Shipping,0.0,47.55,2025-03-29,2025-05-11,43,Low_Value,In_App,Acquisition,Unknown,0.126,11120.92,35.46,False,False,False,False,True
782,Cross_Sell_Fixed_Amount_782,Fixed_Amount,30.74,99.41,2025-03-12,2025-04-02,21,High_Value,Push,Cross_Sell,Unknown,0.124,23448.9,18.34,False,False,False,False,True
783,Upsell_BOGO_783,BOGO,0.0,40.23,2024-08-05,2024-08-13,8,Low_Value,In_App,Upsell,Sports,0.204,5533.75,7.38,False,False,False,False,True
784,Cross_Sell_Free_Shipping_784,Free_Shipping,0.0,0.0,2025-03-06,2025-03-13,7,All_Customers,Website_Banner,Cross_Sell,Unknown,0.15,43890.93,12.04,False,False,False,False,True
785,Acquisition_Percentage_Discount_785,Percentage_Discount,29.3,55.61,2025-07-18,2025-08-22,35,New_Customer,In_App,Acquisition,Unknown,0.239,37852.95,7.8,False,False,False,False,True
786,Cross_Sell_BOGO_786,BOGO,0.0,10.53,2025-07-27,2025-08-16,20,Medium_Value,Social,Cross_Sell,Unknown,0.233,17450.29,39.62,False,False,False,False,True
787,Acquisition_Percentage_Discount_787,Percentage_Discount,33.7,0.0,2024-11-09,2024-12-12,33,New_Customer,Email,Acquisition,Unknown,0.231,46580.77,36.67,False,False,False,False,True
788,Cross_Sell_Percentage_Discount_788,Percentage_Discount,33.4,85.17,2024-12-21,2024-12-25,4,Lapsed,In_App,Cross_Sell,Home,0.063,15325.5,7.43,False,False,False,False,True
789,Retention_Free_Shipping_789,Free_Shipping,0.0,59.34,2025-07-03,2025-07-20,17,Low_Value,In_App,Retention,Sports,0.217,4097.02,36.87,False,False,False,False,True
790,Upsell_BOGO_790,BOGO,0.0,42.3,2024-07-19,2024-07-30,11,New_Customer,Social,Upsell,Home,0.057,7832.1,49.16,False,False,False,False,True
791,Cross_Sell_Percentage_Discount_791,Percentage_Discount,22.1,62.75,2025-04-27,2025-05-03,6,High_Value,Social,Cross_Sell,Unknown,0.066,4540.85,43.33,False,False,False,False,True
792,Acquisition_Free_Shipping_792,Free_Shipping,0.0,8.2,2025-01-07,2025-03-03,55,Low_Value,Social,Acquisition,Unknown,0.077,17499.75,48.2,False,False,False,False,True
793,Upsell_Fixed_Amount_793,Fixed_Amount,43.58,64.18,2025-05-11,2025-05-31,20,New_Customer,Social,Upsell,Electronics,0.191,32925.52,44.19,False,False,False,False,True
794,Acquisition_Fixed_Amount_794,Fixed_Amount,97.85,33.43,2024-10-28,2024-12-19,52,New_Customer,Push,Acquisition,Unknown,0.13,2792.61,47.35,False,False,False,False,True
795,Reactivation_Fixed_Amount_795,Fixed_Amount,73.57,86.48,2025-02-10,2025-03-21,39,Low_Value,In_App,Reactivation,Unknown,0.116,5132.6,42.37,False,False,False,False,True
796,Retention_Percentage_Discount_796,Percentage_Discount,33.9,0.0,2025-01-07,2025-01-17,10,High_Value,Social,Retention,Unknown,0.168,28621.14,43.44,False,False,False,False,True
797,Acquisition_BOGO_797,BOGO,0.0,0.0,2025-01-31,2025-03-06,34,Low_Value,Push,Acquisition,Beauty,0.052,2484.04,42.49,False,False,False,False,True
798,Retention_BOGO_798,BOGO,0.0,5.77,2025-01-10,2025-01-30,20,Lapsed,Push,Retention,Home,0.168,2864.84,29.96,False,False,False,False,True
799,Cross_Sell_BOGO_799,BOGO,0.0,66.46,2025-07-13,2025-07-20,7,All_Customers,SMS,Cross_Sell,Unknown,0.233,27591.46,48.3,False,False,False,False,True
800,Upsell_Free_Shipping_800,Free_Shipping,0.0,22.77,2025-01-05,2025-01-21,16,Medium_Value,SMS,Upsell,Unknown,0.055,37651.49,17.67,False,False,False,False,True
801,Upsell_Percentage_Discount_801,Percentage_Discount,24.1,0.0,2025-06-29,2025-07-02,3,New_Customer,Push,Upsell,Beauty,0.205,45783.29,25.5,False,False,False,False,True
802,Upsell_BOGO_802,BOGO,0.0,22.37,2024-08-31,2024-09-12,12,Lapsed,SMS,Upsell,Unknown,0.094,26407.67,40.91,False,False,False,False,True
803,Reactivation_Percentage_Discount_803,Percentage_Discount,41.7,0.0,2024-08-22,2024-10-12,51,Low_Value,Social,Reactivation,Unknown,0.068,11977.12,36.32,False,False,False,False,True
804,Acquisition_Free_Shipping_804,Free_Shipping,0.0,13.67,2024-11-04,2024-12-19,45,Low_Value,Push,Acquisition,Unknown,0.241,40613.32,19.78,False,False,False,False,True
805,Reactivation_BOGO_805,BOGO,0.0,44.19,2025-05-07,2025-06-20,44,High_Value,SMS,Reactivation,Unknown,0.23,11350.65,32.72,False,False,False,False,True
806,Retention_Free_Shipping_806,Free_Shipping,0.0,38.26,2025-01-30,2025-02-06,7,Lapsed,Social,Retention,Unknown,0.124,33048.71,34.87,False,False,False,False,True
807,Reactivation_Fixed_Amount_807,Fixed_Amount,81.22,12.93,2025-06-30,2025-08-03,34,High_Value,In_App,Reactivation,Clothing,0.161,15229.18,42.61,False,False,False,False,True
808,Upsell_Percentage_Discount_808,Percentage_Discount,23.2,0.0,2024-09-30,2024-10-04,4,High_Value,Email,Upsell,Home,0.054,17366.61,24.1,False,False,False,False,True
809,Retention_Fixed_Amount_809,Fixed_Amount,41.64,63.15,2025-06-02,2025-06-12,10,High_Value,In_App,Retention,Home,0.217,12578.55,11.38,False,False,False,False,True
810,Retention_BOGO_810,BOGO,0.0,27.15,2025-01-21,2025-02-06,16,High_Value,In_App,Retention,Unknown,0.104,37348.77,22.59,False,False,False,False,True
811,Retention_BOGO_811,BOGO,0.0,14.62,2024-09-16,2024-10-06,20,Low_Value,Website_Banner,Retention,Books,0.149,6493.65,6.0,False,False,False,False,True
812,Upsell_Fixed_Amount_812,Fixed_Amount,95.13,29.35,2025-09-18,2025-09-29,11,New_Customer,Push,Upsell,Unknown,0.146,36219.65,12.77,False,False,False,False,True
813,Upsell_Percentage_Discount_813,Percentage_Discount,30.7,1.74,2025-05-19,2025-06-06,18,All_Customers,Social,Upsell,Books,0.16,45818.61,10.73,False,False,False,False,True
814,Acquisition_BOGO_814,BOGO,0.0,0.0,2025-01-11,2025-01-28,17,All_Customers,Social,Acquisition,Unknown,0.081,39626.2,34.9,False,False,False,False,True
815,Retention_Percentage_Discount_815,Percentage_Discount,7.6,17.02,2025-01-25,2025-02-07,13,Low_Value,SMS,Retention,Unknown,0.068,10606.41,29.81,False,False,False,False,True
816,Acquisition_BOGO_816,BOGO,0.0,21.26,2024-08-11,2024-08-27,16,All_Customers,Website_Banner,Acquisition,Unknown,0.154,23084.25,23.84,False,False,False,False,True
817,Upsell_BOGO_817,BOGO,0.0,0.0,2025-08-15,2025-08-20,5,All_Customers,SMS,Upsell,Electronics,0.091,14580.5,48.79,False,False,False,False,True
818,Reactivation_BOGO_818,BOGO,0.0,92.48,2024-09-15,2024-10-19,34,Medium_Value,Social,Reactivation,Unknown,0.104,47071.68,45.35,False,False,False,False,True
819,Reactivation_Percentage_Discount_819,Percentage_Discount,6.2,13.07,2024-07-07,2024-08-11,35,Lapsed,Social,Reactivation,Unknown,0.231,26666.1,12.31,False,False,False,False,True
820,Upsell_Percentage_Discount_820,Percentage_Discount,16.3,7.09,2024-11-07,2024-11-18,11,High_Value,In_App,Upsell,Clothing,0.161,49308.22,11.66,False,False,False,False,True
821,Upsell_BOGO_821,BOGO,0.0,0.13,2024-11-06,2024-11-23,17,Low_Value,Social,Upsell,Beauty,0.154,8697.45,29.27,False,False,False,False,True
822,Cross_Sell_BOGO_822,BOGO,0.0,72.32,2025-04-01,2025-04-10,9,New_Customer,Email,Cross_Sell,Electronics,0.166,35528.06,10.99,False,False,False,False,True
823,Upsell_Free_Shipping_823,Free_Shipping,0.0,34.34,2025-01-26,2025-02-10,15,High_Value,SMS,Upsell,Clothing,0.217,28556.95,42.32,False,False,False,False,True
824,Reactivation_Free_Shipping_824,Free_Shipping,0.0,99.32,2024-07-29,2024-08-23,25,New_Customer,Social,Reactivation,Unknown,0.2,1900.84,10.92,False,False,False,False,True
825,Reactivation_Percentage_Discount_825,Percentage_Discount,36.5,42.54,2024-10-10,2024-11-29,50,All_Customers,SMS,Reactivation,Electronics,0.109,11609.32,37.52,False,False,False,False,True
826,Retention_Free_Shipping_826,Free_Shipping,0.0,6.0,2025-01-05,2025-01-20,15,All_Customers,SMS,Retention,Beauty,0.183,17677.52,33.28,False,False,False,False,True
827,Cross_Sell_Fixed_Amount_827,Fixed_Amount,37.27,18.7,2025-04-18,2025-04-29,11,Lapsed,Push,Cross_Sell,Sports,0.1,16051.83,7.72,False,False,False,False,True
828,Acquisition_Percentage_Discount_828,Percentage_Discount,8.2,0.0,2025-01-10,2025-03-08,57,Low_Value,Email,Acquisition,Unknown,0.114,23506.76,25.8,False,False,False,False,True
829,Retention_Fixed_Amount_829,Fixed_Amount,90.99,56.62,2025-03-25,2025-03-29,4,New_Customer,In_App,Retention,Books,0.16,44025.19,40.56,False,False,False,False,True
830,Retention_Percentage_Discount_830,Percentage_Discount,35.1,37.05,2025-06-11,2025-06-23,12,High_Value,SMS,Retention,Unknown,0.12,49933.29,8.36,False,False,False,False,True
831,Upsell_Percentage_Discount_831,Percentage_Discount,16.9,37.55,2025-06-01,2025-06-20,19,High_Value,Social,Upsell,Unknown,0.173,46402.45,30.82,False,False,False,False,True
832,Upsell_Fixed_Amount_832,Fixed_Amount,82.66,1.25,2024-10-02,2024-10-23,21,Low_Value,Website_Banner,Upsell,Electronics,0.132,35906.23,48.93,False,False,False,False,True
833,Upsell_BOGO_833,BOGO,0.0,0.0,2025-01-23,2025-02-07,15,All_Customers,Website_Banner,Upsell,Unknown,0.194,3723.17,32.54,False,False,False,False,True
834,Acquisition_Fixed_Amount_834,Fixed_Amount,98.17,0.0,2025-01-28,2025-03-17,48,New_Customer,Social,Acquisition,Unknown,0.146,34222.25,8.66,False,False,False,False,True
835,Acquisition_BOGO_835,BOGO,0.0,11.85,2024-10-09,2024-11-03,25,All_Customers,Website_Banner,Acquisition,Electronics,0.227,27030.64,10.11,False,False,False,False,True
836,Reactivation_Fixed_Amount_836,Fixed_Amount,75.69,73.66,2025-07-10,2025-05-16,55,New_Customer,Push,Reactivation,Beauty,0.212,26745.93,28.37,True,False,False,False,False
837,Upsell_Free_Shipping_837,Free_Shipping,0.0,0.0,2024-12-20,2025-01-07,18,High_Value,SMS,Upsell,Sports,0.139,16216.39,26.68,False,False,False,False,True
838,Retention_Free_Shipping_838,Free_Shipping,0.0,71.68,2025-02-21,2025-03-05,12,All_Customers,Social,Retention,Home,0.141,2093.27,44.0,False,False,False,False,True
839,Cross_Sell_Free_Shipping_839,Free_Shipping,0.0,0.0,2025-06-22,2025-07-06,14,Lapsed,Social,Cross_Sell,Unknown,0.101,26600.22,18.62,False,False,False,False,True
840,Retention_BOGO_840,BOGO,0.0,49.2,2024-10-11,2024-10-16,5,Low_Value,In_App,Retention,Unknown,0.055,46232.81,31.68,False,False,False,False,True
841,Acquisition_Free_Shipping_841,Free_Shipping,0.0,69.74,2025-07-29,2025-08-29,31,Lapsed,Push,Acquisition,Books,0.054,2849.77,12.63,False,False,False,False,True
842,Retention_Free_Shipping_842,Free_Shipping,0.0,0.0,2025-06-19,2025-06-25,6,Lapsed,In_App,Retention,Unknown,0.192,29425.14,6.5,False,False,False,False,True
843,Upsell_Percentage_Discount_843,Percentage_Discount,47.3,0.0,2025-02-28,2025-03-14,14,High_Value,SMS,Upsell,Unknown,0.176,9748.06,36.19,False,False,False,False,True
844,Acquisition_BOGO_844,BOGO,0.0,92.85,2025-04-21,2025-06-09,49,High_Value,Social,Acquisition,Unknown,0.177,46825.38,25.59,False,False,False,False,True
845,Retention_Fixed_Amount_845,Fixed_Amount,18.57,0.0,2025-04-10,2025-04-16,6,Medium_Value,Website_Banner,Retention,Unknown,0.073,15185.65,45.51,False,False,False,False,True
846,Acquisition_BOGO_846,BOGO,0.0,0.0,2024-08-28,2024-10-13,46,New_Customer,SMS,Acquisition,Unknown,0.057,31965.73,39.91,False,False,False,False,True
847,Upsell_Fixed_Amount_847,Fixed_Amount,55.15,68.46,2024-12-18,2024-12-26,8,Low_Value,Push,Upsell,Unknown,0.088,31522.45,47.02,False,False,False,False,True
848,Retention_BOGO_848,BOGO,0.0,,2025-06-30,2025-07-04,4,Lapsed,Website_Banner,Retention,Unknown,0.142,29146.54,15.24,False,False,False,False,True
849,Cross_Sell_Fixed_Amount_849,Fixed_Amount,22.23,3.62,2025-09-07,2025-09-28,21,High_Value,Email,Cross_Sell,Home,0.071,37184.23,44.78,False,False,False,False,True
850,Acquisition_Fixed_Amount_850,Fixed_Amount,37.99,78.47,2024-12-10,2024-12-26,16,Low_Value,Social,Acquisition,Unknown,0.064,11513.64,18.2,False,False,False,False,True
851,Retention_Free_Shipping_851,Free_Shipping,0.0,31.43,2024-08-20,2024-09-01,12,New_Customer,SMS,Retention,Home,0.085,23873.0,17.45,False,False,False,False,True
852,Retention_Fixed_Amount_852,Fixed_Amount,73.96,82.29,2025-04-18,2025-05-09,21,All_Customers,In_App,Retention,Unknown,0.065,29524.32,48.29,False,False,False,False,True
853,Upsell_Fixed_Amount_853,Fixed_Amount,41.87,0.0,2024-11-14,2024-12-04,20,Lapsed,Website_Banner,Upsell,Unknown,0.182,42521.77,14.27,False,False,False,False,True
854,Reactivation_Free_Shipping_854,Free_Shipping,0.0,96.38,2024-07-12,2024-08-18,37,Low_Value,SMS,Reactivation,Unknown,0.169,16658.74,7.55,False,False,False,False,True
855,Upsell_Percentage_Discount_855,Percentage_Discount,21.2,3.38,2025-03-27,2025-03-31,4,High_Value,Social,Upsell,Unknown,0.098,24520.95,27.3,False,False,False,False,True
856,Reactivation_BOGO_856,BOGO,0.0,,2025-07-08,2025-08-11,34,New_Customer,In_App,Reactivation,Beauty,0.202,23046.69,6.84,False,False,False,False,True
857,Reactivation_Fixed_Amount_857,Fixed_Amount,24.26,0.0,2024-08-06,2024-09-07,32,New_Customer,SMS,Reactivation,Books,0.199,49453.44,12.91,False,False,False,False,True
858,Cross_Sell_Percentage_Discount_858,Percentage_Discount,16.9,94.23,2024-09-29,2024-10-14,15,New_Customer,Push,Cross_Sell,Unknown,0.064,37850.67,10.55,False,False,False,False,True
859,Cross_Sell_Fixed_Amount_859,Fixed_Amount,47.74,28.87,2024-08-23,2024-09-09,17,Low_Value,Website_Banner,Cross_Sell,Books,0.205,22513.37,5.5,False,False,False,False,True
860,Cross_Sell_Fixed_Amount_860,Fixed_Amount,79.12,0.0,2025-08-12,2025-08-15,3,Low_Value,SMS,Cross_Sell,Electronics,0.197,5968.51,34.61,False,False,False,False,True
861,Acquisition_Fixed_Amount_861,Fixed_Amount,79.58,25.22,2025-04-02,2025-04-29,27,All_Customers,Social,Acquisition,Electronics,0.114,14775.47,46.15,False,False,False,False,True
862,Cross_Sell_Free_Shipping_862,Free_Shipping,0.0,68.73,2024-08-09,2024-08-29,20,Low_Value,Website_Banner,Cross_Sell,Home,0.07,33214.14,12.59,False,False,False,False,True
863,Acquisition_Fixed_Amount_863,Fixed_Amount,88.37,44.54,2024-08-29,2024-10-11,43,Low_Value,Push,Acquisition,Unknown,0.06,2491.67,23.69,False,False,False,False,True
864,Upsell_Percentage_Discount_864,Percentage_Discount,10.1,78.47,2025-05-15,2025-05-29,14,Low_Value,Website_Banner,Upsell,Unknown,0.175,42464.49,17.63,False,False,False,False,True
865,Reactivation_Fixed_Amount_865,Fixed_Amount,12.38,2.33,2024-10-01,2024-10-17,16,Lapsed,SMS,Reactivation,Home,0.206,38931.71,5.16,False,False,False,False,True
866,Upsell_BOGO_866,BOGO,0.0,0.0,2025-08-06,2025-08-21,15,Medium_Value,Push,Upsell,Books,0.12,43417.51,8.71,False,False,False,False,True
867,Cross_Sell_Free_Shipping_867,Free_Shipping,0.0,12.37,2025-04-07,2025-04-13,6,Lapsed,Social,Cross_Sell,Sports,0.205,31693.26,41.75,False,False,False,False,True
868,Reactivation_Free_Shipping_868,Free_Shipping,0.0,0.0,2024-08-03,2024-09-12,40,New_Customer,Push,Reactivation,Unknown,0.091,48509.33,48.74,False,False,False,False,True
869,Acquisition_Free_Shipping_869,Free_Shipping,0.0,0.0,2024-08-13,2024-09-02,20,High_Value,Social,Acquisition,Unknown,0.14,23700.79,29.49,False,False,False,False,True
870,Retention_Free_Shipping_870,Free_Shipping,0.0,93.34,2025-09-08,2025-09-11,3,Low_Value,Social,Retention,Sports,0.064,17761.29,6.45,False,False,False,False,True
871,Acquisition_Fixed_Amount_871,Fixed_Amount,36.19,87.24,2024-08-17,2024-09-22,36,Medium_Value,Push,Acquisition,Sports,0.169,3137.31,18.89,False,False,False,False,True
872,Upsell_BOGO_872,BOGO,0.0,0.0,2024-07-24,2024-08-04,11,Low_Value,Email,Upsell,Sports,0.172,45986.74,25.34,False,False,False,False,True
873,Retention_Percentage_Discount_873,Percentage_Discount,23.4,20.64,2025-06-15,2025-06-18,3,High_Value,Website_Banner,Retention,Unknown,0.165,13078.49,24.11,False,False,False,False,True
874,Acquisition_BOGO_874,BOGO,0.0,0.0,2024-12-08,2025-01-18,41,Low_Value,Push,Acquisition,Clothing,0.116,20499.09,36.41,False,False,False,False,True
875,Reactivation_Fixed_Amount_875,Fixed_Amount,75.59,88.78,2024-11-08,2024-12-21,43,New_Customer,Social,Reactivation,Unknown,0.128,49961.54,44.24,False,False,False,False,True
876,Cross_Sell_Percentage_Discount_876,Percentage_Discount,46.0,46.46,2025-06-17,2025-07-07,20,High_Value,In_App,Cross_Sell,Electronics,0.15,16306.74,29.15,False,False,False,False,True
877,Retention_BOGO_877,BOGO,0.0,0.0,2024-07-23,2024-07-10,13,Medium_Value,In_App,Retention,Unknown,0.178,3349.06,22.54,True,False,False,False,False
878,Reactivation_Percentage_Discount_878,Percentage_Discount,48.9,0.0,2025-04-09,2025-05-15,36,Lapsed,In_App,Reactivation,Beauty,0.068,23587.56,43.48,False,False,False,False,True
879,Reactivation_Percentage_Discount_879,Percentage_Discount,13.7,24.17,2024-10-14,2024-11-08,25,High_Value,Website_Banner,Reactivation,Electronics,0.149,41272.84,46.16,False,False,False,False,True
880,Upsell_Fixed_Amount_880,Fixed_Amount,43.96,20.23,2025-07-31,2025-08-08,8,Medium_Value,Website_Banner,Upsell,Unknown,0.088,46786.18,21.47,False,False,False,False,True
881,Retention_BOGO_881,BOGO,0.0,7.75,2025-01-27,2025-02-10,14,Low_Value,Website_Banner,Retention,Sports,0.096,32921.14,41.91,False,False,False,False,True
882,Cross_Sell_Percentage_Discount_882,Percentage_Discount,32.6,7.75,2024-12-01,2024-12-16,15,New_Customer,Email,Cross_Sell,Sports,0.158,5504.87,26.83,False,False,False,False,True
883,Reactivation_BOGO_883,BOGO,0.0,21.92,2025-06-01,2025-06-16,15,Medium_Value,Social,Reactivation,Unknown,0.123,20792.35,43.5,False,False,False,False,True
884,Acquisition_Free_Shipping_884,Free_Shipping,0.0,56.51,2025-07-05,2025-07-31,26,Medium_Value,Push,Acquisition,Unknown,0.118,40681.14,25.28,False,False,False,False,True
885,Reactivation_Fixed_Amount_885,Fixed_Amount,58.45,0.0,2025-07-15,2025-08-25,41,Low_Value,Push,Reactivation,Unknown,0.233,35738.64,35.13,False,False,False,False,True
886,Acquisition_Percentage_Discount_886,Percentage_Discount,15.4,31.94,2025-08-07,2025-09-29,53,High_Value,In_App,Acquisition,Unknown,0.147,1368.33,19.14,False,False,False,False,True
887,Upsell_Percentage_Discount_887,Percentage_Discount,7.6,7.17,2024-10-12,2024-10-31,19,Medium_Value,In_App,Upsell,Unknown,0.221,5686.22,21.43,False,False,False,False,True
888,Cross_Sell_Percentage_Discount_888,Percentage_Discount,32.5,13.46,2024-09-08,2024-09-17,9,Medium_Value,Push,Cross_Sell,Unknown,0.08,10744.84,23.52,False,False,False,False,True
889,Reactivation_Free_Shipping_889,Free_Shipping,0.0,44.97,2025-05-13,2025-06-17,35,Low_Value,Email,Reactivation,Unknown,0.087,3921.58,30.92,False,False,False,False,True
890,Upsell_Fixed_Amount_890,Fixed_Amount,97.54,,2024-09-30,2024-10-03,3,New_Customer,Website_Banner,Upsell,Home,0.197,39044.04,31.21,False,False,False,False,True
891,Retention_BOGO_891,BOGO,0.0,78.82,2024-11-21,2024-11-25,4,All_Customers,Social,Retention,Books,0.193,2459.51,43.75,False,False,False,False,True
892,Retention_Percentage_Discount_892,Percentage_Discount,46.3,89.67,2025-05-11,2025-05-28,17,Medium_Value,Email,Retention,Unknown,0.24,46354.09,45.16,False,False,False,False,True
893,Retention_Fixed_Amount_893,Fixed_Amount,76.56,,2025-08-21,2025-09-01,11,Lapsed,In_App,Retention,Electronics,0.152,27470.24,36.97,False,False,False,False,True
894,Cross_Sell_Percentage_Discount_894,Percentage_Discount,36.8,28.79,2025-04-17,2025-04-25,8,Lapsed,SMS,Cross_Sell,Clothing,0.136,2094.46,16.89,False,False,False,False,True
895,Reactivation_Free_Shipping_895,Free_Shipping,0.0,0.0,2025-08-09,2025-09-12,34,New_Customer,Email,Reactivation,Unknown,0.119,26194.48,47.09,False,False,False,False,True
896,Retention_Fixed_Amount_896,Fixed_Amount,95.77,17.65,2025-02-26,2025-03-05,7,Lapsed,In_App,Retention,Beauty,0.058,33363.22,37.23,False,False,False,False,True
897,Retention_BOGO_897,BOGO,0.0,32.21,2024-12-25,2025-01-04,10,New_Customer,Push,Retention,Unknown,0.138,13497.11,28.49,False,False,False,False,True
898,Cross_Sell_Percentage_Discount_898,Percentage_Discount,47.6,0.0,2024-07-24,2024-08-03,10,Medium_Value,Push,Cross_Sell,Sports,0.146,2913.32,28.82,False,False,False,False,True
899,Cross_Sell_BOGO_899,BOGO,0.0,,2025-04-11,2025-04-30,19,New_Customer,Website_Banner,Cross_Sell,Unknown,0.241,37778.16,15.19,False,False,False,False,True
900,Retention_Percentage_Discount_900,Percentage_Discount,46.9,20.12,2024-07-31,2024-08-10,10,All_Customers,Push,Retention,Unknown,0.234,1420.26,38.92,False,False,False,False,True
901,Acquisition_BOGO_901,BOGO,0.0,0.0,2025-08-02,2025-08-27,25,Low_Value,SMS,Acquisition,Clothing,0.157,10233.34,16.39,False,False,False,False,True
902,Acquisition_BOGO_902,BOGO,0.0,67.71,2024-09-10,2024-08-13,28,All_Customers,Email,Acquisition,Unknown,0.206,43087.9,40.17,True,False,False,False,False
903,Upsell_Fixed_Amount_903,Fixed_Amount,49.76,74.75,2024-08-03,2024-08-21,18,Lapsed,SMS,Upsell,Unknown,0.149,42165.4,30.65,False,False,False,False,True
904,Reactivation_BOGO_904,BOGO,0.0,54.22,2024-10-27,2024-12-12,46,Low_Value,Push,Reactivation,Electronics,0.247,13763.87,7.28,False,False,False,False,True
905,Cross_Sell_BOGO_905,BOGO,0.0,54.86,2025-05-02,2025-05-10,8,Low_Value,In_App,Cross_Sell,Unknown,0.204,41405.86,45.71,False,False,False,False,True
906,Upsell_BOGO_906,BOGO,0.0,98.01,2025-04-24,2025-05-12,18,Low_Value,In_App,Upsell,Unknown,0.217,9796.31,27.7,False,False,False,False,True
907,Upsell_Fixed_Amount_907,Fixed_Amount,78.73,51.33,2024-08-28,2024-09-02,5,High_Value,SMS,Upsell,Unknown,0.147,9474.41,46.16,False,False,False,False,True
908,Reactivation_Free_Shipping_908,Free_Shipping,0.0,0.0,2025-08-26,2025-10-01,36,Medium_Value,Website_Banner,Reactivation,Beauty,0.066,12285.51,18.33,False,False,False,False,True
909,Cross_Sell_Free_Shipping_909,Free_Shipping,0.0,2.84,2025-07-15,2025-07-20,5,Low_Value,SMS,Cross_Sell,Unknown,0.132,26411.42,25.23,False,False,False,False,True
910,Retention_Free_Shipping_910,Free_Shipping,0.0,26.59,2025-05-16,2025-05-29,13,All_Customers,Email,Retention,Clothing,0.167,29414.25,21.7,False,False,False,False,True
911,Retention_Free_Shipping_911,Free_Shipping,0.0,78.48,2025-01-02,2025-01-08,6,Low_Value,Push,Retention,Unknown,0.167,29166.67,25.48,False,False,False,False,True
912,Cross_Sell_Free_Shipping_912,Free_Shipping,0.0,0.0,2025-07-27,2025-08-05,9,New_Customer,Website_Banner,Cross_Sell,Clothing,0.126,10662.99,16.5,False,False,False,False,True
913,Reactivation_BOGO_913,BOGO,0.0,0.0,2024-07-21,2024-08-24,34,Medium_Value,Push,Reactivation,Unknown,0.098,41122.1,22.82,False,False,False,False,True
914,Acquisition_Percentage_Discount_914,Percentage_Discount,16.5,0.0,2025-01-26,2025-02-11,16,High_Value,Push,Acquisition,Sports,0.142,30739.26,40.47,False,False,False,False,True
915,Upsell_BOGO_915,BOGO,0.0,0.0,2024-11-02,2024-11-11,9,Low_Value,Social,Upsell,Unknown,0.108,49888.54,5.75,False,False,False,False,True
916,Reactivation_Fixed_Amount_916,Fixed_Amount,18.43,0.0,2025-05-16,2025-06-13,28,Medium_Value,In_App,Reactivation,Unknown,0.15,11532.65,14.8,False,False,False,False,True
917,Acquisition_BOGO_917,BOGO,0.0,94.13,2024-12-12,2025-02-01,51,Medium_Value,SMS,Acquisition,Unknown,0.176,22204.84,28.81,False,False,False,False,True
918,Acquisition_BOGO_918,BOGO,0.0,82.8,2025-05-26,2025-06-13,18,High_Value,SMS,Acquisition,Unknown,0.108,46312.55,39.51,False,False,False,False,True
919,Retention_BOGO_919,BOGO,0.0,23.06,2024-09-01,2024-09-07,6,Lapsed,Push,Retention,Unknown,0.096,17840.35,16.53,False,False,False,False,True
920,Retention_Free_Shipping_920,Free_Shipping,0.0,0.0,2025-08-03,2025-08-12,9,Medium_Value,Email,Retention,Electronics,0.175,39961.47,21.51,False,False,False,False,True
921,Acquisition_BOGO_921,BOGO,0.0,,2025-04-03,2025-04-19,16,Low_Value,Email,Acquisition,Electronics,0.238,22792.9,38.34,False,False,False,False,True
922,Upsell_BOGO_922,BOGO,0.0,,2025-07-31,2025-08-12,12,Low_Value,SMS,Upsell,Beauty,0.167,17597.81,41.64,False,False,False,False,True
923,Reactivation_BOGO_923,BOGO,0.0,41.63,2025-07-20,2025-09-06,48,Low_Value,SMS,Reactivation,Electronics,0.078,41624.89,5.81,False,False,False,False,True
924,Retention_Free_Shipping_924,Free_Shipping,0.0,83.38,2025-05-10,2025-05-24,14,Medium_Value,In_App,Retention,Sports,0.053,32675.59,26.17,False,False,False,False,True
925,Acquisition_Percentage_Discount_925,Percentage_Discount,46.0,6.99,2025-07-19,2025-08-26,38,Low_Value,Social,Acquisition,Unknown,0.109,38843.74,30.86,False,False,False,False,True
926,Acquisition_Free_Shipping_926,Free_Shipping,0.0,49.02,2025-05-31,2025-07-04,34,Low_Value,Push,Acquisition,Unknown,0.077,39077.59,32.96,False,False,False,False,True
927,Upsell_Fixed_Amount_927,Fixed_Amount,84.34,27.64,2025-04-30,2025-05-05,5,All_Customers,SMS,Upsell,Unknown,0.127,37868.77,39.86,False,False,False,False,True
928,Cross_Sell_BOGO_928,BOGO,0.0,0.0,2024-11-20,2024-11-30,10,Low_Value,Social,Cross_Sell,Unknown,0.187,23879.45,14.57,False,False,False,False,True
929,Cross_Sell_Free_Shipping_929,Free_Shipping,,66.24,2024-07-09,2024-07-27,18,New_Customer,Social,Cross_Sell,Unknown,0.2,21682.74,22.43,False,True,False,False,True
930,Cross_Sell_BOGO_930,BOGO,0.0,0.0,2025-06-06,2025-06-22,16,New_Customer,In_App,Cross_Sell,Books,0.135,45628.77,18.92,False,False,False,False,True
931,Retention_Free_Shipping_931,Free_Shipping,0.0,88.41,2025-09-26,2025-10-01,5,High_Value,Push,Retention,Electronics,0.131,39954.97,18.47,False,False,False,False,True
932,Cross_Sell_Percentage_Discount_932,Percentage_Discount,21.8,93.15,2025-04-08,2025-04-12,4,All_Customers,In_App,Cross_Sell,Home,0.064,4295.85,26.75,False,False,False,False,True
933,Cross_Sell_Percentage_Discount_933,Percentage_Discount,10.0,0.0,2025-06-18,2025-06-24,6,New_Customer,Email,Cross_Sell,Beauty,0.066,9284.81,26.41,False,False,False,False,True
934,Retention_Free_Shipping_934,Free_Shipping,0.0,,2025-07-25,2025-08-08,14,Lapsed,Email,Retention,Unknown,0.146,43271.62,30.7,False,False,False,False,True
935,Reactivation_BOGO_935,BOGO,0.0,0.0,2025-02-17,2025-04-05,47,New_Customer,Social,Reactivation,Beauty,0.097,20536.14,28.22,False,False,False,False,True
936,Reactivation_Fixed_Amount_936,Fixed_Amount,72.46,29.98,2024-08-29,2024-10-04,36,Lapsed,Push,Reactivation,Books,0.115,40824.5,48.49,False,False,False,False,True
937,Reactivation_BOGO_937,BOGO,0.0,,2024-09-21,2024-10-30,39,Lapsed,SMS,Reactivation,Beauty,0.245,11445.67,46.06,False,False,False,False,True
938,Cross_Sell_BOGO_938,BOGO,0.0,67.72,2025-01-06,2025-01-22,16,New_Customer,Email,Cross_Sell,Unknown,0.07,44606.44,38.58,False,False,False,False,True
939,Upsell_BOGO_939,BOGO,0.0,81.56,2025-07-30,2025-08-07,8,All_Customers,Email,Upsell,Unknown,0.085,11632.57,46.41,False,False,False,False,True
940,Retention_Fixed_Amount_940,Fixed_Amount,76.73,33.94,2025-09-08,2025-09-15,7,High_Value,SMS,Retention,Beauty,0.095,34050.83,46.7,False,False,False,False,True
941,Upsell_Free_Shipping_941,Free_Shipping,0.0,87.38,2025-08-12,2025-08-25,13,New_Customer,Social,Upsell,Unknown,0.246,11533.93,47.47,False,False,False,False,True
942,Retention_Fixed_Amount_942,Fixed_Amount,99.26,8.91,2025-01-31,2025-02-08,8,New_Customer,Push,Retention,Sports,0.237,16588.66,40.48,False,False,False,False,True
943,Reactivation_Free_Shipping_943,Free_Shipping,0.0,0.0,2024-08-08,2024-09-05,28,Lapsed,Push,Reactivation,Home,0.196,43496.07,25.15,False,False,False,False,True
944,Retention_Percentage_Discount_944,Percentage_Discount,5.9,41.68,2024-07-30,2024-08-14,15,All_Customers,Social,Retention,Unknown,0.077,28605.03,24.79,False,False,False,False,True
945,Upsell_Free_Shipping_945,Free_Shipping,0.0,,2025-01-18,2025-01-31,13,New_Customer,Social,Upsell,Books,0.198,36111.56,6.66,False,False,False,False,True
946,Reactivation_BOGO_946,BOGO,0.0,0.0,2024-07-18,2024-09-06,50,Medium_Value,Website_Banner,Reactivation,Home,0.078,47380.13,8.42,False,False,False,False,True
947,Cross_Sell_Percentage_Discount_947,Percentage_Discount,39.9,0.0,2024-07-17,2024-07-31,14,Medium_Value,Email,Cross_Sell,Unknown,0.084,42076.08,48.83,False,False,False,False,True
948,Acquisition_Fixed_Amount_948,Fixed_Amount,18.46,0.0,2025-05-17,2025-06-18,32,Medium_Value,Website_Banner,Acquisition,Unknown,0.134,32030.75,7.11,False,False,False,False,True
949,Reactivation_Percentage_Discount_949,Percentage_Discount,14.0,92.59,2025-06-28,2025-08-23,56,All_Customers,Email,Reactivation,Sports,0.072,46509.83,39.07,False,False,False,False,True
950,Cross_Sell_Free_Shipping_950,Free_Shipping,0.0,,2024-12-03,2024-12-09,6,Lapsed,Website_Banner,Cross_Sell,Unknown,0.14,4216.05,38.18,False,False,False,False,True
951,Retention_BOGO_951,BOGO,0.0,16.4,2025-07-04,2025-07-20,16,All_Customers,Website_Banner,Retention,Clothing,0.187,18650.38,30.61,False,False,False,False,True
952,Cross_Sell_Fixed_Amount_952,Fixed_Amount,91.29,22.95,2025-06-17,2025-07-02,15,Medium_Value,Social,Cross_Sell,Unknown,0.213,21777.97,35.17,False,False,False,False,True
953,Acquisition_Percentage_Discount_953,Percentage_Discount,12.6,0.0,2024-08-13,2024-09-15,33,Medium_Value,SMS,Acquisition,Beauty,0.146,14583.41,15.16,False,False,False,False,True
954,Upsell_Fixed_Amount_954,Fixed_Amount,,61.02,2025-02-20,2025-02-08,12,All_Customers,Push,Upsell,Unknown,0.084,6471.57,34.96,True,True,False,False,False
955,Acquisition_Percentage_Discount_955,Percentage_Discount,29.1,0.0,2025-05-25,2025-07-20,56,Low_Value,Push,Acquisition,Unknown,0.233,48984.24,49.77,False,False,False,False,True
956,Cross_Sell_Free_Shipping_956,Free_Shipping,0.0,1.36,2025-03-04,2025-03-19,15,High_Value,Social,Cross_Sell,Clothing,0.238,30239.79,17.59,False,False,False,False,True
957,Retention_Free_Shipping_957,Free_Shipping,0.0,0.0,2025-01-11,2025-01-19,8,High_Value,Website_Banner,Retention,Unknown,0.135,41155.73,40.99,False,False,False,False,True
958,Retention_Fixed_Amount_958,Fixed_Amount,47.76,0.0,2024-11-24,2024-12-08,14,All_Customers,Website_Banner,Retention,Home,0.218,47567.56,44.04,False,False,False,False,True
959,Upsell_Percentage_Discount_959,Percentage_Discount,38.6,0.0,2025-01-23,2025-02-13,21,High_Value,Push,Upsell,Unknown,0.221,24900.6,47.61,False,False,False,False,True
960,Acquisition_BOGO_960,BOGO,0.0,0.0,2024-09-20,2024-10-20,30,All_Customers,Social,Acquisition,Home,0.234,15319.07,22.27,False,False,False,False,True
961,Upsell_BOGO_961,BOGO,0.0,36.24,2024-07-17,2024-08-06,20,New_Customer,Push,Upsell,Unknown,0.064,14945.82,36.48,False,False,False,False,True
962,Upsell_Free_Shipping_962,Free_Shipping,0.0,37.18,2024-08-30,2024-09-15,16,High_Value,Email,Upsell,Unknown,0.167,26635.17,12.83,False,False,False,False,True
963,Retention_Percentage_Discount_963,Percentage_Discount,28.5,0.0,2025-06-02,2025-06-05,3,New_Customer,SMS,Retention,Unknown,0.136,39101.78,22.04,False,False,False,False,True
964,Cross_Sell_Percentage_Discount_964,Percentage_Discount,34.3,13.85,2025-06-12,2025-06-28,16,New_Customer,In_App,Cross_Sell,Unknown,0.081,23608.69,35.06,False,False,False,False,True
965,Acquisition_Fixed_Amount_965,Fixed_Amount,64.66,85.59,2025-05-27,2025-07-20,54,High_Value,In_App,Acquisition,Unknown,0.143,42507.53,26.61,False,False,False,False,True
966,Acquisition_BOGO_966,BOGO,0.0,86.54,2024-12-07,2025-01-08,32,High_Value,In_App,Acquisition,Unknown,0.092,29573.92,15.16,False,False,False,False,True
967,Retention_BOGO_967,BOGO,0.0,0.0,2024-07-23,2024-08-06,14,Lapsed,Social,Retention,Books,0.245,3783.33,31.95,False,False,False,False,True
968,Reactivation_Fixed_Amount_968,Fixed_Amount,65.27,80.16,2024-08-18,2024-10-17,60,Medium_Value,Website_Banner,Reactivation,Sports,0.102,29570.79,39.74,False,False,False,False,True
969,Upsell_BOGO_969,BOGO,0.0,0.0,2025-07-27,2025-08-13,17,Medium_Value,Push,Upsell,Unknown,0.072,16953.29,40.76,False,False,False,False,True
970,Reactivation_Free_Shipping_970,Free_Shipping,0.0,35.91,2024-08-04,2024-09-01,28,High_Value,Website_Banner,Reactivation,Unknown,0.059,43961.23,39.5,False,False,False,False,True
971,Reactivation_Percentage_Discount_971,Percentage_Discount,9.2,,2025-05-12,2025-05-28,16,New_Customer,SMS,Reactivation,Beauty,0.055,1604.8,36.21,False,False,False,False,True
972,Upsell_BOGO_972,BOGO,0.0,41.23,2025-08-21,2025-09-03,13,Medium_Value,Email,Upsell,Unknown,0.189,8823.94,13.01,False,False,False,False,True
973,Retention_BOGO_973,BOGO,0.0,0.0,2025-07-06,2025-07-17,11,New_Customer,Push,Retention,Unknown,0.059,9842.68,40.7,False,False,False,False,True
974,Reactivation_Fixed_Amount_974,Fixed_Amount,26.68,73.68,2024-07-26,2024-09-24,60,New_Customer,SMS,Reactivation,Unknown,0.082,10874.9,38.83,False,False,False,False,True
975,Upsell_Percentage_Discount_975,Percentage_Discount,27.0,,2025-09-11,2025-09-17,6,Low_Value,Social,Upsell,Unknown,0.219,33249.49,9.51,False,False,False,False,True
976,Retention_BOGO_976,BOGO,0.0,31.57,2024-10-14,2024-10-28,14,Low_Value,Email,Retention,Unknown,0.096,5396.83,24.96,False,False,False,False,True
977,Retention_Free_Shipping_977,Free_Shipping,0.0,34.49,2025-01-26,2025-02-06,11,Low_Value,Email,Retention,Unknown,0.084,9276.07,13.12,False,False,False,False,True
978,Reactivation_BOGO_978,BOGO,0.0,56.71,2025-04-05,2025-05-04,29,Medium_Value,SMS,Reactivation,Unknown,0.172,12513.61,6.64,False,False,False,False,True
979,Acquisition_Fixed_Amount_979,Fixed_Amount,82.57,99.38,2024-07-14,2024-07-28,14,New_Customer,Email,Acquisition,Unknown,0.081,9246.98,17.33,False,False,False,False,True
980,Acquisition_Free_Shipping_980,Free_Shipping,0.0,30.89,2024-07-23,2024-09-08,47,New_Customer,Push,Acquisition,Clothing,0.206,31638.85,12.07,False,False,False,False,True
981,Reactivation_Free_Shipping_981,Free_Shipping,,,2024-09-30,2024-10-21,21,All_Customers,Email,Reactivation,Unknown,0.155,12596.4,46.78,False,True,False,False,True
982,Upsell_Fixed_Amount_982,Fixed_Amount,75.09,29.09,2025-03-26,2025-04-14,19,Medium_Value,SMS,Upsell,Unknown,0.218,1825.75,10.48,False,False,False,False,True
983,Reactivation_Percentage_Discount_983,Percentage_Discount,15.7,41.79,2025-05-20,2025-06-29,40,Lapsed,In_App,Reactivation,Beauty,0.241,49512.82,32.13,False,False,False,False,True
984,Acquisition_Fixed_Amount_984,Fixed_Amount,88.25,72.72,2024-10-17,2024-09-11,36,Low_Value,SMS,Acquisition,Unknown,0.111,19216.74,26.19,True,False,False,False,False
985,Retention_Percentage_Discount_985,Percentage_Discount,7.5,,2024-12-08,2024-12-18,10,New_Customer,Email,Retention,Unknown,0.191,49661.04,25.02,False,False,False,False,True
986,Cross_Sell_Percentage_Discount_986,Percentage_Discount,32.9,85.19,2024-10-21,2024-10-25,4,Medium_Value,Email,Cross_Sell,Home,0.12,49886.1,48.61,False,False,False,False,True
987,Retention_Free_Shipping_987,Free_Shipping,0.0,12.21,2025-03-07,2025-03-26,19,Low_Value,In_App,Retention,Unknown,0.172,40497.37,13.26,False,False,False,False,True
988,Upsell_BOGO_988,BOGO,0.0,60.58,2025-09-03,2025-09-10,7,Low_Value,Push,Upsell,Unknown,0.184,10929.71,23.67,False,False,False,False,True
989,Acquisition_Percentage_Discount_989,Percentage_Discount,47.6,0.0,2024-07-08,2024-08-31,54,Low_Value,In_App,Acquisition,Clothing,0.164,16554.6,39.91,False,False,False,False,True
990,Retention_Fixed_Amount_990,Fixed_Amount,39.64,31.52,2024-12-10,2024-12-16,6,Low_Value,SMS,Retention,Unknown,0.087,36928.37,40.61,False,False,False,False,True
991,Acquisition_Fixed_Amount_991,Fixed_Amount,36.3,77.25,2025-07-13,2025-07-28,15,Lapsed,Social,Acquisition,Unknown,0.173,33552.67,37.48,False,False,False,False,True
992,Acquisition_Free_Shipping_992,Free_Shipping,0.0,70.79,2025-05-13,2025-06-18,36,Medium_Value,Social,Acquisition,Unknown,0.217,22833.98,7.51,False,False,False,False,True
993,Reactivation_Percentage_Discount_993,Percentage_Discount,13.6,0.0,2025-08-30,2025-09-29,30,New_Customer,In_App,Reactivation,Beauty,0.061,47818.05,18.74,False,False,False,False,True
994,Cross_Sell_Fixed_Amount_994,Fixed_Amount,94.01,0.0,2024-09-03,2024-09-20,17,Medium_Value,Push,Cross_Sell,Unknown,0.192,28243.75,36.55,False,False,False,False,True
995,Acquisition_Percentage_Discount_995,Percentage_Discount,6.0,48.51,2025-04-14,2025-05-09,25,Lapsed,Email,Acquisition,Home,0.121,48519.03,19.04,False,False,False,False,True
996,Upsell_Free_Shipping_996,Free_Shipping,0.0,87.04,2025-04-30,2025-05-20,20,New_Customer,Email,Upsell,Clothing,0.072,37564.74,10.79,False,False,False,False,True
997,Reactivation_Percentage_Discount_997,Percentage_Discount,30.6,65.48,2025-03-16,2025-04-19,34,New_Customer,In_App,Reactivation,Unknown,0.168,40118.39,5.65,False,False,False,False,True
998,Retention_Fixed_Amount_998,Fixed_Amount,86.02,87.2,2025-07-30,2025-08-03,4,Medium_Value,Website_Banner,Retention,Clothing,0.175,15453.7,16.52,False,False,False,False,True
999,Upsell_Fixed_Amount_999,Fixed_Amount,86.64,57.86,2025-01-26,2025-02-15,20,Medium_Value,Website_Banner,Upsell,Unknown,0.092,44066.31,15.06,False,False,False,False,True
1000,Cross_Sell_BOGO_1000,BOGO,0.0,43.24,2025-07-24,2025-08-12,19,Medium_Value,Push,Cross_Sell,Beauty,0.15,41571.37,45.75,False,False,False,False,True
1001,Cross_Sell_Fixed_Amount_1001,Fixed_Amount,18.13,8.65,2024-09-15,2024-09-24,9,Lapsed,Email,Cross_Sell,Unknown,0.245,26662.86,44.07,False,False,False,False,True
1002,Retention_Free_Shipping_1002,Free_Shipping,0.0,0.0,2025-08-18,2025-09-03,16,Low_Value,In_App,Retention,Sports,0.249,11061.71,34.89,False,False,False,False,True
1003,Reactivation_Fixed_Amount_1003,Fixed_Amount,14.23,0.0,2024-08-04,2024-09-08,35,Low_Value,Email,Reactivation,Unknown,0.13,36871.6,22.34,False,False,False,False,True
1004,Cross_Sell_Percentage_Discount_1004,Percentage_Discount,18.5,0.0,2024-07-27,2024-08-06,10,New_Customer,Email,Cross_Sell,Unknown,0.199,35708.85,21.07,False,False,False,False,True
1005,Reactivation_Percentage_Discount_1005,Percentage_Discount,44.9,66.72,2024-11-02,2024-11-19,17,High_Value,Website_Banner,Reactivation,Beauty,0.2,29192.11,36.85,False,False,False,False,True
1006,Acquisition_Fixed_Amount_1006,Fixed_Amount,15.85,15.16,2025-07-19,2025-08-25,37,All_Customers,SMS,Acquisition,Unknown,0.092,1118.41,15.83,False,False,False,False,True
1007,Reactivation_Free_Shipping_1007,Free_Shipping,0.0,0.0,2025-07-10,2025-08-05,26,High_Value,Email,Reactivation,Unknown,0.054,1681.45,10.68,False,False,False,False,True
1008,Upsell_Percentage_Discount_1008,Percentage_Discount,8.1,69.02,2025-03-19,2025-03-24,5,New_Customer,Push,Upsell,Electronics,0.103,34326.82,46.67,False,False,False,False,True
1009,Upsell_Free_Shipping_1009,Free_Shipping,0.0,99.61,2025-02-07,2025-02-22,15,High_Value,In_App,Upsell,Unknown,0.231,16897.79,12.23,False,False,False,False,True
1010,Cross_Sell_Free_Shipping_1010,Free_Shipping,0.0,53.33,2024-10-18,2024-11-05,18,High_Value,Website_Banner,Cross_Sell,Unknown,0.165,33211.81,41.85,False,False,False,False,True
1011,Acquisition_Fixed_Amount_1011,Fixed_Amount,91.88,30.95,2024-09-14,2024-10-02,18,Lapsed,In_App,Acquisition,Sports,0.187,32553.25,37.45,False,False,False,False,True
1012,Reactivation_Fixed_Amount_1012,Fixed_Amount,95.97,68.83,2025-01-28,2025-03-13,44,All_Customers,Website_Banner,Reactivation,Unknown,0.202,49517.18,28.5,False,False,False,False,True
1013,Cross_Sell_Percentage_Discount_1013,Percentage_Discount,14.8,0.0,2025-05-28,2025-06-03,6,Lapsed,Social,Cross_Sell,Unknown,0.18,23041.94,5.46,False,False,False,False,True
1014,Retention_Free_Shipping_1014,Free_Shipping,0.0,92.41,2025-06-14,2025-06-23,9,All_Customers,Email,Retention,Unknown,0.148,34376.66,13.93,False,False,False,False,True
1015,Reactivation_Free_Shipping_1015,Free_Shipping,0.0,38.62,2024-11-16,2024-12-04,18,Lapsed,Social,Reactivation,Home,0.188,48170.53,6.31,False,False,False,False,True
1016,Upsell_Free_Shipping_1016,Free_Shipping,0.0,0.0,2024-10-09,2024-10-21,12,High_Value,Email,Upsell,Unknown,0.087,44391.55,28.63,False,False,False,False,True
1017,Upsell_BOGO_1017,BOGO,0.0,34.55,2024-08-20,2024-08-29,9,Lapsed,Push,Upsell,Unknown,0.087,39041.66,26.28,False,False,False,False,True
1018,Acquisition_Free_Shipping_1018,Free_Shipping,0.0,,2025-07-28,2025-08-28,31,All_Customers,In_App,Acquisition,Unknown,0.07,20368.26,41.29,False,False,False,False,True
1019,Cross_Sell_Percentage_Discount_1019,Percentage_Discount,11.2,89.34,2025-01-29,2025-02-11,13,Lapsed,In_App,Cross_Sell,Unknown,0.139,46681.22,40.29,False,False,False,False,True
1020,Reactivation_Fixed_Amount_1020,Fixed_Amount,12.51,0.0,2025-01-20,2025-03-09,48,Low_Value,Push,Reactivation,Unknown,0.238,32626.43,17.19,False,False,False,False,True
1021,Retention_BOGO_1021,BOGO,0.0,0.0,2025-03-20,2025-03-25,5,New_Customer,Push,Retention,Unknown,0.074,32900.28,25.72,False,False,False,False,True
1022,Upsell_Fixed_Amount_1022,Fixed_Amount,40.66,19.02,2024-12-17,2024-11-29,18,New_Customer,SMS,Upsell,Unknown,0.087,26656.58,34.14,True,False,False,False,False
1023,Reactivation_Fixed_Amount_1023,Fixed_Amount,89.46,40.55,2025-01-13,2025-02-02,20,Medium_Value,In_App,Reactivation,Books,0.058,7212.39,23.85,False,False,False,False,True
1024,Acquisition_BOGO_1024,BOGO,0.0,82.72,2025-02-18,2025-03-16,26,All_Customers,Email,Acquisition,Unknown,0.071,37636.38,27.75,False,False,False,False,True
1025,Cross_Sell_Fixed_Amount_1025,Fixed_Amount,46.64,69.75,2025-06-20,2025-07-06,16,All_Customers,Push,Cross_Sell,Sports,0.069,4105.63,43.59,False,False,False,False,True
1026,Acquisition_Fixed_Amount_1026,Fixed_Amount,26.73,36.43,2025-04-19,2025-05-05,16,New_Customer,In_App,Acquisition,Unknown,0.196,41790.38,24.45,False,False,False,False,True
1027,Acquisition_Percentage_Discount_1027,Percentage_Discount,20.9,94.3,2025-04-30,2025-05-24,24,Medium_Value,SMS,Acquisition,Unknown,0.242,46293.12,19.52,False,False,False,False,True
1028,Acquisition_Free_Shipping_1028,Free_Shipping,0.0,0.0,2025-09-01,2025-09-29,28,Medium_Value,Website_Banner,Acquisition,Home,0.098,15822.47,30.66,False,False,False,False,True
1029,Cross_Sell_BOGO_1029,BOGO,0.0,0.0,2025-09-03,2025-09-06,3,New_Customer,In_App,Cross_Sell,Unknown,0.132,31822.98,31.37,False,False,False,False,True
1030,Cross_Sell_Fixed_Amount_1030,Fixed_Amount,27.02,0.0,2025-02-01,2025-02-09,8,All_Customers,Website_Banner,Cross_Sell,Sports,0.183,17820.02,37.89,False,False,False,False,True
1031,Reactivation_Fixed_Amount_1031,Fixed_Amount,75.91,0.0,2025-07-13,2025-08-20,38,High_Value,Push,Reactivation,Sports,0.157,11188.31,21.69,False,False,False,False,True
1032,Retention_Fixed_Amount_1032,Fixed_Amount,35.38,74.54,2025-01-24,2025-01-04,20,Medium_Value,Push,Retention,Unknown,0.083,15685.9,46.24,True,False,False,False,False
1033,Acquisition_BOGO_1033,BOGO,0.0,25.91,2024-08-30,2024-10-11,42,Medium_Value,SMS,Acquisition,Sports,0.175,25018.44,33.78,False,False,False,False,True
1034,Upsell_Percentage_Discount_1034,Percentage_Discount,23.0,54.58,2025-01-22,2025-02-02,11,All_Customers,Social,Upsell,Unknown,0.062,8959.58,31.64,False,False,False,False,True
1035,Acquisition_Percentage_Discount_1035,Percentage_Discount,18.1,29.75,2024-07-25,2024-08-19,25,High_Value,Website_Banner,Acquisition,Unknown,0.174,14725.39,34.57,False,False,False,False,True
1036,Acquisition_Fixed_Amount_1036,Fixed_Amount,93.99,0.0,2025-04-12,2025-05-19,37,All_Customers,Website_Banner,Acquisition,Beauty,0.193,35129.23,24.25,False,False,False,False,True
1037,Upsell_Free_Shipping_1037,Free_Shipping,0.0,46.03,2025-05-29,2025-06-01,3,All_Customers,Social,Upsell,Unknown,0.085,46884.42,7.71,False,False,False,False,True
1038,Cross_Sell_Percentage_Discount_1038,Percentage_Discount,45.2,35.3,2025-06-02,2025-06-20,18,Medium_Value,In_App,Cross_Sell,Unknown,0.086,21042.2,46.12,False,False,False,False,True
1039,Retention_BOGO_1039,BOGO,0.0,0.0,2025-06-12,2025-07-03,21,All_Customers,In_App,Retention,Unknown,0.211,25868.73,27.34,False,False,False,False,True
1040,Acquisition_Percentage_Discount_1040,Percentage_Discount,,0.0,2024-10-09,2024-12-03,55,All_Customers,Push,Acquisition,Sports,0.109,24587.41,5.52,False,True,False,False,True
1041,Reactivation_Free_Shipping_1041,Free_Shipping,0.0,5.62,2025-07-30,2025-09-26,58,Low_Value,In_App,Reactivation,Unknown,0.164,29509.28,7.15,False,False,False,False,True
1042,Retention_Free_Shipping_1042,Free_Shipping,0.0,0.0,2024-09-16,2024-09-24,8,Medium_Value,Push,Retention,Unknown,0.155,7193.89,15.35,False,False,False,False,True
1043,Reactivation_Free_Shipping_1043,Free_Shipping,0.0,0.0,2024-12-02,2025-01-12,41,All_Customers,In_App,Reactivation,Unknown,0.236,48729.34,27.5,False,False,False,False,True
1044,Reactivation_Percentage_Discount_1044,Percentage_Discount,21.0,18.06,2024-12-01,2024-12-16,15,Low_Value,Social,Reactivation,Unknown,0.062,31426.12,38.61,False,False,False,False,True
1045,Acquisition_Fixed_Amount_1045,Fixed_Amount,16.07,26.8,2025-07-23,2025-08-16,24,Low_Value,Email,Acquisition,Electronics,0.129,36358.2,27.13,False,False,False,False,True
1046,Cross_Sell_BOGO_1046,BOGO,0.0,88.23,2025-06-18,2025-07-02,14,Low_Value,Email,Cross_Sell,Unknown,0.249,37111.87,35.82,False,False,False,False,True
1047,Retention_Percentage_Discount_1047,Percentage_Discount,15.4,8.72,2025-05-14,2025-05-28,14,High_Value,Social,Retention,Unknown,0.155,43509.93,16.05,False,False,False,False,True
1048,Reactivation_Fixed_Amount_1048,Fixed_Amount,33.29,7.42,2024-11-15,2025-01-04,50,High_Value,In_App,Reactivation,Home,0.237,45114.2,27.72,False,False,False,False,True
1049,Retention_Percentage_Discount_1049,Percentage_Discount,26.3,0.0,2024-08-26,2024-09-10,15,Medium_Value,SMS,Retention,Unknown,0.157,17139.06,48.85,False,False,False,False,True
1050,Cross_Sell_BOGO_1050,BOGO,0.0,,2024-10-20,2024-10-26,6,New_Customer,In_App,Cross_Sell,Unknown,0.124,38988.13,45.21,False,False,False,False,True
1051,Upsell_Free_Shipping_1051,Free_Shipping,0.0,66.46,2025-03-15,2025-03-31,16,New_Customer,Website_Banner,Upsell,Unknown,0.097,43177.0,9.81,False,False,False,False,True
1052,Upsell_Free_Shipping_1052,Free_Shipping,0.0,23.4,2025-04-05,2025-04-22,17,New_Customer,Push,Upsell,Electronics,0.186,10347.99,48.0,False,False,False,False,True
1053,Acquisition_Percentage_Discount_1053,Percentage_Discount,21.9,74.55,2024-07-05,2024-08-16,42,High_Value,In_App,Acquisition,Beauty,0.186,16352.77,13.98,False,False,False,False,True
1054,Reactivation_Free_Shipping_1054,Free_Shipping,0.0,95.48,2025-07-01,2025-08-12,42,New_Customer,Social,Reactivation,Electronics,0.06,23407.47,6.75,False,False,False,False,True
1055,Cross_Sell_Percentage_Discount_1055,Percentage_Discount,15.0,49.52,2025-01-30,2025-02-18,19,Low_Value,In_App,Cross_Sell,Unknown,0.195,37502.47,16.61,False,False,False,False,True
1056,Acquisition_Free_Shipping_1056,Free_Shipping,0.0,62.02,2025-06-25,2025-08-07,43,Medium_Value,SMS,Acquisition,Sports,0.246,32877.37,20.45,False,False,False,False,True
1057,Cross_Sell_Free_Shipping_1057,Free_Shipping,0.0,95.21,2025-06-04,2025-06-16,12,New_Customer,Social,Cross_Sell,Books,0.057,36960.94,22.63,False,False,False,False,True
1058,Retention_Percentage_Discount_1058,Percentage_Discount,20.7,90.19,2025-02-19,2025-02-23,4,Low_Value,In_App,Retention,Unknown,0.093,14305.94,34.54,False,False,False,False,True
1059,Upsell_Percentage_Discount_1059,Percentage_Discount,20.2,51.1,2024-12-29,2025-01-15,17,High_Value,In_App,Upsell,Books,0.166,12925.29,32.16,False,False,False,False,True
1060,Acquisition_BOGO_1060,BOGO,0.0,2.12,2025-03-03,2025-03-17,14,All_Customers,Email,Acquisition,Unknown,0.117,35395.32,5.35,False,False,False,False,True
1061,Acquisition_Free_Shipping_1061,Free_Shipping,0.0,30.17,2024-11-09,2024-12-22,43,Lapsed,Email,Acquisition,Unknown,0.157,19109.03,25.12,False,False,False,False,True
1062,Reactivation_Free_Shipping_1062,Free_Shipping,0.0,52.68,2024-10-31,2024-12-20,50,New_Customer,SMS,Reactivation,Sports,0.171,14177.15,24.11,False,False,False,False,True
1063,Upsell_Percentage_Discount_1063,Percentage_Discount,28.8,23.91,2024-07-27,2024-08-14,18,New_Customer,Website_Banner,Upsell,Unknown,0.172,35721.95,11.14,False,False,False,False,True
1064,Reactivation_Fixed_Amount_1064,Fixed_Amount,13.43,0.0,2024-11-01,2024-12-09,38,All_Customers,In_App,Reactivation,Unknown,0.152,25232.87,47.38,False,False,False,False,True
1065,Upsell_Percentage_Discount_1065,Percentage_Discount,10.7,,2025-08-17,2025-08-30,13,New_Customer,Social,Upsell,Unknown,0.202,22848.06,39.76,False,False,False,False,True
1066,Retention_Percentage_Discount_1066,Percentage_Discount,22.8,78.71,2025-05-25,2025-06-14,20,Medium_Value,SMS,Retention,Beauty,0.235,10584.11,24.73,False,False,False,False,True
1067,Upsell_Fixed_Amount_1067,Fixed_Amount,20.19,48.8,2025-08-17,2025-08-26,9,Low_Value,SMS,Upsell,Unknown,0.235,22869.59,6.64,False,False,False,False,True
1068,Reactivation_BOGO_1068,BOGO,0.0,83.45,2025-02-26,2025-04-13,46,High_Value,Social,Reactivation,Unknown,0.145,30933.03,31.06,False,False,False,False,True
1069,Acquisition_Fixed_Amount_1069,Fixed_Amount,28.3,68.72,2025-05-04,2025-05-31,27,All_Customers,SMS,Acquisition,Unknown,0.12,26235.01,42.68,False,False,False,False,True
1070,Retention_Percentage_Discount_1070,Percentage_Discount,37.8,79.36,2024-09-23,2024-10-02,9,Lapsed,Website_Banner,Retention,Unknown,0.056,43995.1,9.91,False,False,False,False,True
1071,Reactivation_Fixed_Amount_1071,Fixed_Amount,29.09,0.0,2024-10-14,2024-12-10,57,All_Customers,SMS,Reactivation,Electronics,0.101,10143.42,37.8,False,False,False,False,True
1072,Reactivation_Percentage_Discount_1072,Percentage_Discount,32.7,84.66,2025-02-14,2025-03-30,44,New_Customer,Email,Reactivation,Unknown,0.132,48954.65,21.64,False,False,False,False,True
1073,Reactivation_BOGO_1073,BOGO,0.0,86.71,2025-06-29,2025-08-27,59,High_Value,Email,Reactivation,Beauty,0.16,38442.25,22.22,False,False,False,False,True
1074,Cross_Sell_Percentage_Discount_1074,Percentage_Discount,43.5,76.16,2025-03-25,2025-04-13,19,High_Value,In_App,Cross_Sell,Unknown,0.112,8322.51,26.3,False,False,False,False,True
1075,Acquisition_Free_Shipping_1075,Free_Shipping,0.0,90.57,2025-03-02,2025-03-25,23,Lapsed,In_App,Acquisition,Unknown,0.225,7230.47,32.72,False,False,False,False,True
1076,Cross_Sell_Fixed_Amount_1076,Fixed_Amount,10.38,25.65,2025-07-19,2025-07-23,4,All_Customers,Social,Cross_Sell,Unknown,0.226,13357.45,24.16,False,False,False,False,True
1077,Acquisition_Free_Shipping_1077,Free_Shipping,0.0,39.72,2025-08-03,2025-08-19,16,New_Customer,Social,Acquisition,Unknown,0.118,38570.21,28.1,False,False,False,False,True
1078,Reactivation_Percentage_Discount_1078,Percentage_Discount,7.6,56.08,2025-03-06,2025-04-06,31,Low_Value,In_App,Reactivation,Sports,0.243,11820.75,39.4,False,False,False,False,True
1079,Acquisition_Percentage_Discount_1079,Percentage_Discount,48.0,81.38,2024-09-19,2024-10-29,40,Lapsed,Email,Acquisition,Home,0.082,33315.23,41.48,False,False,False,False,True
1080,Upsell_Free_Shipping_1080,Free_Shipping,0.0,27.39,2024-09-01,2024-09-20,19,High_Value,Website_Banner,Upsell,Unknown,0.135,15362.64,20.88,False,False,False,False,True
1081,Cross_Sell_BOGO_1081,BOGO,0.0,47.38,2024-07-20,2024-07-29,9,Low_Value,Push,Cross_Sell,Home,0.059,23686.04,37.78,False,False,False,False,True
1082,Reactivation_Fixed_Amount_1082,Fixed_Amount,26.4,48.72,2025-01-07,2025-03-04,56,Lapsed,In_App,Reactivation,Sports,0.135,20098.87,44.36,False,False,False,False,True
1083,Reactivation_Percentage_Discount_1083,Percentage_Discount,35.9,55.44,2024-07-18,2024-09-09,53,High_Value,Website_Banner,Reactivation,Unknown,0.222,9172.44,42.07,False,False,False,False,True
1084,Acquisition_BOGO_1084,BOGO,0.0,0.0,2025-07-31,2025-09-16,47,Lapsed,Push,Acquisition,Home,0.107,15437.26,48.66,False,False,False,False,True
1085,Upsell_Free_Shipping_1085,Free_Shipping,0.0,82.59,2024-09-14,2024-10-05,21,New_Customer,SMS,Upsell,Unknown,0.204,9231.47,47.24,False,False,False,False,True
1086,Cross_Sell_Fixed_Amount_1086,Fixed_Amount,24.84,54.78,2025-04-17,2025-05-02,15,All_Customers,Social,Cross_Sell,Sports,0.09,15255.01,45.3,False,False,False,False,True
1087,Retention_Fixed_Amount_1087,Fixed_Amount,21.26,0.0,2024-09-20,2024-09-25,5,Low_Value,Email,Retention,Beauty,0.215,21444.24,29.4,False,False,False,False,True
1088,Reactivation_Percentage_Discount_1088,Percentage_Discount,34.0,0.0,2025-05-06,2025-06-13,38,Lapsed,Website_Banner,Reactivation,Beauty,0.144,10961.63,46.88,False,False,False,False,True
1089,Reactivation_Fixed_Amount_1089,Fixed_Amount,31.27,0.0,2024-08-19,2024-10-11,53,All_Customers,In_App,Reactivation,Unknown,0.098,46343.0,41.11,False,False,False,False,True
1090,Reactivation_Fixed_Amount_1090,Fixed_Amount,19.41,0.0,2025-05-15,2025-04-01,44,Lapsed,Push,Reactivation,Unknown,0.067,23949.02,25.48,True,False,False,False,False
1091,Cross_Sell_Fixed_Amount_1091,Fixed_Amount,56.93,68.81,2024-11-07,2024-11-25,18,High_Value,Email,Cross_Sell,Unknown,0.189,38751.05,10.29,False,False,False,False,True
1092,Cross_Sell_BOGO_1092,BOGO,0.0,0.0,2024-11-11,2024-11-23,12,Lapsed,SMS,Cross_Sell,Books,0.212,3853.06,29.82,False,False,False,False,True
1093,Upsell_Percentage_Discount_1093,Percentage_Discount,47.8,17.57,2025-03-25,2025-04-14,20,All_Customers,SMS,Upsell,Unknown,0.086,7601.52,45.47,False,False,False,False,True
1094,Retention_Free_Shipping_1094,Free_Shipping,0.0,23.88,2024-11-20,2024-12-06,16,All_Customers,Email,Retention,Beauty,0.174,26988.96,20.83,False,False,False,False,True
1095,Upsell_Percentage_Discount_1095,Percentage_Discount,11.7,39.44,2024-08-31,2024-09-20,20,All_Customers,Push,Upsell,Unknown,0.069,35768.47,25.89,False,False,False,False,True
1096,Cross_Sell_Fixed_Amount_1096,Fixed_Amount,65.88,0.0,2024-10-29,2024-11-08,10,Low_Value,Email,Cross_Sell,Unknown,0.232,44216.05,20.06,False,False,False,False,True
1097,Upsell_Fixed_Amount_1097,Fixed_Amount,68.68,81.04,2024-12-19,2024-12-29,10,Lapsed,Website_Banner,Upsell,Unknown,0.147,25798.51,22.67,False,False,False,False,True
1098,Acquisition_Fixed_Amount_1098,Fixed_Amount,57.15,78.31,2024-10-22,2024-12-05,44,All_Customers,SMS,Acquisition,Unknown,0.121,19729.25,31.31,False,False,False,False,True
1099,Retention_Fixed_Amount_1099,Fixed_Amount,59.61,54.14,2025-03-23,2025-03-26,3,Lapsed,Social,Retention,Unknown,0.106,19616.05,33.18,False,False,False,False,True
1100,Retention_BOGO_1100,BOGO,0.0,0.0,2024-07-27,2024-08-04,8,High_Value,Website_Banner,Retention,Clothing,0.167,44231.75,48.75,False,False,False,False,True
1101,Retention_Fixed_Amount_1101,Fixed_Amount,7.22,66.05,2024-11-25,2024-12-06,11,Low_Value,Social,Retention,Unknown,0.126,34564.42,21.59,False,False,False,False,True
1102,Cross_Sell_BOGO_1102,BOGO,0.0,12.98,2025-06-27,2025-07-08,11,High_Value,In_App,Cross_Sell,Unknown,0.125,9827.16,24.67,False,False,False,False,True
1103,Retention_Free_Shipping_1103,Free_Shipping,0.0,0.0,2025-04-12,2025-04-29,17,New_Customer,Email,Retention,Home,0.094,17674.11,28.82,False,False,False,False,True
1104,Reactivation_BOGO_1104,BOGO,0.0,44.26,2025-05-31,2025-07-19,49,All_Customers,Website_Banner,Reactivation,Unknown,0.054,10637.15,26.89,False,False,False,False,True
1105,Cross_Sell_Free_Shipping_1105,Free_Shipping,0.0,21.82,2025-02-07,2025-02-25,18,High_Value,Website_Banner,Cross_Sell,Home,0.238,49765.82,17.98,False,False,False,False,True
1106,Retention_Free_Shipping_1106,Free_Shipping,0.0,68.4,2025-01-30,2025-02-10,11,Lapsed,Email,Retention,Unknown,0.232,3359.63,13.63,False,False,False,False,True
1107,Upsell_Fixed_Amount_1107,Fixed_Amount,20.11,19.25,2025-05-06,2025-05-21,15,Low_Value,Email,Upsell,Unknown,0.074,33062.75,16.37,False,False,False,False,True
1108,Acquisition_Percentage_Discount_1108,Percentage_Discount,9.5,0.0,2025-06-06,2025-07-01,25,Lapsed,In_App,Acquisition,Electronics,0.226,23694.48,34.48,False,False,False,False,True
1109,Reactivation_Percentage_Discount_1109,Percentage_Discount,12.3,96.91,2025-05-28,2025-07-24,57,All_Customers,In_App,Reactivation,Unknown,0.205,10812.46,40.19,False,False,False,False,True
1110,Acquisition_Percentage_Discount_1110,Percentage_Discount,39.7,18.24,2024-08-15,2024-09-12,28,High_Value,In_App,Acquisition,Books,0.17,27044.61,38.15,False,False,False,False,True
1111,Retention_Free_Shipping_1111,Free_Shipping,0.0,5.24,2024-09-05,2024-09-13,8,New_Customer,SMS,Retention,Unknown,0.128,24727.8,38.04,False,False,False,False,True
1112,Cross_Sell_BOGO_1112,BOGO,0.0,76.46,2024-08-22,2024-08-08,14,New_Customer,SMS,Cross_Sell,Unknown,0.17,49935.86,25.74,True,False,False,False,False
1113,Acquisition_Fixed_Amount_1113,Fixed_Amount,68.51,46.47,2024-09-25,2024-11-03,39,Lapsed,In_App,Acquisition,Unknown,0.173,38404.23,42.04,False,False,False,False,True
1114,Cross_Sell_Fixed_Amount_1114,Fixed_Amount,73.54,0.0,2025-06-18,2025-06-24,6,New_Customer,SMS,Cross_Sell,Unknown,0.073,11632.1,13.85,False,False,False,False,True
1115,Cross_Sell_Free_Shipping_1115,Free_Shipping,0.0,64.25,2025-07-02,2025-07-21,19,Low_Value,Website_Banner,Cross_Sell,Electronics,0.156,36099.89,22.84,False,False,False,False,True
1116,Retention_Free_Shipping_1116,Free_Shipping,0.0,0.0,2024-07-27,2024-08-02,6,All_Customers,SMS,Retention,Electronics,0.064,8781.42,6.52,False,False,False,False,True
1117,Cross_Sell_BOGO_1117,BOGO,0.0,,2024-08-04,2024-08-20,16,All_Customers,Push,Cross_Sell,Unknown,0.236,26150.26,30.93,False,False,False,False,True
1118,Upsell_Free_Shipping_1118,Free_Shipping,0.0,0.0,2025-04-21,2025-04-30,9,Low_Value,SMS,Upsell,Unknown,0.192,2309.67,37.31,False,False,False,False,True
1119,Retention_Percentage_Discount_1119,Percentage_Discount,22.5,0.0,2024-09-01,2024-09-22,21,High_Value,Email,Retention,Electronics,0.159,6985.82,48.02,False,False,False,False,True
1120,Upsell_Free_Shipping_1120,Free_Shipping,0.0,50.17,2024-12-14,2025-01-01,18,Lapsed,In_App,Upsell,Unknown,0.127,40462.0,9.47,False,False,False,False,True
1121,Reactivation_Percentage_Discount_1121,Percentage_Discount,47.1,16.48,2025-06-13,2025-06-29,16,Medium_Value,SMS,Reactivation,Unknown,0.189,13702.48,14.81,False,False,False,False,True
1122,Reactivation_Fixed_Amount_1122,Fixed_Amount,63.63,0.0,2024-08-08,2024-10-06,59,All_Customers,Website_Banner,Reactivation,Beauty,0.051,26590.98,35.69,False,False,False,False,True
1123,Upsell_Percentage_Discount_1123,Percentage_Discount,44.9,0.0,2025-07-20,2025-08-10,21,All_Customers,SMS,Upsell,Clothing,0.051,14946.52,32.21,False,False,False,False,True
1124,Retention_Fixed_Amount_1124,Fixed_Amount,57.7,9.61,2025-01-17,2025-01-25,8,High_Value,Social,Retention,Unknown,0.115,3391.11,31.45,False,False,False,False,True
1125,Retention_Percentage_Discount_1125,Percentage_Discount,11.8,9.68,2025-05-17,2025-05-25,8,Medium_Value,Email,Retention,Unknown,0.131,49565.85,44.66,False,False,False,False,True
1126,Retention_Free_Shipping_1126,Free_Shipping,0.0,0.0,2025-08-20,2025-08-29,9,High_Value,Email,Retention,Electronics,0.243,35328.7,31.34,False,False,False,False,True
1127,Retention_BOGO_1127,BOGO,0.0,0.0,2025-06-20,2025-06-23,3,Lapsed,Social,Retention,Books,0.207,37105.69,47.88,False,False,False,False,True
1128,Acquisition_Fixed_Amount_1128,Fixed_Amount,54.67,58.02,2025-05-12,2025-07-06,55,Medium_Value,Website_Banner,Acquisition,Unknown,0.07,41973.35,26.69,False,False,False,False,True
1129,Cross_Sell_Free_Shipping_1129,Free_Shipping,0.0,69.63,2025-06-20,2025-07-10,20,New_Customer,Push,Cross_Sell,Books,0.22,24309.24,6.94,False,False,False,False,True
1130,Reactivation_BOGO_1130,BOGO,0.0,78.47,2025-04-16,2025-06-11,56,New_Customer,Social,Reactivation,Sports,0.165,48647.14,5.25,False,False,False,False,True
1131,Cross_Sell_BOGO_1131,BOGO,0.0,49.57,2024-07-13,2024-07-20,7,All_Customers,Social,Cross_Sell,Unknown,0.06,36785.31,34.74,False,False,False,False,True
1132,Reactivation_Free_Shipping_1132,Free_Shipping,0.0,,2024-11-06,2024-12-12,36,New_Customer,Email,Reactivation,Home,0.229,11092.9,22.95,False,False,False,False,True
1133,Retention_Free_Shipping_1133,Free_Shipping,0.0,93.44,2024-07-09,2024-07-15,6,High_Value,In_App,Retention,Beauty,0.079,31188.99,46.3,False,False,False,False,True
1134,Acquisition_BOGO_1134,BOGO,0.0,0.0,2025-02-15,2025-03-28,41,High_Value,SMS,Acquisition,Electronics,0.118,29862.04,22.31,False,False,False,False,True
1135,Reactivation_Percentage_Discount_1135,Percentage_Discount,18.9,0.0,2024-07-20,2024-08-07,18,Low_Value,Email,Reactivation,Electronics,0.194,26211.54,27.31,False,False,False,False,True
1136,Retention_Fixed_Amount_1136,Fixed_Amount,32.31,0.0,2025-09-12,2025-09-21,9,All_Customers,Website_Banner,Retention,Unknown,0.249,11060.69,23.19,False,False,False,False,True
1137,Retention_Percentage_Discount_1137,Percentage_Discount,29.4,13.08,2024-12-19,2025-01-05,17,Low_Value,In_App,Retention,Unknown,0.11,6230.59,28.89,False,False,False,False,True
1138,Upsell_Percentage_Discount_1138,Percentage_Discount,7.9,30.0,2024-11-08,2024-10-19,20,High_Value,Email,Upsell,Unknown,0.24,33873.36,24.74,True,False,False,False,False
1139,Acquisition_Free_Shipping_1139,Free_Shipping,0.0,0.0,2025-09-01,2025-09-24,23,Medium_Value,Push,Acquisition,Sports,0.085,17442.03,26.95,False,False,False,False,True
1140,Cross_Sell_BOGO_1140,BOGO,0.0,83.06,2024-09-28,2024-10-04,6,High_Value,Email,Cross_Sell,Beauty,0.055,33414.26,9.83,False,False,False,False,True
1141,Upsell_Percentage_Discount_1141,Percentage_Discount,47.3,61.45,2025-02-28,2025-03-17,17,Lapsed,Social,Upsell,Home,0.089,38276.34,41.29,False,False,False,False,True
1142,Reactivation_Percentage_Discount_1142,Percentage_Discount,43.9,81.24,2024-10-12,2024-11-05,24,Medium_Value,In_App,Reactivation,Unknown,0.096,39430.02,26.14,False,False,False,False,True
1143,Acquisition_Free_Shipping_1143,Free_Shipping,0.0,,2024-12-24,2025-02-20,58,Medium_Value,Website_Banner,Acquisition,Unknown,0.164,16642.41,24.6,False,False,False,False,True
1144,Acquisition_Free_Shipping_1144,Free_Shipping,0.0,19.95,2024-09-30,2024-10-31,31,All_Customers,Push,Acquisition,Home,0.065,48261.02,43.29,False,False,False,False,True
1145,Cross_Sell_Free_Shipping_1145,Free_Shipping,0.0,0.0,2025-03-20,2025-03-25,5,All_Customers,Website_Banner,Cross_Sell,Books,0.236,11839.88,18.4,False,False,False,False,True
1146,Cross_Sell_Free_Shipping_1146,Free_Shipping,0.0,49.62,2024-12-02,2024-12-14,12,All_Customers,Push,Cross_Sell,Books,0.223,14651.1,29.8,False,False,False,False,True
1147,Acquisition_BOGO_1147,BOGO,0.0,0.0,2024-09-24,2024-10-24,30,New_Customer,Push,Acquisition,Clothing,0.07,5672.77,35.2,False,False,False,False,True
1148,Cross_Sell_Free_Shipping_1148,Free_Shipping,0.0,0.0,2025-05-05,2025-05-24,19,Low_Value,Social,Cross_Sell,Unknown,0.137,34855.46,41.64,False,False,False,False,True
1149,Upsell_Free_Shipping_1149,Free_Shipping,0.0,0.0,2024-10-08,2024-10-18,10,All_Customers,In_App,Upsell,Home,0.094,30080.04,44.21,False,False,False,False,True
1150,Acquisition_Percentage_Discount_1150,Percentage_Discount,38.8,9.64,2025-02-07,2025-03-20,41,All_Customers,SMS,Acquisition,Unknown,0.208,18002.53,23.7,False,False,False,False,True
1151,Upsell_Fixed_Amount_1151,Fixed_Amount,10.11,44.82,2025-06-09,2025-06-23,14,Medium_Value,Email,Upsell,Clothing,0.18,9848.2,36.52,False,False,False,False,True
1152,Acquisition_Fixed_Amount_1152,Fixed_Amount,28.87,25.88,2025-07-03,2025-07-17,14,All_Customers,Email,Acquisition,Unknown,0.106,39561.7,6.77,False,False,False,False,True
1153,Retention_Free_Shipping_1153,Free_Shipping,0.0,5.35,2025-09-08,2025-09-24,16,Lapsed,In_App,Retention,Unknown,0.208,2289.09,6.38,False,False,False,False,True
1154,Retention_BOGO_1154,BOGO,0.0,0.0,2024-09-15,2024-09-19,4,All_Customers,Push,Retention,Unknown,0.072,44437.02,33.08,False,False,False,False,True
1155,Reactivation_Free_Shipping_1155,Free_Shipping,0.0,0.0,2024-07-17,2024-08-25,39,High_Value,Email,Reactivation,Unknown,0.071,14947.77,6.2,False,False,False,False,True
1156,Upsell_Free_Shipping_1156,Free_Shipping,0.0,0.0,2025-04-17,2025-04-30,13,Low_Value,In_App,Upsell,Books,0.07,34493.4,22.92,False,False,False,False,True
1157,Reactivation_Free_Shipping_1157,Free_Shipping,0.0,68.83,2025-01-09,2025-02-13,35,High_Value,Push,Reactivation,Beauty,0.14,46526.66,29.1,False,False,False,False,True
1158,Cross_Sell_Free_Shipping_1158,Free_Shipping,0.0,43.82,2024-07-13,2024-07-24,11,Lapsed,Social,Cross_Sell,Books,0.239,32562.19,10.1,False,False,False,False,True
1159,Upsell_Free_Shipping_1159,Free_Shipping,0.0,23.4,2024-09-19,2024-10-08,19,Low_Value,SMS,Upsell,Unknown,0.213,7216.15,6.81,False,False,False,False,True
1160,Retention_Fixed_Amount_1160,Fixed_Amount,46.85,0.0,2024-11-21,2024-12-10,19,All_Customers,Push,Retention,Unknown,0.229,45211.37,30.89,False,False,False,False,True
1161,Acquisition_Fixed_Amount_1161,Fixed_Amount,86.97,62.42,2024-08-01,2024-09-27,57,Low_Value,Website_Banner,Acquisition,Clothing,0.101,5676.37,42.3,False,False,False,False,True
1162,Acquisition_BOGO_1162,BOGO,0.0,0.0,2025-03-27,2025-04-15,19,Lapsed,Push,Acquisition,Electronics,0.201,25711.25,15.12,False,False,False,False,True
1163,Retention_Percentage_Discount_1163,Percentage_Discount,28.9,0.0,2025-08-30,2025-09-03,4,All_Customers,SMS,Retention,Unknown,0.23,38131.07,45.62,False,False,False,False,True
1164,Reactivation_BOGO_1164,BOGO,0.0,0.0,2025-03-03,2025-04-11,39,Lapsed,Social,Reactivation,Home,0.139,45481.41,29.64,False,False,False,False,True
1165,Retention_Percentage_Discount_1165,Percentage_Discount,,99.94,2025-04-30,2025-05-19,19,All_Customers,Website_Banner,Retention,Unknown,0.175,29564.45,38.28,False,True,False,False,True
1166,Reactivation_Percentage_Discount_1166,Percentage_Discount,47.1,0.0,2025-02-10,2025-03-19,37,High_Value,Push,Reactivation,Electronics,0.213,16507.29,28.33,False,False,False,False,True
1167,Retention_BOGO_1167,BOGO,0.0,87.27,2025-07-16,2025-07-25,9,All_Customers,In_App,Retention,Unknown,0.076,40453.09,46.67,False,False,False,False,True
1168,Acquisition_Free_Shipping_1168,Free_Shipping,0.0,3.8,2024-10-24,2024-11-16,23,High_Value,Push,Acquisition,Sports,0.124,49282.75,19.71,False,False,False,False,True
1169,Cross_Sell_Percentage_Discount_1169,Percentage_Discount,22.9,0.0,2024-08-01,2024-08-21,20,All_Customers,SMS,Cross_Sell,Electronics,0.059,35514.06,9.51,False,False,False,False,True
1170,Reactivation_Percentage_Discount_1170,Percentage_Discount,40.5,27.82,2025-08-14,2025-09-23,40,Lapsed,Social,Reactivation,Beauty,0.079,22057.87,14.33,False,False,False,False,True
1171,Upsell_Percentage_Discount_1171,Percentage_Discount,7.6,0.0,2025-03-15,2025-03-28,13,Lapsed,SMS,Upsell,Books,0.141,7326.1,46.81,False,False,False,False,True
1172,Cross_Sell_BOGO_1172,BOGO,0.0,54.48,2024-11-23,2024-12-03,10,Low_Value,Website_Banner,Cross_Sell,Unknown,0.181,36465.16,46.01,False,False,False,False,True
1173,Upsell_BOGO_1173,BOGO,0.0,0.0,2025-06-10,2025-06-19,9,High_Value,Email,Upsell,Unknown,0.157,1549.42,9.85,False,False,False,False,True
1174,Reactivation_BOGO_1174,BOGO,0.0,57.76,2025-07-13,2025-08-08,26,Low_Value,In_App,Reactivation,Unknown,0.23,9202.9,6.05,False,False,False,False,True
1175,Retention_Free_Shipping_1175,Free_Shipping,0.0,0.0,2024-10-10,2024-10-14,4,High_Value,Push,Retention,Electronics,0.059,42002.99,37.47,False,False,False,False,True
1176,Acquisition_Free_Shipping_1176,Free_Shipping,0.0,83.16,2024-08-14,2024-09-10,27,Medium_Value,Website_Banner,Acquisition,Beauty,0.104,7644.02,31.84,False,False,False,False,True
1177,Retention_BOGO_1177,BOGO,0.0,37.28,2025-03-04,2025-03-19,15,Lapsed,Push,Retention,Unknown,0.236,11402.55,28.02,False,False,False,False,True
1178,Upsell_Fixed_Amount_1178,Fixed_Amount,97.67,0.0,2024-08-28,2024-09-16,19,Medium_Value,Email,Upsell,Beauty,0.067,3925.85,31.84,False,False,False,False,True
1179,Retention_BOGO_1179,BOGO,0.0,99.66,2025-06-15,2025-06-18,3,Medium_Value,Email,Retention,Electronics,0.232,23934.59,14.21,False,False,False,False,True
1180,Cross_Sell_Percentage_Discount_1180,Percentage_Discount,17.7,49.64,2024-07-29,2024-08-10,12,Low_Value,Push,Cross_Sell,Clothing,0.161,5549.45,37.26,False,False,False,False,True
1181,Upsell_Fixed_Amount_1181,Fixed_Amount,45.92,0.0,2025-04-17,2025-04-24,7,High_Value,Website_Banner,Upsell,Unknown,0.154,20832.19,10.71,False,False,False,False,True
1182,Retention_Free_Shipping_1182,Free_Shipping,0.0,0.0,2025-09-12,2025-09-16,4,All_Customers,Email,Retention,Unknown,0.197,48386.72,21.16,False,False,False,False,True
1183,Cross_Sell_BOGO_1183,BOGO,0.0,67.93,2024-12-28,2025-01-01,4,New_Customer,In_App,Cross_Sell,Unknown,0.058,8907.4,37.66,False,False,False,False,True
1184,Retention_BOGO_1184,BOGO,0.0,95.28,2025-02-13,2025-03-05,20,All_Customers,Push,Retention,Home,0.226,11202.0,5.63,False,False,False,False,True
1185,Cross_Sell_Fixed_Amount_1185,Fixed_Amount,14.07,,2025-02-05,2025-02-15,10,High_Value,Email,Cross_Sell,Home,0.083,20425.68,32.71,False,False,False,False,True
1186,Upsell_Percentage_Discount_1186,Percentage_Discount,48.1,0.0,2025-03-11,2025-04-01,21,Lapsed,Push,Upsell,Unknown,0.193,48541.92,23.55,False,False,False,False,True
1187,Cross_Sell_Free_Shipping_1187,Free_Shipping,0.0,0.78,2024-09-27,2024-10-07,10,New_Customer,Push,Cross_Sell,Sports,0.127,22055.28,10.72,False,False,False,False,True
1188,Acquisition_Percentage_Discount_1188,Percentage_Discount,20.1,49.99,2025-06-26,2025-07-28,32,Low_Value,SMS,Acquisition,Unknown,0.06,17400.16,44.44,False,False,False,False,True
1189,Reactivation_Fixed_Amount_1189,Fixed_Amount,83.93,17.04,2024-12-05,2025-01-14,40,Medium_Value,SMS,Reactivation,Unknown,0.056,22945.09,39.65,False,False,False,False,True
1190,Retention_Fixed_Amount_1190,Fixed_Amount,85.84,61.7,2025-03-22,2025-04-12,21,New_Customer,Website_Banner,Retention,Unknown,0.138,9628.7,16.25,False,False,False,False,True
1191,Acquisition_Fixed_Amount_1191,Fixed_Amount,78.37,7.66,2025-01-26,2025-02-09,14,New_Customer,In_App,Acquisition,Unknown,0.058,46870.69,19.32,False,False,False,False,True
1192,Retention_Percentage_Discount_1192,Percentage_Discount,40.8,3.48,2024-12-29,2025-01-12,14,New_Customer,Push,Retention,Clothing,0.133,24153.39,42.72,False,False,False,False,True
1193,Cross_Sell_Free_Shipping_1193,Free_Shipping,0.0,0.0,2024-07-15,2024-07-30,15,Low_Value,Social,Cross_Sell,Unknown,0.106,28542.83,17.57,False,False,False,False,True
1194,Reactivation_Fixed_Amount_1194,Fixed_Amount,42.39,48.35,2025-05-15,2025-06-21,37,High_Value,Social,Reactivation,Unknown,0.077,2015.7,16.12,False,False,False,False,True
1195,Acquisition_Fixed_Amount_1195,Fixed_Amount,50.06,95.51,2025-07-18,2025-08-30,43,Medium_Value,In_App,Acquisition,Beauty,0.059,27004.2,42.23,False,False,False,False,True
1196,Acquisition_BOGO_1196,BOGO,0.0,0.0,2025-03-17,2025-04-02,16,Lapsed,In_App,Acquisition,Unknown,0.058,45122.71,45.09,False,False,False,False,True
1197,Retention_Percentage_Discount_1197,Percentage_Discount,33.5,0.0,2025-04-19,2025-04-29,10,Lapsed,In_App,Retention,Unknown,0.156,28253.14,9.41,False,False,False,False,True
1198,Acquisition_Percentage_Discount_1198,Percentage_Discount,11.6,13.99,2025-08-06,2025-09-30,55,Lapsed,SMS,Acquisition,Electronics,0.183,7971.02,16.78,False,False,False,False,True
1199,Reactivation_Free_Shipping_1199,Free_Shipping,0.0,,2025-07-25,2025-08-10,16,Low_Value,Push,Reactivation,Clothing,0.128,29052.38,46.28,False,False,False,False,True
1200,Acquisition_Percentage_Discount_1200,Percentage_Discount,29.2,0.0,2025-06-06,2025-07-17,41,High_Value,Website_Banner,Acquisition,Electronics,0.063,1509.81,33.68,False,False,False,False,True
1201,Reactivation_Fixed_Amount_1201,Fixed_Amount,41.28,,2025-01-16,2025-02-27,42,All_Customers,Push,Reactivation,Clothing,0.208,6707.24,31.9,False,False,False,False,True
1202,Acquisition_Fixed_Amount_1202,Fixed_Amount,10.86,82.86,2024-12-10,2024-11-13,27,New_Customer,Website_Banner,Acquisition,Unknown,0.21,20851.56,8.02,True,False,False,False,False
1203,Retention_BOGO_1203,BOGO,0.0,0.0,2025-05-15,2025-05-27,12,New_Customer,SMS,Retention,Unknown,0.215,33040.68,17.38,False,False,False,False,True
1204,Retention_Fixed_Amount_1204,Fixed_Amount,97.09,49.98,2025-07-28,2025-08-14,17,Medium_Value,Email,Retention,Unknown,0.176,11482.67,17.42,False,False,False,False,True
1205,Reactivation_Free_Shipping_1205,Free_Shipping,0.0,28.27,2025-01-31,2025-03-18,46,All_Customers,SMS,Reactivation,Electronics,0.106,44701.24,47.64,False,False,False,False,True
1206,Upsell_Percentage_Discount_1206,Percentage_Discount,6.5,83.18,2025-03-18,2025-03-21,3,New_Customer,SMS,Upsell,Unknown,0.173,44473.29,43.35,False,False,False,False,True
1207,Acquisition_Fixed_Amount_1207,Fixed_Amount,44.29,0.0,2024-09-08,2024-09-26,18,Lapsed,In_App,Acquisition,Unknown,0.118,29665.04,20.66,False,False,False,False,True
1208,Retention_Percentage_Discount_1208,Percentage_Discount,43.0,0.0,2024-09-24,2024-09-28,4,High_Value,Website_Banner,Retention,Unknown,0.211,27888.98,22.33,False,False,False,False,True
1209,Cross_Sell_Free_Shipping_1209,Free_Shipping,0.0,3.74,2025-09-04,2025-09-24,20,New_Customer,Website_Banner,Cross_Sell,Beauty,0.095,27498.83,37.46,False,False,False,False,True
1210,Upsell_BOGO_1210,BOGO,0.0,63.34,2024-10-19,2024-10-27,8,Low_Value,Social,Upsell,Unknown,0.243,25400.02,27.83,False,False,False,False,True
1211,Retention_Percentage_Discount_1211,Percentage_Discount,30.9,,2025-09-21,2025-09-25,4,All_Customers,Push,Retention,Unknown,0.232,45293.7,39.5,False,False,False,False,True
1212,Reactivation_BOGO_1212,BOGO,0.0,0.0,2024-09-12,2024-10-06,24,Low_Value,Email,Reactivation,Unknown,0.092,15804.2,17.86,False,False,False,False,True
1213,Upsell_BOGO_1213,BOGO,0.0,75.48,2024-10-01,2024-10-18,17,New_Customer,In_App,Upsell,Unknown,0.144,48820.23,31.62,False,False,False,False,True
1214,Acquisition_BOGO_1214,BOGO,0.0,10.77,2025-05-09,2025-07-01,53,High_Value,Push,Acquisition,Sports,0.168,42166.41,29.06,False,False,False,False,True
1215,Reactivation_Free_Shipping_1215,Free_Shipping,0.0,26.7,2025-05-26,2025-06-12,17,New_Customer,Push,Reactivation,Unknown,0.084,36930.14,31.28,False,False,False,False,True
1216,Reactivation_Fixed_Amount_1216,Fixed_Amount,11.81,1.83,2025-01-22,2025-03-11,48,High_Value,In_App,Reactivation,Beauty,0.164,5801.07,34.42,False,False,False,False,True
1217,Cross_Sell_Percentage_Discount_1217,Percentage_Discount,17.2,7.96,2025-02-20,2025-02-23,3,Lapsed,Email,Cross_Sell,Clothing,0.181,31351.35,45.35,False,False,False,False,True
1218,Reactivation_BOGO_1218,BOGO,0.0,19.55,2025-05-31,2025-07-18,48,New_Customer,Push,Reactivation,Home,0.193,49564.8,28.14,False,False,False,False,True
1219,Cross_Sell_Free_Shipping_1219,Free_Shipping,0.0,89.89,2025-03-14,2025-03-20,6,High_Value,Website_Banner,Cross_Sell,Home,0.079,48564.05,10.86,False,False,False,False,True
1220,Cross_Sell_Percentage_Discount_1220,Percentage_Discount,,40.14,2025-08-24,2025-08-29,5,Low_Value,Email,Cross_Sell,Unknown,0.172,16291.54,48.85,False,True,False,False,True
1221,Reactivation_BOGO_1221,BOGO,0.0,0.0,2025-05-01,2025-06-10,40,All_Customers,SMS,Reactivation,Unknown,0.16,7784.06,34.67,False,False,False,False,True
1222,Retention_Percentage_Discount_1222,Percentage_Discount,35.4,18.36,2024-12-21,2024-12-29,8,All_Customers,Email,Retention,Unknown,0.237,33985.49,17.73,False,False,False,False,True
1223,Retention_Fixed_Amount_1223,Fixed_Amount,74.0,0.0,2025-03-07,2025-03-17,10,Medium_Value,SMS,Retention,Sports,0.199,45249.75,14.16,False,False,False,False,True
1224,Upsell_Free_Shipping_1224,Free_Shipping,0.0,54.5,2024-08-20,2024-09-10,21,High_Value,In_App,Upsell,Books,0.204,8574.22,15.2,False,False,False,False,True
1225,Reactivation_Percentage_Discount_1225,Percentage_Discount,48.4,0.0,2024-08-11,2024-09-17,37,Lapsed,SMS,Reactivation,Unknown,0.131,46457.17,24.28,False,False,False,False,True
1226,Acquisition_Free_Shipping_1226,Free_Shipping,0.0,6.66,2024-09-03,2024-09-23,20,Low_Value,In_App,Acquisition,Home,0.134,6577.58,15.26,False,False,False,False,True
1227,Acquisition_Fixed_Amount_1227,Fixed_Amount,27.56,25.18,2025-06-26,2025-08-19,54,Low_Value,Email,Acquisition,Beauty,0.236,42141.41,8.57,False,False,False,False,True
1228,Acquisition_Percentage_Discount_1228,Percentage_Discount,48.6,91.24,2024-11-28,2024-11-11,17,High_Value,Email,Acquisition,Home,0.106,28391.33,47.9,True,False,False,False,False
1229,Reactivation_Percentage_Discount_1229,Percentage_Discount,9.9,88.09,2024-11-07,2024-12-07,30,New_Customer,Website_Banner,Reactivation,Electronics,0.242,2142.75,46.34,False,False,False,False,True
1230,Upsell_Free_Shipping_1230,Free_Shipping,0.0,76.31,2025-03-12,2025-03-31,19,Medium_Value,Social,Upsell,Sports,0.143,47203.53,12.7,False,False,False,False,True
1231,Reactivation_BOGO_1231,BOGO,0.0,83.37,2025-03-07,2025-04-12,36,Medium_Value,In_App,Reactivation,Unknown,0.204,14474.17,36.93,False,False,False,False,True
1232,Acquisition_Free_Shipping_1232,Free_Shipping,0.0,0.0,2025-02-09,2025-03-01,20,Low_Value,SMS,Acquisition,Electronics,0.2,46300.11,37.06,False,False,False,False,True
1233,Acquisition_Percentage_Discount_1233,Percentage_Discount,29.5,12.78,2025-04-18,2025-05-27,39,New_Customer,Email,Acquisition,Unknown,0.109,16580.02,7.31,False,False,False,False,True
1234,Reactivation_BOGO_1234,BOGO,0.0,13.29,2025-02-18,2025-03-25,35,All_Customers,Email,Reactivation,Books,0.065,43576.75,22.31,False,False,False,False,True
1235,Cross_Sell_Free_Shipping_1235,Free_Shipping,0.0,,2025-04-10,2025-04-18,8,New_Customer,Social,Cross_Sell,Unknown,0.155,19692.83,37.31,False,False,False,False,True
1236,Reactivation_Fixed_Amount_1236,Fixed_Amount,27.73,93.93,2024-11-21,2024-12-21,30,Low_Value,Website_Banner,Reactivation,Unknown,0.065,43712.02,8.21,False,False,False,False,True
1237,Retention_Percentage_Discount_1237,Percentage_Discount,38.8,79.55,2025-05-05,2025-05-26,21,All_Customers,Push,Retention,Unknown,0.084,14579.98,9.86,False,False,False,False,True
1238,Reactivation_Fixed_Amount_1238,Fixed_Amount,81.56,0.0,2025-02-08,2025-03-31,51,Lapsed,Website_Banner,Reactivation,Unknown,0.176,43254.12,24.56,False,False,False,False,True
1239,Reactivation_Fixed_Amount_1239,Fixed_Amount,38.77,95.31,2024-09-11,2024-10-16,35,Medium_Value,Website_Banner,Reactivation,Unknown,0.169,38985.54,37.1,False,False,False,False,True
1240,Retention_BOGO_1240,BOGO,0.0,64.69,2025-03-07,2025-03-13,6,New_Customer,SMS,Retention,Home,0.095,32106.3,41.1,False,False,False,False,True
1241,Upsell_BOGO_1241,BOGO,0.0,0.0,2025-07-04,2025-07-10,6,Low_Value,Push,Upsell,Clothing,0.174,32057.55,27.6,False,False,False,False,True
1242,Retention_Fixed_Amount_1242,Fixed_Amount,30.13,94.26,2025-09-15,2025-09-25,10,Lapsed,Website_Banner,Retention,Unknown,0.177,17628.89,42.26,False,False,False,False,True
1243,Cross_Sell_Fixed_Amount_1243,Fixed_Amount,7.02,94.76,2024-07-27,2024-08-03,7,All_Customers,Website_Banner,Cross_Sell,Clothing,0.23,21052.16,32.07,False,False,False,False,True
1244,Cross_Sell_Percentage_Discount_1244,Percentage_Discount,49.2,0.0,2024-09-05,2024-09-17,12,Medium_Value,Email,Cross_Sell,Books,0.106,6533.87,29.02,False,False,False,False,True
1245,Retention_Fixed_Amount_1245,Fixed_Amount,79.27,0.0,2024-07-05,2024-07-21,16,High_Value,Push,Retention,Unknown,0.241,30939.93,32.38,False,False,False,False,True
1246,Retention_Free_Shipping_1246,Free_Shipping,0.0,,2025-02-12,2025-02-17,5,Medium_Value,In_App,Retention,Unknown,0.068,37931.1,24.09,False,False,False,False,True
1247,Reactivation_BOGO_1247,BOGO,0.0,,2024-08-17,2024-09-07,21,Medium_Value,Social,Reactivation,Beauty,0.201,4915.95,30.75,False,False,False,False,True
1248,Acquisition_BOGO_1248,BOGO,0.0,71.17,2024-12-20,2025-01-20,31,Low_Value,In_App,Acquisition,Clothing,0.088,49914.36,33.15,False,False,False,False,True
1249,Cross_Sell_Fixed_Amount_1249,Fixed_Amount,38.0,0.0,2024-07-10,2024-07-25,15,Medium_Value,Social,Cross_Sell,Clothing,0.139,33072.24,9.32,False,False,False,False,True
1250,Cross_Sell_BOGO_1250,BOGO,0.0,0.0,2025-08-12,2025-09-01,20,New_Customer,SMS,Cross_Sell,Beauty,0.24,25049.13,39.59,False,False,False,False,True
1251,Acquisition_BOGO_1251,BOGO,0.0,0.0,2025-02-03,2025-03-23,48,High_Value,In_App,Acquisition,Beauty,0.126,16619.48,37.6,False,False,False,False,True
1252,Retention_BOGO_1252,BOGO,0.0,0.0,2024-10-24,2024-10-27,3,New_Customer,SMS,Retention,Unknown,0.204,29043.79,24.42,False,False,False,False,True
1253,Acquisition_Percentage_Discount_1253,Percentage_Discount,12.6,89.06,2025-07-07,2025-08-31,55,New_Customer,SMS,Acquisition,Sports,0.138,37007.1,25.42,False,False,False,False,True
1254,Upsell_Fixed_Amount_1254,Fixed_Amount,53.67,83.76,2025-06-12,2025-06-27,15,All_Customers,SMS,Upsell,Unknown,0.207,20011.83,38.05,False,False,False,False,True
1255,Upsell_Percentage_Discount_1255,Percentage_Discount,36.9,83.7,2025-06-30,2025-07-21,21,All_Customers,Social,Upsell,Sports,0.212,4289.01,44.77,False,False,False,False,True
1256,Reactivation_Percentage_Discount_1256,Percentage_Discount,42.6,0.0,2025-07-11,2025-08-17,37,High_Value,In_App,Reactivation,Unknown,0.061,4164.83,27.42,False,False,False,False,True
1257,Upsell_Fixed_Amount_1257,Fixed_Amount,22.55,43.11,2025-01-03,2025-01-21,18,All_Customers,Email,Upsell,Unknown,0.071,42931.0,6.07,False,False,False,False,True
1258,Cross_Sell_Percentage_Discount_1258,Percentage_Discount,30.1,0.0,2024-09-09,2024-09-14,5,New_Customer,In_App,Cross_Sell,Books,0.083,26425.98,21.81,False,False,False,False,True
1259,Acquisition_Fixed_Amount_1259,Fixed_Amount,92.48,29.4,2025-04-25,2025-06-17,53,Medium_Value,Push,Acquisition,Clothing,0.153,28933.07,8.36,False,False,False,False,True
1260,Retention_BOGO_1260,BOGO,0.0,54.13,2025-05-26,2025-06-06,11,Lapsed,Website_Banner,Retention,Beauty,0.179,13976.02,9.57,False,False,False,False,True
1261,Reactivation_Fixed_Amount_1261,Fixed_Amount,15.62,32.15,2024-12-06,2025-01-27,52,Medium_Value,Email,Reactivation,Unknown,0.055,43367.75,38.64,False,False,False,False,True
1262,Acquisition_BOGO_1262,BOGO,0.0,0.0,2024-10-24,2024-12-23,60,Low_Value,Social,Acquisition,Clothing,0.132,33323.34,49.22,False,False,False,False,True
1263,Reactivation_Free_Shipping_1263,Free_Shipping,0.0,0.0,2024-08-25,2024-09-20,26,Medium_Value,Website_Banner,Reactivation,Unknown,0.245,14669.06,34.8,False,False,False,False,True
1264,Acquisition_Percentage_Discount_1264,Percentage_Discount,20.1,0.0,2024-11-26,2024-12-11,15,High_Value,Email,Acquisition,Home,0.077,1227.62,6.45,False,False,False,False,True
1265,Reactivation_Percentage_Discount_1265,Percentage_Discount,19.4,0.0,2024-11-17,2025-01-01,45,Low_Value,Email,Reactivation,Unknown,0.093,4762.35,23.88,False,False,False,False,True
1266,Upsell_Free_Shipping_1266,Free_Shipping,0.0,0.0,2024-10-02,2024-10-09,7,All_Customers,Email,Upsell,Unknown,0.213,47887.58,36.14,False,False,False,False,True
1267,Upsell_Fixed_Amount_1267,Fixed_Amount,83.3,41.28,2024-12-20,2024-12-27,7,High_Value,Push,Upsell,Unknown,0.097,49705.17,9.41,False,False,False,False,True
1268,Retention_Fixed_Amount_1268,Fixed_Amount,72.69,0.0,2025-06-13,2025-07-03,20,High_Value,Email,Retention,Electronics,0.169,43541.95,26.37,False,False,False,False,True
1269,Acquisition_Free_Shipping_1269,Free_Shipping,0.0,12.33,2025-02-12,2024-12-29,45,All_Customers,Email,Acquisition,Books,0.055,36933.07,11.01,True,False,False,False,False
1270,Cross_Sell_BOGO_1270,BOGO,0.0,44.05,2024-11-01,2024-11-16,15,Low_Value,Social,Cross_Sell,Sports,0.117,9894.32,25.53,False,False,False,False,True
1271,Acquisition_Percentage_Discount_1271,Percentage_Discount,6.6,0.0,2025-01-10,2025-02-05,26,High_Value,Push,Acquisition,Unknown,0.113,40978.03,8.76,False,False,False,False,True
1272,Cross_Sell_Fixed_Amount_1272,Fixed_Amount,48.81,72.97,2025-06-18,2025-07-03,15,High_Value,Social,Cross_Sell,Beauty,0.221,36606.46,43.52,False,False,False,False,True
1273,Cross_Sell_Percentage_Discount_1273,Percentage_Discount,47.8,0.0,2024-11-19,2024-12-09,20,Low_Value,Social,Cross_Sell,Beauty,0.193,41846.24,33.63,False,False,False,False,True
1274,Reactivation_BOGO_1274,BOGO,0.0,42.33,2025-07-06,2025-08-12,37,Medium_Value,SMS,Reactivation,Unknown,0.216,49436.18,39.99,False,False,False,False,True
1275,Retention_Fixed_Amount_1275,Fixed_Amount,48.36,0.13,2024-09-13,2024-09-16,3,Lapsed,Website_Banner,Retention,Home,0.211,29166.21,29.64,False,False,False,False,True
1276,Reactivation_Free_Shipping_1276,Free_Shipping,0.0,17.63,2025-04-03,2025-05-20,47,All_Customers,In_App,Reactivation,Unknown,0.118,14943.8,16.95,False,False,False,False,True
1277,Cross_Sell_Free_Shipping_1277,Free_Shipping,0.0,85.47,2025-07-31,2025-08-07,7,Lapsed,Social,Cross_Sell,Unknown,0.195,10294.15,5.87,False,False,False,False,True
1278,Acquisition_Percentage_Discount_1278,Percentage_Discount,8.3,59.48,2025-04-08,2025-06-03,56,Low_Value,SMS,Acquisition,Unknown,0.102,12709.68,32.65,False,False,False,False,True
1279,Cross_Sell_Percentage_Discount_1279,Percentage_Discount,44.7,23.48,2024-10-25,2024-10-11,14,High_Value,Website_Banner,Cross_Sell,Unknown,0.225,18693.3,34.73,True,False,False,False,False
1280,Upsell_Percentage_Discount_1280,Percentage_Discount,29.1,64.51,2025-03-20,2025-04-10,21,All_Customers,SMS,Upsell,Unknown,0.105,6843.28,19.03,False,False,False,False,True
1281,Reactivation_Free_Shipping_1281,Free_Shipping,0.0,0.0,2025-01-21,2025-02-24,34,High_Value,Email,Reactivation,Unknown,0.201,45660.1,42.49,False,False,False,False,True
1282,Cross_Sell_BOGO_1282,BOGO,0.0,40.33,2025-01-22,2025-02-02,11,Lapsed,Website_Banner,Cross_Sell,Unknown,0.08,32587.6,19.43,False,False,False,False,True
1283,Retention_Percentage_Discount_1283,Percentage_Discount,16.5,76.5,2024-12-21,2025-01-05,15,Medium_Value,In_App,Retention,Unknown,0.178,49423.58,34.11,False,False,False,False,True
1284,Cross_Sell_Free_Shipping_1284,Free_Shipping,0.0,42.47,2025-03-15,2025-03-21,6,Low_Value,In_App,Cross_Sell,Electronics,0.19,43159.4,27.58,False,False,False,False,True
1285,Acquisition_Percentage_Discount_1285,Percentage_Discount,47.7,13.71,2025-03-27,2025-05-24,58,All_Customers,In_App,Acquisition,Clothing,0.211,37741.3,42.97,False,False,False,False,True
1286,Upsell_BOGO_1286,BOGO,0.0,0.0,2025-05-01,2025-05-11,10,All_Customers,Push,Upsell,Sports,0.152,33536.01,43.79,False,False,False,False,True
1287,Reactivation_Fixed_Amount_1287,Fixed_Amount,42.64,4.21,2024-08-05,2024-09-17,43,Medium_Value,Push,Reactivation,Unknown,0.211,31052.25,36.36,False,False,False,False,True
1288,Upsell_BOGO_1288,BOGO,0.0,77.37,2025-03-01,2025-03-15,14,All_Customers,In_App,Upsell,Unknown,0.233,21857.3,10.32,False,False,False,False,True
1289,Cross_Sell_Percentage_Discount_1289,Percentage_Discount,21.8,0.0,2024-07-09,2024-07-16,7,High_Value,Social,Cross_Sell,Unknown,0.25,1203.12,20.03,False,False,False,False,True
1290,Reactivation_Percentage_Discount_1290,Percentage_Discount,24.3,46.72,2024-10-24,2024-11-16,23,Lapsed,Push,Reactivation,Unknown,0.102,10973.7,29.38,False,False,False,False,True
1291,Upsell_Fixed_Amount_1291,Fixed_Amount,34.49,0.0,2025-03-12,2025-03-24,12,High_Value,In_App,Upsell,Unknown,0.075,1236.3,18.65,False,False,False,False,True
1292,Reactivation_BOGO_1292,BOGO,0.0,94.57,2024-09-21,2024-10-19,28,Medium_Value,Website_Banner,Reactivation,Unknown,0.162,9304.2,47.41,False,False,False,False,True
1293,Reactivation_BOGO_1293,BOGO,0.0,14.68,2024-09-17,2024-10-03,16,Lapsed,Push,Reactivation,Sports,0.111,35604.91,40.73,False,False,False,False,True
1294,Retention_Fixed_Amount_1294,Fixed_Amount,9.0,74.0,2024-12-22,2024-12-09,13,Low_Value,In_App,Retention,Unknown,0.064,34241.51,48.2,True,False,False,False,False
1295,Cross_Sell_Fixed_Amount_1295,Fixed_Amount,14.73,65.87,2024-12-23,2025-01-12,20,New_Customer,SMS,Cross_Sell,Home,0.117,27358.92,27.31,False,False,False,False,True
1296,Reactivation_Fixed_Amount_1296,Fixed_Amount,60.96,77.44,2024-10-27,2024-12-13,47,New_Customer,Website_Banner,Reactivation,Unknown,0.061,43277.5,15.17,False,False,False,False,True
1297,Cross_Sell_Percentage_Discount_1297,Percentage_Discount,15.8,29.71,2024-10-31,2024-11-16,16,All_Customers,In_App,Cross_Sell,Clothing,0.12,23097.28,45.66,False,False,False,False,True
1298,Reactivation_BOGO_1298,BOGO,0.0,21.1,2024-12-09,2025-01-13,35,Lapsed,Social,Reactivation,Unknown,0.073,7577.6,44.77,False,False,False,False,True
1299,Upsell_Fixed_Amount_1299,Fixed_Amount,49.97,49.71,2025-07-03,2025-07-08,5,Low_Value,Push,Upsell,Books,0.072,12439.77,18.41,False,False,False,False,True
1300,Reactivation_Free_Shipping_1300,Free_Shipping,0.0,0.0,2025-03-01,2025-04-01,31,All_Customers,Push,Reactivation,Unknown,0.19,9762.78,11.72,False,False,False,False,True
1301,Acquisition_Percentage_Discount_1301,Percentage_Discount,31.5,0.0,2024-11-12,2024-12-07,25,High_Value,Push,Acquisition,Unknown,0.17,14161.0,45.65,False,False,False,False,True
1302,Upsell_Free_Shipping_1302,Free_Shipping,0.0,18.8,2024-09-22,2024-10-10,18,Low_Value,In_App,Upsell,Unknown,0.248,17739.05,25.92,False,False,False,False,True
1303,Upsell_Percentage_Discount_1303,Percentage_Discount,33.8,13.13,2024-08-28,2024-09-05,8,Medium_Value,Social,Upsell,Clothing,0.143,25755.64,5.35,False,False,False,False,True
1304,Upsell_Percentage_Discount_1304,Percentage_Discount,5.8,,2024-08-20,2024-09-05,16,High_Value,Push,Upsell,Electronics,0.138,31922.89,13.02,False,False,False,False,True
1305,Retention_Free_Shipping_1305,Free_Shipping,0.0,83.4,2024-08-01,2024-08-07,6,High_Value,Email,Retention,Electronics,0.112,18955.72,26.87,False,False,False,False,True
1306,Reactivation_Free_Shipping_1306,Free_Shipping,0.0,1.99,2025-07-15,2025-08-24,40,Lapsed,Social,Reactivation,Unknown,0.153,37154.18,26.79,False,False,False,False,True
1307,Retention_Percentage_Discount_1307,Percentage_Discount,7.5,13.01,2025-05-20,2025-06-05,16,Low_Value,Website_Banner,Retention,Unknown,0.108,11144.1,27.32,False,False,False,False,True
1308,Cross_Sell_Free_Shipping_1308,Free_Shipping,0.0,13.33,2024-12-27,2025-01-08,12,All_Customers,Push,Cross_Sell,Electronics,0.134,29269.48,24.83,False,False,False,False,True
1309,Reactivation_Fixed_Amount_1309,Fixed_Amount,25.96,27.18,2025-08-11,2025-08-26,15,Medium_Value,SMS,Reactivation,Beauty,0.078,15478.09,26.72,False,False,False,False,True
1310,Cross_Sell_Fixed_Amount_1310,Fixed_Amount,90.96,2.75,2025-02-18,2025-03-04,14,All_Customers,In_App,Cross_Sell,Beauty,0.11,41646.86,36.28,False,False,False,False,True
1311,Reactivation_Fixed_Amount_1311,Fixed_Amount,17.3,0.0,2025-06-19,2025-07-16,27,High_Value,Email,Reactivation,Home,0.119,42995.79,44.09,False,False,False,False,True
1312,Upsell_Percentage_Discount_1312,Percentage_Discount,42.9,0.0,2025-05-02,2025-05-09,7,Low_Value,Website_Banner,Upsell,Unknown,0.103,49579.24,30.09,False,False,False,False,True
1313,Reactivation_Free_Shipping_1313,Free_Shipping,0.0,57.03,2024-09-27,2024-10-26,29,Medium_Value,SMS,Reactivation,Home,0.17,48774.86,49.98,False,False,False,False,True
1314,Reactivation_BOGO_1314,BOGO,0.0,71.27,2024-12-20,2025-02-17,59,Lapsed,In_App,Reactivation,Unknown,0.2,33555.89,46.25,False,False,False,False,True
1315,Cross_Sell_Percentage_Discount_1315,Percentage_Discount,13.0,0.0,2025-08-10,2025-08-26,16,Medium_Value,In_App,Cross_Sell,Books,0.21,42255.04,40.26,False,False,False,False,True
1316,Reactivation_Free_Shipping_1316,Free_Shipping,0.0,26.48,2025-07-23,2025-08-28,36,Medium_Value,In_App,Reactivation,Beauty,0.177,17509.01,47.9,False,False,False,False,True
1317,Reactivation_BOGO_1317,BOGO,0.0,58.1,2024-08-05,2024-09-20,46,Low_Value,Social,Reactivation,Clothing,0.089,45373.12,7.75,False,False,False,False,True
1318,Upsell_Fixed_Amount_1318,Fixed_Amount,36.35,,2024-08-21,2024-09-07,17,Lapsed,Push,Upsell,Electronics,0.082,25137.84,25.45,False,False,False,False,True
1319,Cross_Sell_Percentage_Discount_1319,Percentage_Discount,20.1,39.28,2025-04-12,2025-04-22,10,All_Customers,Push,Cross_Sell,Unknown,0.091,8164.5,28.56,False,False,False,False,True
1320,Retention_Fixed_Amount_1320,Fixed_Amount,64.32,2.75,2025-07-06,2025-07-11,5,Low_Value,Social,Retention,Unknown,0.083,44610.59,42.13,False,False,False,False,True
1321,Reactivation_BOGO_1321,BOGO,0.0,0.0,2025-08-12,2025-09-11,30,Lapsed,Website_Banner,Reactivation,Unknown,0.051,40660.09,23.86,False,False,False,False,True
1322,Reactivation_BOGO_1322,BOGO,0.0,35.84,2025-03-17,2025-04-07,21,Low_Value,Push,Reactivation,Unknown,0.132,45155.69,36.1,False,False,False,False,True
1323,Cross_Sell_Free_Shipping_1323,Free_Shipping,0.0,55.7,2025-02-20,2025-03-08,16,Medium_Value,SMS,Cross_Sell,Beauty,0.187,43095.26,6.3,False,False,False,False,True
1324,Retention_Free_Shipping_1324,Free_Shipping,0.0,23.97,2025-01-11,2025-01-20,9,Medium_Value,SMS,Retention,Unknown,0.076,46778.36,40.41,False,False,False,False,True
1325,Reactivation_Percentage_Discount_1325,Percentage_Discount,32.1,0.0,2024-10-23,2024-12-17,55,Medium_Value,Push,Reactivation,Sports,0.195,47903.52,47.78,False,False,False,False,True
1326,Cross_Sell_Percentage_Discount_1326,Percentage_Discount,42.4,94.67,2024-07-07,2024-07-15,8,High_Value,Email,Cross_Sell,Unknown,0.176,35595.11,11.81,False,False,False,False,True
1327,Acquisition_Free_Shipping_1327,Free_Shipping,0.0,6.8,2025-06-02,2025-07-22,50,Lapsed,Push,Acquisition,Books,0.076,43367.97,13.67,False,False,False,False,True
1328,Cross_Sell_Free_Shipping_1328,Free_Shipping,0.0,0.0,2025-07-12,2025-07-21,9,Low_Value,Social,Cross_Sell,Unknown,0.068,10708.2,16.97,False,False,False,False,True
1329,Acquisition_BOGO_1329,BOGO,0.0,53.15,2024-10-31,2024-11-27,27,High_Value,In_App,Acquisition,Clothing,0.238,9593.9,29.48,False,False,False,False,True
1330,Upsell_Fixed_Amount_1330,Fixed_Amount,24.88,0.0,2025-04-17,2025-04-25,8,All_Customers,In_App,Upsell,Unknown,0.174,40835.87,15.66,False,False,False,False,True
1331,Retention_Free_Shipping_1331,Free_Shipping,0.0,0.0,2025-03-31,2025-04-19,19,Low_Value,SMS,Retention,Home,0.249,16282.69,8.96,False,False,False,False,True
1332,Upsell_Percentage_Discount_1332,Percentage_Discount,36.7,0.0,2025-09-22,2025-09-30,8,Low_Value,Social,Upsell,Sports,0.105,3535.44,13.12,False,False,False,False,True
1333,Upsell_BOGO_1333,BOGO,0.0,87.47,2025-03-12,2025-03-31,19,High_Value,In_App,Upsell,Unknown,0.141,28592.55,25.68,False,False,False,False,True
1334,Reactivation_Free_Shipping_1334,Free_Shipping,0.0,1.88,2024-11-02,2024-12-14,42,Medium_Value,Email,Reactivation,Books,0.105,33382.11,28.35,False,False,False,False,True
1335,Acquisition_BOGO_1335,BOGO,0.0,0.0,2024-11-09,2024-10-06,34,High_Value,SMS,Acquisition,Unknown,0.221,37612.05,44.9,True,False,False,False,False
1336,Acquisition_Fixed_Amount_1336,Fixed_Amount,97.27,56.86,2025-07-18,2025-09-09,53,Lapsed,Website_Banner,Acquisition,Electronics,0.112,27158.84,36.63,False,False,False,False,True
1337,Acquisition_Free_Shipping_1337,Free_Shipping,0.0,64.24,2024-07-14,2024-09-02,50,Medium_Value,Website_Banner,Acquisition,Unknown,0.111,31740.04,17.84,False,False,False,False,True
1338,Upsell_Fixed_Amount_1338,Fixed_Amount,97.58,0.0,2025-03-03,2025-03-10,7,Low_Value,Social,Upsell,Unknown,0.213,37968.08,16.3,False,False,False,False,True
1339,Upsell_Free_Shipping_1339,Free_Shipping,0.0,56.73,2024-12-23,2024-12-30,7,Lapsed,Email,Upsell,Beauty,0.201,24676.03,32.36,False,False,False,False,True
1340,Cross_Sell_Free_Shipping_1340,Free_Shipping,0.0,45.53,2024-08-19,2024-09-01,13,Medium_Value,In_App,Cross_Sell,Sports,0.195,33123.49,29.68,False,False,False,False,True
1341,Reactivation_BOGO_1341,BOGO,0.0,64.26,2025-06-02,2025-07-16,44,All_Customers,In_App,Reactivation,Unknown,0.124,43382.3,29.3,False,False,False,False,True
1342,Cross_Sell_Percentage_Discount_1342,Percentage_Discount,12.4,47.9,2025-08-20,2025-08-26,6,Medium_Value,Push,Cross_Sell,Sports,0.195,48151.42,24.61,False,False,False,False,True
1343,Acquisition_Percentage_Discount_1343,Percentage_Discount,38.0,98.34,2025-05-12,2025-05-26,14,High_Value,Email,Acquisition,Unknown,0.217,46433.86,42.45,False,False,False,False,True
1344,Retention_Percentage_Discount_1344,Percentage_Discount,22.8,28.14,2025-07-10,2025-07-31,21,Medium_Value,In_App,Retention,Books,0.068,13014.34,44.96,False,False,False,False,True
1345,Acquisition_BOGO_1345,BOGO,0.0,0.0,2024-10-04,2024-10-23,19,Lapsed,Website_Banner,Acquisition,Unknown,0.212,9714.75,43.07,False,False,False,False,True
1346,Reactivation_Fixed_Amount_1346,Fixed_Amount,66.47,79.62,2025-07-18,2025-08-09,22,All_Customers,Website_Banner,Reactivation,Sports,0.112,10338.67,26.56,False,False,False,False,True
1347,Reactivation_Free_Shipping_1347,Free_Shipping,0.0,,2025-07-15,2025-08-13,29,Lapsed,SMS,Reactivation,Unknown,0.15,36241.87,10.65,False,False,False,False,True
1348,Upsell_Fixed_Amount_1348,Fixed_Amount,15.45,10.79,2024-09-07,2024-09-18,11,New_Customer,Website_Banner,Upsell,Unknown,0.198,12647.6,12.76,False,False,False,False,True
1349,Retention_BOGO_1349,BOGO,0.0,0.0,2024-12-24,2025-01-03,10,Medium_Value,SMS,Retention,Unknown,0.212,22517.28,49.84,False,False,False,False,True
1350,Reactivation_Free_Shipping_1350,Free_Shipping,0.0,61.85,2024-07-30,2024-08-14,15,Low_Value,Website_Banner,Reactivation,Unknown,0.209,14485.41,11.9,False,False,False,False,True
1351,Retention_Free_Shipping_1351,Free_Shipping,0.0,63.61,2025-04-03,2025-04-15,12,Low_Value,Website_Banner,Retention,Clothing,0.075,49493.03,43.14,False,False,False,False,True
1352,Acquisition_Free_Shipping_1352,Free_Shipping,0.0,80.2,2025-05-01,2025-06-18,48,Lapsed,Email,Acquisition,Clothing,0.12,21563.43,38.41,False,False,False,False,True
1353,Reactivation_Free_Shipping_1353,Free_Shipping,0.0,73.43,2024-08-06,2024-10-05,60,High_Value,In_App,Reactivation,Unknown,0.052,19036.39,8.45,False,False,False,False,True
1354,Retention_BOGO_1354,BOGO,0.0,60.46,2025-08-10,2025-08-18,8,High_Value,Email,Retention,Unknown,0.064,32911.98,22.55,False,False,False,False,True
1355,Upsell_BOGO_1355,BOGO,0.0,35.18,2024-12-10,2024-12-15,5,Medium_Value,Social,Upsell,Sports,0.178,45121.51,18.91,False,False,False,False,True
1356,Cross_Sell_BOGO_1356,BOGO,0.0,22.04,2024-09-16,2024-08-28,19,New_Customer,Social,Cross_Sell,Unknown,0.21,4300.43,31.0,True,False,False,False,False
1357,Retention_Fixed_Amount_1357,Fixed_Amount,88.76,0.0,2025-03-28,2025-04-08,11,Medium_Value,Email,Retention,Sports,0.19,46656.21,17.38,False,False,False,False,True
1358,Reactivation_BOGO_1358,BOGO,0.0,60.83,2025-01-22,2025-03-02,39,Lapsed,SMS,Reactivation,Clothing,0.162,28160.53,31.76,False,False,False,False,True
1359,Cross_Sell_Free_Shipping_1359,Free_Shipping,0.0,10.59,2025-01-13,2025-01-23,10,All_Customers,In_App,Cross_Sell,Electronics,0.121,41019.9,28.2,False,False,False,False,True
1360,Reactivation_Fixed_Amount_1360,Fixed_Amount,67.27,60.2,2025-04-12,2025-06-09,58,High_Value,Push,Reactivation,Unknown,0.101,15811.35,16.59,False,False,False,False,True
1361,Upsell_BOGO_1361,BOGO,0.0,90.32,2024-12-23,2025-01-12,20,Low_Value,Website_Banner,Upsell,Unknown,0.075,48135.28,16.48,False,False,False,False,True
1362,Upsell_Percentage_Discount_1362,Percentage_Discount,47.2,23.37,2024-11-27,2024-12-08,11,High_Value,SMS,Upsell,Unknown,0.208,19628.3,27.32,False,False,False,False,True
1363,Upsell_Percentage_Discount_1363,Percentage_Discount,8.1,0.0,2025-03-22,2025-03-29,7,New_Customer,Email,Upsell,Beauty,0.208,47295.01,22.91,False,False,False,False,True
1364,Cross_Sell_BOGO_1364,BOGO,0.0,31.29,2025-02-24,2025-03-03,7,New_Customer,SMS,Cross_Sell,Unknown,0.101,4465.18,6.5,False,False,False,False,True
1365,Reactivation_BOGO_1365,BOGO,0.0,0.0,2024-08-16,2024-09-22,37,Low_Value,Email,Reactivation,Unknown,0.249,3641.1,25.27,False,False,False,False,True
1366,Reactivation_BOGO_1366,BOGO,0.0,0.0,2025-06-10,2025-08-07,58,High_Value,Push,Reactivation,Sports,0.054,36052.57,40.11,False,False,False,False,True
1367,Acquisition_Percentage_Discount_1367,Percentage_Discount,12.6,0.0,2025-03-10,2025-03-31,21,High_Value,Website_Banner,Acquisition,Electronics,0.093,38437.95,36.87,False,False,False,False,True
1368,Reactivation_Free_Shipping_1368,Free_Shipping,0.0,79.11,2025-04-03,2025-05-03,30,All_Customers,Email,Reactivation,Unknown,0.156,18590.34,22.38,False,False,False,False,True
1369,Reactivation_Free_Shipping_1369,Free_Shipping,0.0,,2025-04-02,2025-05-11,39,Low_Value,Website_Banner,Reactivation,Unknown,0.109,41960.58,12.69,False,False,False,False,True
1370,Reactivation_Free_Shipping_1370,Free_Shipping,0.0,29.32,2024-08-17,2024-10-02,46,Medium_Value,Social,Reactivation,Unknown,0.119,35831.94,12.75,False,False,False,False,True
1371,Acquisition_Percentage_Discount_1371,Percentage_Discount,9.2,0.0,2024-12-16,2025-01-12,27,High_Value,Push,Acquisition,Clothing,0.226,9504.95,28.75,False,False,False,False,True
1372,Reactivation_Free_Shipping_1372,Free_Shipping,0.0,63.57,2025-03-04,2025-04-17,44,New_Customer,SMS,Reactivation,Beauty,0.184,47817.61,11.58,False,False,False,False,True
1373,Acquisition_BOGO_1373,BOGO,0.0,0.0,2025-03-08,2025-05-05,58,New_Customer,Email,Acquisition,Unknown,0.155,1825.38,24.48,False,False,False,False,True
1374,Cross_Sell_Percentage_Discount_1374,Percentage_Discount,48.0,0.0,2024-12-07,2024-12-14,7,All_Customers,Website_Banner,Cross_Sell,Home,0.147,22455.53,35.33,False,False,False,False,True
1375,Upsell_Free_Shipping_1375,Free_Shipping,0.0,17.85,2025-08-26,2025-09-03,8,New_Customer,Website_Banner,Upsell,Books,0.207,16375.69,20.48,False,False,False,False,True
1376,Acquisition_Fixed_Amount_1376,Fixed_Amount,15.18,28.01,2024-08-29,2024-09-16,18,New_Customer,Push,Acquisition,Unknown,0.227,19542.93,11.08,False,False,False,False,True
1377,Upsell_Percentage_Discount_1377,Percentage_Discount,14.7,97.66,2025-05-14,2025-05-20,6,Low_Value,Push,Upsell,Electronics,0.072,12616.54,26.55,False,False,False,False,True
1378,Reactivation_Free_Shipping_1378,Free_Shipping,0.0,0.0,2025-03-23,2025-05-13,51,Low_Value,Email,Reactivation,Unknown,0.099,23030.97,23.2,False,False,False,False,True
1379,Cross_Sell_BOGO_1379,BOGO,0.0,8.27,2025-08-27,2025-09-11,15,Lapsed,Website_Banner,Cross_Sell,Sports,0.117,11413.27,9.95,False,False,False,False,True
1380,Retention_Free_Shipping_1380,Free_Shipping,0.0,90.94,2025-02-17,2025-02-27,10,Lapsed,Website_Banner,Retention,Unknown,0.231,47975.79,47.82,False,False,False,False,True
1381,Retention_Fixed_Amount_1381,Fixed_Amount,37.63,52.36,2025-03-27,2025-04-07,11,All_Customers,In_App,Retention,Unknown,0.194,14727.81,18.5,False,False,False,False,True
1382,Reactivation_BOGO_1382,BOGO,0.0,0.0,2024-09-03,2024-11-01,59,High_Value,Email,Reactivation,Books,0.248,4335.81,25.03,False,False,False,False,True
1383,Retention_Fixed_Amount_1383,Fixed_Amount,17.33,0.0,2025-01-01,2025-01-04,3,New_Customer,Website_Banner,Retention,Books,0.161,36946.56,42.7,False,False,False,False,True
1384,Reactivation_BOGO_1384,BOGO,0.0,75.53,2024-07-24,2024-08-15,22,New_Customer,Push,Reactivation,Unknown,0.105,24282.91,9.18,False,False,False,False,True
1385,Acquisition_Free_Shipping_1385,Free_Shipping,0.0,29.62,2024-08-22,2024-09-29,38,Lapsed,Email,Acquisition,Beauty,0.17,19053.85,49.37,False,False,False,False,True
1386,Reactivation_BOGO_1386,BOGO,,28.66,2024-12-18,2025-01-12,25,High_Value,Social,Reactivation,Unknown,0.055,28398.66,15.39,False,True,False,False,True
1387,Retention_Fixed_Amount_1387,Fixed_Amount,39.5,0.0,2025-02-18,2025-03-03,13,New_Customer,SMS,Retention,Unknown,0.23,12587.88,44.69,False,False,False,False,True
1388,Retention_Fixed_Amount_1388,Fixed_Amount,97.08,0.0,2025-02-28,2025-03-21,21,All_Customers,Website_Banner,Retention,Unknown,0.219,34809.36,29.52,False,False,False,False,True
1389,Cross_Sell_Percentage_Discount_1389,Percentage_Discount,10.0,4.12,2025-02-18,2025-03-10,20,High_Value,SMS,Cross_Sell,Unknown,0.059,38851.36,29.59,False,False,False,False,True
1390,Acquisition_Free_Shipping_1390,Free_Shipping,0.0,13.7,2025-04-08,2025-05-20,42,Medium_Value,Email,Acquisition,Electronics,0.229,17539.02,34.75,False,False,False,False,True
1391,Acquisition_BOGO_1391,BOGO,0.0,43.37,2025-03-17,2025-05-12,56,New_Customer,Website_Banner,Acquisition,Beauty,0.222,10399.56,42.39,False,False,False,False,True
1392,Upsell_Percentage_Discount_1392,Percentage_Discount,20.7,36.0,2025-05-05,2025-05-13,8,Medium_Value,Social,Upsell,Unknown,0.196,44845.51,42.54,False,False,False,False,True
1393,Cross_Sell_Percentage_Discount_1393,Percentage_Discount,45.3,86.48,2025-09-17,2025-09-24,7,All_Customers,SMS,Cross_Sell,Unknown,0.173,35152.46,41.88,False,False,False,False,True
1394,Cross_Sell_BOGO_1394,BOGO,0.0,31.13,2025-04-05,2025-04-18,13,Lapsed,In_App,Cross_Sell,Unknown,0.105,30915.14,46.03,False,False,False,False,True
1395,Cross_Sell_Free_Shipping_1395,Free_Shipping,0.0,85.84,2025-06-28,2025-07-17,19,Low_Value,SMS,Cross_Sell,Sports,0.182,41344.61,28.04,False,False,False,False,True
1396,Reactivation_Percentage_Discount_1396,Percentage_Discount,27.5,94.77,2025-01-09,2025-02-11,33,New_Customer,Website_Banner,Reactivation,Unknown,0.141,20771.31,28.93,False,False,False,False,True
1397,Acquisition_Percentage_Discount_1397,Percentage_Discount,17.2,,2024-11-19,2025-01-16,58,All_Customers,SMS,Acquisition,Home,0.116,18533.0,10.1,False,False,False,False,True
1398,Cross_Sell_Free_Shipping_1398,Free_Shipping,0.0,91.8,2025-01-05,2025-01-21,16,High_Value,Push,Cross_Sell,Clothing,0.2,20580.15,44.2,False,False,False,False,True
1399,Retention_Fixed_Amount_1399,Fixed_Amount,18.77,0.0,2024-12-09,2024-12-25,16,Low_Value,Push,Retention,Beauty,0.177,33974.84,36.96,False,False,False,False,True
1400,Retention_Fixed_Amount_1400,Fixed_Amount,29.15,0.0,2025-03-17,2025-03-24,7,Medium_Value,Social,Retention,Unknown,0.164,10156.06,15.28,False,False,False,False,True
1401,Acquisition_Percentage_Discount_1401,Percentage_Discount,13.2,9.52,2025-04-22,2025-06-18,57,High_Value,Email,Acquisition,Clothing,0.209,36002.62,20.35,False,False,False,False,True
1402,Cross_Sell_Percentage_Discount_1402,Percentage_Discount,13.6,27.98,2025-02-19,2025-02-27,8,High_Value,Push,Cross_Sell,Beauty,0.21,30763.14,20.74,False,False,False,False,True
1403,Reactivation_BOGO_1403,BOGO,0.0,35.93,2025-07-10,2025-08-16,37,All_Customers,Website_Banner,Reactivation,Clothing,0.093,42634.32,29.71,False,False,False,False,True
1404,Reactivation_Percentage_Discount_1404,Percentage_Discount,14.7,18.39,2024-07-23,2024-09-03,42,Lapsed,Social,Reactivation,Unknown,0.214,9433.22,20.55,False,False,False,False,True
1405,Acquisition_Percentage_Discount_1405,Percentage_Discount,48.1,87.57,2025-01-06,2025-02-09,34,Lapsed,SMS,Acquisition,Electronics,0.095,13386.67,39.81,False,False,False,False,True
1406,Retention_Fixed_Amount_1406,Fixed_Amount,76.91,0.0,2025-02-17,2025-02-21,4,High_Value,SMS,Retention,Beauty,0.11,12948.63,33.79,False,False,False,False,True
1407,Upsell_Free_Shipping_1407,Free_Shipping,0.0,0.0,2024-11-05,2024-11-25,20,All_Customers,Social,Upsell,Unknown,0.197,1184.63,22.72,False,False,False,False,True
1408,Retention_BOGO_1408,BOGO,0.0,35.95,2025-02-28,2025-03-15,15,Low_Value,Website_Banner,Retention,Unknown,0.215,22566.43,6.05,False,False,False,False,True
1409,Acquisition_Percentage_Discount_1409,Percentage_Discount,,0.0,2025-07-30,2025-09-19,51,Medium_Value,SMS,Acquisition,Unknown,0.088,24687.19,32.73,False,True,False,False,True
1410,Reactivation_Percentage_Discount_1410,Percentage_Discount,33.2,17.33,2025-01-02,2025-02-24,53,New_Customer,Website_Banner,Reactivation,Home,0.098,2378.14,46.37,False,False,False,False,True
1411,Reactivation_Percentage_Discount_1411,Percentage_Discount,33.2,17.18,2025-05-08,2025-06-21,44,Low_Value,Social,Reactivation,Unknown,0.08,2693.55,27.77,False,False,False,False,True
1412,Reactivation_Percentage_Discount_1412,Percentage_Discount,33.8,92.85,2025-02-15,2025-04-07,51,Low_Value,SMS,Reactivation,Unknown,0.11,32656.55,27.79,False,False,False,False,True
1413,Upsell_Fixed_Amount_1413,Fixed_Amount,7.19,73.46,2024-12-24,2025-01-06,13,Medium_Value,Email,Upsell,Unknown,0.16,21157.72,15.72,False,False,False,False,True
1414,Cross_Sell_Percentage_Discount_1414,Percentage_Discount,27.2,89.48,2025-04-17,2025-04-04,13,New_Customer,SMS,Cross_Sell,Beauty,0.11,22454.66,9.25,True,False,False,False,False
1415,Reactivation_Fixed_Amount_1415,Fixed_Amount,43.09,48.09,2025-01-25,2025-03-10,44,High_Value,In_App,Reactivation,Beauty,0.186,31647.19,33.11,False,False,False,False,True
1416,Reactivation_Free_Shipping_1416,Free_Shipping,0.0,,2024-10-12,2024-11-04,23,Medium_Value,Push,Reactivation,Unknown,0.074,28405.99,43.6,False,False,False,False,True
1417,Retention_Fixed_Amount_1417,Fixed_Amount,70.44,56.79,2025-08-15,2025-08-21,6,New_Customer,Social,Retention,Unknown,0.124,37150.52,35.24,False,False,False,False,True
1418,Cross_Sell_BOGO_1418,BOGO,0.0,24.97,2025-06-06,2025-06-13,7,High_Value,Push,Cross_Sell,Unknown,0.093,11775.81,7.49,False,False,False,False,True
1419,Retention_Fixed_Amount_1419,Fixed_Amount,59.06,0.0,2025-07-02,2025-07-10,8,New_Customer,SMS,Retention,Unknown,0.111,49603.15,28.75,False,False,False,False,True
1420,Cross_Sell_Percentage_Discount_1420,Percentage_Discount,23.4,0.0,2024-09-17,2024-10-01,14,New_Customer,Push,Cross_Sell,Unknown,0.213,19069.84,45.1,False,False,False,False,True
1421,Acquisition_Percentage_Discount_1421,Percentage_Discount,42.7,85.87,2024-07-07,2024-08-25,49,New_Customer,SMS,Acquisition,Books,0.158,38476.29,46.56,False,False,False,False,True
1422,Cross_Sell_Free_Shipping_1422,Free_Shipping,0.0,80.23,2025-01-04,2025-01-20,16,Low_Value,Social,Cross_Sell,Unknown,0.222,19772.75,45.86,False,False,False,False,True
1423,Retention_Fixed_Amount_1423,Fixed_Amount,45.81,14.27,2025-06-12,2025-06-24,12,Low_Value,Social,Retention,Beauty,0.102,10869.53,24.66,False,False,False,False,True
1424,Reactivation_BOGO_1424,BOGO,0.0,0.0,2025-08-02,2025-09-24,53,High_Value,In_App,Reactivation,Unknown,0.139,16305.05,32.54,False,False,False,False,True
1425,Retention_Percentage_Discount_1425,Percentage_Discount,42.8,0.0,2025-01-17,2025-01-24,7,Low_Value,In_App,Retention,Electronics,0.128,10575.35,14.83,False,False,False,False,True
1426,Reactivation_BOGO_1426,BOGO,0.0,72.95,2024-11-28,2024-12-23,25,Medium_Value,Email,Reactivation,Unknown,0.225,45698.28,15.88,False,False,False,False,True
1427,Reactivation_Fixed_Amount_1427,Fixed_Amount,14.62,11.08,2024-07-07,2024-09-03,58,Low_Value,Social,Reactivation,Unknown,0.109,32482.59,13.66,False,False,False,False,True
1428,Cross_Sell_Percentage_Discount_1428,Percentage_Discount,46.0,48.42,2024-10-29,2024-11-03,5,Low_Value,Social,Cross_Sell,Electronics,0.182,36107.29,31.17,False,False,False,False,True
1429,Acquisition_Free_Shipping_1429,Free_Shipping,,0.0,2025-06-17,2025-07-01,14,Medium_Value,Website_Banner,Acquisition,Books,0.078,40834.03,16.36,False,True,False,False,True
1430,Acquisition_Fixed_Amount_1430,Fixed_Amount,84.72,98.79,2024-12-24,2025-02-19,57,High_Value,Email,Acquisition,Unknown,0.087,26268.54,20.38,False,False,False,False,True
1431,Reactivation_Fixed_Amount_1431,Fixed_Amount,29.32,99.99,2024-08-28,2024-10-13,46,Lapsed,Social,Reactivation,Unknown,0.125,26479.13,31.79,False,False,False,False,True
1432,Cross_Sell_Free_Shipping_1432,Free_Shipping,0.0,19.25,2025-02-17,2025-02-28,11,Low_Value,Push,Cross_Sell,Unknown,0.248,34436.13,9.16,False,False,False,False,True
1433,Upsell_Fixed_Amount_1433,Fixed_Amount,94.7,46.96,2024-11-13,2024-11-22,9,All_Customers,Email,Upsell,Unknown,0.209,40551.44,38.24,False,False,False,False,True
1434,Reactivation_Fixed_Amount_1434,Fixed_Amount,7.57,1.55,2025-05-09,2025-05-26,17,All_Customers,In_App,Reactivation,Unknown,0.132,29777.56,20.05,False,False,False,False,True
1435,Acquisition_Free_Shipping_1435,Free_Shipping,0.0,60.82,2025-05-09,2025-05-28,19,Lapsed,Email,Acquisition,Unknown,0.21,14804.29,45.64,False,False,False,False,True
1436,Acquisition_Percentage_Discount_1436,Percentage_Discount,28.5,50.82,2025-04-25,2025-06-22,58,Medium_Value,Social,Acquisition,Unknown,0.123,10230.18,7.01,False,False,False,False,True
1437,Retention_Percentage_Discount_1437,Percentage_Discount,30.6,,2025-05-11,2025-05-28,17,Medium_Value,Push,Retention,Beauty,0.168,45172.18,17.11,False,False,False,False,True
1438,Cross_Sell_Free_Shipping_1438,Free_Shipping,0.0,14.87,2024-12-17,2025-01-05,19,All_Customers,Social,Cross_Sell,Unknown,0.228,9422.19,38.57,False,False,False,False,True
1439,Reactivation_Fixed_Amount_1439,Fixed_Amount,21.82,0.0,2024-10-05,2024-11-16,42,High_Value,Email,Reactivation,Unknown,0.058,44431.75,13.71,False,False,False,False,True
1440,Reactivation_BOGO_1440,BOGO,0.0,,2025-01-13,2025-03-01,47,New_Customer,Email,Reactivation,Home,0.145,36455.12,29.85,False,False,False,False,True
1441,Acquisition_Fixed_Amount_1441,Fixed_Amount,11.6,96.32,2025-08-14,2025-09-29,46,Medium_Value,Push,Acquisition,Unknown,0.166,1385.2,19.4,False,False,False,False,True
1442,Acquisition_BOGO_1442,BOGO,0.0,0.0,2024-12-06,2025-01-01,26,Low_Value,SMS,Acquisition,Electronics,0.079,24886.01,12.44,False,False,False,False,True
1443,Cross_Sell_BOGO_1443,BOGO,0.0,41.55,2024-07-25,2024-08-04,10,Low_Value,Website_Banner,Cross_Sell,Unknown,0.104,38118.21,28.8,False,False,False,False,True
1444,Retention_Percentage_Discount_1444,Percentage_Discount,6.3,77.8,2024-09-23,2024-10-01,8,Low_Value,SMS,Retention,Unknown,0.113,42692.65,7.81,False,False,False,False,True
1445,Reactivation_Free_Shipping_1445,Free_Shipping,0.0,0.0,2025-02-04,2025-04-04,59,Medium_Value,Push,Reactivation,Sports,0.121,22057.91,40.54,False,False,False,False,True
1446,Cross_Sell_BOGO_1446,BOGO,0.0,0.0,2025-01-17,2025-01-24,7,New_Customer,Website_Banner,Cross_Sell,Unknown,0.234,31400.41,49.69,False,False,False,False,True
1447,Upsell_BOGO_1447,BOGO,0.0,0.0,2025-09-04,2025-09-09,5,High_Value,In_App,Upsell,Unknown,0.225,15439.96,27.67,False,False,False,False,True
1448,Reactivation_Free_Shipping_1448,Free_Shipping,0.0,57.87,2025-06-03,2025-07-24,51,Low_Value,Website_Banner,Reactivation,Unknown,0.065,46452.56,12.11,False,False,False,False,True
1449,Retention_Free_Shipping_1449,Free_Shipping,0.0,6.14,2024-10-25,2024-11-02,8,New_Customer,Social,Retention,Clothing,0.136,17945.72,26.65,False,False,False,False,True
1450,Cross_Sell_Free_Shipping_1450,Free_Shipping,0.0,18.66,2024-12-06,2024-12-14,8,Low_Value,In_App,Cross_Sell,Electronics,0.062,45014.64,14.84,False,False,False,False,True
1451,Acquisition_BOGO_1451,BOGO,0.0,72.36,2024-09-26,2024-10-29,33,Lapsed,Push,Acquisition,Clothing,0.056,14114.35,36.86,False,False,False,False,True
1452,Retention_Fixed_Amount_1452,Fixed_Amount,79.83,32.07,2025-03-28,2025-03-16,12,High_Value,Social,Retention,Unknown,0.172,48255.71,8.27,True,False,False,False,False
1453,Acquisition_Free_Shipping_1453,Free_Shipping,0.0,0.0,2025-05-18,2025-06-07,20,New_Customer,Push,Acquisition,Unknown,0.073,34846.29,16.19,False,False,False,False,True
1454,Acquisition_Percentage_Discount_1454,Percentage_Discount,26.9,0.0,2025-02-23,2025-03-19,24,High_Value,Push,Acquisition,Unknown,0.238,17445.17,24.91,False,False,False,False,True
1455,Upsell_BOGO_1455,BOGO,0.0,84.14,2024-11-29,2024-12-15,16,Medium_Value,In_App,Upsell,Unknown,0.226,18668.43,33.01,False,False,False,False,True
1456,Acquisition_Fixed_Amount_1456,Fixed_Amount,28.64,70.3,2025-01-07,2025-02-16,40,All_Customers,In_App,Acquisition,Unknown,0.057,46882.47,7.11,False,False,False,False,True
1457,Retention_BOGO_1457,BOGO,0.0,0.0,2025-08-23,2025-09-02,10,New_Customer,Website_Banner,Retention,Clothing,0.087,15131.35,11.27,False,False,False,False,True
1458,Retention_BOGO_1458,BOGO,0.0,0.0,2025-09-15,2025-09-20,5,All_Customers,Email,Retention,Unknown,0.155,49143.27,36.21,False,False,False,False,True
1459,Acquisition_BOGO_1459,BOGO,0.0,30.46,2025-01-11,2025-03-09,57,Medium_Value,Email,Acquisition,Unknown,0.173,9285.27,49.32,False,False,False,False,True
1460,Cross_Sell_BOGO_1460,BOGO,0.0,92.05,2025-03-13,2025-03-25,12,High_Value,Social,Cross_Sell,Clothing,0.104,4245.8,12.13,False,False,False,False,True
1461,Reactivation_Fixed_Amount_1461,Fixed_Amount,47.15,26.09,2025-06-03,2025-07-14,41,Low_Value,SMS,Reactivation,Clothing,0.243,8205.75,13.4,False,False,False,False,True
1462,Acquisition_Fixed_Amount_1462,Fixed_Amount,47.56,47.3,2025-05-18,2025-07-16,59,Low_Value,Push,Acquisition,Sports,0.248,17159.31,39.68,False,False,False,False,True
1463,Cross_Sell_BOGO_1463,BOGO,0.0,0.0,2025-08-04,2025-08-08,4,New_Customer,Website_Banner,Cross_Sell,Beauty,0.061,20727.81,43.43,False,False,False,False,True
1464,Retention_Fixed_Amount_1464,Fixed_Amount,93.18,0.0,2025-01-05,2025-01-24,19,New_Customer,Email,Retention,Unknown,0.197,15649.05,31.45,False,False,False,False,True
1465,Reactivation_BOGO_1465,BOGO,0.0,44.37,2025-01-06,2025-02-01,26,Medium_Value,In_App,Reactivation,Unknown,0.226,46040.08,20.89,False,False,False,False,True
1466,Retention_Fixed_Amount_1466,Fixed_Amount,90.53,82.69,2025-01-16,2025-01-26,10,Lapsed,Push,Retention,Unknown,0.117,10144.29,24.15,False,False,False,False,True
1467,Cross_Sell_Fixed_Amount_1467,Fixed_Amount,18.88,63.69,2024-11-23,2024-12-03,10,Low_Value,In_App,Cross_Sell,Clothing,0.096,28664.42,30.64,False,False,False,False,True
1468,Retention_Free_Shipping_1468,Free_Shipping,0.0,48.67,2025-03-11,2025-03-29,18,Low_Value,Email,Retention,Unknown,0.104,7788.51,33.6,False,False,False,False,True
1469,Cross_Sell_Fixed_Amount_1469,Fixed_Amount,27.56,51.27,2025-05-24,2025-06-08,15,All_Customers,SMS,Cross_Sell,Unknown,0.211,47199.12,33.25,False,False,False,False,True
1470,Reactivation_Percentage_Discount_1470,Percentage_Discount,23.1,0.0,2025-07-20,2025-08-07,18,Lapsed,SMS,Reactivation,Unknown,0.182,4220.42,43.21,False,False,False,False,True
1471,Acquisition_BOGO_1471,BOGO,0.0,,2024-10-12,2024-11-24,43,Lapsed,Push,Acquisition,Unknown,0.169,43803.71,23.7,False,False,False,False,True
1472,Reactivation_Percentage_Discount_1472,Percentage_Discount,22.8,,2025-05-06,2025-05-30,24,Lapsed,SMS,Reactivation,Unknown,0.184,1615.46,5.7,False,False,False,False,True
1473,Retention_BOGO_1473,BOGO,0.0,3.38,2024-07-22,2024-08-06,15,All_Customers,Email,Retention,Unknown,0.178,6761.33,27.75,False,False,False,False,True
1474,Upsell_BOGO_1474,BOGO,0.0,5.4,2025-07-31,2025-08-21,21,High_Value,Social,Upsell,Unknown,0.144,43188.05,8.43,False,False,False,False,True
1475,Acquisition_Fixed_Amount_1475,Fixed_Amount,85.48,0.0,2025-01-27,2025-03-09,41,High_Value,In_App,Acquisition,Unknown,0.157,36533.77,6.13,False,False,False,False,True
1476,Upsell_Fixed_Amount_1476,Fixed_Amount,29.91,41.24,2024-09-21,2024-10-07,16,Low_Value,Social,Upsell,Unknown,0.137,4906.43,28.65,False,False,False,False,True
1477,Acquisition_Fixed_Amount_1477,Fixed_Amount,64.19,59.5,2025-03-18,2025-04-09,22,High_Value,In_App,Acquisition,Unknown,0.149,1712.57,11.67,False,False,False,False,True
1478,Cross_Sell_Free_Shipping_1478,Free_Shipping,0.0,98.31,2025-03-16,2025-03-21,5,Low_Value,Website_Banner,Cross_Sell,Books,0.183,34178.61,49.39,False,False,False,False,True
1479,Upsell_Percentage_Discount_1479,Percentage_Discount,31.0,0.0,2024-09-04,2024-09-18,14,Low_Value,Social,Upsell,Beauty,0.107,17197.03,7.07,False,False,False,False,True
1480,Acquisition_Percentage_Discount_1480,Percentage_Discount,42.1,99.51,2025-08-16,2025-09-02,17,All_Customers,Email,Acquisition,Sports,0.103,10192.83,49.34,False,False,False,False,True
1481,Upsell_Fixed_Amount_1481,Fixed_Amount,9.75,83.32,2025-05-17,2025-06-05,19,High_Value,In_App,Upsell,Home,0.232,28194.43,22.94,False,False,False,False,True
1482,Upsell_Percentage_Discount_1482,Percentage_Discount,9.7,,2025-01-30,2025-02-20,21,Medium_Value,In_App,Upsell,Home,0.113,40851.46,15.45,False,False,False,False,True
1483,Retention_BOGO_1483,BOGO,0.0,0.0,2024-09-27,2024-10-02,5,New_Customer,Social,Retention,Unknown,0.081,11043.7,48.75,False,False,False,False,True
1484,Retention_Free_Shipping_1484,Free_Shipping,0.0,0.0,2025-03-20,2025-03-27,7,Lapsed,SMS,Retention,Unknown,0.108,11544.32,29.9,False,False,False,False,True
1485,Upsell_Percentage_Discount_1485,Percentage_Discount,9.8,41.03,2024-08-29,2024-09-03,5,Medium_Value,Website_Banner,Upsell,Unknown,0.1,20731.1,5.8,False,False,False,False,True
1486,Acquisition_Fixed_Amount_1486,Fixed_Amount,94.24,26.63,2024-10-31,2024-12-05,35,High_Value,Social,Acquisition,Books,0.237,13523.84,13.01,False,False,False,False,True
1487,Reactivation_Percentage_Discount_1487,Percentage_Discount,38.0,35.24,2025-01-16,2025-02-11,26,Medium_Value,In_App,Reactivation,Unknown,0.073,8815.58,15.26,False,False,False,False,True
1488,Retention_Fixed_Amount_1488,Fixed_Amount,16.57,0.0,2025-02-08,2025-02-22,14,All_Customers,In_App,Retention,Sports,0.115,34895.46,22.49,False,False,False,False,True
1489,Acquisition_Percentage_Discount_1489,Percentage_Discount,39.0,0.0,2024-09-19,2024-11-03,45,Lapsed,Push,Acquisition,Home,0.099,14677.99,35.21,False,False,False,False,True
1490,Cross_Sell_BOGO_1490,BOGO,0.0,91.97,2025-06-05,2025-06-18,13,Medium_Value,Email,Cross_Sell,Books,0.199,45112.99,40.28,False,False,False,False,True
1491,Cross_Sell_Percentage_Discount_1491,Percentage_Discount,36.5,92.85,2025-04-02,2025-04-19,17,Lapsed,Social,Cross_Sell,Electronics,0.097,47341.11,22.12,False,False,False,False,True
1492,Upsell_Fixed_Amount_1492,Fixed_Amount,12.17,0.0,2024-12-08,2024-12-21,13,Low_Value,Social,Upsell,Beauty,0.084,18823.07,11.85,False,False,False,False,True
1493,Upsell_BOGO_1493,BOGO,0.0,28.66,2025-03-16,2025-04-01,16,Low_Value,In_App,Upsell,Unknown,0.233,6643.1,29.9,False,False,False,False,True
1494,Acquisition_Free_Shipping_1494,Free_Shipping,0.0,94.43,2025-01-26,2025-03-17,50,Medium_Value,In_App,Acquisition,Home,0.195,40149.2,26.86,False,False,False,False,True
1495,Upsell_Free_Shipping_1495,Free_Shipping,0.0,0.0,2025-08-10,2025-08-31,21,High_Value,Email,Upsell,Unknown,0.099,49082.88,40.69,False,False,False,False,True
1496,Retention_Percentage_Discount_1496,Percentage_Discount,47.9,66.49,2025-01-01,2025-01-04,3,Medium_Value,In_App,Retention,Unknown,0.167,46959.76,20.67,False,False,False,False,True
1497,Acquisition_Free_Shipping_1497,Free_Shipping,0.0,31.44,2025-05-27,2025-07-01,35,New_Customer,SMS,Acquisition,Unknown,0.102,34615.54,47.69,False,False,False,False,True
1498,Cross_Sell_Fixed_Amount_1498,Fixed_Amount,91.29,43.24,2025-08-08,2025-08-20,12,High_Value,Email,Cross_Sell,Unknown,0.073,35289.42,28.61,False,False,False,False,True
1499,Cross_Sell_BOGO_1499,BOGO,0.0,23.71,2025-02-11,2025-02-16,5,All_Customers,Social,Cross_Sell,Clothing,0.102,15442.76,38.12,False,False,False,False,True
1500,Retention_BOGO_1500,BOGO,0.0,7.49,2025-05-02,2025-05-12,10,Lapsed,Email,Retention,Unknown,0.059,31938.13,11.44,False,False,False,False,True
