customer_id,first_name,last_name,email,phone_number,registration_date,customer_segment,preferred_channel,age_group,income_level,avg_order_value,promo_sensitivity,email_opt_in,sms_opt_in,push_opt_in,last_purchase_date,total_lifetime_orders,preferred_category
1,Maria,Cook,mariacook@yahoo.com,-9671,54:28.5,New_Customer,Social,18-25,Low,71.77,0.75,TRUE,TRUE,FALSE,,4,Beauty
2,Jose,West,jose6@outlook.com,-10211,54:31.2,High_Value,Email,55+,High,435.71,0.34,FALSE,TRUE,FALSE,15:32.2,25,Books
3,Christopher,Hale,christopher.hale@outlook.com,-6441,51:01.4,Medium_Value,Social,18-25,Premium,184.04,0.61,FALSE,FALSE,FALSE,13:41.8,36,Electronics
4,Daniel,Klein,danielklein@yahoo.com,-8993,34:01.2,Low_Value,Push,26-35,High,86.76,0.66,FALSE,TRUE,FALSE,16:20.6,8,Sports
5,Allison,Mckenzie,allisonmckenzie@hotmail.com,-9363,31:40.7,Medium_Value,Direct,46-55,Low,77.53,0.47,FALSE,FALSE,FALSE,17:04.5,11,Clothing
6,Kimberly,Miller,kimberly781@hotmail.com,-6904,52:40.9,Medium_Value,Social,46-55,Premium,152.52,0.62,FALSE,TRUE,FALSE,,32,Books
7,Susan,Pollard,susan.pollard@yahoo.com,-3465,08:04.7,High_Value,Email,55+,Medium,179.41,0.25,FALSE,TRUE,TRUE,13:25.8,17,Books
8,Gregory,Hunter,gregory995@hotmail.com,-10343,53:55.0,Low_Value,Social,46-55,Low,36.03,0.65,FALSE,FALSE,FALSE,16:18.8,1,Clothing
9,James,Osborne,jamesosborne@gmail.com,-5627,31:37.5,Medium_Value,Push,55+,Premium,164.4,0.61,TRUE,TRUE,FALSE,14:38.6,33,Beauty
10,Cheryl,Carter,cherylcarter@outlook.com,-10302,14:21.9,Low_Value,SMS,36-45,High,75.26,0.74,FALSE,FALSE,TRUE,14:44.7,7,Clothing
11,Jacob,Wilson,jacobwilson@hotmail.com,-9111,02:17.1,New_Customer,Push,18-25,,134.23,0.68,FALSE,FALSE,FALSE,14:00.1,47,Books
12,Matthew,Hill,matthew660@hotmail.com,-7401,46:30.0,Medium_Value,Direct,55+,Low,138.97,0.42,TRUE,TRUE,FALSE,16:14.5,39,Beauty
13,Angela,Sims,angela.sims@outlook.com,-9161,35:51.9,High_Value,Push,46-55,High,213.76,0.31,FALSE,TRUE,FALSE,15:23.2,31,Clothing
14,Sarah,Willis,sarah.willis@outlook.com,-3954,52:28.9,New_Customer,Social,18-25,Premium,145.89,0.51,FALSE,TRUE,TRUE,16:35.0,49,Electronics
15,Jennifer,Wheeler,jenniferwheeler@outlook.com,-7224,17:36.8,Medium_Value,SMS,55+,Low,116.8,0.45,TRUE,TRUE,FALSE,17:34.6,24,Electronics
16,Roger,Sweeney,roger.sweeney@gmail.com,-10139,50:03.0,High_Value,Email,18-25,Premium,470.64,0.27,FALSE,FALSE,TRUE,17:41.4,33,Beauty
17,James,Clark,james.clark@yahoo.com,-4320,14:38.3,High_Value,Email,36-45,Medium,485.25,0.24,TRUE,TRUE,TRUE,,22,Books
18,Amber,Li,amber.li@outlook.com,-5123,39:03.5,Low_Value,Push,26-35,Low,57.31,0.64,FALSE,TRUE,FALSE,18:25.3,44,Clothing
19,Fred,Hendricks,fred118@outlook.com,-3186,22:56.0,High_Value,Email,55+,Low,485.67,0.3,FALSE,TRUE,FALSE,18:33.4,8,Books
20,Ashley,King,ashley.king@outlook.com,-5375,25:16.1,Medium_Value,Push,18-25,,116.08,0.62,TRUE,TRUE,TRUE,14:42.0,1,Home
21,Mark,Terry,markterry@hotmail.com,-2883,08:22.1,High_Value,Email,55+,High,202.59,0.38,TRUE,FALSE,TRUE,17:39.8,26,Clothing
22,Amy,Silva,amy662@outlook.com,-3872,42:42.8,High_Value,SMS,26-35,Premium,276.19,0.32,FALSE,FALSE,FALSE,18:30.1,20,Beauty
23,Carmen,Jenkins,carmen962@hotmail.com,-10419,18:06.1,Low_Value,Social,46-55,Premium,51.06,0.76,FALSE,FALSE,FALSE,15:38.3,8,Electronics
24,Jeremy,Martinez,jeremymartinez@gmail.com,-6098,43:52.3,New_Customer,Email,18-25,,96.59,0.54,FALSE,TRUE,FALSE,,49,Sports
25,Justin,Ward,justin293@gmail.com,-3188,38:17.2,New_Customer,Direct,36-45,High,49.72,0.55,FALSE,FALSE,TRUE,13:49.7,26,Books
26,Megan,Harris,meganharris@yahoo.com,-10940,34:26.5,Low_Value,Push,18-25,High,26.96,0.65,TRUE,FALSE,TRUE,18:11.6,32,Beauty
27,Charles,Herman,charles.herman@yahoo.com,-7851,56:13.2,Medium_Value,SMS,,Low,75.91,0.46,TRUE,FALSE,FALSE,16:21.7,12,Home
28,Scott,Olsen,scott861@outlook.com,-4841,51:15.7,Low_Value,Email,36-45,Premium,56.46,0.7,FALSE,TRUE,FALSE,15:37.6,45,Electronics
29,Diane,Brown,dianebrown@yahoo.com,-8018,40:39.1,New_Customer,Push,55+,Low,96.11,0.75,FALSE,FALSE,FALSE,17:16.7,11,Home
30,Jennifer,Gallagher,jennifer915@yahoo.com,-9778,56:08.2,New_Customer,Email,36-45,Low,31,0.64,TRUE,TRUE,TRUE,18:37.7,19,Beauty
31,Nina,Williams,nina663@gmail.com,-10556,58:08.6,Medium_Value,Direct,18-25,Medium,157.63,0.63,TRUE,FALSE,FALSE,,34,Clothing
32,Carlos,Miller,carlos564@outlook.com,-4537,54:16.4,High_Value,Direct,46-55,Low,265.41,0.27,FALSE,TRUE,TRUE,15:21.6,46,Electronics
33,David,Johnson,david.johnson@yahoo.com,-3784,42:41.7,Medium_Value,Email,36-45,Medium,143.1,0.49,FALSE,TRUE,TRUE,17:22.7,20,Home
34,Cynthia,Lucas,cynthia.lucas@gmail.com,-8861,03:36.8,New_Customer,SMS,26-35,Medium,96.94,0.75,TRUE,TRUE,FALSE,13:01.1,20,Books
35,Suzanne,Reynolds,suzanne275@yahoo.com,-9796,55:07.8,Low_Value,SMS,55+,Premium,35.84,0.72,TRUE,TRUE,TRUE,13:31.7,12,Electronics
36,Charles,Holland,charles.holland@gmail.com,-5095,09:48.0,High_Value,Push,18-25,Premium,270.13,0.28,TRUE,FALSE,TRUE,18:35.9,9,Home
37,Kelly,Garcia,kellygarcia@yahoo.com,-9123,22:58.3,Medium_Value,Direct,36-45,Premium,189.18,0.51,TRUE,TRUE,FALSE,16:29.0,43,Electronics
38,Mary,Miller,mary307@hotmail.com,-9695,55:50.8,New_Customer,SMS,36-45,Low,81.32,0.77,FALSE,FALSE,TRUE,16:11.3,0,Clothing
39,Amanda,Nguyen,amandanguyen@yahoo.com,-6422,48:20.6,High_Value,Push,18-25,Low,371.07,0.26,FALSE,TRUE,TRUE,14:57.4,50,Beauty
40,Elizabeth,Thompson,elizabeth974@hotmail.com,-2992,00:30.2,High_Value,Direct,36-45,,455.07,0.21,TRUE,TRUE,TRUE,14:22.6,25,Electronics
41,James,Johnson,james795@yahoo.com,-7680,50:54.0,Medium_Value,Push,55+,Premium,85.81,0.7,FALSE,TRUE,FALSE,,12,Home
42,Paul,Parsons,paul65@yahoo.com,-7627,22:48.5,High_Value,Social,26-35,Medium,238.32,0.24,FALSE,FALSE,FALSE,14:15.0,9,Electronics
43,Ian,Arellano,ian497@hotmail.com,-9363,38:02.0,Medium_Value,Direct,26-35,Medium,193.97,0.48,TRUE,TRUE,TRUE,18:04.9,13,Beauty
44,Richard,Wiley,richard.wiley@hotmail.com,-7516,52:28.1,Low_Value,Direct,36-45,High,28.95,0.83,FALSE,FALSE,TRUE,,24,Home
45,Douglas,Collins,douglas.collins@hotmail.com,-8855,40:34.9,Medium_Value,Push,18-25,High,175.11,0.49,FALSE,FALSE,FALSE,17:16.6,42,Books
46,Debra,Fields,debrafields@yahoo.com,-7653,09:30.3,Low_Value,Social,26-35,High,41.13,0.86,FALSE,FALSE,TRUE,,37,Books
47,Jason,Butler,jason404@yahoo.com,-10940,01:15.8,New_Customer,Push,18-25,Medium,104,0.78,FALSE,FALSE,TRUE,16:51.8,29,Beauty
48,Roger,Mendoza,roger88@hotmail.com,-8573,25:09.5,Low_Value,Email,18-25,Premium,38.26,0.63,TRUE,TRUE,FALSE,14:16.1,28,Beauty
49,Michelle,Castillo,michelle986@yahoo.com,-6093,19:15.1,New_Customer,Social,26-35,Medium,40.7,0.57,TRUE,FALSE,TRUE,18:08.1,30,Sports
50,Tracy,Davis,tracy242@hotmail.com,-8476,21:43.9,Medium_Value,SMS,46-55,Medium,190.45,0.49,TRUE,FALSE,FALSE,17:48.8,7,Electronics
51,Elizabeth,Watson,elizabethwatson@gmail.com,-5454,10:49.8,Medium_Value,Direct,55+,Medium,146.4,0.68,FALSE,TRUE,TRUE,,32,Clothing
52,Hannah,Wilson,hannah.wilson@gmail.com,-3634,23:25.8,Low_Value,SMS,26-35,Medium,65.55,0.85,TRUE,FALSE,TRUE,18:04.1,15,Sports
53,Leslie,Martin,leslie.martin@outlook.com,-2266,25:16.6,New_Customer,Social,46-55,Medium,91.45,0.78,FALSE,TRUE,FALSE,18:01.5,16,Sports
54,Robert,Buck,robertbuck@gmail.com,-3513,47:53.1,Low_Value,Push,46-55,High,37.17,0.65,TRUE,FALSE,FALSE,18:18.1,0,Sports
55,Olivia,Watson,oliviawatson@outlook.com,-8602,19:10.6,New_Customer,SMS,36-45,High,53.74,0.69,TRUE,TRUE,FALSE,,33,Electronics
56,Shane,Black,shane.black@hotmail.com,-8113,38:19.9,Medium_Value,Direct,46-55,,194.82,0.63,TRUE,FALSE,TRUE,17:08.3,3,Sports
57,Amber,Carney,amber.carney@outlook.com,-8407,21:23.0,Medium_Value,Email,46-55,High,75.58,0.68,FALSE,FALSE,FALSE,,41,Electronics
58,Cody,Harris,cody.harris@gmail.com,-6812,23:59.3,New_Customer,Social,55+,High,44.49,0.76,FALSE,FALSE,FALSE,18:24.3,22,Electronics
59,Amber,Wilcox,amber380@gmail.com,-5729,35:32.3,New_Customer,Direct,26-35,Low,148.29,0.5,FALSE,TRUE,TRUE,,27,Clothing
60,Mary,Owens,mary463@outlook.com,-5311,22:34.0,Medium_Value,Email,46-55,High,116.53,0.47,FALSE,TRUE,TRUE,16:02.8,42,Books
61,Christopher,Stanley,christopher684@hotmail.com,-4922,35:14.6,Medium_Value,Email,36-45,Premium,89.36,0.62,FALSE,FALSE,TRUE,14:40.1,0,Beauty
62,Daniel,Kent,daniel412@outlook.com,-6213,38:17.3,High_Value,Direct,46-55,Medium,459.01,0.33,FALSE,TRUE,FALSE,12:45.2,38,Clothing
63,Christine,Bryant,christine635@hotmail.com,-2331,25:27.7,Medium_Value,Push,26-35,,115.29,0.69,TRUE,TRUE,FALSE,14:07.0,11,Beauty
64,Lawrence,Hernandez,lawrencehernandez@outlook.com,-6540,06:09.0,High_Value,Email,36-45,Premium,261.92,0.2,TRUE,FALSE,FALSE,18:34.3,8,Electronics
65,Jessica,Stephenson,jessicastephenson@hotmail.com,-4096,51:55.9,Medium_Value,Push,18-25,High,190.48,0.53,TRUE,TRUE,TRUE,13:20.2,13,Clothing
66,James,Rodriguez,james598@outlook.com,-6807,53:59.3,High_Value,Direct,46-55,,466.47,0.32,FALSE,FALSE,FALSE,16:42.1,12,Sports
67,Olivia,Davis,oliviadavis@gmail.com,-9414,42:35.7,New_Customer,Direct,,Premium,78.97,0.58,TRUE,FALSE,FALSE,14:08.0,22,Beauty
68,Karen,Cordova,karen.cordova@hotmail.com,-10817,24:01.8,High_Value,Push,46-55,High,189.42,0.31,TRUE,FALSE,FALSE,,27,Electronics
69,Joseph,Chapman,joseph620@hotmail.com,-4426,26:03.2,High_Value,Direct,36-45,High,370.97,0.31,TRUE,FALSE,TRUE,17:41.2,41,Electronics
70,Bradley,Wright,bradley.wright@outlook.com,-8049,19:25.2,High_Value,Email,,Low,453.27,0.2,TRUE,FALSE,TRUE,,7,Sports
71,Timothy,Kelly,timothy334@outlook.com,-5461,34:50.2,Low_Value,SMS,55+,,40.08,0.64,TRUE,FALSE,TRUE,13:06.8,33,Home
72,Daniel,Strickland,daniel104@gmail.com,-5174,02:01.3,High_Value,Push,55+,Medium,421.85,0.36,TRUE,FALSE,TRUE,,10,Books
73,Jamie,Ellis,jamieellis@hotmail.com,-10460,08:47.5,High_Value,Email,46-55,Premium,246.17,0.37,FALSE,TRUE,TRUE,17:47.4,3,Books
74,Brandy,Davidson,brandy379@hotmail.com,-7081,07:19.2,Medium_Value,Email,36-45,Premium,92.28,0.55,TRUE,FALSE,FALSE,16:50.4,20,Sports
75,Ronald,Mccullough,ronaldmccullough@hotmail.com,-2553,01:59.7,New_Customer,SMS,26-35,Low,71.17,0.59,TRUE,TRUE,FALSE,,25,Home
76,Kristina,Walker,kristinawalker@outlook.com,-8568,34:46.9,Low_Value,Social,36-45,High,28.11,0.67,TRUE,TRUE,TRUE,15:23.1,26,Books
77,Karina,Hayes,karina.hayes@outlook.com,-11222,57:04.7,High_Value,Email,18-25,,357.56,0.3,TRUE,FALSE,TRUE,17:20.7,5,Clothing
78,Brian,Aguilar,brian.aguilar@outlook.com,-8749,05:12.7,High_Value,SMS,36-45,Premium,388.84,0.28,FALSE,FALSE,TRUE,16:01.6,24,Electronics
79,Theresa,Curtis,theresacurtis@hotmail.com,-2202,16:36.1,Low_Value,Direct,46-55,Medium,45.53,0.87,FALSE,TRUE,TRUE,16:43.2,36,Sports
80,Allen,Williams,allen.williams@hotmail.com,-3448,28:46.2,High_Value,Direct,55+,High,446.58,0.23,TRUE,TRUE,FALSE,15:59.5,21,Beauty
81,Matthew,Murray,matthew.murray@hotmail.com,-6993,03:21.3,Medium_Value,Push,46-55,Medium,131.72,0.68,TRUE,TRUE,FALSE,,3,Sports
82,John,Ayala,john502@hotmail.com,-7478,01:03.4,High_Value,Social,36-45,Premium,240.62,0.3,FALSE,TRUE,TRUE,,32,Electronics
83,Edward,Boyd,edward734@hotmail.com,-2348,12:34.9,New_Customer,Direct,18-25,Medium,30.82,0.57,TRUE,TRUE,TRUE,14:35.2,26,Books
84,Ryan,Ross,ryan770@gmail.com,-9798,08:46.8,High_Value,Push,18-25,Premium,300.78,0.21,FALSE,TRUE,TRUE,16:28.0,46,Electronics
85,Lauren,Terry,laurenterry@gmail.com,-7585,35:54.6,New_Customer,SMS,55+,High,75.04,0.61,FALSE,FALSE,FALSE,18:21.4,15,Books
86,Scott,Thomas,scott.thomas@yahoo.com,-4240,47:08.5,Low_Value,Push,18-25,Low,66.62,0.87,FALSE,FALSE,TRUE,17:54.8,24,Electronics
87,Madison,Cox,madisoncox@gmail.com,-5373,37:35.4,High_Value,Direct,46-55,Medium,283.36,0.28,TRUE,FALSE,FALSE,14:30.8,20,Home
88,Jerome,Ellis,jeromeellis@hotmail.com,-8879,13:39.9,High_Value,Email,26-35,Low,338.19,0.3,FALSE,TRUE,TRUE,15:43.9,14,Beauty
89,Miguel,Bell,miguelbell@yahoo.com,-6343,33:55.5,Low_Value,Direct,26-35,Low,57.68,0.62,TRUE,FALSE,TRUE,14:48.9,32,Clothing
90,Daniel,Sanchez,daniel.sanchez@yahoo.com,-5274,19:21.1,Medium_Value,Push,36-45,Premium,187.42,0.45,FALSE,FALSE,TRUE,16:27.6,41,Beauty
91,Amy,Fitzgerald,amy.fitzgerald@outlook.com,-6868,18:07.2,New_Customer,Email,55+,Medium,52.04,0.72,FALSE,FALSE,TRUE,,4,Home
92,Richard,Howard,richard.howard@gmail.com,-4539,56:12.4,New_Customer,SMS,36-45,Medium,87.83,0.72,TRUE,TRUE,TRUE,,25,Clothing
93,Michael,Torres,michaeltorres@yahoo.com,-3677,37:04.4,New_Customer,SMS,18-25,Premium,133.47,0.72,TRUE,FALSE,TRUE,15:08.6,41,Books
94,Dorothy,Graham,dorothy.graham@hotmail.com,-8416,37:34.0,New_Customer,Social,46-55,Low,147.83,0.57,TRUE,TRUE,TRUE,17:58.8,43,Beauty
95,Kimberly,Elliott,kimberlyelliott@gmail.com,-10099,44:09.4,Low_Value,Push,26-35,Medium,78.7,0.85,TRUE,TRUE,TRUE,14:35.9,25,Home
96,Kelly,Li,kellyli@gmail.com,-6186,10:54.2,Medium_Value,Social,46-55,Premium,186.63,0.46,TRUE,TRUE,FALSE,13:09.8,5,Sports
97,Pamela,Smith,pamelasmith@gmail.com,-6824,04:03.9,Medium_Value,Direct,18-25,Low,190.6,0.61,FALSE,TRUE,FALSE,,30,Books
98,Lori,Davis,loridavis@hotmail.com,-3790,10:52.9,New_Customer,SMS,55+,High,104.89,0.71,TRUE,FALSE,FALSE,17:25.6,39,Clothing
99,Samuel,Meyer,samuel.meyer@outlook.com,-3045,54:42.3,New_Customer,Social,18-25,Medium,141.91,0.52,FALSE,FALSE,TRUE,,30,Beauty
100,Elaine,Bridges,elaine.bridges@hotmail.com,-9815,35:32.0,Low_Value,Direct,26-35,Low,63.99,0.64,FALSE,FALSE,FALSE,14:45.8,1,Sports
101,Jonathan,Nelson,jonathannelson@outlook.com,-4238,28:59.0,Medium_Value,SMS,26-35,Medium,135.72,0.69,FALSE,FALSE,FALSE,16:51.3,18,Sports
102,Alicia,Gallagher,aliciagallagher@gmail.com,-7293,37:37.0,New_Customer,Social,36-45,Premium,68.67,0.71,FALSE,TRUE,FALSE,14:36.3,17,Home
103,Jacob,Rivera,jacobrivera@yahoo.com,-7676,15:41.1,Medium_Value,Direct,18-25,High,175.17,0.64,TRUE,TRUE,FALSE,13:59.0,19,Clothing
104,Anna,Duffy,annaduffyhotmail.com,-4885,35:19.7,Medium_Value,Push,18-25,High,131.18,0.68,TRUE,TRUE,TRUE,16:24.9,40,Home
105,Penny,Johnson,penny.johnson@outlook.com,-10034,30:33.1,New_Customer,Direct,18-25,Medium,99.43,0.71,FALSE,FALSE,FALSE,14:52.2,4,Electronics
106,Anthony,Rose,anthonyroseyahoo.com,-10605,35:53.7,Medium_Value,Social,18-25,Premium,153.35,0.51,FALSE,FALSE,TRUE,17:25.0,41,Books
107,Kimberly,Wolf,kimberlywolf@gmail.com,-9846,20:18.9,High_Value,Email,36-45,Low,167.7,0.29,TRUE,FALSE,FALSE,,41,Clothing
108,Cynthia,Baker,cynthiabaker@hotmail.com,-3394,52:03.0,New_Customer,Direct,55+,,47.5,0.76,TRUE,TRUE,FALSE,,45,Sports
109,George,Sanchez,georgesanchez@yahoo.com,-3754,23:39.3,New_Customer,Direct,26-35,Medium,107.27,0.76,TRUE,FALSE,FALSE,15:39.2,49,Home
110,Mitchell,Brown,mitchell.brown@yahoo.com,-8632,34:17.8,New_Customer,SMS,55+,High,85.96,0.69,TRUE,TRUE,TRUE,16:28.8,6,Sports
111,Tracy,Howell,tracy.howell@outlook.com,-9681,50:04.2,Medium_Value,Email,55+,Medium,129.1,0.45,FALSE,TRUE,TRUE,,12,Books
112,Erica,Everett,erica381@outlook.com,-11195,27:38.0,High_Value,Email,18-25,Premium,165.99,0.36,TRUE,FALSE,TRUE,18:10.5,6,Electronics
113,Kathy,Richard,kathyrichard@gmail.com,-10471,55:55.2,Low_Value,Push,,High,94.78,0.75,FALSE,TRUE,TRUE,13:17.6,36,Clothing
114,Joshua,Hall,joshua.hall@yahoo.com,-6821,15:46.9,Low_Value,Push,46-55,Premium,51.85,0.76,FALSE,TRUE,FALSE,17:59.0,6,Books
115,Michael,Baker,michael276@gmail.com,-7116,19:32.8,Low_Value,Direct,18-25,High,34.45,0.73,TRUE,FALSE,FALSE,13:52.5,15,Sports
116,Cynthia,Porter,cynthia254@hotmail.com,-10911,13:03.3,Medium_Value,Push,55+,Premium,114.2,0.42,FALSE,TRUE,TRUE,17:24.1,26,Books
117,Carrie,Taylor,carrie508@yahoo.com,-7562,24:17.3,Medium_Value,Push,36-45,,114.4,0.64,TRUE,TRUE,FALSE,,49,Electronics
118,Michael,Anderson,michael.anderson@outlook.com,-10706,33:54.5,New_Customer,SMS,36-45,Premium,128.59,0.5,TRUE,TRUE,FALSE,,37,Home
119,Brian,Johnson,brian682@hotmail.com,-6149,11:41.3,Low_Value,Social,26-35,Low,53.14,0.63,TRUE,TRUE,TRUE,,4,Home
120,Brian,Bell,brian412@gmail.com,-7750,10:30.9,Medium_Value,SMS,36-45,Premium,171.16,0.66,FALSE,TRUE,FALSE,15:53.0,9,Home
121,Joseph,Tate,joseph.tate@yahoo.com,-4860,46:47.8,New_Customer,Direct,36-45,High,133.69,0.56,FALSE,FALSE,TRUE,16:42.8,21,Home
122,Jon,Tucker,jon197@yahoo.com,-5156,31:52.9,New_Customer,Email,55+,Medium,117.23,0.73,TRUE,TRUE,TRUE,,35,Home
123,James,Webster,james.webster@outlook.com,-9259,49:04.1,High_Value,Direct,36-45,Medium,174.51,0.27,FALSE,TRUE,TRUE,15:42.1,39,Clothing
124,Johnny,Taylor,johnnytaylor@yahoo.com,-5606,28:01.5,Low_Value,SMS,46-55,High,74.96,0.69,TRUE,FALSE,TRUE,16:43.2,27,Electronics
125,Brianna,Obrien,brianna858@hotmail.com,-7753,50:42.7,New_Customer,Direct,46-55,,99.99,0.74,TRUE,FALSE,FALSE,15:51.3,8,Books
126,Timothy,Haley,timothy.haley@gmail.com,-6390,21:49.2,New_Customer,SMS,36-45,Medium,149.19,0.68,TRUE,TRUE,TRUE,16:18.0,4,Beauty
127,Amber,Garcia,ambergarcia@hotmail.com,-5172,19:05.3,High_Value,Social,26-35,High,365.3,0.31,FALSE,FALSE,FALSE,,13,Home
128,Jake,White,jake388@yahoo.com,-5262,09:44.0,New_Customer,SMS,18-25,Medium,31.53,0.78,FALSE,TRUE,FALSE,12:57.2,4,Home
129,Scott,Mayo,scott561@outlook.com,-5087,52:57.8,Low_Value,Email,36-45,,35.51,0.65,TRUE,TRUE,TRUE,14:15.0,14,Clothing
130,Aaron,Turner,aaron569@yahoo.com,-8280,13:05.1,High_Value,Social,18-25,,206.22,0.22,TRUE,TRUE,TRUE,13:56.0,37,Home
131,Ronald,Briggs,ronald.briggs@outlook.com,-6695,16:13.1,Low_Value,SMS,18-25,Premium,80.15,0.89,FALSE,FALSE,FALSE,16:31.6,23,Sports
132,Monica,Aguilar,monica322@gmail.com,-9580,42:37.1,New_Customer,Social,26-35,Low,70.34,0.61,TRUE,FALSE,FALSE,15:44.5,0,Books
133,Diana,Sanders,dianasanders@hotmail.com,-8962,50:01.7,Low_Value,Direct,46-55,Premium,51.02,0.89,FALSE,TRUE,FALSE,,40,Books
134,Heather,Hart,heatherhart@hotmail.com,-9061,53:02.3,New_Customer,Direct,18-25,High,129.89,0.54,TRUE,FALSE,FALSE,14:36.1,19,Books
135,Elizabeth,Bartlett,elizabeth577@yahoo.com,-8802,10:02.1,High_Value,Push,55+,High,484.49,0.22,FALSE,FALSE,FALSE,,43,Electronics
136,Steven,Price,stevenprice@outlook.com,-9195,29:44.2,Low_Value,Social,,High,56.89,0.89,TRUE,TRUE,FALSE,16:12.8,24,Clothing
137,Madison,Cox,madison.cox@outlook.com,-11732,48:05.4,Low_Value,Social,26-35,High,83.05,0.88,TRUE,TRUE,TRUE,16:04.0,42,Clothing
138,Robin,Reese,robinreese@gmail.com,-1942,28:20.1,New_Customer,SMS,46-55,Premium,60.76,0.55,TRUE,FALSE,FALSE,18:00.8,31,Books
139,Regina,Davis,regina.davis@hotmail.com,-2990,13:08.9,New_Customer,Email,18-25,High,38.4,0.66,FALSE,TRUE,FALSE,13:21.0,32,Home
140,Diane,Hopkins,diane.hopkins@gmail.com,-10928,22:50.4,High_Value,Push,26-35,Low,258.34,0.23,TRUE,TRUE,TRUE,16:26.9,20,Beauty
141,Pamela,Singh,pamela452@hotmail.com,-7229,40:56.4,New_Customer,SMS,46-55,Medium,124.73,0.53,FALSE,FALSE,FALSE,17:42.6,1,Books
142,Matthew,Harper,matthew.harper@hotmail.com,-2712,39:34.0,New_Customer,SMS,46-55,Premium,115.15,0.75,TRUE,TRUE,FALSE,18:11.1,38,Electronics
143,Kristen,Horton,kristen168@outlook.com,-4600,03:20.1,New_Customer,SMS,46-55,Premium,144.15,0.52,TRUE,FALSE,FALSE,18:22.4,22,Sports
144,Sheena,Hicks,sheenahicks@gmail.com,-10232,21:00.9,Medium_Value,Push,46-55,Medium,160.3,0.67,TRUE,TRUE,FALSE,14:12.7,17,Sports
145,Zachary,Clark,zachary.clark@gmail.com,-2606,35:49.4,New_Customer,Direct,55+,Medium,131.56,0.59,TRUE,TRUE,FALSE,13:40.8,25,Clothing
146,Susan,Lam,susanlam@outlook.com,-6942,36:36.8,High_Value,Email,26-35,Premium,344.2,0.33,FALSE,TRUE,TRUE,13:22.6,20,Electronics
147,Deborah,Wallace,deborahwallace@yahoo.com,-3390,50:00.1,High_Value,Push,26-35,High,155.71,0.36,TRUE,TRUE,FALSE,16:28.3,20,Clothing
148,Lisa,Morgan,lisamorgan@hotmail.com,-7985,29:21.7,Medium_Value,Social,36-45,High,109.46,0.5,FALSE,TRUE,TRUE,,6,Clothing
149,Darlene,Norris,darlenenorris@hotmail.com,-9997,28:49.1,Medium_Value,Direct,26-35,Medium,142.12,0.49,TRUE,FALSE,TRUE,18:00.6,5,Sports
150,Brianna,Warren,brianna346@gmail.com,-11070,13:45.2,New_Customer,Direct,18-25,Premium,33.82,0.64,TRUE,FALSE,TRUE,,0,Clothing
151,Cynthia,Padilla,cynthia.padilla@hotmail.com,-7365,43:04.4,Low_Value,SMS,26-35,Premium,65.56,0.75,TRUE,FALSE,FALSE,12:53.8,0,Beauty
152,Brandon,Crawford,brandon72@outlook.com,-4824,43:26.8,High_Value,SMS,26-35,Medium,229.93,0.36,TRUE,TRUE,TRUE,13:59.1,0,Sports
153,Sharon,Beasley,sharonbeasley@outlook.com,-6771,25:52.3,New_Customer,Social,36-45,Medium,88.79,0.66,FALSE,TRUE,TRUE,14:40.8,7,Electronics
154,Kelly,Bass,kellybass@hotmail.com,-10315,30:06.6,New_Customer,Social,46-55,Low,40.94,0.62,FALSE,FALSE,TRUE,17:00.8,48,Electronics
155,Morgan,Mason,morgan.mason@yahoo.com,-8098,32:11.1,Medium_Value,Direct,18-25,,124.79,0.53,TRUE,FALSE,FALSE,14:33.1,25,Electronics
156,Laura,Collins,laura.collins@hotmail.com,-9779,54:32.7,Medium_Value,Email,55+,Medium,188.53,0.5,TRUE,TRUE,FALSE,14:13.8,45,Sports
157,Tim,Peck,timpeck@outlook.com,-4819,16:38.8,New_Customer,SMS,46-55,High,41.88,0.54,FALSE,FALSE,FALSE,13:47.9,31,Home
158,Zachary,Calhoun,zacharycalhoun@gmail.com,-5787,19:19.6,New_Customer,SMS,36-45,Medium,89.13,0.63,FALSE,TRUE,FALSE,,11,Electronics
159,Valerie,Johnson,valerie336@outlook.com,-5257,50:17.3,High_Value,Email,55+,High,264.66,0.32,TRUE,TRUE,TRUE,,23,Books
160,Kathleen,Walker,kathleen611@outlook.com,-4048,11:57.9,Low_Value,Social,36-45,Premium,98.63,0.68,TRUE,FALSE,TRUE,17:34.5,24,Home
161,Melissa,Haynes,melissa.haynes@gmail.com,-8870,31:38.0,Medium_Value,Direct,46-55,Medium,152.06,0.64,TRUE,FALSE,FALSE,17:04.1,19,Sports
162,Ronald,Ochoa,ronaldochoa@hotmail.com,-5421,37:48.7,High_Value,Email,26-35,Low,332.81,0.22,TRUE,TRUE,TRUE,,39,Sports
163,Cathy,Foster,cathy768@outlook.com,-6321,40:24.6,High_Value,Push,18-25,Medium,452.68,0.35,TRUE,FALSE,TRUE,16:02.9,47,Sports
164,Derek,Jones,derek.jones@hotmail.com,-8963,17:23.4,Low_Value,SMS,36-45,Low,30.05,0.62,FALSE,FALSE,FALSE,13:09.0,17,Sports
165,Leslie,Anderson,leslie.anderson@yahoo.com,-3169,28:38.9,Medium_Value,SMS,18-25,Premium,88.12,0.54,FALSE,FALSE,TRUE,17:40.3,33,Sports
166,Justin,Farley,justin50@outlook.com,-2942,27:02.8,New_Customer,Push,55+,Medium,43.18,0.5,TRUE,FALSE,TRUE,17:53.2,42,Electronics
167,Julie,Garcia,juliegarcia@hotmail.com,-9401,16:05.8,New_Customer,Email,46-55,Low,107.46,0.67,TRUE,FALSE,FALSE,15:06.4,17,Clothing
168,Elizabeth,Sandoval,elizabeth176@hotmail.com,-5380,33:17.6,Medium_Value,Direct,18-25,Premium,186.6,0.69,TRUE,FALSE,FALSE,14:07.0,35,Books
169,Michelle,Blair,michelleblair@outlook.com,-6857,35:46.9,New_Customer,Push,26-35,Low,132.16,0.79,FALSE,TRUE,FALSE,15:36.9,30,Beauty
170,Samantha,Morrison,samanthamorrison@yahoo.com,-7552,04:24.5,Medium_Value,SMS,36-45,High,196.33,0.41,TRUE,TRUE,FALSE,18:21.2,50,Clothing
171,Madeline,Williams,madeline.williams@outlook.com,-5629,32:41.1,High_Value,Email,36-45,Premium,155.64,0.4,FALSE,FALSE,FALSE,17:48.2,23,Beauty
172,James,Warner,james.warner@gmail.com,-3890,00:46.2,New_Customer,Push,36-45,Medium,83.18,0.5,TRUE,FALSE,TRUE,16:58.0,33,Sports
173,Jack,Schmidt,jack589@hotmail.com,-4410,23:30.5,New_Customer,SMS,36-45,,134.55,0.55,FALSE,TRUE,TRUE,,38,Home
174,Richard,Bates,richard.bates@outlook.com,-2199,21:43.3,High_Value,Email,55+,Medium,427.34,0.21,TRUE,TRUE,FALSE,12:48.3,25,Sports
175,Erika,Lowery,erika.lowery@hotmail.com,-5815,04:28.3,Low_Value,SMS,26-35,,46.57,0.69,FALSE,TRUE,TRUE,13:39.6,7,Clothing
176,Mark,Johnson,mark.johnson@yahoo.com,-10155,47:02.9,Low_Value,SMS,36-45,Low,76.63,0.78,FALSE,TRUE,TRUE,17:47.3,43,Sports
177,Leah,Wilson,leah833@yahoo.com,-4703,10:25.0,Low_Value,Social,36-45,High,75.83,0.76,TRUE,FALSE,FALSE,16:24.1,28,Electronics
178,Jose,Glover,jose.glover@outlook.com,-3384,39:19.9,New_Customer,Push,46-55,Premium,41.73,0.54,TRUE,TRUE,TRUE,13:42.8,46,Electronics
179,Larry,Campbell,larry.campbell@gmail.com,-8209,36:36.9,Low_Value,SMS,55+,Medium,74.25,0.84,TRUE,FALSE,TRUE,,32,Books
180,Mike,Conley,mikeconley@hotmail.com,-9320,52:57.7,New_Customer,Push,36-45,Premium,103.05,0.75,TRUE,TRUE,FALSE,17:47.2,25,Clothing
181,James,Price,james919@outlook.com,-3881,47:40.7,High_Value,Social,,Medium,297.65,0.35,FALSE,TRUE,TRUE,,15,Beauty
182,Bryan,Flores,bryan663@gmail.com,-5614,47:39.3,Low_Value,Push,26-35,High,36.93,0.62,TRUE,TRUE,TRUE,14:47.0,40,Books
183,Mark,Reese,mark.reese@outlook.com,-5715,00:43.7,Medium_Value,Direct,46-55,Low,118.93,0.54,TRUE,TRUE,TRUE,17:59.6,27,Sports
184,Joseph,Bradshaw,josephbradshaw@gmail.com,-10649,20:12.1,High_Value,Direct,55+,Medium,301.87,0.36,TRUE,FALSE,FALSE,18:12.3,33,Clothing
185,Sherri,Cruz,sherri.cruz@hotmail.com,-4657,17:59.4,High_Value,SMS,18-25,Medium,260.01,0.23,FALSE,TRUE,TRUE,13:36.1,14,Books
186,Aaron,Robinson,aaron622@hotmail.com,-4084,31:30.1,High_Value,SMS,46-55,Medium,390.73,0.33,FALSE,TRUE,TRUE,13:24.4,2,Beauty
187,Jessica,Fields,jessicafields@outlook.com,-10267,54:17.8,Low_Value,Direct,,,64.64,0.86,TRUE,FALSE,TRUE,18:39.7,35,Books
188,Margaret,Cunningham,margaretcunningham@gmail.com,-5588,12:46.8,High_Value,SMS,46-55,Low,274,0.25,TRUE,TRUE,TRUE,17:18.7,45,Home
189,Kristy,Nelson,kristy.nelson@hotmail.com,-3558,32:03.5,Medium_Value,Email,55+,,111.59,0.62,FALSE,TRUE,FALSE,16:12.0,44,Beauty
190,Shannon,Hamilton,shannon489@hotmail.com,-4747,18:48.4,Medium_Value,Push,26-35,High,120.89,0.54,TRUE,FALSE,TRUE,14:37.9,9,Sports
191,Dawn,Hernandez,dawn407@hotmail.com,-7159,11:52.8,Low_Value,Social,18-25,Low,95.4,0.87,TRUE,FALSE,FALSE,15:48.5,6,Home
192,Louis,Lee,louis.lee@yahoo.com,-4953,41:04.4,Medium_Value,Social,36-45,Medium,126.11,0.43,FALSE,TRUE,FALSE,18:13.1,42,Clothing
193,Christina,Espinoza,christinaespinoza@hotmail.com,-2645,04:03.3,Low_Value,Email,26-35,High,91.55,0.66,TRUE,TRUE,FALSE,,44,Home
194,Dustin,Ochoa,dustinochoa@hotmail.com,-10490,06:59.3,Low_Value,Social,18-25,Medium,30.8,0.83,TRUE,FALSE,FALSE,14:32.4,40,Electronics
195,Melissa,Diaz,melissa18@yahoo.com,-2275,26:33.5,Low_Value,Email,36-45,High,94.8,0.69,FALSE,TRUE,TRUE,,31,Home
196,Alison,Bowers,alisonbowers@outlook.com,-4160,42:12.5,Medium_Value,Direct,18-25,Premium,77.77,0.56,FALSE,TRUE,FALSE,,3,Beauty
197,Paul,Love,paullove@yahoo.com,-4424,57:24.9,High_Value,Push,18-25,High,235.03,0.26,TRUE,TRUE,TRUE,14:58.1,23,Home
198,Monique,Mullins,moniquemullins@outlook.com,-11376,43:08.2,Low_Value,Social,26-35,Premium,99.53,0.69,TRUE,FALSE,TRUE,17:34.2,26,Sports
199,Theresa,Craig,theresa604@yahoo.com,-4961,41:19.7,Low_Value,Push,26-35,Medium,60.91,0.85,FALSE,FALSE,TRUE,18:19.2,5,Sports
200,Megan,Sherman,megan679@gmail.com,-9997,01:52.1,High_Value,Social,36-45,Premium,419.31,0.38,FALSE,FALSE,FALSE,,15,Books
201,Amy,Carroll,amy.carroll@hotmail.com,-10379,44:14.6,High_Value,Email,26-35,Premium,238.07,0.33,FALSE,TRUE,FALSE,15:16.7,1,Electronics
202,Megan,Osborne,meganosborne@yahoo.com,-10385,22:02.9,Medium_Value,Social,18-25,High,134.51,0.68,TRUE,TRUE,TRUE,18:02.4,17,Electronics
203,Robert,Ramirez,robertramirez@gmail.com,-8479,37:42.7,Medium_Value,SMS,46-55,Premium,173.54,0.57,FALSE,FALSE,TRUE,12:52.6,42,Books
204,Jonathan,Matthews,jonathan.matthews@yahoo.com,-9088,15:15.9,Medium_Value,Push,26-35,Low,111.05,0.58,FALSE,TRUE,FALSE,14:24.4,9,Home
205,Sherri,Reynolds,sherri.reynolds@hotmail.com,-7562,34:19.4,Low_Value,Social,26-35,,65.22,0.64,TRUE,TRUE,TRUE,13:50.1,1,Books
206,Michael,Kim,michaelkim@hotmail.com,-5108,24:16.3,Medium_Value,Direct,26-35,,97.48,0.57,TRUE,TRUE,FALSE,12:56.5,10,Clothing
207,Juan,Jennings,juanjennings@outlook.com,-10486,46:11.4,New_Customer,SMS,46-55,Low,106.61,0.66,FALSE,TRUE,TRUE,,49,Books
208,Dennis,Green,dennis.green@outlook.com,-10804,34:40.5,Medium_Value,SMS,26-35,Premium,198,0.66,TRUE,FALSE,FALSE,18:24.7,37,Home
209,Donna,Johnson,donna.johnson@hotmail.com,-4235,20:07.1,New_Customer,Email,26-35,Medium,60.11,0.53,FALSE,FALSE,TRUE,,37,Sports
210,Kendra,Hall,kendra.hall@yahoo.com,-5444,22:41.7,New_Customer,SMS,55+,Premium,86.16,0.63,TRUE,FALSE,TRUE,18:11.1,45,Sports
211,Melanie,Jackson,melanie626@yahoo.com,-10939,50:25.6,Low_Value,Social,46-55,High,38.97,0.83,TRUE,TRUE,TRUE,16:33.7,40,Home
212,Jessica,Harper,jessicaharper@yahoo.com,-3863,16:25.8,Low_Value,Email,36-45,,68.9,0.78,FALSE,TRUE,TRUE,18:36.5,8,Electronics
213,Pam,Bennett,pam.bennett@outlook.com,-3234,12:26.5,New_Customer,SMS,26-35,Medium,122.78,0.63,TRUE,TRUE,FALSE,14:35.6,9,Sports
214,Shelly,Gonzalez,shellygonzalez@hotmail.com,-11245,28:53.9,New_Customer,Social,18-25,Premium,61.52,0.72,FALSE,TRUE,TRUE,17:17.3,31,Sports
215,Gregory,Mcdonald,gregory105@outlook.com,-2161,47:33.8,Medium_Value,Email,46-55,Low,174.12,0.59,FALSE,FALSE,FALSE,13:05.8,29,Beauty
216,Lisa,Day,lisa.day@gmail.com,-2336,34:27.6,Low_Value,Social,18-25,Premium,28.07,0.76,TRUE,FALSE,FALSE,12:43.0,5,Sports
217,Sarah,Rivers,sarah.rivers@yahoo.com,-3540,40:19.8,Medium_Value,Social,46-55,,144.84,0.6,FALSE,FALSE,TRUE,17:11.8,6,Books
218,Michael,Schwartz,michael634@gmail.com,-7475,29:03.6,Medium_Value,Push,46-55,Low,159.07,0.44,TRUE,TRUE,TRUE,13:55.7,26,Books
219,Alexander,Rivera,alexanderrivera@gmail.com,-9257,59:54.4,Medium_Value,Direct,36-45,Low,173.72,0.53,TRUE,FALSE,TRUE,13:35.3,19,Books
220,Derek,Glenn,derek214@hotmail.com,-10550,30:43.8,Medium_Value,Email,55+,Low,169.76,0.46,FALSE,TRUE,TRUE,,41,Home
221,Charles,Morrow,charlesmorrow@outlook.com,-5379,50:34.6,Medium_Value,Push,55+,Low,107.3,0.62,FALSE,TRUE,TRUE,15:50.5,39,Books
222,Paul,Jenkins,pauljenkins@gmail.com,-5487,17:31.3,Medium_Value,SMS,,High,152.45,0.58,TRUE,TRUE,FALSE,14:47.6,7,Beauty
223,William,Phillips,william861@yahoo.com,-4639,20:15.9,New_Customer,SMS,55+,Premium,140.16,0.78,TRUE,TRUE,TRUE,,24,Beauty
224,Amber,Collier,amber800@gmail.com,-9365,15:01.1,High_Value,Social,26-35,,489.45,0.36,FALSE,TRUE,FALSE,14:15.7,27,Books
225,Robert,Reyes,robertreyes@gmail.com,-3321,55:15.5,New_Customer,SMS,55+,Medium,85.06,0.79,FALSE,TRUE,FALSE,,12,Books
226,Lisa,Harper,lisa961@hotmail.com,-10120,07:13.8,New_Customer,Social,55+,,55,0.77,TRUE,TRUE,FALSE,16:26.5,17,Beauty
227,Destiny,Green,destinygreen@outlook.com,-7249,07:22.0,Low_Value,Email,26-35,High,43.76,0.64,FALSE,TRUE,TRUE,15:58.9,15,Home
228,Raymond,Baker,raymond.baker@gmail.com,-7778,10:34.7,High_Value,Direct,18-25,Medium,456.71,0.22,FALSE,FALSE,FALSE,13:00.7,18,Electronics
229,Larry,Robertson,larry433@gmail.com,-7622,44:28.3,Low_Value,Direct,26-35,Medium,52.48,0.6,FALSE,FALSE,FALSE,15:55.6,1,Electronics
230,Nathaniel,Fry,nathanielfry@yahoo.com,-4930,28:16.0,Medium_Value,Social,26-35,High,179.03,0.45,TRUE,TRUE,FALSE,17:22.5,30,Home
231,Kristina,Harrington,kristinaharrington@hotmail.com,-3741,16:48.2,New_Customer,Social,18-25,,55.77,0.57,TRUE,FALSE,TRUE,15:08.1,15,Home
232,Lee,Howe,lee.howe@gmail.com,-3644,24:11.3,High_Value,Email,18-25,Medium,194.17,0.4,FALSE,TRUE,TRUE,15:31.8,18,Clothing
233,Michelle,Williams,michelle.williams@gmail.com,-6742,03:45.0,Low_Value,Push,36-45,Medium,55.55,0.78,TRUE,TRUE,TRUE,17:07.5,22,Sports
234,Diana,Lopez,diana.lopez@gmail.com,-9672,44:16.6,New_Customer,SMS,46-55,Medium,53.64,0.62,FALSE,TRUE,TRUE,14:00.7,20,Books
235,Megan,Elliott,megan.elliott@outlook.com,-7759,00:15.1,High_Value,Push,18-25,Medium,210.95,0.35,FALSE,TRUE,TRUE,17:42.6,3,Sports
236,Stacey,Fritz,staceyfritz@outlook.com,-3678,52:15.4,New_Customer,SMS,55+,Medium,49.09,0.69,TRUE,FALSE,TRUE,14:34.7,27,Clothing
237,Debra,Ruiz,debra.ruiz@gmail.com,-3449,00:44.0,Medium_Value,Social,36-45,Medium,166.08,0.46,FALSE,TRUE,TRUE,14:29.5,11,Beauty
238,Ryan,Stanley,ryanstanley@gmail.com,-7912,12:31.0,High_Value,Push,26-35,,242.64,0.24,TRUE,TRUE,FALSE,15:43.0,2,Home
239,Debra,Tucker,debratucker@outlook.com,-6975,49:07.4,High_Value,Email,26-35,Premium,205.64,0.26,FALSE,FALSE,TRUE,12:59.2,8,Books
240,Allison,Russell,allison.russell@hotmail.com,-5055,26:17.0,Low_Value,Push,26-35,High,62.74,0.76,TRUE,TRUE,FALSE,18:12.1,16,Electronics
241,Rachel,Cunningham,rachel.cunningham@yahoo.com,-10585,48:36.7,High_Value,SMS,,Low,259.29,0.37,TRUE,TRUE,FALSE,14:59.8,9,Beauty
242,Jesse,Rodriguez,jesse.rodriguez@yahoo.com,-3400,55:15.0,High_Value,Push,55+,High,459.25,0.24,TRUE,TRUE,FALSE,17:28.0,34,Home
243,Ronald,Morgan,ronaldmorgan@outlook.com,-9442,41:17.6,Low_Value,Push,55+,Premium,86.25,0.72,FALSE,TRUE,TRUE,13:01.0,4,Home
244,Michael,Monroe,michael.monroe@yahoo.com,-3757,29:25.3,Medium_Value,Email,46-55,Low,85.89,0.57,TRUE,TRUE,FALSE,17:45.7,24,Clothing
245,Crystal,Thompson,crystal.thompson@gmail.com,-3631,28:43.9,Low_Value,Email,,Premium,42.8,0.8,FALSE,TRUE,TRUE,,35,Books
246,James,Weaver,jamesweaver@hotmail.com,-3518,28:05.6,New_Customer,Push,26-35,Medium,137.6,0.67,TRUE,TRUE,FALSE,15:29.8,35,Clothing
247,Gary,Kramer,gary441@hotmail.com,-6557,06:39.6,New_Customer,Push,,High,84.19,0.69,TRUE,TRUE,TRUE,14:04.3,47,Clothing
248,Shelby,Wong,shelby.wong@gmail.com,-8120,47:32.7,Medium_Value,Email,26-35,High,97.78,0.54,TRUE,FALSE,TRUE,14:39.1,40,Home
249,Amanda,Armstrong,amanda.armstrong@gmail.com,-7796,22:14.2,New_Customer,Direct,26-35,High,53.81,0.61,TRUE,FALSE,TRUE,14:16.0,12,Electronics
250,Ronald,Bowman,ronaldbowman@gmail.com,-3990,26:07.3,High_Value,Direct,26-35,Medium,244.38,0.32,TRUE,TRUE,FALSE,13:17.1,1,Clothing
251,Grace,Lewis,grace.lewis@outlook.com,-3910,48:28.3,Medium_Value,SMS,26-35,High,80.12,0.48,FALSE,FALSE,FALSE,16:19.1,32,Beauty
252,Melanie,Lee,melanielee@outlook.com,-10123,38:43.8,New_Customer,Social,55+,Low,37.91,0.54,FALSE,FALSE,FALSE,13:38.8,44,Beauty
253,Stephen,Johnson,stephenjohnson@outlook.com,-2917,01:11.1,High_Value,Social,36-45,,180.44,0.23,TRUE,TRUE,FALSE,14:43.2,14,Books
254,Todd,Robinson,toddrobinson@gmail.com,-10747,26:49.0,High_Value,Email,46-55,High,219.16,0.29,TRUE,FALSE,FALSE,13:09.4,42,Clothing
255,Jason,Compton,jason.compton@hotmail.com,-5822,05:07.5,High_Value,SMS,26-35,Low,179.89,0.24,FALSE,TRUE,TRUE,18:27.5,45,Books
256,Collin,Bowen,collin681@outlook.com,-7192,10:34.9,High_Value,Push,46-55,Medium,375.25,0.27,TRUE,TRUE,TRUE,,19,Clothing
257,Brian,Shaw,brian.shaw@gmail.com,-10051,32:36.1,High_Value,Push,26-35,Low,407.5,0.38,FALSE,FALSE,FALSE,18:34.9,9,Sports
258,Joseph,Jimenez,josephjimenez@outlook.com,-6261,49:19.9,New_Customer,SMS,36-45,Medium,131.73,0.51,FALSE,FALSE,TRUE,18:37.2,25,Electronics
259,Ralph,Hale,ralphhale@outlook.com,-3858,50:44.6,New_Customer,SMS,46-55,Premium,76.94,0.57,FALSE,FALSE,FALSE,18:39.7,28,Beauty
260,Jack,Hansen,jack.hansen@hotmail.com,-7947,59:32.6,New_Customer,Push,26-35,High,41.97,0.61,TRUE,FALSE,TRUE,13:41.4,21,Books
261,Timothy,Larson,timothy.larson@gmail.com,-9296,45:58.0,Low_Value,Social,55+,Premium,81.8,0.7,FALSE,FALSE,FALSE,15:08.3,16,Home
262,Dawn,Bowman,dawn.bowman@yahoo.com,-9370,00:09.1,Low_Value,Direct,36-45,Medium,58.11,0.78,FALSE,TRUE,TRUE,17:35.2,36,Home
263,Benjamin,Castillo,benjamin10@gmail.com,-8334,01:45.1,New_Customer,Push,36-45,Low,145.73,0.51,TRUE,TRUE,TRUE,12:47.9,16,Sports
264,Melissa,Lee,melissalee@yahoo.com,-9644,50:17.1,High_Value,Social,46-55,Medium,349.54,0.21,FALSE,FALSE,FALSE,,47,Beauty
265,Jasmine,Harper,jasmine.harper@gmail.com,-4101,07:01.2,New_Customer,Direct,36-45,Low,51.56,0.5,FALSE,TRUE,FALSE,16:27.0,10,Beauty
266,Cathy,Carpenter,cathy698@yahoo.com,-2755,53:13.7,Medium_Value,Email,18-25,Premium,162.4,0.69,FALSE,TRUE,FALSE,13:48.3,35,Books
267,Tracy,Moore,tracy.moore@yahoo.com,-5418,45:09.7,Low_Value,Email,18-25,,52.11,0.75,TRUE,FALSE,FALSE,15:26.6,23,Clothing
268,Christopher,Ford,christopher.ford@gmail.com,-8470,23:56.8,Low_Value,Social,55+,Low,81.44,0.65,FALSE,FALSE,FALSE,15:17.5,23,Electronics
269,Jason,Smith,jason.smith@hotmail.com,-11371,53:55.4,High_Value,SMS,46-55,Low,451.48,0.33,FALSE,TRUE,FALSE,,36,Electronics
270,Katherine,Wagner,katherinewagner@hotmail.com,-10762,32:55.1,High_Value,Direct,46-55,Premium,215.11,0.32,FALSE,TRUE,TRUE,17:33.7,37,Home
271,Richard,Munoz,richard.munoz@hotmail.com,-2265,37:49.1,Medium_Value,Direct,18-25,,188.86,0.43,FALSE,TRUE,FALSE,18:15.9,41,Books
272,Natasha,Harris,natashaharris@hotmail.com,-6271,48:19.4,High_Value,Push,,Medium,344.81,0.35,TRUE,TRUE,TRUE,14:38.7,39,Sports
273,Robin,Thompson,robin469@outlook.com,-7920,38:08.2,New_Customer,Email,26-35,High,122.86,0.7,TRUE,TRUE,FALSE,,46,Electronics
274,Jessica,Phillips,jessicaphillips@gmail.com,-5364,36:31.3,New_Customer,Social,26-35,High,140.22,0.79,TRUE,FALSE,TRUE,13:37.8,41,Clothing
275,Barry,Chang,barrychang@hotmail.com,-3674,05:44.6,Low_Value,Direct,36-45,Low,26.05,0.62,FALSE,TRUE,TRUE,14:05.9,11,Sports
276,Michael,Garcia,michael680@outlook.com,-6756,00:53.4,New_Customer,Direct,36-45,Low,53.35,0.8,TRUE,TRUE,TRUE,15:19.6,38,Clothing
277,Justin,Hoffman,justin643@outlook.com,-3782,45:41.6,Medium_Value,Social,18-25,Premium,174.96,0.42,FALSE,FALSE,TRUE,15:20.9,33,Books
278,Shawn,Estes,shawn982@yahoo.com,-4821,33:04.6,High_Value,Email,55+,Low,196.33,0.28,TRUE,TRUE,TRUE,17:32.4,35,Sports
279,Brian,Hoffman,brian970@yahoo.com,-8371,43:10.9,Medium_Value,Email,55+,Medium,75.08,0.58,TRUE,FALSE,FALSE,17:42.1,1,Home
280,Julie,Blackwell,julie708@outlook.com,-7907,39:40.7,New_Customer,SMS,18-25,Premium,115.43,0.64,TRUE,FALSE,TRUE,14:47.2,21,Electronics
281,Jessica,Holland,jessicaholland@outlook.com,-7025,38:26.8,High_Value,Email,46-55,Premium,263.08,0.27,TRUE,TRUE,TRUE,15:43.1,4,Clothing
282,Jeffrey,Perry,jeffreyperry@yahoo.com,-5839,07:55.3,High_Value,SMS,36-45,Medium,150.55,0.35,FALSE,FALSE,FALSE,17:47.5,8,Beauty
283,Nancy,Cannon,nancy300@hotmail.com,-8370,20:38.8,New_Customer,SMS,26-35,,136.03,0.77,FALSE,FALSE,FALSE,13:51.5,4,Books
284,Susan,Henderson,susanhenderson@hotmail.com,-10194,06:19.0,New_Customer,Social,46-55,,48.68,0.75,TRUE,FALSE,TRUE,,7,Beauty
285,Michelle,Smith,michellesmith@hotmail.com,-2385,55:00.9,Low_Value,Social,55+,Premium,61.2,0.78,TRUE,FALSE,TRUE,,25,Electronics
286,Meghan,Nichols,meghan839@yahoo.com,-8901,51:52.6,Medium_Value,Email,18-25,High,112.33,0.59,TRUE,TRUE,FALSE,12:51.0,48,Sports
287,Brian,Jimenez,brian799@hotmail.com,-5218,29:51.6,Medium_Value,SMS,46-55,Premium,107.06,0.55,TRUE,FALSE,TRUE,17:16.1,43,Books
288,Christopher,Kelly,christopherkelly@outlook.com,-5069,35:54.6,High_Value,SMS,26-35,Premium,452.45,0.23,FALSE,FALSE,TRUE,18:32.8,7,Home
289,Timothy,Smith,timothy521@gmail.com,-2584,11:03.2,Low_Value,Push,46-55,Medium,72.53,0.79,FALSE,FALSE,FALSE,16:07.4,30,Electronics
290,Thomas,Davis,thomas212@outlook.com,-6486,17:56.8,Medium_Value,Push,46-55,Premium,191.5,0.59,FALSE,FALSE,TRUE,12:46.2,22,Home
291,Amber,Bell,amber240@hotmail.com,-8040,03:07.4,Medium_Value,Social,55+,Premium,116.28,0.64,FALSE,FALSE,FALSE,17:47.1,41,Clothing
292,Nancy,Willis,nancy.willis@hotmail.com,-3360,22:44.7,High_Value,Social,26-35,Low,323.25,0.38,TRUE,TRUE,FALSE,14:20.5,41,Books
293,Erica,Soto,erica392@outlook.com,-2496,37:30.1,New_Customer,Push,26-35,Low,53.49,0.52,FALSE,TRUE,FALSE,18:36.5,17,Clothing
294,Henry,Cortez,henry.cortez@hotmail.com,-10433,25:14.8,New_Customer,SMS,18-25,High,110.03,0.6,TRUE,FALSE,TRUE,18:11.3,49,Electronics
295,Kathleen,Bean,kathleen.bean@yahoo.com,-6745,47:38.3,Low_Value,SMS,18-25,High,46.4,0.6,TRUE,TRUE,TRUE,16:21.6,0,Books
296,Patrick,Oneal,patrick686@yahoo.com,-4099,07:20.2,High_Value,Push,18-25,Low,357.75,0.28,TRUE,FALSE,FALSE,13:09.2,29,Electronics
297,Bryan,Franklin,bryan.franklin@hotmail.com,-10854,11:49.8,Low_Value,Direct,36-45,Premium,96.69,0.8,FALSE,TRUE,TRUE,13:06.5,34,Sports
298,Charles,Morgan,charles30@gmail.com,-6079,07:54.1,New_Customer,SMS,36-45,Medium,106.97,0.79,TRUE,FALSE,TRUE,13:06.3,22,Clothing
299,Isaac,Frey,isaac702@outlook.com,-8411,43:50.8,Medium_Value,Direct,55+,Premium,129.52,0.62,TRUE,FALSE,TRUE,17:22.6,18,Electronics
300,Robert,Hoffman,roberthoffman@hotmail.com,-8395,52:31.2,Low_Value,Social,26-35,Low,42.75,0.73,TRUE,FALSE,FALSE,16:02.4,31,Sports
301,Nichole,Reid,nicholereid@hotmail.com,-5392,26:39.7,High_Value,Email,26-35,,278.41,0.36,FALSE,TRUE,TRUE,17:19.8,19,Clothing
302,Teresa,Hensley,teresahensley@hotmail.com,-3296,24:32.6,New_Customer,SMS,18-25,Low,37.49,0.52,FALSE,TRUE,TRUE,13:54.5,14,Books
303,Debra,Boyd,debraboyd@outlook.com,-5123,20:45.0,High_Value,Email,46-55,,311.83,0.25,FALSE,FALSE,TRUE,13:43.0,35,Home
304,Charles,Bradford,charles964@gmail.com,-6837,32:28.4,Low_Value,Direct,46-55,High,63.44,0.71,FALSE,FALSE,FALSE,16:58.0,49,Home
305,Jeffrey,Miller,jeffrey34@outlook.com,-9962,35:25.6,New_Customer,Push,46-55,High,132.2,0.76,TRUE,TRUE,FALSE,13:47.5,30,Books
306,Ross,Anderson,ross.anderson@hotmail.com,-6098,38:37.8,High_Value,Push,55+,Premium,420.49,0.38,FALSE,FALSE,TRUE,18:30.3,21,Books
307,Kristina,Bowen,kristina.bowen@gmail.com,-8113,36:46.8,Low_Value,Email,26-35,Low,61.91,0.66,FALSE,FALSE,FALSE,16:03.1,21,Home
308,Bradley,Cooper,bradley.cooper@hotmail.com,-3987,44:28.0,Low_Value,Push,26-35,High,47.64,0.68,TRUE,TRUE,FALSE,,33,Clothing
309,Amanda,Coleman,amanda285@outlook.com,-10906,06:46.0,Medium_Value,Email,26-35,High,139.27,0.47,FALSE,TRUE,TRUE,16:56.5,37,Beauty
310,Luke,Reed,luke.reed@yahoo.com,-5766,57:30.8,New_Customer,Email,46-55,,141.15,0.72,TRUE,FALSE,TRUE,15:47.8,38,Books
311,Tyler,Simpson,tyler429@outlook.com,-11626,37:25.8,New_Customer,SMS,46-55,High,31.65,0.58,FALSE,TRUE,FALSE,16:23.9,28,Electronics
312,Mary,Davis,mary734@gmail.com,-6773,51:02.6,Low_Value,SMS,46-55,Medium,71.8,0.71,FALSE,FALSE,TRUE,14:01.8,4,Sports
313,Alexander,Boyd,alexanderboyd@gmail.com,-8621,18:28.3,Low_Value,Email,36-45,Premium,43.99,0.72,TRUE,FALSE,FALSE,15:14.9,27,Books
314,Holly,Johnson,holly.johnson@outlook.com,-10314,16:24.0,New_Customer,Email,,Premium,88.17,0.63,TRUE,TRUE,TRUE,16:58.4,11,Home
315,Linda,Ellis,linda561@hotmail.com,-8806,43:58.7,High_Value,Push,18-25,Medium,241.74,0.27,FALSE,TRUE,FALSE,,13,Sports
316,Hannah,Diaz,hannah.diaz@outlook.com,-4329,04:06.3,New_Customer,Push,46-55,Low,37.25,0.72,TRUE,FALSE,FALSE,18:27.3,41,Clothing
317,Christopher,Rosario,christopher924@gmail.com,-10150,16:10.8,New_Customer,Direct,26-35,Premium,112.27,0.71,FALSE,TRUE,FALSE,13:52.4,24,Beauty
318,Mark,Williams,mark769@yahoo.com,-4483,59:46.0,Low_Value,Social,26-35,High,41.76,0.78,TRUE,FALSE,TRUE,,28,Sports
319,Kelsey,Newman,kelsey402@gmail.com,-9451,26:08.1,New_Customer,Direct,18-25,High,114.85,0.65,FALSE,TRUE,FALSE,,9,Sports
320,Eric,Beck,ericbeck@hotmail.com,-3102,06:13.8,Low_Value,Email,36-45,Premium,45.87,0.75,TRUE,FALSE,FALSE,17:51.1,10,Beauty
321,Andrew,Hoover,andrew.hoover@gmail.com,-2404,38:01.3,High_Value,Email,55+,High,254.24,0.38,TRUE,FALSE,TRUE,14:27.8,43,Beauty
322,Marie,Woodward,marie212@yahoo.com,-10683,52:19.3,Medium_Value,Direct,55+,Premium,89.51,0.67,FALSE,FALSE,TRUE,17:48.1,24,Clothing
323,Alexandra,Baldwin,alexandra79@gmail.com,-8531,41:51.2,Medium_Value,Direct,46-55,Premium,149.35,0.65,FALSE,TRUE,TRUE,16:59.6,9,Beauty
324,Jennifer,Sanchez,jennifer480@yahoo.com,-9777,10:00.7,Low_Value,Email,36-45,Medium,98.95,0.6,TRUE,FALSE,TRUE,15:35.2,37,Home
325,Erik,Herring,erik110@yahoo.com,-9323,00:28.7,Medium_Value,Email,55+,Medium,81.3,0.56,FALSE,FALSE,FALSE,18:17.0,31,Clothing
326,Connor,Thornton,connorthornton@hotmail.com,-6678,16:39.7,Low_Value,Push,36-45,High,67.91,0.71,FALSE,TRUE,TRUE,16:55.3,48,Sports
327,Martin,Lamb,martin.lamb@gmail.com,-4258,07:25.3,High_Value,Push,55+,Medium,369.18,0.27,TRUE,FALSE,TRUE,,46,Electronics
328,Kevin,Fritz,kevinfritz@yahoo.com,-7007,21:41.1,High_Value,Email,26-35,High,384.41,0.3,TRUE,FALSE,FALSE,14:44.3,38,Books
329,Elizabeth,Morris,elizabethmorris@yahoo.com,-10340,06:54.3,New_Customer,Email,26-35,Low,141.98,0.65,FALSE,TRUE,TRUE,17:29.5,49,Sports
330,Julia,Hernandez,julia.hernandez@gmail.com,-11161,47:49.8,Medium_Value,Email,26-35,Medium,174.1,0.63,FALSE,TRUE,TRUE,15:57.4,15,Books
331,Marie,Smith,marie776@yahoo.com,-8220,02:38.7,High_Value,Social,55+,High,338.68,0.37,FALSE,TRUE,TRUE,13:16.7,20,Clothing
332,Kimberly,Rodriguez,kimberly.rodriguez@outlook.com,-3570,37:45.4,Medium_Value,Social,18-25,High,84.91,0.69,TRUE,TRUE,FALSE,,24,Electronics
333,Logan,Kline,logan.kline@hotmail.com,-2728,56:32.5,High_Value,Direct,26-35,Premium,334.51,0.4,FALSE,TRUE,TRUE,,10,Home
334,Matthew,Arroyo,matthew.arroyo@outlook.com,-6515,48:53.3,Medium_Value,SMS,36-45,Premium,97.58,0.67,TRUE,TRUE,TRUE,17:42.2,27,Sports
335,Jeffrey,Howell,jeffrey794@hotmail.com,-9466,13:40.1,Low_Value,Push,18-25,Low,51.88,0.76,FALSE,FALSE,FALSE,,12,Home
336,Victoria,Jones,victoria275@gmail.com,-6627,16:36.0,New_Customer,SMS,46-55,Medium,92.16,0.53,TRUE,FALSE,FALSE,16:43.4,2,Sports
337,Parker,Lopez,parkerlopez@yahoo.com,-3864,28:05.2,High_Value,Social,36-45,High,448.16,0.39,TRUE,FALSE,FALSE,14:08.7,4,Books
338,Brian,King,brian884@gmail.com,-7695,43:04.9,Medium_Value,Push,18-25,Medium,160.75,0.49,FALSE,FALSE,FALSE,15:15.5,26,Books
339,Joshua,Hopkins,joshuahopkins@hotmail.com,-11073,22:07.3,New_Customer,Email,46-55,Low,41.87,0.79,FALSE,FALSE,FALSE,,30,Clothing
340,Rachel,Carroll,rachel373@outlook.com,-3062,03:34.6,Low_Value,Direct,55+,High,59.12,0.68,FALSE,TRUE,TRUE,16:25.0,14,Sports
341,David,Taylor,david.taylor@outlook.com,-6083,52:38.9,Medium_Value,Push,26-35,Premium,154.9,0.58,FALSE,TRUE,TRUE,17:03.5,6,Clothing
342,David,Lynch,david.lynch@yahoo.com,-7620,17:16.2,Medium_Value,SMS,18-25,Premium,172.04,0.43,FALSE,FALSE,FALSE,17:56.3,44,Books
343,Angela,Clements,angela.clements@hotmail.com,-5883,20:44.8,High_Value,Social,18-25,High,346.6,0.36,FALSE,FALSE,TRUE,14:23.9,35,Sports
344,Lynn,Aguilar,lynn.aguilar@gmail.com,-4730,16:21.1,Medium_Value,Direct,18-25,Low,124.52,0.66,FALSE,FALSE,TRUE,15:38.0,37,Sports
345,Allison,Conner,allison867@yahoo.com,-11733,19:56.5,Low_Value,Push,18-25,Premium,45.02,0.82,TRUE,FALSE,FALSE,15:01.0,21,Clothing
346,Dale,Morris,dale.morris@gmail.com,-10524,32:36.3,Medium_Value,Direct,36-45,Medium,177.57,0.52,FALSE,FALSE,FALSE,,20,Home
347,Theresa,Tucker,theresa364@yahoo.com,-3252,05:26.5,Medium_Value,Email,55+,,138.59,0.48,FALSE,FALSE,FALSE,14:31.1,37,Electronics
348,James,Mason,james.mason@outlook.com,-3604,04:43.7,Medium_Value,Social,26-35,Medium,184.5,0.63,TRUE,TRUE,TRUE,14:40.1,21,Clothing
349,Ralph,Wilson,ralphwilson@outlook.com,-8397,23:08.8,High_Value,Social,46-55,Premium,365.7,0.35,TRUE,TRUE,TRUE,,34,Books
350,Linda,Hart,linda.hart@outlook.com,-3641,16:01.6,High_Value,SMS,,Premium,343.63,0.2,TRUE,FALSE,TRUE,14:04.1,0,Home
351,Angela,Lopez,angelalopez@outlook.com,-8042,01:49.1,Medium_Value,Direct,18-25,High,136.34,0.51,FALSE,FALSE,FALSE,,34,Sports
352,Lucas,Parker,lucas.parker@gmail.com,-7879,12:01.6,Low_Value,Direct,55+,Premium,29.8,0.79,FALSE,TRUE,FALSE,16:50.4,31,Home
353,Robert,Lewis,robertlewis@gmail.com,-8095,36:17.7,New_Customer,Direct,,Low,50.02,0.78,TRUE,TRUE,FALSE,18:05.3,10,Home
354,Kendra,Brown,kendra710@gmail.com,-3677,02:19.0,New_Customer,SMS,36-45,Premium,47.13,0.52,TRUE,TRUE,FALSE,13:13.8,33,Electronics
355,Mark,Banks,markbanks@yahoo.com,-2067,32:10.3,High_Value,Direct,36-45,Premium,153.48,0.28,TRUE,TRUE,TRUE,,15,Electronics
356,Joyce,Smith,joyce748@outlook.com,-6296,34:17.3,Low_Value,Push,55+,Low,41.57,0.61,FALSE,TRUE,TRUE,13:37.9,28,Clothing
357,Alexander,Johnson,alexander.johnson@hotmail.com,-5103,00:13.9,Medium_Value,Direct,18-25,Medium,144.1,0.47,FALSE,TRUE,TRUE,13:24.5,35,Home
358,Hannah,Clarke,hannah.clarke@yahoo.com,-4749,53:16.6,Medium_Value,Email,46-55,Medium,76.61,0.57,TRUE,TRUE,TRUE,13:29.2,46,Clothing
359,Rebecca,Figueroa,rebecca.figueroa@hotmail.com,-10029,56:03.9,Medium_Value,Email,36-45,Medium,90.8,0.51,FALSE,FALSE,TRUE,14:16.6,33,Sports
360,Rachel,Robinson,rachelrobinson@yahoo.com,-2197,48:13.7,Low_Value,SMS,55+,Low,80.48,0.63,TRUE,FALSE,FALSE,15:32.4,23,Sports
361,Stephen,Hall,stephenhall@gmail.com,-10803,35:09.5,New_Customer,Push,46-55,Premium,73.11,0.63,FALSE,FALSE,FALSE,15:48.9,7,Home
362,Ryan,Chapman,ryan.chapman@outlook.com,-10339,00:06.5,Low_Value,Push,,,27.44,0.79,FALSE,FALSE,FALSE,14:23.7,45,Clothing
363,Amanda,Wall,amandawall@gmail.com,-10446,30:56.9,Low_Value,Push,46-55,Medium,36.11,0.65,FALSE,TRUE,TRUE,16:57.8,10,Books
364,Brian,Shannon,brian.shannon@yahoo.com,-2533,14:54.6,High_Value,SMS,18-25,Premium,411.7,0.29,TRUE,FALSE,TRUE,16:04.7,4,Beauty
365,Corey,James,coreyjames@yahoo.com,-4539,04:47.0,High_Value,Social,46-55,Medium,304.78,0.4,TRUE,FALSE,TRUE,16:30.3,1,Electronics
366,Jessica,Hamilton,jessica720@yahoo.com,-3350,22:30.1,High_Value,Social,36-45,Premium,404.39,0.37,TRUE,FALSE,FALSE,12:45.5,41,Sports
367,Christopher,Watts,christopherwatts@hotmail.com,-5540,17:11.9,Medium_Value,SMS,55+,Medium,78.62,0.56,TRUE,TRUE,FALSE,13:54.4,16,Books
368,Andrew,Garrison,andrew632@outlook.com,-2075,58:26.5,Low_Value,Push,26-35,Premium,73.16,0.64,FALSE,TRUE,TRUE,18:32.0,25,Books
369,Kristin,Pitts,kristinpitts@gmail.com,-3007,01:37.8,High_Value,Push,18-25,Low,295.14,0.24,FALSE,TRUE,FALSE,17:15.6,50,Electronics
370,Lauren,Sherman,lauren.sherman@gmail.com,-3523,34:11.1,High_Value,Email,36-45,Low,274.41,0.37,FALSE,FALSE,FALSE,13:44.5,47,Clothing
371,Steven,Baker,stevenbaker@outlook.com,-5559,05:16.8,Medium_Value,Email,55+,Medium,100.53,0.63,FALSE,FALSE,FALSE,17:37.7,23,Clothing
372,Melissa,Cordova,melissa612@gmail.com,-10434,15:56.8,Low_Value,Push,55+,Medium,90.19,0.66,FALSE,TRUE,TRUE,13:53.8,46,Home
373,Denise,Thompson,denise.thompson@outlook.com,-10050,03:15.6,Medium_Value,Push,55+,Premium,151.51,0.48,TRUE,TRUE,FALSE,17:11.9,3,Clothing
374,Kristopher,Valdez,kristophervaldez@yahoo.com,-4156,22:09.4,Medium_Value,SMS,18-25,Premium,169.59,0.63,FALSE,FALSE,TRUE,14:06.8,21,Beauty
375,Cory,Marshall,cory.marshall@gmail.com,-6605,11:41.5,Low_Value,Push,46-55,Premium,47.88,0.74,TRUE,TRUE,TRUE,,25,Beauty
376,Rebecca,Porter,rebeccaporter@outlook.com,-9915,42:45.1,Medium_Value,Push,18-25,Medium,106.94,0.54,TRUE,TRUE,TRUE,,43,Sports
377,Jessica,Schmidt,jessica.schmidt@gmail.com,-4918,43:53.1,Low_Value,Push,46-55,High,59.73,0.64,TRUE,TRUE,TRUE,,49,Home
378,Patrick,Thompson,patrickthompson@yahoo.com,-5558,11:00.8,New_Customer,Direct,26-35,High,66.67,0.8,FALSE,TRUE,TRUE,,2,Sports
379,Maria,Adams,maria348@outlook.com,-6081,04:21.8,Medium_Value,Social,55+,Low,168.19,0.55,TRUE,FALSE,FALSE,17:28.3,23,Electronics
380,Brooke,Rodriguez,brookerodriguez@gmail.com,-2278,42:36.3,Low_Value,Direct,26-35,Low,82.25,0.77,FALSE,FALSE,TRUE,,22,Sports
381,Jo,Snow,jo.snow@hotmail.com,-6909,37:22.7,New_Customer,Direct,36-45,Premium,108.21,0.78,TRUE,FALSE,TRUE,14:57.8,11,Books
382,Stephanie,Wilson,stephanie132@gmail.com,-6870,16:32.0,High_Value,Email,55+,Premium,490.73,0.24,FALSE,FALSE,FALSE,16:12.9,18,Home
383,William,Johnson,william.johnson@hotmail.com,-7823,35:19.5,High_Value,Direct,46-55,Premium,494.29,0.21,FALSE,TRUE,FALSE,12:48.5,41,Home
384,Joel,Heath,joelheath@hotmail.com,-7540,28:15.6,Low_Value,SMS,18-25,Premium,58.76,0.6,TRUE,FALSE,TRUE,12:49.2,24,Sports
385,Vincent,Ramirez,vincent489@yahoo.com,-8538,20:56.5,High_Value,SMS,26-35,High,207.43,0.24,FALSE,FALSE,FALSE,17:58.6,35,Sports
386,Richard,Haley,richard.haley@yahoo.com,-9241,52:40.5,High_Value,Social,36-45,Low,384.04,0.36,FALSE,FALSE,FALSE,16:41.1,28,Books
387,Christopher,Decker,christopher68@gmail.com,-7899,15:16.3,Low_Value,SMS,26-35,High,46.08,0.61,FALSE,TRUE,FALSE,17:25.0,4,Sports
388,Amy,Stokes,amystokes@outlook.com,-8866,12:43.9,New_Customer,Direct,46-55,Premium,59.51,0.64,TRUE,FALSE,FALSE,,28,Clothing
389,Jeffrey,Solis,jeffreysolis@yahoo.com,-6804,52:06.5,High_Value,Social,36-45,Premium,476.58,0.23,FALSE,TRUE,FALSE,,47,Electronics
390,Sabrina,Solomon,sabrina245@outlook.com,-3700,39:22.9,Low_Value,Push,55+,Medium,59.96,0.8,TRUE,FALSE,TRUE,12:49.0,18,Electronics
391,Daniel,Richard,daniel.richard@gmail.com,-2475,23:50.2,Medium_Value,Email,26-35,Medium,126.96,0.42,TRUE,TRUE,TRUE,12:44.0,33,Sports
392,Michael,Palmer,michaelpalmer@yahoo.com,-9222,11:41.3,High_Value,Direct,26-35,High,384.76,0.4,FALSE,TRUE,TRUE,15:29.1,12,Clothing
393,Jason,Cox,jasoncox@outlook.com,-2720,36:51.9,New_Customer,Push,18-25,High,140.64,0.62,TRUE,FALSE,TRUE,18:23.8,26,Home
394,Victoria,Jones,victoriajones@gmail.com,-9170,00:39.4,High_Value,Direct,36-45,Low,204.4,0.24,FALSE,TRUE,FALSE,18:23.5,32,Sports
395,Michael,Smith,michael710@yahoo.com,-5095,05:26.2,High_Value,Social,18-25,High,277.7,0.22,TRUE,FALSE,FALSE,,42,Books
396,Felicia,Bradley,feliciabradley@hotmail.com,-5536,46:54.7,High_Value,Email,46-55,Premium,479.51,0.38,TRUE,FALSE,FALSE,18:41.9,13,Clothing
397,David,Velazquez,david791@gmail.com,-6061,53:02.3,Low_Value,SMS,18-25,Medium,81.72,0.62,FALSE,TRUE,FALSE,17:51.4,7,Electronics
398,Maria,Potts,maria.potts@gmail.com,-8621,02:43.4,Medium_Value,Email,26-35,Premium,197.96,0.45,TRUE,FALSE,TRUE,15:08.0,15,Electronics
399,Leonard,Short,leonard522@hotmail.com,-2135,19:28.3,New_Customer,Email,55+,Low,53.65,0.63,FALSE,FALSE,TRUE,,21,Clothing
400,Stephanie,Park,stephanie.park@gmail.com,-7514,59:12.1,High_Value,Direct,18-25,Medium,360.08,0.33,TRUE,TRUE,FALSE,18:14.0,29,Home
401,Daniel,Haley,daniel.haley@yahoo.com,-7107,21:44.1,New_Customer,Email,36-45,Medium,65.84,0.67,FALSE,TRUE,FALSE,12:43.5,39,Clothing
402,Jason,Bailey,jason.bailey@hotmail.com,-9594,30:06.1,New_Customer,Social,36-45,Premium,126.28,0.73,FALSE,FALSE,TRUE,14:42.2,6,Beauty
403,Joseph,Montgomery,josephmontgomery@yahoo.com,-6450,22:42.9,New_Customer,Social,36-45,Low,89.68,0.52,TRUE,TRUE,FALSE,17:39.0,13,Sports
404,Mary,Davis,marydavis@outlook.com,-10438,26:05.3,New_Customer,Social,46-55,Premium,40.97,0.55,FALSE,TRUE,FALSE,16:44.7,11,Beauty
405,Sean,Giles,seangiles@outlook.com,-4927,11:02.2,Medium_Value,SMS,18-25,High,127.64,0.53,TRUE,TRUE,FALSE,17:13.7,26,Home
406,Paige,Martinez,paige.martinez@outlook.com,-8522,10:43.8,High_Value,SMS,36-45,Medium,156.81,0.3,FALSE,TRUE,FALSE,13:41.1,48,Electronics
407,Renee,Ingram,renee.ingram@yahoo.com,-2535,17:04.7,Medium_Value,Push,,High,173.81,0.57,FALSE,FALSE,FALSE,15:49.3,37,Electronics
408,Amy,White,amywhite@yahoo.com,-5281,09:03.9,New_Customer,Social,26-35,Medium,99.22,0.69,TRUE,TRUE,TRUE,,41,Books
409,Alyssa,Munoz,alyssamunoz@outlook.com,-4211,27:08.4,High_Value,Social,36-45,Medium,252.5,0.3,TRUE,FALSE,FALSE,17:24.9,8,Home
410,Todd,Larson,toddlarson@gmail.com,-4393,52:04.6,New_Customer,SMS,55+,High,131.9,0.55,TRUE,TRUE,TRUE,16:17.1,37,Books
411,Justin,Spears,justinspears@gmail.com,-3944,25:53.4,New_Customer,SMS,18-25,Medium,35.69,0.7,TRUE,FALSE,FALSE,14:58.5,12,Books
412,Douglas,Lee,douglaslee@outlook.com,-4176,02:37.7,High_Value,Email,55+,Premium,327.73,0.27,TRUE,TRUE,TRUE,18:38.6,48,Home
413,Beverly,Hall,beverlyhall@yahoo.com,-5584,42:17.8,Medium_Value,SMS,46-55,Low,128.77,0.6,FALSE,TRUE,TRUE,14:23.8,46,Clothing
414,Susan,Alvarez,susanalvarez@outlook.com,-10783,19:43.1,New_Customer,Push,18-25,Low,107.45,0.71,TRUE,TRUE,TRUE,,15,Books
415,William,Cox,william179@hotmail.com,-7634,43:02.9,Medium_Value,SMS,,Low,166.51,0.48,TRUE,FALSE,FALSE,18:00.1,47,Beauty
416,Kyle,Lloyd,kyle555@hotmail.com,-10878,06:18.3,New_Customer,Social,18-25,Premium,146.25,0.55,FALSE,FALSE,FALSE,14:23.2,2,Electronics
417,Robert,Walton,robertwalton@yahoo.com,-10138,53:35.5,High_Value,Push,36-45,Premium,465.75,0.26,TRUE,FALSE,TRUE,13:11.7,27,Electronics
418,Carol,Boyd,carol.boyd@hotmail.com,-6364,19:28.6,High_Value,Push,46-55,Low,420.68,0.28,FALSE,TRUE,FALSE,16:49.2,38,Books
419,Donald,Mcgee,donaldmcgee@outlook.com,-7965,17:04.7,Medium_Value,Social,26-35,High,77.84,0.43,FALSE,TRUE,TRUE,14:11.7,17,Sports
420,Pamela,Brown,pamela.brown@hotmail.com,-5154,26:37.7,New_Customer,Direct,46-55,Low,73.92,0.69,FALSE,TRUE,TRUE,17:49.5,16,Books
421,Michael,Smith,michael15@yahoo.com,-9737,18:48.6,High_Value,Direct,46-55,Low,265.74,0.2,FALSE,TRUE,TRUE,15:44.2,48,Home
422,Dustin,Robinson,dustin483@yahoo.com,-4954,04:09.7,Low_Value,Push,26-35,Low,43.69,0.71,FALSE,TRUE,TRUE,15:12.0,10,Sports
423,Blake,Moore,blake.moore@hotmail.com,-9763,34:28.5,New_Customer,Direct,26-35,Premium,66.71,0.59,TRUE,FALSE,TRUE,16:31.6,43,Home
424,Jay,Garcia,jay.garcia@yahoo.com,-8641,01:21.4,High_Value,Direct,26-35,High,198.33,0.36,FALSE,TRUE,TRUE,,8,Clothing
425,Stephanie,Ferguson,stephanie636@yahoo.com,-6177,30:46.8,High_Value,Social,26-35,Premium,413.12,0.39,TRUE,TRUE,TRUE,16:53.4,48,Clothing
426,Andrea,Walker,andrea467@hotmail.com,-6747,50:03.2,High_Value,Social,46-55,Medium,181.8,0.25,FALSE,FALSE,FALSE,,22,Home
427,Maria,Johnson,mariajohnson@yahoo.com,-10657,15:15.8,New_Customer,Social,18-25,Low,132.13,0.79,TRUE,FALSE,FALSE,17:49.8,37,Beauty
428,Andrew,Williams,andrewwilliams@yahoo.com,-3324,28:27.8,Low_Value,Social,26-35,,78.92,0.71,TRUE,TRUE,TRUE,,34,Sports
429,Amanda,Kirby,amanda.kirby@gmail.com,-6515,50:03.7,New_Customer,Direct,46-55,Low,92.16,0.69,FALSE,FALSE,FALSE,,48,Clothing
430,Katelyn,Coleman,katelyncoleman@yahoo.com,-7465,22:33.3,Medium_Value,SMS,46-55,Low,104.41,0.65,FALSE,FALSE,FALSE,,48,Books
431,Christina,Hill,christinahill@yahoo.com,-6240,42:01.9,New_Customer,Social,46-55,Low,84.47,0.69,TRUE,TRUE,TRUE,16:48.7,21,Home
432,Erica,Smith,erica.smith@gmail.com,-4559,58:15.8,New_Customer,Email,18-25,Premium,40.26,0.76,FALSE,TRUE,TRUE,16:34.3,30,Sports
433,Felicia,Sanchez,feliciasanchez@outlook.com,-9746,51:07.3,Medium_Value,Social,18-25,Medium,108.64,0.62,FALSE,FALSE,FALSE,16:13.3,2,Sports
434,Ryan,Roberson,ryan347@outlook.com,-2257,16:16.2,Medium_Value,Social,36-45,Premium,199.36,0.63,FALSE,TRUE,TRUE,,5,Electronics
435,David,Goodwin,david.goodwin@gmail.com,-5187,30:56.7,Low_Value,SMS,46-55,Premium,55.1,0.83,TRUE,TRUE,FALSE,,16,Home
436,Rhonda,Weber,rhondaweber@gmail.com,-2860,53:05.7,Low_Value,Push,26-35,Medium,39.98,0.62,TRUE,TRUE,TRUE,16:58.2,22,Books
437,Julia,Massey,juliamassey@hotmail.com,-9891,54:02.2,Low_Value,Social,26-35,Low,41.39,0.8,FALSE,TRUE,FALSE,14:42.6,3,Clothing
438,Sarah,Jimenez,sarah157@yahoo.com,-2985,16:36.8,New_Customer,Email,36-45,Low,65.44,0.72,FALSE,TRUE,TRUE,15:25.0,39,Beauty
439,Heather,Pena,heather486@outlook.com,-5888,27:25.9,High_Value,Direct,46-55,Medium,181.21,0.36,FALSE,TRUE,TRUE,,21,Clothing
440,Daniel,Oliver,daniel653@outlook.com,-9508,38:50.9,New_Customer,Direct,26-35,Low,74.45,0.78,FALSE,FALSE,TRUE,,22,Clothing
441,Kathryn,Delacruz,kathryn.delacruz@outlook.com,-3540,47:47.7,New_Customer,Email,18-25,Low,69.31,0.55,FALSE,FALSE,FALSE,16:32.9,43,Electronics
442,Anita,Velazquez,anitavelazquez@outlook.com,-6015,02:43.5,Medium_Value,Email,18-25,Medium,157.62,0.4,TRUE,TRUE,TRUE,16:54.0,13,Beauty
443,Emily,Keller,emily.keller@hotmail.com,-8984,02:18.3,Low_Value,Push,46-55,Medium,43.83,0.71,FALSE,TRUE,FALSE,16:25.4,20,Clothing
444,Randall,Burnett,randall564@yahoo.com,-4421,23:21.4,Low_Value,Push,,Medium,61.47,0.89,FALSE,FALSE,TRUE,13:14.6,36,Beauty
445,Lucas,Williams,lucas741@yahoo.com,-6457,20:05.2,Medium_Value,Email,55+,Premium,185.3,0.7,TRUE,FALSE,FALSE,14:28.3,8,Electronics
446,Brian,Perez,brian.perez@hotmail.com,-6739,52:41.8,New_Customer,SMS,26-35,Low,119.67,0.59,TRUE,TRUE,TRUE,15:11.4,43,Beauty
447,Jesus,Jackson,jesus689@outlook.com,-7940,07:33.9,Low_Value,Email,36-45,High,96.68,0.71,FALSE,FALSE,FALSE,17:02.9,5,Electronics
448,Crystal,Strickland,crystalstrickland@outlook.com,-2124,11:58.0,Low_Value,SMS,26-35,Medium,89.06,0.68,FALSE,FALSE,TRUE,14:14.0,37,Electronics
449,Jennifer,Miller,jennifermiller@hotmail.com,-4037,35:56.7,Medium_Value,Push,26-35,High,194.02,0.65,TRUE,TRUE,TRUE,15:21.6,0,Clothing
450,Joseph,Smith,josephsmith@outlook.com,-10096,07:26.4,High_Value,Email,,,322.23,0.3,FALSE,TRUE,FALSE,16:30.0,9,Clothing
451,Ian,Johnson,ian7@hotmail.com,-9960,55:10.5,High_Value,Push,46-55,Low,284.65,0.39,FALSE,TRUE,TRUE,14:04.2,47,Electronics
452,Debbie,Rice,debbie887@gmail.com,-5021,49:48.1,Low_Value,Social,46-55,High,73.9,0.82,FALSE,TRUE,TRUE,,28,Beauty
453,Evelyn,Roberts,evelyn.roberts@outlook.com,-8804,34:46.8,Medium_Value,Direct,46-55,Medium,180.1,0.66,TRUE,FALSE,FALSE,18:36.1,50,Clothing
454,Lisa,Gaines,lisagaines@gmail.com,-2403,14:17.6,New_Customer,Social,36-45,Premium,88.48,0.53,FALSE,FALSE,TRUE,14:36.6,7,Home
455,Holly,Sparks,hollysparks@gmail.com,-3875,22:15.3,High_Value,Push,26-35,Low,431.62,0.27,FALSE,TRUE,TRUE,15:49.2,34,Home
456,Jamie,Haynes,jamie172@hotmail.com,-2549,21:16.6,Low_Value,Email,26-35,Low,62.44,0.69,FALSE,FALSE,FALSE,16:55.2,10,Electronics
457,Kathleen,Simon,kathleen.simon@hotmail.com,-9817,52:47.5,High_Value,Email,46-55,High,305.73,0.36,FALSE,TRUE,TRUE,15:28.6,36,Electronics
458,Leslie,Thomas,leslie.thomas@outlook.com,-6394,04:42.2,High_Value,Email,36-45,Medium,349.02,0.3,FALSE,TRUE,FALSE,14:19.6,29,Clothing
459,Sydney,Garrett,sydney360@yahoo.com,-9020,25:23.0,New_Customer,Push,18-25,Low,75.89,0.54,TRUE,FALSE,TRUE,16:15.1,8,Books
460,Ashley,Hancock,ashley150@hotmail.com,-7796,29:35.3,High_Value,Social,36-45,Low,345.68,0.24,TRUE,FALSE,TRUE,14:10.4,0,Beauty
461,Angela,Green,angela.green@gmail.com,-4069,37:39.0,Medium_Value,SMS,55+,Premium,116.12,0.58,FALSE,FALSE,TRUE,13:41.9,44,Books
462,Carlos,Jordan,carlos.jordan@outlook.com,-7152,36:13.0,High_Value,Email,26-35,Premium,385.78,0.2,TRUE,FALSE,FALSE,18:28.3,1,Clothing
463,Christopher,Davis,christopher440@outlook.com,-4950,40:28.3,Medium_Value,Direct,46-55,High,198.58,0.54,TRUE,TRUE,FALSE,14:01.7,15,Electronics
464,Gina,Parker,ginaparker@outlook.com,-9908,42:16.6,Medium_Value,Social,55+,High,168.66,0.4,FALSE,TRUE,TRUE,,7,Clothing
465,Anthony,Campos,anthony.campos@yahoo.com,-5708,08:38.3,High_Value,Direct,46-55,Premium,156.1,0.23,TRUE,TRUE,TRUE,,37,Sports
466,Steven,Forbes,steven854@outlook.com,-7430,21:48.6,Low_Value,Direct,26-35,Premium,83.12,0.68,FALSE,TRUE,FALSE,13:58.0,6,Books
467,Cheryl,Valdez,cheryl.valdez@outlook.com,-5790,58:16.9,Medium_Value,SMS,26-35,Premium,137.82,0.58,TRUE,FALSE,TRUE,15:53.6,15,Beauty
468,Robert,Fisher,robert.fisher@gmail.com,-9762,43:52.2,Medium_Value,Social,46-55,Low,197.76,0.69,TRUE,FALSE,TRUE,16:44.8,23,Clothing
469,Jennifer,Brooks,jennifer570@hotmail.com,-6565,00:39.7,Medium_Value,SMS,18-25,Medium,135.75,0.48,FALSE,TRUE,FALSE,,43,Electronics
470,Michael,Huerta,michaelhuerta@outlook.com,-7973,05:13.9,Medium_Value,Direct,18-25,Premium,113.07,0.49,TRUE,TRUE,FALSE,16:24.0,26,Home
471,Tiffany,Hill,tiffany.hill@hotmail.com,-5235,48:48.2,High_Value,SMS,18-25,Medium,336.84,0.31,TRUE,TRUE,TRUE,12:59.5,50,Books
472,Sarah,Frazier,sarahfrazier@outlook.com,-6563,51:06.6,New_Customer,SMS,36-45,,94.79,0.6,TRUE,FALSE,FALSE,17:40.0,7,Electronics
473,Laura,Delacruz,lauradelacruz@outlook.com,-4900,25:42.4,New_Customer,Email,18-25,Low,98.02,0.75,FALSE,TRUE,FALSE,15:34.1,16,Books
474,Hayden,Avila,hayden.avila@hotmail.com,-2289,36:03.1,New_Customer,Email,26-35,High,32.1,0.54,FALSE,TRUE,FALSE,,15,Beauty
475,Aaron,Gonzalez,aaron.gonzalez@yahoo.com,-6135,36:48.6,High_Value,SMS,55+,Medium,376.35,0.27,FALSE,FALSE,TRUE,,25,Electronics
476,Philip,Chung,philip78@gmail.com,-10295,40:54.7,New_Customer,SMS,26-35,Medium,52.51,0.65,TRUE,TRUE,TRUE,18:27.9,21,Clothing
477,Stephanie,Edwards,stephanie448@hotmail.com,-4575,36:58.2,High_Value,Direct,,Low,397.34,0.37,TRUE,TRUE,TRUE,17:29.7,3,Home
478,Kimberly,Robertson,kimberly.robertson@gmail.com,-10971,35:24.0,New_Customer,SMS,55+,Medium,143.38,0.64,TRUE,FALSE,FALSE,,4,Beauty
479,David,Le,davidle@hotmail.com,-6862,49:41.2,High_Value,Push,55+,Medium,328.8,0.31,FALSE,FALSE,TRUE,17:24.9,25,Beauty
480,Michelle,Bender,michelle412@hotmail.com,-3959,55:41.9,High_Value,SMS,55+,Medium,338.97,0.32,TRUE,TRUE,TRUE,15:59.7,37,Electronics
481,James,Yoder,james.yoder@yahoo.com,-6628,31:21.8,Medium_Value,SMS,36-45,Low,92.67,0.65,TRUE,FALSE,FALSE,13:04.7,19,Beauty
482,Deborah,Jones,deborah.jones@hotmail.com,-9916,08:37.1,Medium_Value,SMS,36-45,,93.63,0.55,TRUE,FALSE,TRUE,,48,Home
483,Christopher,Rodriguez,christopher.rodriguez@outlook.com,-4853,52:28.9,Medium_Value,Push,18-25,Low,110.36,0.62,FALSE,FALSE,FALSE,14:16.7,0,Books
484,Edward,Mccoy,edward.mccoy@hotmail.com,-4484,39:56.8,New_Customer,Push,36-45,,87.87,0.66,FALSE,FALSE,FALSE,14:23.5,6,Electronics
485,Marcus,Williams,marcus129@outlook.com,-5014,00:12.0,New_Customer,Push,55+,Premium,76.99,0.69,TRUE,TRUE,TRUE,15:34.3,19,Clothing
486,Gordon,Morales,gordonmorales@outlook.com,-2306,42:34.1,New_Customer,Push,26-35,Premium,93.99,0.6,FALSE,TRUE,FALSE,16:52.6,34,Clothing
487,Grant,Hayes,granthayes@hotmail.com,-5200,10:46.5,Medium_Value,Email,46-55,High,75.34,0.58,TRUE,FALSE,FALSE,14:24.6,6,Electronics
488,Trevor,Archer,trevor220@gmail.com,-10582,46:43.3,High_Value,Push,46-55,High,182.35,0.28,FALSE,FALSE,TRUE,16:52.7,39,Electronics
489,Douglas,Bennett,douglas415@gmail.com,-11036,42:47.9,Medium_Value,Social,18-25,Premium,179.73,0.69,TRUE,TRUE,FALSE,14:48.1,13,Electronics
490,Leslie,Butler,lesliebutler@yahoo.com,-3665,54:20.5,High_Value,SMS,55+,High,441.67,0.29,FALSE,TRUE,TRUE,14:45.6,35,Clothing
491,Emily,Miles,emily.miles@outlook.com,-11276,22:56.4,New_Customer,Email,36-45,Medium,141.22,0.61,FALSE,FALSE,TRUE,13:56.0,50,Sports
492,Kari,Hughes,karihughes@outlook.com,-5290,03:25.7,Medium_Value,Email,36-45,High,92.21,0.5,TRUE,FALSE,TRUE,,35,Electronics
493,Andre,Lozano,andre.lozano@yahoo.com,-10335,37:09.2,High_Value,Direct,18-25,Premium,386.68,0.36,FALSE,FALSE,FALSE,17:42.9,21,Clothing
494,Victoria,Nichols,victorianichols@hotmail.com,-5633,54:48.1,Low_Value,Email,18-25,High,26.83,0.73,TRUE,FALSE,FALSE,14:25.3,13,Clothing
495,Wendy,Dougherty,wendydougherty@gmail.com,-9452,52:01.6,New_Customer,Push,55+,Premium,46.56,0.64,FALSE,FALSE,FALSE,15:10.4,50,Sports
496,Daniel,Martinez,daniel.martinez@gmail.com,-9236,15:44.4,Medium_Value,Social,36-45,Low,101.71,0.6,FALSE,FALSE,TRUE,14:26.7,28,Home
497,Christopher,Jones,christopherjones@gmail.com,-8355,33:38.8,New_Customer,SMS,46-55,Low,47.82,0.51,TRUE,FALSE,FALSE,13:18.3,19,Sports
498,John,Beasley,johnbeasley@outlook.com,-8671,34:52.9,Medium_Value,Push,26-35,Medium,142.07,0.47,FALSE,FALSE,FALSE,16:37.8,26,Sports
499,Brett,Gray,brett583@hotmail.com,-4977,04:15.7,Low_Value,SMS,18-25,Low,68.62,0.77,FALSE,FALSE,TRUE,15:13.1,44,Sports
500,Barbara,Sullivan,barbarasullivan@yahoo.com,-7937,39:20.1,Medium_Value,SMS,18-25,Medium,155.82,0.5,FALSE,FALSE,FALSE,17:38.2,10,Electronics
501,Martin,Thompson,martinthompson@hotmail.com,-3018,11:02.3,Medium_Value,SMS,55+,Premium,195.55,0.58,FALSE,FALSE,FALSE,13:12.8,4,Electronics
502,Sara,Torres,sara596@hotmail.com,-8504,32:45.5,High_Value,SMS,46-55,Low,248.71,0.24,TRUE,TRUE,FALSE,17:29.3,30,Electronics
503,Jonathan,Haney,jonathanhaney@yahoo.com,-4589,59:05.5,High_Value,Social,36-45,Low,312.04,0.34,FALSE,TRUE,FALSE,15:39.5,27,Sports
504,Ronald,Bailey,ronald21@gmail.com,-6004,01:48.3,Medium_Value,Push,26-35,Low,124.27,0.58,FALSE,TRUE,FALSE,16:35.4,43,Beauty
505,Natalie,Levy,natalie.levy@yahoo.com,-7605,57:33.4,New_Customer,Push,55+,Premium,40.14,0.56,FALSE,FALSE,TRUE,15:52.7,30,Electronics
506,Jesus,Norman,jesus958@gmail.com,-5630,45:36.8,New_Customer,Direct,46-55,,149.68,0.63,TRUE,TRUE,FALSE,18:19.9,46,Clothing
507,Christine,Case,christine171@yahoo.com,-2120,04:19.5,High_Value,Social,55+,Medium,423.12,0.37,FALSE,FALSE,FALSE,16:52.8,49,Sports
508,Steven,Scott,steven.scott@hotmail.com,-9953,38:11.6,New_Customer,SMS,18-25,Premium,63.93,0.74,FALSE,FALSE,TRUE,14:13.0,14,Sports
509,Katherine,Medina,katherine.medina@yahoo.com,-3516,40:00.0,High_Value,Social,18-25,Medium,448.27,0.24,FALSE,TRUE,FALSE,13:53.6,40,Clothing
510,Tyler,Anderson,tyleranderson@gmail.com,-9256,12:59.1,High_Value,Email,46-55,Medium,188.77,0.25,FALSE,TRUE,TRUE,,30,Home
511,Michael,Blake,michaelblake@yahoo.com,-11277,21:12.9,High_Value,Direct,,High,289.53,0.2,FALSE,TRUE,TRUE,12:55.3,12,Electronics
512,Billy,Howe,billy965@hotmail.com,-6767,15:34.5,Medium_Value,Social,36-45,High,169.24,0.52,FALSE,TRUE,FALSE,,10,Sports
513,Latoya,Valentine,latoya.valentine@yahoo.com,-7601,30:03.5,High_Value,Push,18-25,Medium,290.1,0.23,FALSE,TRUE,TRUE,15:53.4,3,Electronics
514,Michelle,Day,michelleday@yahoo.com,-3396,02:58.1,New_Customer,Email,55+,Low,65.85,0.62,FALSE,FALSE,FALSE,12:51.7,9,Beauty
515,Amanda,Jones,amanda521@gmail.com,-7223,26:37.1,New_Customer,Social,55+,Medium,122.58,0.73,TRUE,FALSE,FALSE,,21,Clothing
516,Brianna,Walter,briannawalter@hotmail.com,-4258,03:50.6,Medium_Value,Email,55+,Premium,165.85,0.56,TRUE,TRUE,FALSE,,34,Beauty
517,Michael,Vincent,michael913@outlook.com,-9861,07:52.2,High_Value,Email,46-55,,232.47,0.25,FALSE,FALSE,FALSE,14:06.0,48,Sports
518,Teresa,Garcia,teresa276@yahoo.com,-4625,44:17.3,New_Customer,SMS,18-25,Low,118.14,0.51,FALSE,FALSE,TRUE,18:23.7,23,Clothing
519,Patricia,Garcia,patricia134@outlook.com,-10208,47:45.1,New_Customer,Social,18-25,Low,103.48,0.7,TRUE,TRUE,FALSE,,38,Electronics
520,Lisa,Taylor,lisa.taylor@outlook.com,-7515,27:18.0,New_Customer,Email,,Low,108.15,0.69,FALSE,TRUE,TRUE,15:43.9,31,Sports
521,Stacy,Irwin,stacy426@gmail.com,-9785,29:52.9,Low_Value,SMS,26-35,,98.44,0.77,FALSE,FALSE,FALSE,15:53.9,28,Home
522,Christopher,Taylor,christopher.taylor@yahoo.com,-3647,47:25.7,High_Value,Social,26-35,High,206.86,0.38,TRUE,FALSE,TRUE,16:17.3,38,Books
523,Marilyn,Delacruz,marilyn.delacruz@yahoo.com,-5594,33:31.6,Medium_Value,Direct,46-55,High,198.61,0.51,FALSE,FALSE,TRUE,16:34.2,30,Electronics
524,Laura,Jefferson,laura.jefferson@yahoo.com,-2826,33:33.3,High_Value,SMS,46-55,,401.36,0.28,TRUE,TRUE,FALSE,16:28.6,0,Electronics
525,Patricia,Thomas,patricia.thomas@outlook.com,-10635,43:46.2,New_Customer,Direct,36-45,High,44.62,0.59,FALSE,FALSE,FALSE,15:52.8,36,Clothing
526,Jeremy,Garcia,jeremy.garcia@gmail.com,-5482,18:10.4,Medium_Value,Email,55+,Premium,102.61,0.41,TRUE,TRUE,FALSE,13:20.6,39,Books
527,Tonya,Ross,tonyaross@hotmail.com,-7449,30:37.5,Low_Value,Direct,55+,Premium,95.6,0.89,FALSE,FALSE,TRUE,16:15.4,27,Electronics
528,Eddie,Fitzgerald,eddie202@gmail.com,-8705,41:28.9,New_Customer,Push,,Low,147.33,0.7,TRUE,FALSE,TRUE,13:24.7,36,Clothing
529,Nicholas,George,nicholasgeorge@gmail.com,-6143,15:48.6,New_Customer,Social,46-55,High,128.35,0.74,FALSE,FALSE,TRUE,17:33.5,34,Books
530,Courtney,Shaw,courtney.shaw@gmail.com,-9562,59:41.0,Low_Value,Social,55+,High,74.2,0.78,TRUE,FALSE,FALSE,13:26.3,15,Books
531,Gary,Williams,garywilliams@outlook.com,-9313,29:51.5,New_Customer,Direct,26-35,Premium,82.25,0.52,FALSE,TRUE,FALSE,,4,Beauty
532,Kristin,Jennings,kristin489@outlook.com,-7350,39:51.5,Low_Value,SMS,46-55,,77.88,0.81,TRUE,FALSE,FALSE,,2,Sports
533,Richard,Allen,richard.allen@hotmail.com,-4698,19:06.3,High_Value,Direct,18-25,Low,394.92,0.32,FALSE,FALSE,TRUE,14:29.3,37,Home
534,Dalton,Acevedo,dalton.acevedo@hotmail.com,-3776,10:13.4,New_Customer,Social,,Premium,66.57,0.71,FALSE,TRUE,TRUE,13:18.7,39,Home
535,Matthew,Graham,matthew746@outlook.com,-9933,57:05.3,Low_Value,Push,36-45,Premium,44.61,0.79,FALSE,TRUE,FALSE,,42,Home
536,Jessica,Brooks,jessica148@gmail.com,-3661,49:49.2,High_Value,Push,18-25,Medium,461.32,0.37,TRUE,FALSE,FALSE,16:53.6,5,Clothing
537,Carlos,Lee,carloslee@gmail.com,-6683,05:15.3,Low_Value,Push,18-25,Low,88.14,0.89,FALSE,FALSE,TRUE,14:34.6,47,Home
538,Ryan,Clark,ryanclark@gmail.com,-2481,59:07.6,Medium_Value,SMS,55+,Medium,133.04,0.68,TRUE,TRUE,FALSE,13:39.7,14,Beauty
539,Noah,Lewis,noah.lewis@hotmail.com,-3085,10:56.0,New_Customer,Email,36-45,Premium,148.2,0.69,TRUE,FALSE,TRUE,17:58.9,23,Electronics
540,Jason,Oliver,jasonoliver@hotmail.com,-4220,23:00.6,New_Customer,Email,46-55,Medium,63.69,0.79,FALSE,TRUE,TRUE,15:56.5,36,Books
541,Jeffrey,Watson,jeffrey182@yahoo.com,-2484,34:08.3,High_Value,Direct,55+,Premium,263.33,0.32,TRUE,TRUE,TRUE,13:28.0,50,Electronics
542,Kelly,Owens,kelly546@hotmail.com,-4030,35:03.3,Low_Value,Push,55+,High,82.42,0.66,TRUE,FALSE,TRUE,16:24.9,29,Beauty
543,Angel,Taylor,angel609@hotmail.com,-9501,17:28.3,Low_Value,Direct,46-55,Medium,25.97,0.66,FALSE,FALSE,FALSE,,50,Clothing
544,Randy,Lambert,randy.lambert@yahoo.com,-4254,31:28.0,Medium_Value,Email,55+,Low,105.03,0.56,FALSE,FALSE,FALSE,17:59.9,7,Beauty
545,Gerald,Griffith,gerald.griffith@yahoo.com,-10323,15:16.6,New_Customer,Email,55+,High,62.52,0.61,TRUE,FALSE,TRUE,18:42.3,43,Sports
546,Brooke,Ramos,brooke475@gmail.com,-7403,49:57.7,High_Value,Direct,18-25,High,209.61,0.33,FALSE,FALSE,TRUE,12:51.8,4,Beauty
547,Anthony,Carter,anthony.carter@yahoo.com,-11235,32:35.9,Medium_Value,SMS,55+,High,199.01,0.52,FALSE,FALSE,TRUE,17:58.8,27,Sports
548,John,Saunders,john278@hotmail.com,-9551,56:52.8,High_Value,Direct,36-45,Premium,379.65,0.34,FALSE,TRUE,FALSE,,19,Books
549,Amber,Anthony,amberanthony@outlook.com,-6417,39:51.7,New_Customer,Direct,18-25,High,148.91,0.6,FALSE,FALSE,TRUE,16:21.1,36,Electronics
550,Norma,Shannon,norma.shannon@gmail.com,-4287,56:00.3,New_Customer,Direct,55+,Low,92.75,0.53,TRUE,TRUE,FALSE,18:01.6,38,Clothing
551,Carrie,Alexander,carriealexander@gmail.com,-4437,58:50.3,Low_Value,Social,36-45,High,85.93,0.68,FALSE,FALSE,FALSE,15:54.8,4,Electronics
552,Karen,Norton,karen555@gmail.com,-8107,37:51.2,Low_Value,SMS,36-45,Low,86.92,0.71,FALSE,FALSE,TRUE,16:42.2,45,Sports
553,Louis,Stark,louis.starkoutlook.com,-7192,15:50.1,New_Customer,Direct,18-25,Medium,44.38,0.54,FALSE,TRUE,TRUE,16:50.6,26,Sports
554,Stephen,Massey,stephen28@yahoo.com,-10121,10:08.7,New_Customer,SMS,55+,Medium,111.69,0.69,FALSE,TRUE,TRUE,15:40.4,0,Clothing
555,Joshua,Daniels,joshua741@yahoo.com,-7360,13:41.9,Low_Value,Push,18-25,Premium,31.24,0.68,FALSE,FALSE,FALSE,16:16.7,32,Sports
556,Tracy,Olsen,tracy477@gmail.com,-3174,38:06.4,New_Customer,Direct,46-55,Medium,58.13,0.53,TRUE,TRUE,TRUE,17:58.7,22,Electronics
557,Joseph,Myers,joseph.myers@hotmail.com,-9397,37:48.7,High_Value,Social,26-35,Medium,209.58,0.39,TRUE,TRUE,TRUE,17:00.4,2,Electronics
558,John,Delgado,john.delgadoyahoo.com,-3165,41:35.8,High_Value,SMS,46-55,Medium,299.92,0.25,TRUE,TRUE,FALSE,13:56.1,37,Clothing
559,Cheryl,Castillo,cherylcastillo@outlook.com,-9905,05:58.5,Low_Value,Direct,18-25,Low,31.69,0.7,TRUE,FALSE,TRUE,18:02.1,39,Clothing
560,Katie,Jenkins,katie.jenkins@gmail.com,-10799,54:50.0,Medium_Value,SMS,18-25,Premium,101.15,0.49,FALSE,FALSE,FALSE,,28,Electronics
561,Brian,Walter,brian358@gmail.com,-11642,30:02.3,Low_Value,Social,26-35,Premium,95.53,0.85,FALSE,FALSE,FALSE,,9,Beauty
562,Amanda,Gonzales,amanda.gonzales@yahoo.com,-8414,31:33.9,High_Value,Social,26-35,Low,312.93,0.37,FALSE,FALSE,TRUE,17:04.5,28,Books
563,Sheryl,Holmes,sheryl427@gmail.com,-10573,58:45.0,Low_Value,Direct,,Low,71.86,0.62,FALSE,TRUE,TRUE,13:44.9,25,Electronics
564,Jennifer,Jackson,jenniferjackson@hotmail.com,-8760,10:00.3,High_Value,Push,26-35,High,454.77,0.22,FALSE,TRUE,TRUE,17:41.4,40,Clothing
565,Jennifer,Hooper,jennifer406@outlook.com,-7482,49:42.4,High_Value,SMS,55+,High,385.13,0.27,TRUE,FALSE,TRUE,17:19.3,27,Sports
566,Sara,Hernandez,sara846@gmail.com,-7462,12:43.4,Low_Value,Email,18-25,Medium,38.74,0.68,TRUE,TRUE,TRUE,,38,Electronics
567,Lisa,Crosby,lisacrosby@gmail.com,-6066,22:27.1,High_Value,Push,46-55,High,457.16,0.29,TRUE,TRUE,FALSE,12:47.9,19,Electronics
568,Brian,Marsh,brianmarsh@yahoo.com,-8533,01:04.9,New_Customer,SMS,55+,Medium,143.94,0.63,TRUE,TRUE,TRUE,16:44.9,20,Home
569,Melissa,White,melissa.white@gmail.com,-6749,51:49.8,Low_Value,Social,18-25,High,92.53,0.87,TRUE,FALSE,TRUE,15:57.9,26,Clothing
570,Rebecca,Ferrell,rebecca807@hotmail.com,-4235,26:28.0,Medium_Value,Push,46-55,High,177.47,0.47,FALSE,FALSE,TRUE,13:23.4,34,Beauty
571,Kenneth,Schneider,kenneth.schneider@gmail.com,-9090,24:45.2,High_Value,SMS,46-55,High,169.32,0.39,FALSE,TRUE,FALSE,,6,Sports
572,Lisa,Wilkins,lisa.wilkins@outlook.com,-7507,15:06.3,High_Value,Social,46-55,,376.56,0.39,FALSE,TRUE,FALSE,,44,Home
573,April,Anderson,april348@outlook.com,-6113,58:36.7,Medium_Value,SMS,36-45,Premium,91.74,0.57,TRUE,TRUE,FALSE,18:05.7,15,Clothing
574,Roberta,Rice,roberta421@outlook.com,-10534,05:13.8,High_Value,Email,26-35,Medium,483.84,0.22,FALSE,TRUE,FALSE,12:55.3,5,Beauty
575,Travis,Orr,travisorr@hotmail.com,-10332,33:40.4,New_Customer,Email,55+,Premium,45.94,0.72,FALSE,TRUE,TRUE,,31,Books
576,Amber,Vaughan,amber983@outlook.com,-3150,21:03.6,Medium_Value,SMS,,High,198.8,0.64,FALSE,TRUE,FALSE,,20,Sports
577,Adrienne,Green,adriennegreen@outlook.com,-7270,30:28.6,New_Customer,Social,,Low,136.07,0.79,FALSE,FALSE,FALSE,16:55.9,30,Sports
578,Lori,Moss,lorimoss@outlook.com,-7019,31:13.2,New_Customer,Push,36-45,Medium,69.22,0.64,FALSE,TRUE,TRUE,17:24.6,38,Electronics
579,Vicki,Jones,vicki179@hotmail.com,-2190,36:54.8,Medium_Value,SMS,18-25,Low,110.52,0.51,FALSE,TRUE,FALSE,,24,Home
580,Anna,Richard,annarichard@hotmail.com,-4020,37:28.4,New_Customer,Email,46-55,Low,127.81,0.69,FALSE,TRUE,TRUE,15:01.8,20,Beauty
581,Timothy,Alexander,timothy.alexander@yahoo.com,-11256,51:19.0,Medium_Value,Email,18-25,Medium,160.62,0.59,TRUE,TRUE,FALSE,18:42.9,13,Sports
582,Natalie,Clements,natalieclements@outlook.com,-5264,25:26.4,Low_Value,Push,26-35,Medium,44.99,0.68,FALSE,FALSE,FALSE,13:46.8,33,Sports
583,William,Sullivan,william745@hotmail.com,-3782,24:27.5,High_Value,SMS,36-45,,374.1,0.27,TRUE,TRUE,TRUE,,2,Electronics
584,Doris,Mcdaniel,dorismcdaniel@outlook.com,-5313,16:27.0,Low_Value,Push,46-55,Low,48.34,0.63,FALSE,TRUE,TRUE,18:15.0,8,Home
585,Ruben,Donaldson,ruben.donaldson@outlook.com,-8179,16:18.7,New_Customer,Push,26-35,Medium,65.82,0.79,FALSE,FALSE,FALSE,,15,Clothing
586,Joan,Allison,joanallison@gmail.com,-8948,23:58.4,Low_Value,Social,18-25,,37.03,0.78,FALSE,FALSE,TRUE,14:05.1,12,Sports
587,Elizabeth,Sullivan,elizabeth.sullivan@outlook.com,-2297,07:53.7,Medium_Value,Push,18-25,Premium,155.07,0.42,FALSE,FALSE,FALSE,18:19.3,9,Home
588,Anne,Miller,annemiller@yahoo.com,-7774,12:55.0,Medium_Value,Push,55+,Low,90.2,0.51,FALSE,FALSE,TRUE,16:56.7,37,Books
589,Alexis,Fletcher,alexis.fletcher@outlook.com,-5462,54:35.7,Low_Value,Push,46-55,Low,78.42,0.9,FALSE,TRUE,TRUE,16:10.6,38,Home
590,Teresa,Burgess,teresaburgess@hotmail.com,-4151,54:52.2,High_Value,Email,46-55,Medium,436.64,0.39,TRUE,TRUE,TRUE,14:12.3,9,Home
591,Katrina,Barr,katrinabarr@yahoo.com,-3790,50:30.6,Low_Value,Direct,36-45,Premium,47.54,0.73,FALSE,FALSE,TRUE,16:15.8,41,Books
592,Erik,Johnson,erik.johnsonhotmail.com,-7844,33:20.3,Medium_Value,SMS,55+,Medium,134.36,0.63,TRUE,FALSE,TRUE,,22,Clothing
593,Scott,Howell,scott.howell@gmail.com,-4388,22:02.8,New_Customer,SMS,18-25,Medium,81.94,0.66,FALSE,TRUE,FALSE,15:16.6,3,Electronics
594,Nicole,Ortega,nicoleortega@gmail.com,-6405,04:01.0,High_Value,Push,46-55,Low,266.91,0.36,TRUE,TRUE,TRUE,17:51.7,30,Electronics
595,Mary,Richardson,mary.richardson@hotmail.com,-9331,37:00.9,High_Value,Push,26-35,High,371.68,0.34,FALSE,TRUE,TRUE,13:20.0,19,Beauty
596,Brian,Fischer,brianfischer@outlook.com,-3867,43:58.3,Medium_Value,Email,36-45,High,162.05,0.65,TRUE,TRUE,FALSE,18:21.8,6,Home
597,Robert,White,robertwhite@gmail.com,-10406,04:55.9,Medium_Value,Email,36-45,High,136.63,0.7,TRUE,TRUE,FALSE,12:48.5,7,Beauty
598,Laura,Benson,laurabenson@gmail.com,-4189,19:37.7,High_Value,Social,55+,High,370.51,0.27,FALSE,TRUE,FALSE,16:02.9,29,Home
599,Scott,Morrison,scott769@yahoo.com,-6718,56:06.1,Low_Value,Push,26-35,,61.09,0.72,TRUE,FALSE,FALSE,15:11.2,27,Beauty
600,Travis,Jenkins,travisjenkins@yahoo.com,-6317,33:12.3,New_Customer,SMS,26-35,Medium,37.82,0.63,FALSE,TRUE,FALSE,16:36.6,25,Clothing
601,Robert,Mccoy,robert686@gmail.com,-6521,37:08.2,Medium_Value,Social,18-25,Low,114.84,0.47,TRUE,FALSE,TRUE,18:10.0,12,Sports
602,Tiffany,Hall,tiffanyhall@yahoo.com,-8748,18:59.7,High_Value,Social,55+,,349.29,0.39,TRUE,FALSE,FALSE,14:28.0,14,Clothing
603,Chelsea,Fox,chelsea.fox@hotmail.com,-6875,21:58.4,Medium_Value,SMS,46-55,Low,107.8,0.66,FALSE,TRUE,TRUE,16:44.5,28,Electronics
604,Alison,Castillo,alison280@outlook.com,-4415,20:27.1,New_Customer,SMS,55+,Low,120.6,0.57,FALSE,FALSE,FALSE,18:06.2,7,Electronics
605,Susan,Mcdaniel,susan196@hotmail.com,-7997,23:14.2,Low_Value,Email,46-55,,59.34,0.61,TRUE,FALSE,TRUE,13:57.8,44,Home
606,Ricardo,Andrade,ricardoandrade@gmail.com,-4776,36:55.8,High_Value,SMS,36-45,Low,471.23,0.26,FALSE,FALSE,FALSE,,29,Books
607,Paige,Bridges,paigebridges@yahoo.com,-9220,11:59.3,New_Customer,Social,36-45,High,100.13,0.58,FALSE,FALSE,FALSE,13:16.9,10,Home
608,Stephanie,Cooper,stephaniecooper@yahoo.com,-7307,26:27.9,New_Customer,Email,46-55,High,142.01,0.55,TRUE,TRUE,FALSE,18:12.3,37,Electronics
609,Frank,Thomas,frank.thomas@gmail.com,-1932,01:01.9,High_Value,Email,55+,High,375.57,0.31,FALSE,TRUE,TRUE,,26,Books
610,Edward,Fuentes,edward.fuentes@hotmail.com,-10109,03:08.9,High_Value,Email,55+,Medium,479.38,0.3,TRUE,FALSE,TRUE,12:49.8,47,Beauty
611,Ralph,Collins,ralph.collins@outlook.com,-8698,15:19.6,New_Customer,Push,46-55,Low,56.19,0.63,TRUE,FALSE,FALSE,18:29.2,24,Electronics
612,Karen,Cabrera,karen327@gmail.com,-5834,38:33.8,New_Customer,Push,26-35,High,101.78,0.74,TRUE,FALSE,FALSE,17:08.1,41,Clothing
613,Brian,Payne,brian.payne@yahoo.com,-7231,08:08.9,New_Customer,Email,26-35,Medium,113.04,0.78,TRUE,TRUE,FALSE,15:39.7,6,Beauty
614,Brittney,Snow,brittney.snow@hotmail.com,-2453,14:21.6,New_Customer,Email,18-25,High,48.45,0.64,TRUE,FALSE,TRUE,15:14.1,2,Books
615,Timothy,Jones,timothy115@hotmail.com,-10203,07:44.2,Low_Value,SMS,55+,,34.64,0.82,FALSE,TRUE,FALSE,13:26.4,25,Clothing
616,Rachel,Norman,rachel.norman@outlook.com,-7878,59:12.8,Medium_Value,Push,55+,Premium,178.54,0.61,TRUE,FALSE,FALSE,16:53.8,19,Books
617,Whitney,Keller,whitneykeller@yahoo.com,-5751,36:48.8,High_Value,Push,18-25,High,396.71,0.32,TRUE,TRUE,FALSE,18:21.6,9,Home
618,Julia,Hensley,juliahensley@gmail.com,-6285,36:56.5,New_Customer,SMS,46-55,Premium,94.46,0.75,FALSE,TRUE,FALSE,,20,Home
619,Mary,Cameron,mary460@gmail.com,-10164,51:25.2,New_Customer,Email,26-35,,121.67,0.68,TRUE,TRUE,FALSE,17:58.2,14,Sports
620,Thomas,Lawson,thomaslawson@gmail.com,-8209,26:31.0,Medium_Value,Push,26-35,Premium,192.71,0.67,FALSE,TRUE,TRUE,,31,Home
621,Ryan,Gallagher,ryan560@outlook.com,-5322,09:34.4,Low_Value,SMS,36-45,Low,41.78,0.71,TRUE,FALSE,FALSE,13:23.8,0,Beauty
622,David,Weiss,davidweiss@yahoo.com,-7711,36:17.3,New_Customer,SMS,36-45,Premium,106.39,0.75,TRUE,FALSE,FALSE,,37,Beauty
623,Amanda,Harmon,amanda703@gmail.com,-10371,14:58.2,Low_Value,Social,26-35,High,72.33,0.9,FALSE,FALSE,TRUE,15:31.5,33,Electronics
624,Stacey,Carter,stacey.carter@hotmail.com,-11316,20:10.9,High_Value,Push,26-35,Medium,187.91,0.23,FALSE,TRUE,TRUE,13:01.5,28,Electronics
625,Brian,Graves,briangraves@yahoo.com,-9926,05:50.7,Low_Value,Social,46-55,High,84.36,0.67,FALSE,TRUE,FALSE,18:36.8,42,Electronics
626,Elizabeth,Hernandez,elizabeth.hernandez@yahoo.com,-2951,50:46.2,High_Value,SMS,46-55,Medium,220.99,0.29,FALSE,TRUE,FALSE,13:59.3,33,Home
627,Jacob,Perez,jacob.perez@hotmail.com,-7051,17:52.2,New_Customer,Email,26-35,High,79.27,0.5,TRUE,FALSE,TRUE,16:16.6,6,Home
628,Kimberly,Anderson,kimberly25@gmail.com,-4860,09:28.4,High_Value,Push,,Premium,365.73,0.28,FALSE,TRUE,FALSE,13:32.9,9,Sports
629,Emily,Torres,emily.torres@yahoo.com,-9886,22:54.5,New_Customer,SMS,55+,,121.64,0.78,TRUE,FALSE,FALSE,,38,Books
630,Jennifer,Black,jenniferblack@gmail.com,-8219,46:20.3,New_Customer,Push,18-25,High,117.46,0.52,TRUE,FALSE,FALSE,15:52.0,16,Beauty
631,Amy,Lane,amylane@yahoo.com,-4578,15:53.0,New_Customer,Push,55+,Medium,37.26,0.57,TRUE,FALSE,FALSE,14:52.4,16,Home
632,Lindsey,Young,lindseyyoung@hotmail.com,-2447,38:36.1,High_Value,Direct,36-45,,304.95,0.24,FALSE,TRUE,TRUE,15:12.5,47,Beauty
633,Corey,Thomas,corey.thomas@outlook.com,-5982,51:34.5,Medium_Value,Social,18-25,High,195.76,0.46,TRUE,TRUE,TRUE,13:00.4,24,Sports
634,Sheila,Smith,sheila8@outlook.com,-3408,19:44.6,Medium_Value,Email,36-45,Premium,125.55,0.69,TRUE,FALSE,TRUE,14:46.8,40,Books
635,Robert,Smith,robertsmith@outlook.com,-8957,20:02.3,High_Value,Social,36-45,Medium,165.19,0.34,FALSE,FALSE,TRUE,14:46.0,20,Clothing
636,Donna,Miller,donna983@gmail.com,-6190,20:23.9,High_Value,Push,26-35,High,478.23,0.32,FALSE,TRUE,FALSE,14:06.9,39,Electronics
637,Donald,Peters,donald.peters@hotmail.com,-8515,28:27.8,Medium_Value,Push,36-45,Premium,86.41,0.63,TRUE,FALSE,TRUE,13:21.4,12,Sports
638,Sean,James,sean.james@outlook.com,-3123,16:19.4,Low_Value,Social,26-35,Premium,26.68,0.89,FALSE,FALSE,TRUE,17:59.6,13,Beauty
639,Diana,Cooke,diana111@yahoo.com,-8469,10:45.4,Low_Value,Push,46-55,Premium,64.86,0.61,TRUE,FALSE,FALSE,13:35.1,44,Books
640,Casey,Case,casey643@outlook.com,-3492,05:28.5,Medium_Value,Direct,55+,High,100.7,0.47,TRUE,FALSE,TRUE,17:26.6,39,Electronics
641,Meagan,Diaz,meagan.diazhotmail.com,-7871,02:48.8,New_Customer,Push,46-55,High,54.41,0.56,TRUE,TRUE,FALSE,14:23.4,44,Clothing
642,Jacqueline,Lewis,jacqueline875@gmail.com,-7476,46:52.3,Medium_Value,Social,26-35,Medium,111.63,0.41,FALSE,FALSE,FALSE,17:11.5,50,Sports
643,Samuel,Gonzalez,samuel889@gmail.com,-8949,11:46.0,Low_Value,Email,26-35,Premium,26.63,0.6,TRUE,FALSE,TRUE,15:42.4,20,Sports
644,Craig,Harrison,craig104@yahoo.com,-6659,17:09.4,Medium_Value,SMS,36-45,Low,107.24,0.59,TRUE,FALSE,TRUE,13:37.7,13,Home
645,David,Kramer,davidkramer@gmail.com,-6508,16:42.4,Medium_Value,Email,26-35,Medium,197.12,0.62,TRUE,TRUE,TRUE,18:18.7,12,Sports
646,Sergio,Mcmahon,sergio767@yahoo.com,-5091,47:16.8,High_Value,Social,26-35,Low,424.35,0.38,TRUE,FALSE,FALSE,13:11.4,13,Electronics
647,Nancy,Fuentes,nancyfuentes@gmail.com,-7799,02:56.6,High_Value,Email,36-45,Low,398.14,0.21,TRUE,FALSE,TRUE,17:57.4,28,Sports
648,Angelica,Graham,angelica808@hotmail.com,-6493,03:30.7,Low_Value,Push,18-25,Premium,37.84,0.84,TRUE,TRUE,TRUE,14:48.5,30,Books
649,Philip,Carrillo,philip567@hotmail.com,-5746,18:16.3,Low_Value,Email,36-45,Medium,86.31,0.88,TRUE,FALSE,FALSE,18:30.9,24,Clothing
650,Edward,Greene,edwardgreene@gmail.com,-5398,57:31.5,High_Value,Email,55+,Low,345.65,0.23,FALSE,FALSE,TRUE,13:20.8,7,Beauty
651,Justin,Juarez,justin558@outlook.com,-8465,21:43.8,Low_Value,SMS,36-45,High,52.01,0.83,TRUE,FALSE,TRUE,15:40.9,4,Books
652,Cassandra,Smith,cassandrasmith@hotmail.com,-9432,11:58.0,Medium_Value,Direct,,Medium,104.84,0.52,FALSE,FALSE,FALSE,17:35.9,4,Electronics
653,Jonathan,Peterson,jonathan.peterson@hotmail.com,-7811,42:56.8,Low_Value,Email,46-55,Medium,80.15,0.73,FALSE,FALSE,TRUE,18:00.4,11,Beauty
654,Kari,Reynolds,kari.reynolds@hotmail.com,-5452,14:08.2,Low_Value,Direct,26-35,Medium,98.06,0.72,FALSE,FALSE,TRUE,17:44.5,27,Home
655,Thomas,Davis,thomas922@outlook.com,-3892,04:04.8,Low_Value,Direct,55+,High,35.03,0.9,FALSE,TRUE,TRUE,15:06.5,29,Electronics
656,Timothy,Henderson,timothy.henderson@yahoo.com,-5346,19:21.4,High_Value,Email,18-25,High,308.55,0.22,TRUE,TRUE,TRUE,12:56.9,6,Electronics
657,Scott,White,scottwhite@yahoo.com,-9048,57:53.7,High_Value,Social,46-55,High,449.27,0.22,TRUE,TRUE,TRUE,14:13.8,26,Sports
658,Kenneth,Stevenson,kenneth.stevenson@yahoo.com,-8807,16:10.8,Medium_Value,SMS,18-25,,145.05,0.46,TRUE,FALSE,FALSE,14:57.7,31,Books
659,Michael,Hunt,michaelhunt@outlook.com,-7005,02:00.8,Medium_Value,Push,36-45,High,109.2,0.48,FALSE,FALSE,TRUE,18:12.4,41,Clothing
660,Stefanie,Jones,stefanie.jones@yahoo.com,-11449,34:22.5,High_Value,Social,18-25,High,375.74,0.23,FALSE,FALSE,TRUE,16:04.8,38,Books
661,Tami,Hickman,tami663@outlook.com,-6872,01:19.6,Medium_Value,Direct,46-55,Medium,195.51,0.52,FALSE,TRUE,TRUE,16:45.1,15,Books
662,William,Prince,williamprince@yahoo.com,-4773,17:06.0,High_Value,Email,55+,,202.67,0.23,TRUE,TRUE,FALSE,15:56.9,10,Electronics
663,Ashley,Jackson,ashleyjackson@outlook.com,-7998,47:09.8,Medium_Value,Direct,26-35,High,138.37,0.68,FALSE,TRUE,TRUE,15:04.4,37,Sports
664,Amy,Figueroa,amy.figueroa@hotmail.com,-3730,54:45.8,High_Value,Direct,55+,High,229.96,0.24,FALSE,FALSE,TRUE,,27,Sports
665,Jessica,Medina,jessica.medina@gmail.com,-4509,38:20.4,New_Customer,Social,18-25,High,73.73,0.65,FALSE,FALSE,FALSE,13:15.6,7,Electronics
666,Mandy,Jones,mandy352@gmail.com,-6793,18:36.1,High_Value,Push,26-35,,249.64,0.35,FALSE,TRUE,FALSE,18:07.7,19,Sports
667,William,Smith,william.smith@hotmail.com,-9962,59:42.2,Low_Value,Direct,18-25,High,99.37,0.77,FALSE,FALSE,TRUE,,10,Electronics
668,Cassandra,Carter,cassandracarter@outlook.com,-6308,48:52.1,New_Customer,SMS,46-55,Medium,37.75,0.56,FALSE,TRUE,FALSE,13:17.3,3,Clothing
669,Kristen,Chavez,kristen625@outlook.com,-8197,59:37.0,Medium_Value,Social,26-35,Low,113.72,0.42,FALSE,TRUE,TRUE,17:11.1,8,Home
670,Lisa,Davies,lisa985@yahoo.com,-6558,16:02.1,High_Value,Email,,Premium,309.86,0.4,TRUE,FALSE,FALSE,17:36.6,19,Sports
671,Ruth,Williams,ruth238@yahoo.com,-10674,06:45.3,Medium_Value,Email,26-35,Medium,102.72,0.41,FALSE,TRUE,TRUE,12:47.4,40,Home
672,Tiffany,Acosta,tiffanyacosta@gmail.com,-5200,58:51.4,High_Value,Direct,46-55,High,333.7,0.23,FALSE,FALSE,FALSE,16:59.7,38,Electronics
673,Kristen,Butler,kristen.butler@outlook.com,-6345,05:58.5,New_Customer,Email,36-45,Premium,75.11,0.51,TRUE,TRUE,FALSE,17:38.3,15,Beauty
674,John,Harrell,john.harrell@hotmail.com,-4218,22:45.6,Medium_Value,Direct,46-55,Medium,195.26,0.52,FALSE,TRUE,FALSE,16:33.6,13,Clothing
675,Kimberly,Gray,kimberly.gray@yahoo.com,-5836,58:10.4,Low_Value,Email,26-35,High,92.66,0.84,FALSE,TRUE,FALSE,18:28.2,42,Home
676,Michelle,Guerra,michelleguerra@hotmail.com,-10719,56:52.9,New_Customer,Direct,36-45,Low,129.52,0.72,FALSE,FALSE,TRUE,18:06.8,34,Sports
677,Dorothy,Lozano,dorothy.lozano@outlook.com,-2462,45:48.2,Medium_Value,SMS,55+,Low,176.22,0.59,FALSE,TRUE,TRUE,17:36.2,5,Clothing
678,Jason,Ortiz,jason.ortiz@outlook.com,-5868,25:01.4,High_Value,Social,18-25,Medium,239.62,0.39,TRUE,FALSE,TRUE,18:19.9,37,Clothing
679,Kathryn,Jones,kathryn521@yahoo.com,-2771,10:53.2,Medium_Value,SMS,46-55,Low,75.64,0.65,FALSE,TRUE,FALSE,16:55.2,32,Books
680,Melissa,Perry,melissaperry@gmail.com,-6918,07:48.4,Low_Value,Push,18-25,Low,79.84,0.7,TRUE,TRUE,TRUE,15:28.8,26,Clothing
681,Jacqueline,Yates,jacqueline.yates@gmail.com,-10679,22:33.7,Medium_Value,Email,26-35,High,141.69,0.47,FALSE,FALSE,TRUE,16:21.2,29,Sports
682,Christopher,Foster,christopher.foster@gmail.com,-9011,44:56.0,New_Customer,Direct,55+,Low,144.64,0.61,TRUE,FALSE,TRUE,13:53.2,24,Books
683,Monica,Adams,monicaadams@outlook.com,-4298,59:28.1,New_Customer,Push,46-55,Premium,78.51,0.68,FALSE,TRUE,FALSE,17:16.6,27,Books
684,Miguel,Lewis,miguel.lewis@hotmail.com,-3666,30:29.6,Low_Value,Push,18-25,,77.27,0.71,FALSE,FALSE,TRUE,17:26.4,50,Books
685,Ryan,Massey,ryanmassey@outlook.com,-9384,53:19.3,High_Value,Email,46-55,Premium,313.38,0.36,TRUE,TRUE,FALSE,15:02.5,15,Books
686,Mark,Livingston,mark.livingston@outlook.com,-8143,14:35.0,Medium_Value,Social,18-25,Medium,163.49,0.68,FALSE,FALSE,FALSE,,35,Home
687,Richard,Roberson,richardroberson@yahoo.com,-7859,14:24.0,Medium_Value,SMS,18-25,Low,196.93,0.61,TRUE,FALSE,TRUE,14:56.7,2,Sports
688,Daniel,Lara,daniellara@yahoo.com,-5180,25:54.7,New_Customer,Email,55+,Premium,49.5,0.63,FALSE,FALSE,TRUE,15:30.8,10,Beauty
689,Paul,Lee,paullee@outlook.com,-7807,21:00.6,Low_Value,SMS,26-35,High,48.05,0.73,TRUE,TRUE,TRUE,,46,Sports
690,Daniel,Miller,daniel.miller@gmail.com,-10541,04:14.7,New_Customer,Direct,55+,Medium,80.88,0.75,TRUE,FALSE,TRUE,15:21.5,32,Electronics
691,Jennifer,Jackson,jennifer273@outlook.com,-4691,10:41.2,High_Value,Email,26-35,,159.5,0.3,FALSE,FALSE,TRUE,14:02.3,24,Electronics
692,Tommy,Brown,tommy857@gmail.com,-10914,06:02.7,High_Value,Email,26-35,High,187.66,0.23,TRUE,TRUE,FALSE,,15,Sports
693,Whitney,Walker,whitneywalker@gmail.com,-8526,48:34.7,Medium_Value,Email,36-45,Medium,128.63,0.49,FALSE,FALSE,TRUE,13:28.9,3,Beauty
694,Peter,Valdez,petervaldez@outlook.com,-6966,46:25.6,New_Customer,Social,18-25,Premium,75.92,0.64,TRUE,FALSE,FALSE,,20,Books
695,Evan,Nelson,evan.nelson@outlook.com,-9268,42:15.9,Medium_Value,SMS,36-45,,179.55,0.54,TRUE,FALSE,FALSE,15:58.5,44,Sports
696,Erica,Walters,erica326@gmail.com,-6915,23:01.1,Low_Value,Push,55+,Medium,32.97,0.79,FALSE,TRUE,TRUE,,16,Sports
697,Amanda,Hudson,amanda407@outlook.com,-7277,27:42.1,Low_Value,Social,26-35,Premium,64.66,0.82,TRUE,TRUE,TRUE,15:20.5,13,Clothing
698,Daniel,Rice,daniel35@gmail.com,-7321,24:57.6,Low_Value,Direct,55+,Low,96.97,0.65,TRUE,TRUE,TRUE,18:21.9,3,Electronics
699,Elizabeth,Baker,elizabeth684@outlook.com,-6991,03:04.8,High_Value,Push,26-35,Medium,336.16,0.25,FALSE,TRUE,TRUE,14:39.8,25,Home
700,Michael,Lewis,michaellewis@outlook.com,-4174,44:07.6,New_Customer,Push,,High,66.23,0.58,FALSE,FALSE,FALSE,13:15.3,29,Beauty
701,Alicia,Miller,alicia323@gmail.com,-4565,15:54.0,Low_Value,Social,26-35,High,95.94,0.72,TRUE,TRUE,FALSE,14:44.3,18,Books
702,Alicia,Fowler,alicia5@hotmail.com,-9141,35:16.9,Medium_Value,SMS,55+,High,146,0.53,FALSE,TRUE,TRUE,18:02.3,42,Books
703,Jesse,Smith,jesse220@yahoo.com,-2202,52:55.4,High_Value,Direct,18-25,High,330.48,0.2,FALSE,TRUE,FALSE,13:55.3,37,Sports
704,Jennifer,Rush,jennifer.rush@outlook.com,-7209,58:26.3,Low_Value,SMS,36-45,Medium,73.06,0.67,FALSE,FALSE,TRUE,15:57.9,0,Beauty
705,Erin,Brown,erinbrown@outlook.com,-4414,18:36.8,Medium_Value,SMS,55+,Medium,137.63,0.41,FALSE,TRUE,FALSE,,3,Sports
706,Laura,Mcpherson,lauramcpherson@hotmail.com,-5833,01:25.7,New_Customer,Social,26-35,High,121.55,0.75,TRUE,FALSE,FALSE,18:12.5,27,Beauty
707,Michelle,Snyder,michelle.snyder@hotmail.com,-3132,37:56.2,New_Customer,Direct,46-55,High,86.97,0.74,TRUE,TRUE,TRUE,14:27.5,50,Books
708,Jesse,Hart,jesse.hart@outlook.com,-8172,51:29.3,New_Customer,Direct,26-35,Low,121.85,0.71,TRUE,FALSE,FALSE,,1,Sports
709,Renee,Edwards,renee.edwards@hotmail.com,-6167,22:10.6,Medium_Value,Direct,55+,Medium,85.78,0.68,FALSE,FALSE,FALSE,16:45.8,35,Home
710,Heather,Campos,heather.campos@hotmail.com,-9434,18:56.7,Medium_Value,Direct,36-45,Medium,93.95,0.5,FALSE,FALSE,TRUE,16:08.8,41,Sports
711,Erika,Lee,erika.lee@yahoo.com,-5023,07:29.3,New_Customer,Email,55+,Premium,60.35,0.76,TRUE,TRUE,TRUE,16:46.2,2,Sports
712,Michelle,Griffin,michellegriffin@gmail.com,-6964,30:50.3,Medium_Value,Social,26-35,Medium,199.98,0.5,FALSE,FALSE,FALSE,17:06.7,17,Electronics
713,Ronald,Riddle,ronald.riddle@outlook.com,-3320,54:06.2,Medium_Value,SMS,36-45,Premium,181.14,0.46,TRUE,TRUE,TRUE,13:14.3,42,Sports
714,Diane,Young,diane.young@yahoo.com,-11404,18:01.0,Medium_Value,Direct,46-55,Low,96.47,0.57,FALSE,TRUE,TRUE,15:54.2,25,Sports
715,Lindsay,Weber,lindsay865@gmail.com,-5063,07:23.6,Medium_Value,Email,55+,,175.86,0.61,FALSE,FALSE,FALSE,13:27.8,32,Electronics
716,Sonia,Andrews,soniaandrews@gmail.com,-8798,04:02.5,Low_Value,Social,55+,High,59.72,0.63,FALSE,FALSE,FALSE,16:37.5,29,Beauty
717,Thomas,Howell,thomashowell@hotmail.com,-8027,07:53.3,Low_Value,Direct,55+,High,78.22,0.66,TRUE,FALSE,TRUE,16:59.9,38,Home
718,Caleb,Stein,caleb.stein@gmail.com,-10876,42:38.3,New_Customer,Social,55+,Premium,71.68,0.77,TRUE,TRUE,FALSE,13:05.0,31,Clothing
719,Martin,Ferguson,martinferguson@yahoo.com,-9179,39:00.7,Medium_Value,Direct,46-55,Premium,160.92,0.45,TRUE,FALSE,TRUE,16:06.6,20,Books
720,Dana,Mason,danamason@yahoo.com,-11006,01:49.8,New_Customer,Push,55+,Premium,96.93,0.71,TRUE,FALSE,FALSE,17:35.9,42,Books
721,Mary,Baker,mary601@hotmail.com,-7731,24:14.7,Medium_Value,Push,36-45,,101.74,0.6,TRUE,FALSE,TRUE,14:02.6,36,Sports
722,Hunter,Gould,huntergould@yahoo.com,-4762,13:49.4,Medium_Value,Email,18-25,Low,174.68,0.51,FALSE,TRUE,FALSE,13:15.8,22,Books
723,Rachel,Hodge,rachel857@gmail.com,-9847,05:04.6,Medium_Value,Email,46-55,High,173.57,0.54,FALSE,TRUE,FALSE,18:21.4,18,Books
724,Rebecca,Christian,rebecca.christian@gmail.com,-8671,44:19.0,Low_Value,Social,26-35,High,92.76,0.68,TRUE,TRUE,FALSE,17:19.5,50,Beauty
725,Sean,Hill,seanhill@gmail.com,-5682,20:45.9,New_Customer,Direct,26-35,Low,126,0.55,TRUE,TRUE,TRUE,15:47.0,39,Beauty
726,Gabriel,Martin,gabrielmartin@gmail.com,-7383,18:24.5,Medium_Value,SMS,26-35,,100.79,0.51,TRUE,TRUE,FALSE,14:45.9,40,Sports
727,Robert,Foster,robert189@outlook.com,-8316,24:32.6,Medium_Value,SMS,18-25,Premium,129.06,0.55,FALSE,TRUE,FALSE,17:14.4,16,Home
728,Christine,Patterson,christine75@yahoo.com,-7346,54:39.6,High_Value,Social,46-55,Premium,480.33,0.35,FALSE,FALSE,FALSE,14:02.3,10,Beauty
729,Kathleen,Sandoval,kathleensandoval@outlook.com,-3064,11:53.7,Low_Value,Push,,,32.03,0.71,FALSE,TRUE,TRUE,18:10.0,3,Books
730,Adrienne,Martinez,adriennemartinez@hotmail.com,-7450,14:18.2,Low_Value,Social,26-35,Premium,52.87,0.76,TRUE,TRUE,FALSE,18:23.9,14,Beauty
731,Tina,Watts,tinawatts@gmail.com,-6944,32:12.5,New_Customer,Push,26-35,Premium,35.2,0.68,TRUE,TRUE,FALSE,,5,Books
732,Heidi,Dyer,heidi.dyer@hotmail.com,-10158,02:37.8,Medium_Value,Social,18-25,Low,91.57,0.69,TRUE,FALSE,TRUE,16:44.9,40,Sports
733,Gregory,Williams,gregory.williams@yahoo.com,-3634,29:03.7,Medium_Value,Direct,46-55,High,172.08,0.52,TRUE,FALSE,FALSE,15:18.5,18,Home
734,Kristi,Burke,kristi.burke@gmail.com,-2957,07:55.2,Medium_Value,SMS,36-45,Low,196.52,0.45,TRUE,FALSE,FALSE,13:17.2,22,Clothing
735,Chelsea,Nunez,chelsea.nunez@gmail.com,-8777,00:22.9,Low_Value,Email,18-25,Medium,88.93,0.74,TRUE,TRUE,TRUE,14:29.6,43,Clothing
736,Erik,Rivera,erikrivera@yahoo.com,-10177,46:32.9,Low_Value,Push,18-25,High,53.44,0.63,FALSE,FALSE,TRUE,17:35.1,32,Electronics
737,Jeremy,Smith,jeremysmith@gmail.com,-6660,52:24.8,Medium_Value,Email,46-55,Medium,169.78,0.57,TRUE,FALSE,TRUE,15:05.1,0,Sports
738,Anna,Cooper,anna.cooper@hotmail.com,-10690,59:47.8,High_Value,Direct,36-45,High,156.52,0.3,TRUE,TRUE,FALSE,13:42.1,24,Sports
739,Lauren,Martinez,lauren545@gmail.com,-11123,30:58.4,Low_Value,Push,46-55,,36.61,0.75,TRUE,FALSE,FALSE,,41,Beauty
740,James,Hernandez,jameshernandez@gmail.com,-9497,19:38.6,Medium_Value,SMS,46-55,,143.64,0.54,FALSE,TRUE,TRUE,,34,Home
741,Jill,Guerrero,jillguerrero@outlook.com,-3106,30:31.9,High_Value,SMS,36-45,Low,405.66,0.21,TRUE,FALSE,FALSE,18:15.2,13,Electronics
742,Samuel,Ramirez,samuel.ramirez@hotmail.com,-10934,23:54.1,Low_Value,Email,26-35,High,62.8,0.88,TRUE,FALSE,TRUE,15:30.5,39,Books
743,Douglas,Wolf,douglaswolf@yahoo.com,-5123,14:02.6,High_Value,Direct,18-25,Medium,494,0.2,FALSE,FALSE,TRUE,,43,Beauty
744,Robert,Wright,robert661@hotmail.com,-7727,25:03.8,Medium_Value,SMS,26-35,Premium,174.56,0.55,FALSE,FALSE,FALSE,12:44.7,7,Home
745,Brandon,Harrison,brandon.harrison@hotmail.com,-5648,28:09.0,New_Customer,Social,,Medium,60.04,0.56,TRUE,FALSE,FALSE,,0,Clothing
746,Peter,Moore,peter767@hotmail.com,-7979,37:03.1,Low_Value,SMS,36-45,Low,72.16,0.62,FALSE,TRUE,TRUE,,15,Books
747,Charles,Reilly,charles355@gmail.com,-5022,32:36.0,Low_Value,Social,46-55,Low,52.5,0.76,FALSE,FALSE,FALSE,17:41.9,9,Home
748,Kimberly,Acosta,kimberly385@outlook.com,-7332,38:02.2,New_Customer,SMS,46-55,,52.05,0.71,FALSE,FALSE,TRUE,16:06.1,30,Books
749,Patrick,Brown,patrick.brown@outlook.com,-8185,32:35.3,Medium_Value,Direct,26-35,Premium,125.8,0.63,TRUE,FALSE,TRUE,,25,Books
750,Mary,Greene,marygreene@yahoo.com,-6014,21:38.3,High_Value,Social,36-45,Premium,277.28,0.27,FALSE,FALSE,FALSE,13:00.0,18,Beauty
751,Justin,Holloway,justinholloway@gmail.com,-10500,08:28.8,High_Value,SMS,26-35,Premium,296.72,0.35,TRUE,TRUE,FALSE,16:30.8,15,Sports
752,Megan,Webster,meganwebster@outlook.com,-9975,22:07.0,Low_Value,Push,18-25,Medium,32.32,0.88,TRUE,TRUE,TRUE,,12,Sports
753,Kelsey,Dunn,kelsey.dunn@hotmail.com,-6136,01:02.3,Medium_Value,Email,46-55,Medium,97.2,0.51,FALSE,FALSE,TRUE,15:29.3,41,Electronics
754,Shelby,Benson,shelby.benson@yahoo.com,-2900,14:02.0,Low_Value,Push,55+,High,93.74,0.64,FALSE,FALSE,FALSE,17:21.5,32,Home
755,Timothy,Buchanan,timothy.buchanan@yahoo.com,-4888,11:53.2,New_Customer,Push,36-45,High,128.98,0.56,TRUE,FALSE,TRUE,,10,Clothing
756,Alexander,Weber,alexander869@gmail.com,-5472,28:30.6,New_Customer,Direct,46-55,Premium,84.57,0.75,TRUE,FALSE,TRUE,17:37.0,45,Electronics
757,Sarah,Fisher,sarah.fisher@yahoo.com,-6821,30:39.8,New_Customer,Push,18-25,Premium,68.54,0.71,FALSE,TRUE,FALSE,18:29.4,46,Sports
758,Regina,Stanley,regina.stanley@gmail.com,-8871,21:21.9,New_Customer,Social,55+,Low,148.09,0.55,FALSE,TRUE,FALSE,16:00.7,5,Clothing
759,Jeffery,Rice,jefferyrice@yahoo.com,-4173,58:21.7,Medium_Value,SMS,46-55,,181.53,0.42,TRUE,FALSE,TRUE,,38,Beauty
760,Wendy,Taylor,wendytaylor@hotmail.com,-7002,42:18.5,New_Customer,Push,18-25,Premium,146.49,0.76,TRUE,TRUE,FALSE,13:11.4,50,Books
761,Jennifer,Cortez,jennifer.cortez@gmail.com,-4972,09:39.5,High_Value,SMS,18-25,Medium,188.73,0.35,TRUE,FALSE,TRUE,16:51.0,27,Clothing
762,Bruce,Stevens,bruce.stevens@yahoo.com,-5149,36:58.0,High_Value,Push,46-55,Low,437.58,0.27,FALSE,FALSE,FALSE,,6,Clothing
763,Courtney,Pearson,courtneypearson@gmail.com,-2164,32:08.4,Medium_Value,Push,36-45,Medium,99.94,0.51,TRUE,FALSE,TRUE,13:49.7,21,Sports
764,Matthew,Owens,matthew.owens@yahoo.com,-4018,06:59.0,High_Value,SMS,36-45,Low,478.94,0.32,FALSE,TRUE,FALSE,15:14.3,32,Books
765,Eric,May,eric608@gmail.com,-9871,57:51.7,Medium_Value,Social,36-45,Medium,128.34,0.52,FALSE,FALSE,TRUE,14:14.7,39,Clothing
766,Laura,Green,laura.green@hotmail.com,-10491,57:17.5,New_Customer,Direct,46-55,Low,106.31,0.73,TRUE,TRUE,FALSE,16:23.9,24,Electronics
767,Angela,Hubbard,angela797@yahoo.com,-10624,25:53.6,High_Value,Email,36-45,High,207.56,0.36,TRUE,TRUE,FALSE,18:04.7,19,Beauty
768,Matthew,Rogers,matthewrogers@outlook.com,-3395,48:22.3,Low_Value,SMS,36-45,Low,34.15,0.8,FALSE,TRUE,TRUE,15:59.4,29,Books
769,Sarah,Perkins,sarah57@gmail.com,-4618,18:15.0,Low_Value,SMS,18-25,High,89.93,0.68,TRUE,TRUE,TRUE,13:31.4,38,Clothing
770,Leslie,Hebert,lesliehebert@gmail.com,-9981,11:13.0,High_Value,SMS,55+,Medium,344.62,0.36,FALSE,FALSE,TRUE,16:50.4,10,Books
771,Lisa,Anderson,lisa905@hotmail.com,-8819,31:08.8,High_Value,Direct,55+,Low,444.42,0.36,FALSE,TRUE,FALSE,15:06.3,49,Books
772,Karen,Brady,karen21@hotmail.com,-7069,36:50.9,High_Value,Email,26-35,High,459.02,0.33,TRUE,TRUE,TRUE,15:15.8,8,Electronics
773,Jill,Rubio,jillrubio@gmail.com,-7010,09:55.2,Medium_Value,Email,26-35,Low,164.87,0.68,FALSE,TRUE,FALSE,,44,Home
774,Karen,Sampson,karen.sampson@hotmail.com,-3033,25:17.8,High_Value,Social,46-55,Medium,277.78,0.32,FALSE,TRUE,TRUE,14:58.2,33,Sports
775,Brandon,Hall,brandonhall@outlook.com,-4429,15:22.5,Low_Value,SMS,55+,Medium,87.65,0.61,TRUE,TRUE,TRUE,,48,Electronics
776,Crystal,Clark,crystal855@outlook.com,-3433,18:11.0,Medium_Value,Push,55+,Premium,146.26,0.63,FALSE,TRUE,FALSE,12:55.1,1,Sports
777,Jennifer,Frazier,jennifer427@gmail.com,-6319,51:41.0,High_Value,Email,36-45,Medium,345.74,0.31,TRUE,TRUE,FALSE,14:32.1,13,Sports
778,Breanna,Kelly,breannakelly@hotmail.com,-10499,24:43.7,Low_Value,Direct,36-45,Medium,79.28,0.85,TRUE,TRUE,FALSE,17:51.8,39,Sports
779,Karen,King,karen.king@hotmail.com,-6233,14:01.2,New_Customer,Push,55+,Premium,63.06,0.53,TRUE,FALSE,TRUE,15:54.8,45,Clothing
780,Tyler,Ryan,tyler861@yahoo.com,-9271,20:16.6,Medium_Value,Push,36-45,Premium,162.97,0.63,TRUE,TRUE,FALSE,,7,Books
781,Sergio,Diaz,sergio.diaz@hotmail.com,-5898,38:15.3,Low_Value,Direct,36-45,,57.7,0.71,TRUE,FALSE,FALSE,16:05.6,15,Home
782,Steven,Ward,steven.ward@outlook.com,-2346,47:10.0,Medium_Value,Email,18-25,High,195,0.43,TRUE,FALSE,FALSE,15:03.1,21,Electronics
783,Nathaniel,Martinez,nathanielmartinez@hotmail.com,-5184,43:43.8,Low_Value,Email,26-35,High,99.25,0.68,FALSE,FALSE,TRUE,13:32.7,5,Electronics
784,Robert,Moore,robertmoore@outlook.com,-9977,47:58.2,Medium_Value,SMS,36-45,High,146,0.65,FALSE,FALSE,TRUE,13:47.1,8,Electronics
785,Meghan,Rodriguez,meghanrodriguez@outlook.com,-4512,28:14.6,High_Value,SMS,36-45,,499.14,0.24,FALSE,FALSE,TRUE,,47,Electronics
786,Betty,Ortiz,bettyortiz@hotmail.com,-5500,06:23.4,Medium_Value,Email,36-45,Medium,128.45,0.43,TRUE,TRUE,TRUE,18:00.4,4,Beauty
787,Jesse,Holmes,jesse444@outlook.com,-10619,52:02.3,Medium_Value,Social,26-35,Medium,78.94,0.59,FALSE,FALSE,TRUE,,11,Clothing
788,Leslie,Davis,leslie.davis@yahoo.com,-7226,29:41.0,High_Value,Push,46-55,Medium,495.99,0.36,FALSE,TRUE,FALSE,12:55.3,25,Books
789,Darren,Bennett,darren.bennett@hotmail.com,-8901,01:42.7,High_Value,Direct,,Low,474.54,0.31,TRUE,FALSE,TRUE,14:47.1,42,Home
790,Melinda,Hernandez,melindahernandez@outlook.com,-8990,06:17.4,Low_Value,Direct,18-25,Medium,73.64,0.76,FALSE,TRUE,TRUE,,5,Books
791,Mary,Durham,marydurham@hotmail.com,-9072,05:04.2,High_Value,Push,36-45,High,295.8,0.24,FALSE,FALSE,FALSE,18:13.1,14,Books
792,Donna,Coleman,donnacoleman@hotmail.com,-6115,08:32.0,New_Customer,Direct,36-45,Premium,146.41,0.61,TRUE,FALSE,TRUE,16:38.5,32,Electronics
793,Kevin,Warren,kevin.warren@yahoo.com,-3506,31:40.7,Medium_Value,Email,26-35,Medium,189.25,0.42,TRUE,TRUE,FALSE,14:25.1,7,Sports
794,Ellen,Brown,ellen601@yahoo.com,-6286,13:28.4,Low_Value,Direct,18-25,High,82.16,0.8,FALSE,TRUE,FALSE,16:43.9,42,Beauty
795,Kevin,Reyes,kevin.reyes@gmail.com,-5043,58:35.1,High_Value,Email,55+,High,258.48,0.23,TRUE,TRUE,TRUE,14:51.3,34,Books
796,Andrew,Shaffer,andrew783@hotmail.com,-7501,56:23.8,Low_Value,Direct,36-45,Premium,51.07,0.86,FALSE,FALSE,FALSE,13:14.1,27,Clothing
797,Elizabeth,Perez,elizabeth858@hotmail.com,-4705,45:06.2,New_Customer,Social,36-45,Low,120.5,0.69,TRUE,TRUE,TRUE,16:58.3,34,Clothing
798,Stacey,Roberts,stacey971@gmail.com,-6995,30:56.7,Medium_Value,Direct,55+,High,153.07,0.48,FALSE,FALSE,FALSE,14:17.0,9,Clothing
799,Sandra,Powers,sandrapowers@gmail.com,-10521,32:39.1,High_Value,SMS,55+,Low,412.86,0.33,FALSE,TRUE,TRUE,13:25.9,27,Electronics
800,Valerie,Bates,valerie.bates@yahoo.com,-6387,51:14.6,High_Value,Email,55+,High,188,0.26,TRUE,FALSE,TRUE,14:13.4,25,Clothing
801,Holly,Gonzalez,holly.gonzalez@outlook.com,-7914,47:35.9,Medium_Value,SMS,46-55,,105.72,0.48,TRUE,TRUE,FALSE,16:30.3,9,Sports
802,Kyle,Ochoa,kyle338@gmail.com,-4685,03:11.7,New_Customer,Email,55+,High,103.41,0.68,FALSE,FALSE,TRUE,13:38.3,6,Beauty
803,Bradley,Perez,bradley156@gmail.com,-9602,29:23.9,Low_Value,Email,18-25,Low,75.38,0.61,FALSE,TRUE,FALSE,14:12.2,39,Clothing
804,Christopher,Pham,christopher555@yahoo.com,-10479,36:47.8,New_Customer,Email,18-25,High,101.78,0.8,TRUE,TRUE,FALSE,14:58.1,13,Beauty
805,Isaac,Jones,isaac.jones@outlook.com,-2820,54:06.5,High_Value,Direct,26-35,Medium,398.79,0.28,TRUE,TRUE,FALSE,13:58.5,14,Clothing
806,Melissa,Jones,melissa.jones@outlook.com,-2922,17:59.3,High_Value,Email,18-25,Premium,453.25,0.28,TRUE,TRUE,FALSE,,16,Electronics
807,Christopher,Miller,christopher369@yahoo.com,-9200,05:36.5,New_Customer,Direct,18-25,Low,135.78,0.7,FALSE,FALSE,FALSE,12:58.6,17,Beauty
808,Ana,Vargas,anavargas@yahoo.com,-10143,41:28.7,High_Value,Direct,26-35,High,161.3,0.24,TRUE,TRUE,FALSE,14:02.1,49,Beauty
809,Martin,Black,martin207@hotmail.com,-5975,15:06.6,Low_Value,SMS,46-55,Premium,34.67,0.7,FALSE,FALSE,FALSE,,4,Sports
810,Savannah,Saunders,savannahsaunders@hotmail.com,-9803,12:17.1,High_Value,Social,55+,Premium,156.91,0.39,TRUE,FALSE,TRUE,15:49.4,17,Beauty
811,Kyle,Hernandez,kyle.hernandez@yahoo.com,-5869,55:16.2,High_Value,SMS,55+,Medium,211.07,0.27,TRUE,TRUE,TRUE,16:36.4,29,Sports
812,Randy,Johnson,randy179@hotmail.com,-8621,01:50.7,Medium_Value,Email,55+,Premium,155.53,0.43,TRUE,FALSE,TRUE,17:38.1,28,Books
813,Perry,Martin,perrymartin@hotmail.com,-9089,59:49.3,New_Customer,Email,36-45,Medium,96.29,0.78,TRUE,FALSE,TRUE,16:09.6,49,Sports
814,Ryan,Riley,ryan.riley@yahoo.com,-2519,24:44.8,Low_Value,Push,36-45,,72.26,0.6,TRUE,TRUE,TRUE,17:10.2,6,Electronics
815,Bryan,Blanchard,bryan934@yahoo.com,-11164,29:13.6,New_Customer,Direct,46-55,Medium,103.7,0.56,FALSE,FALSE,FALSE,,37,Home
816,Roy,James,roy31@outlook.com,-8567,40:04.7,Low_Value,SMS,18-25,,36.66,0.81,FALSE,TRUE,FALSE,,11,Home
817,Max,Briggs,max212@hotmail.com,-2817,34:52.8,Medium_Value,SMS,26-35,Premium,85.68,0.55,TRUE,FALSE,TRUE,16:42.9,36,Books
818,Rebecca,Sexton,rebecca.sexton@hotmail.com,-9324,29:54.5,High_Value,Direct,,Premium,430.65,0.24,TRUE,FALSE,TRUE,15:04.9,25,Electronics
819,James,Richmond,james.richmond@outlook.com,-10906,24:46.0,High_Value,Direct,26-35,High,165.27,0.31,FALSE,TRUE,TRUE,,15,Books
820,James,Nelson,james461@hotmail.com,-5170,15:19.9,High_Value,Social,18-25,Premium,197.06,0.23,FALSE,FALSE,TRUE,13:11.4,47,Books
821,Natalie,Phillips,natalie228@gmail.com,-10454,27:20.7,Low_Value,Email,36-45,Low,82.59,0.76,FALSE,FALSE,FALSE,15:01.5,19,Clothing
822,Amanda,Fields,amanda129@yahoo.com,-3903,20:44.9,High_Value,Social,36-45,Premium,307.95,0.35,FALSE,TRUE,FALSE,17:59.8,17,Electronics
823,Shelley,Rodriguez,shelley967@gmail.com,-5910,03:59.1,Medium_Value,SMS,55+,Medium,117.56,0.4,TRUE,FALSE,FALSE,,47,Home
824,Alyssa,Baxter,alyssa.baxter@outlook.com,-5328,31:06.9,Medium_Value,SMS,46-55,High,186.91,0.45,TRUE,FALSE,FALSE,18:17.8,30,Electronics
825,Cynthia,Miranda,cynthia51@outlook.com,-10016,25:43.2,Medium_Value,SMS,36-45,,93.43,0.4,FALSE,TRUE,FALSE,14:38.4,50,Home
826,Benjamin,Wells,benjaminwells@hotmail.com,-4790,31:29.8,Low_Value,Social,18-25,Medium,74.07,0.72,TRUE,TRUE,TRUE,13:43.5,9,Sports
827,Nicholas,Parker,nicholas.parker@hotmail.com,-5166,40:31.3,High_Value,Push,46-55,High,271.28,0.28,FALSE,FALSE,FALSE,16:21.2,40,Beauty
828,John,Torres,john.torres@yahoo.com,-7143,54:10.2,Low_Value,Push,36-45,High,89.62,0.76,TRUE,FALSE,FALSE,,25,Home
829,Mark,Brooks,mark396@outlook.com,-7882,27:26.5,Medium_Value,SMS,26-35,Low,146.66,0.55,FALSE,FALSE,TRUE,18:02.9,36,Home
830,Veronica,Graham,veronicagraham@hotmail.com,-9695,41:29.0,New_Customer,Email,36-45,Low,37.05,0.73,TRUE,FALSE,TRUE,13:13.8,12,Electronics
831,Bridget,Williams,bridget.williams@outlook.com,-7989,36:44.6,Low_Value,Direct,46-55,Premium,45.53,0.76,FALSE,TRUE,TRUE,15:02.4,22,Electronics
832,Calvin,Waller,calvinwaller@outlook.com,-8908,37:13.5,Low_Value,Push,55+,High,68.08,0.76,FALSE,FALSE,FALSE,14:26.1,25,Home
833,Megan,Henry,meganhenry@hotmail.com,-6721,12:36.2,High_Value,Email,36-45,High,339.74,0.36,TRUE,FALSE,TRUE,16:45.7,27,Electronics
834,Christopher,Rangel,christopherrangel@yahoo.com,-5341,52:34.1,Low_Value,Direct,46-55,High,86.25,0.86,TRUE,TRUE,TRUE,,3,Electronics
835,James,Spencer,james.spencer@gmail.com,-3601,46:52.2,High_Value,Email,46-55,Low,213.36,0.27,TRUE,FALSE,TRUE,,50,Books
836,Brian,Cox,briancox@outlook.com,-9206,41:38.3,New_Customer,Push,36-45,Low,143.46,0.65,FALSE,TRUE,FALSE,15:54.3,5,Sports
837,Derek,Chavez,derek689@hotmail.com,-8541,53:47.5,High_Value,Direct,46-55,Premium,331.55,0.4,FALSE,FALSE,FALSE,14:47.0,41,Beauty
838,Diana,Hunter,diana.hunter@outlook.com,-4018,56:06.5,High_Value,Email,46-55,Low,233.28,0.38,TRUE,TRUE,FALSE,,14,Books
839,Jonathan,Mclaughlin,jonathanmclaughlin@yahoo.com,-9743,10:33.8,New_Customer,Direct,18-25,High,120.07,0.57,FALSE,FALSE,TRUE,13:24.6,42,Books
840,Danielle,Mendoza,daniellemendoza@gmail.com,-11610,30:32.2,New_Customer,Push,,Medium,70.4,0.68,TRUE,TRUE,FALSE,16:59.8,47,Beauty
841,Juan,Moody,juan.moody@gmail.com,-6717,54:10.2,Medium_Value,Direct,26-35,Premium,135.92,0.53,TRUE,FALSE,TRUE,15:53.9,48,Books
842,Stacy,Chavez,stacy.chavez@outlook.com,-8802,45:50.0,Medium_Value,Email,26-35,Premium,184.5,0.53,TRUE,FALSE,TRUE,18:39.1,18,Beauty
843,Tanya,Turner,tanya.turner@yahoo.com,-4584,35:49.4,Low_Value,Email,46-55,High,76.29,0.76,TRUE,FALSE,FALSE,15:21.9,5,Books
844,Emily,Lam,emily.lam@outlook.com,-9209,17:05.6,Low_Value,Push,55+,Low,45.64,0.77,FALSE,FALSE,TRUE,16:34.1,27,Books
845,Robert,Buck,robert303@outlook.com,-8208,32:57.8,Medium_Value,Push,18-25,,83.34,0.4,FALSE,FALSE,TRUE,18:30.3,30,Electronics
846,Amber,Gardner,ambergardner@yahoo.com,-7059,03:04.7,New_Customer,Push,18-25,Medium,128.49,0.77,TRUE,FALSE,TRUE,15:05.6,4,Sports
847,Stephanie,Bass,stephanie.bass@hotmail.com,-5020,14:09.9,Medium_Value,Email,26-35,Low,87.36,0.63,TRUE,TRUE,FALSE,14:05.7,5,Home
848,April,Ramos,april724@hotmail.com,-6632,37:56.9,High_Value,Direct,55+,High,424.21,0.35,TRUE,TRUE,FALSE,15:45.6,0,Electronics
849,Danielle,Duran,danielle.duran@gmail.com,-5502,50:23.4,Medium_Value,Push,18-25,Premium,142.3,0.61,FALSE,FALSE,FALSE,17:03.8,2,Home
850,Brett,Ball,brett.ball@yahoo.com,-5442,39:19.0,New_Customer,Push,46-55,High,131.15,0.56,FALSE,TRUE,FALSE,13:47.8,50,Beauty
851,Julie,Goodwin,julie244@outlook.com,-10488,00:14.5,New_Customer,Push,55+,High,41.93,0.78,TRUE,TRUE,TRUE,,37,Sports
852,Sabrina,Singleton,sabrina.singleton@gmail.com,-4518,49:07.7,Medium_Value,Email,46-55,Low,167.11,0.62,TRUE,FALSE,FALSE,18:15.2,10,Clothing
853,Judith,Johnston,judith172@outlook.com,-5393,40:07.3,Medium_Value,Direct,46-55,,160.12,0.66,FALSE,TRUE,FALSE,13:25.4,49,Home
854,Carol,Thomas,carol.thomas@gmail.com,-4753,54:25.4,Medium_Value,Push,18-25,Low,83.96,0.68,TRUE,FALSE,TRUE,14:48.5,19,Books
855,Daniel,Hill,daniel125@hotmail.com,-6286,00:36.9,Low_Value,SMS,,Premium,73.43,0.81,FALSE,TRUE,TRUE,18:27.0,47,Electronics
856,Michael,Roman,michael.roman@hotmail.com,-10382,04:47.4,High_Value,Email,18-25,High,179.13,0.35,FALSE,TRUE,FALSE,18:31.3,28,Beauty
857,Mary,Keller,mary.keller@yahoo.com,-11151,51:44.7,Medium_Value,Email,46-55,Medium,100.84,0.66,TRUE,FALSE,FALSE,12:47.3,45,Beauty
858,Elizabeth,Cervantes,elizabeth863@hotmail.com,-9951,43:35.9,New_Customer,Push,46-55,High,58.33,0.61,TRUE,FALSE,TRUE,14:30.6,25,Electronics
859,John,Parker,john.parker@hotmail.com,-2249,17:04.4,New_Customer,Social,55+,Medium,56.41,0.78,TRUE,TRUE,FALSE,12:46.8,34,Home
860,Priscilla,Lester,priscilla146@hotmail.com,-4608,30:02.9,High_Value,Direct,36-45,Low,261.61,0.38,TRUE,TRUE,TRUE,17:37.4,4,Books
861,Nancy,Murray,nancy415@outlook.com,-9357,40:17.2,High_Value,Direct,46-55,High,184.94,0.22,TRUE,FALSE,TRUE,,23,Sports
862,James,Avery,james637@outlook.com,-8310,56:06.9,Medium_Value,Email,46-55,,167.83,0.56,TRUE,TRUE,FALSE,,21,Books
863,Shannon,Hayes,shannon.hayes@gmail.com,-6513,33:00.1,Low_Value,Direct,36-45,Low,95.25,0.65,FALSE,FALSE,FALSE,14:33.5,48,Books
864,Emily,Jenkins,emily228@outlook.com,-5962,15:49.6,Low_Value,SMS,55+,High,29.46,0.65,TRUE,FALSE,TRUE,17:35.3,48,Electronics
865,Robin,Hernandez,robin.hernandez@yahoo.com,-2990,32:08.4,High_Value,Direct,26-35,Medium,364.52,0.39,TRUE,FALSE,TRUE,,11,Electronics
866,Andrew,Vazquez,andrewvazquez@gmail.com,-2301,08:46.4,Medium_Value,Push,46-55,Low,155.61,0.64,TRUE,FALSE,FALSE,15:08.5,46,Electronics
867,Ronald,Benton,ronald.benton@hotmail.com,-6654,58:32.8,Low_Value,Social,26-35,Low,74.24,0.85,TRUE,TRUE,FALSE,15:08.7,1,Home
868,William,Diaz,williamdiaz@hotmail.com,-6534,22:32.6,Low_Value,Email,46-55,Medium,62.92,0.69,TRUE,FALSE,FALSE,12:45.2,37,Beauty
869,Stephanie,Avila,stephanie105@yahoo.com,-7598,07:55.8,High_Value,Social,46-55,Low,421.93,0.21,FALSE,FALSE,FALSE,17:50.6,26,Electronics
870,Erik,Perkins,erik.perkins@yahoo.com,-3832,58:12.1,Medium_Value,Social,36-45,High,158.72,0.64,TRUE,TRUE,TRUE,,14,Beauty
871,Karen,Kelly,karenkelly@hotmail.com,-5751,51:33.8,High_Value,Direct,18-25,High,213.51,0.37,TRUE,TRUE,FALSE,15:30.1,4,Home
872,Seth,Guerrero,seth.guerrero@hotmail.com,-2854,19:01.4,New_Customer,Email,18-25,,57.93,0.67,TRUE,TRUE,FALSE,,33,Clothing
873,Andrea,Garcia,andrea445@yahoo.com,-11773,54:52.4,New_Customer,Email,55+,Low,61.54,0.71,TRUE,TRUE,TRUE,,7,Clothing
874,Juan,Aguilar,juan434@yahoo.com,-2035,29:22.2,New_Customer,Direct,55+,Low,86.01,0.58,FALSE,FALSE,FALSE,,13,Clothing
875,Teresa,Perkins,teresa359@yahoo.com,-9838,26:27.9,Low_Value,Social,46-55,Medium,66.23,0.83,TRUE,FALSE,TRUE,,29,Sports
876,Annette,Rios,annette.rios@yahoo.com,-6644,56:23.2,High_Value,Push,36-45,Premium,275.94,0.25,FALSE,TRUE,FALSE,17:27.8,11,Beauty
877,Andrea,Rodriguez,andrea.rodriguez@yahoo.com,-10804,43:57.8,High_Value,SMS,26-35,Low,231.06,0.36,FALSE,TRUE,FALSE,13:21.1,42,Books
878,Kelsey,Rios,kelsey.rios@yahoo.com,-5464,11:55.8,Low_Value,Social,55+,Premium,58.74,0.69,TRUE,TRUE,TRUE,13:46.6,18,Clothing
879,Victoria,Mcdonald,victoria696@yahoo.com,-2702,24:09.8,Low_Value,Direct,36-45,Medium,77.29,0.86,TRUE,FALSE,TRUE,12:55.7,13,Books
880,Krystal,Adkins,krystal.adkins@yahoo.com,-3375,52:18.3,High_Value,Email,,Medium,170.57,0.32,TRUE,TRUE,TRUE,,22,Clothing
881,Jerry,Berg,jerry171@hotmail.com,-10686,52:01.8,Low_Value,Social,46-55,High,43.12,0.79,FALSE,FALSE,FALSE,15:04.5,33,Clothing
882,Heather,Weaver,heather828@yahoo.com,-8515,54:56.6,New_Customer,Push,46-55,High,139.83,0.72,TRUE,TRUE,TRUE,12:51.6,39,Books
883,Hayley,Anderson,hayley.anderson@hotmail.com,-4724,16:10.7,High_Value,Email,26-35,Premium,231.21,0.36,FALSE,FALSE,FALSE,16:48.1,32,Clothing
884,Henry,Jones,henryjones@yahoo.com,-4599,44:43.2,Medium_Value,Email,46-55,Medium,176.68,0.64,TRUE,TRUE,FALSE,16:47.9,40,Electronics
885,Randy,Sanchez,randy.sanchez@outlook.com,-7472,27:37.8,Low_Value,Social,46-55,High,99.98,0.84,FALSE,FALSE,TRUE,,22,Clothing
886,Jeffrey,Cameron,jeffrey.cameron@hotmail.com,-4650,46:02.6,Low_Value,Direct,36-45,Medium,83.55,0.87,TRUE,TRUE,TRUE,15:23.1,6,Home
887,Levi,Brown,levi621@outlook.com,-5108,48:47.9,Low_Value,SMS,,Premium,41.25,0.7,FALSE,TRUE,TRUE,13:21.3,20,Beauty
888,Teresa,Fletcher,teresa.fletcher@gmail.com,-9590,16:40.9,New_Customer,Email,46-55,,72.51,0.7,FALSE,TRUE,FALSE,17:36.3,7,Books
889,Jennifer,Jacobs,jenniferjacobs@gmail.com,-5475,11:35.0,High_Value,SMS,46-55,Medium,363.84,0.38,FALSE,FALSE,FALSE,13:04.6,1,Clothing
890,Jacob,Lucas,jacoblucas@gmail.com,-5356,22:03.9,Low_Value,Direct,55+,High,91.77,0.66,FALSE,TRUE,TRUE,13:40.9,7,Sports
891,Corey,Hogan,corey.hogan@gmail.com,-7585,12:22.8,New_Customer,Email,36-45,,128.74,0.55,FALSE,FALSE,FALSE,17:44.2,36,Clothing
892,Peter,Jones,peter744@outlook.com,-10671,33:40.2,Medium_Value,SMS,46-55,,171.52,0.68,TRUE,FALSE,FALSE,14:45.7,0,Books
893,Jessica,Christian,jessica.christian@outlook.com,-6484,24:28.5,High_Value,Direct,46-55,Low,461.56,0.34,FALSE,FALSE,FALSE,,32,Home
894,Jessica,Huber,jessicahuber@outlook.com,-3642,18:15.9,Low_Value,Direct,26-35,High,59.49,0.83,FALSE,FALSE,FALSE,16:57.0,16,Sports
895,Amber,Roberts,amberroberts@hotmail.com,-11292,31:19.7,Medium_Value,Social,26-35,High,76.37,0.49,TRUE,TRUE,TRUE,17:33.5,13,Clothing
896,Michelle,Gentry,michelle.gentry@gmail.com,-9688,04:31.9,Low_Value,SMS,26-35,Medium,78.17,0.7,FALSE,TRUE,FALSE,,43,Clothing
897,Alyssa,Smith,alyssasmith@gmail.com,-8640,01:12.1,High_Value,SMS,36-45,,300.41,0.36,FALSE,FALSE,FALSE,16:33.2,15,Beauty
898,Michael,Adams,michael837@yahoo.com,-6550,36:38.6,New_Customer,SMS,55+,,145.29,0.76,FALSE,TRUE,FALSE,18:23.8,0,Clothing
899,Stephanie,Hull,stephanie.hull@hotmail.com,-11351,26:04.9,High_Value,Email,55+,High,236.46,0.2,TRUE,TRUE,FALSE,14:39.7,46,Home
900,Stacie,Morrison,staciemorrison@outlook.com,-5913,33:45.3,New_Customer,Direct,,Premium,93.55,0.55,FALSE,TRUE,FALSE,13:43.0,5,Beauty
901,Daniel,Johnson,daniel.johnson@yahoo.com,-5188,46:55.5,New_Customer,Email,26-35,Low,60.17,0.67,TRUE,FALSE,FALSE,,50,Sports
902,Robert,Estrada,robert573@hotmail.com,-3037,22:00.1,Low_Value,Push,26-35,High,28.39,0.78,TRUE,TRUE,TRUE,13:02.6,46,Clothing
903,Sarah,Wilson,sarah.wilson@gmail.com,-8234,54:50.3,New_Customer,Push,55+,High,89.34,0.63,TRUE,TRUE,TRUE,,6,Clothing
904,Veronica,Lara,veronica.lara@yahoo.com,-8693,10:58.0,Low_Value,Push,18-25,,44.77,0.86,FALSE,TRUE,TRUE,13:31.0,37,Sports
905,Heather,Horn,heatherhorn@outlook.com,-8912,29:24.2,Low_Value,Push,55+,Low,60.19,0.61,FALSE,FALSE,FALSE,,47,Books
906,Tiffany,Woods,tiffany.woods@yahoo.com,-5387,56:46.8,New_Customer,SMS,26-35,Low,131.3,0.75,FALSE,FALSE,TRUE,,30,Clothing
907,Karen,Garcia,karengarcia@outlook.com,-2690,54:05.3,New_Customer,Push,36-45,Medium,61.26,0.77,TRUE,TRUE,TRUE,12:57.8,6,Electronics
908,Wanda,Turner,wanda.turner@outlook.com,-8487,52:20.5,Low_Value,Push,26-35,Medium,43.81,0.66,FALSE,TRUE,FALSE,14:52.4,15,Books
909,Lacey,Williams,lacey740@gmail.com,-11483,32:01.5,Low_Value,Push,46-55,Premium,41.65,0.63,TRUE,FALSE,TRUE,13:39.5,49,Home
910,Dennis,Mcdonald,dennismcdonald@outlook.com,-6479,24:32.2,Medium_Value,SMS,26-35,Medium,84.84,0.56,FALSE,FALSE,FALSE,15:35.2,17,Electronics
911,Jacob,Thompson,jacob.thompson@hotmail.com,-3720,22:38.7,Medium_Value,Social,55+,Low,122.25,0.44,FALSE,TRUE,FALSE,,35,Beauty
912,Miranda,Johnson,mirandajohnson@yahoo.com,-10218,08:50.8,Medium_Value,Email,46-55,Low,108.21,0.6,FALSE,FALSE,TRUE,13:41.2,39,Home
913,Mary,Cross,mary419@gmail.com,-3291,30:05.6,High_Value,Email,46-55,Low,223.28,0.38,TRUE,TRUE,TRUE,15:38.9,22,Home
914,Miguel,Smith,miguel.smith@hotmail.com,-2160,19:25.3,New_Customer,Direct,18-25,High,91.54,0.5,FALSE,TRUE,TRUE,17:09.9,36,Home
915,Lisa,Dyer,lisa.dyer@yahoo.com,-10012,16:52.9,New_Customer,Email,46-55,Medium,147.53,0.68,TRUE,FALSE,FALSE,16:58.3,13,Books
916,Russell,Contreras,russellcontreras@yahoo.com,-3945,30:13.4,Medium_Value,Direct,46-55,Premium,102.98,0.44,FALSE,FALSE,TRUE,14:52.2,10,Sports
917,Kelly,Brown,kelly.brown@outlook.com,-5065,25:15.3,Medium_Value,SMS,,Medium,137.69,0.46,FALSE,FALSE,FALSE,12:55.9,50,Electronics
918,Vincent,Martinez,vincent555@hotmail.com,-8909,30:03.8,High_Value,Email,46-55,High,332.82,0.21,FALSE,TRUE,TRUE,12:51.8,40,Books
919,Scott,Wright,scott895@gmail.com,-9181,39:39.8,High_Value,Push,26-35,High,280.97,0.36,FALSE,TRUE,TRUE,15:44.7,38,Clothing
920,Andrea,Rich,andrearich@yahoo.com,-3962,56:56.2,New_Customer,Direct,36-45,Low,138.73,0.51,FALSE,TRUE,FALSE,15:45.5,45,Clothing
921,Micheal,Parker,micheal330@outlook.com,-6155,29:24.5,Medium_Value,SMS,18-25,,183.99,0.64,FALSE,TRUE,TRUE,14:52.1,25,Clothing
922,Seth,Barnett,seth358@yahoo.com,-10725,52:14.8,Low_Value,Direct,55+,Premium,48.42,0.7,FALSE,TRUE,FALSE,,0,Sports
923,Barbara,Burke,barbara97@hotmail.com,-6435,59:01.4,New_Customer,Push,36-45,Premium,80.25,0.77,TRUE,TRUE,FALSE,17:43.1,39,Books
924,Jacqueline,Mullen,jacquelinemullen@yahoo.com,-9155,36:38.8,High_Value,Email,46-55,Medium,226.43,0.32,FALSE,FALSE,TRUE,17:59.5,17,Books
925,Hannah,Dawson,hannah.dawson@outlook.com,-2790,10:21.2,High_Value,Push,26-35,High,422.5,0.27,TRUE,FALSE,TRUE,13:07.0,46,Clothing
926,Lisa,Lewis,lisa.lewis@yahoo.com,-9404,41:18.1,High_Value,Social,46-55,Low,443.2,0.32,TRUE,FALSE,FALSE,18:37.0,35,Electronics
927,Gary,Chase,garychase@gmail.com,-9941,48:42.3,High_Value,SMS,18-25,Premium,466.51,0.38,TRUE,TRUE,TRUE,18:34.4,48,Electronics
928,Raymond,Griffin,raymond959@yahoo.com,-5952,07:39.6,Low_Value,Push,26-35,Low,34.31,0.74,FALSE,FALSE,FALSE,,29,Beauty
929,Melissa,Norton,melissa247@hotmail.com,-6853,29:59.4,Low_Value,Email,,High,66.66,0.84,TRUE,TRUE,FALSE,15:01.1,6,Books
930,Jason,Johnson,jason.johnson@hotmail.com,-2092,08:48.0,New_Customer,Email,18-25,Premium,59.99,0.75,TRUE,TRUE,FALSE,17:13.4,34,Sports
931,Ricky,Hill,rickyhill@hotmail.com,-5924,47:51.8,Medium_Value,SMS,36-45,Medium,150.59,0.58,TRUE,FALSE,FALSE,12:59.9,44,Clothing
932,Christopher,Torres,christophertorres@outlook.com,-5461,11:33.8,Low_Value,Push,46-55,Low,41.81,0.62,TRUE,FALSE,FALSE,13:43.7,43,Home
933,Francisco,Ball,francisco.ball@yahoo.com,-4177,26:53.3,High_Value,Email,36-45,Low,471.29,0.24,FALSE,FALSE,FALSE,14:00.8,16,Clothing
934,Joshua,Cain,joshua.cain@gmail.com,-4219,17:12.6,Medium_Value,SMS,46-55,Medium,100.39,0.64,FALSE,TRUE,FALSE,14:47.4,24,Home
935,Levi,Bennett,levi.bennett@gmail.com,-7053,26:37.3,New_Customer,Push,18-25,Medium,65.85,0.67,TRUE,FALSE,TRUE,13:21.8,4,Sports
936,Joshua,Harrison,joshua.harrison@gmail.com,-5557,56:10.1,Medium_Value,Direct,46-55,Premium,144.27,0.48,TRUE,TRUE,TRUE,17:43.8,38,Books
937,Olivia,Salazar,oliviasalazar@gmail.com,-4882,57:58.0,Low_Value,Email,36-45,High,53.3,0.64,FALSE,TRUE,FALSE,15:58.7,49,Electronics
938,Anthony,Hart,anthony.hart@hotmail.com,-2547,57:55.6,New_Customer,Direct,18-25,Medium,149.84,0.59,TRUE,TRUE,TRUE,12:48.3,47,Home
939,Melinda,Mcdaniel,melinda.mcdaniel@yahoo.com,-9297,05:24.3,Medium_Value,Push,55+,Low,147.45,0.66,TRUE,TRUE,FALSE,,0,Sports
940,Pamela,Davenport,pamela584@yahoo.com,-3418,32:57.6,New_Customer,Email,,Medium,79,0.76,TRUE,TRUE,TRUE,,22,Home
941,Paul,Kirby,paul.kirby@yahoo.com,-7976,25:52.5,Low_Value,Direct,36-45,High,72.84,0.68,TRUE,FALSE,TRUE,,16,Electronics
942,Sean,Allen,sean.allen@yahoo.com,-9932,46:22.8,Medium_Value,Email,36-45,Low,92.43,0.42,FALSE,TRUE,FALSE,13:48.6,4,Clothing
943,Angela,Riggs,angela.riggs@hotmail.com,-8447,20:31.2,High_Value,SMS,46-55,,309.92,0.21,TRUE,FALSE,FALSE,13:12.1,23,Beauty
944,Amy,Mckay,amy814@gmail.com,-8635,39:55.2,Low_Value,SMS,18-25,Premium,58.31,0.82,FALSE,TRUE,TRUE,,23,Clothing
945,Lindsay,Hardy,lindsay153@outlook.com,-4769,41:12.6,Medium_Value,Direct,18-25,,169.42,0.59,FALSE,TRUE,TRUE,18:05.6,49,Sports
946,Walter,Simmons,waltersimmons@outlook.com,-7385,08:03.3,Medium_Value,SMS,18-25,,168.92,0.42,FALSE,FALSE,TRUE,17:53.0,12,Home
947,Mary,Wilson,mary996@yahoo.com,-5668,10:42.6,Medium_Value,Direct,46-55,Premium,139.72,0.51,FALSE,FALSE,FALSE,17:08.7,17,Home
948,Joseph,Davis,joseph630@outlook.com,-3512,34:33.5,New_Customer,SMS,36-45,Low,64.3,0.51,TRUE,TRUE,TRUE,18:02.5,10,Clothing
949,Brian,Walter,brian241@hotmail.com,-3544,55:51.1,Medium_Value,Push,18-25,Medium,109.13,0.4,TRUE,TRUE,TRUE,15:53.2,33,Books
950,Aaron,Lewis,aaron.lewis@yahoo.com,-6582,33:57.3,New_Customer,Push,36-45,Premium,110.52,0.54,TRUE,TRUE,TRUE,13:03.3,40,Clothing
951,Jacqueline,Ochoa,jacqueline376@hotmail.com,-4776,38:28.6,Medium_Value,Direct,26-35,Premium,178.42,0.57,FALSE,TRUE,FALSE,14:32.1,38,Home
952,Ricky,Turner,ricky509@hotmail.com,-3072,00:20.7,Low_Value,Email,55+,Low,86.76,0.6,FALSE,FALSE,TRUE,18:09.8,25,Home
953,Austin,Snyder,austin.snyder@hotmail.com,-3303,32:31.0,Low_Value,Social,36-45,Premium,79.98,0.85,TRUE,TRUE,FALSE,16:09.7,18,Books
954,Tyler,Johnson,tyler279@hotmail.com,-6957,08:17.1,Medium_Value,Direct,,Premium,131.92,0.6,TRUE,TRUE,TRUE,17:04.3,8,Books
955,Amber,Sandoval,ambersandoval@hotmail.com,-7153,09:34.2,New_Customer,Email,,Low,137.85,0.68,TRUE,TRUE,TRUE,18:28.7,18,Beauty
956,Mark,Hammond,mark.hammond@gmail.com,-4677,21:16.3,Medium_Value,Push,36-45,High,157.46,0.55,TRUE,FALSE,FALSE,,21,Books
957,Cameron,Sanchez,cameronsanchez@yahoo.com,-10857,41:15.3,Low_Value,SMS,46-55,Low,45.78,0.62,FALSE,TRUE,FALSE,12:48.4,46,Electronics
958,Crystal,White,crystalwhite@hotmail.com,-2824,58:14.0,New_Customer,Direct,18-25,Premium,47.02,0.52,FALSE,TRUE,TRUE,,7,Electronics
959,Amanda,Bennett,amandabennett@yahoo.com,-8662,18:27.2,New_Customer,Push,36-45,Medium,49.82,0.61,FALSE,TRUE,TRUE,13:45.8,40,Beauty
960,Tamara,Wallace,tamara364@outlook.com,-8265,55:51.1,New_Customer,Push,55+,,63.04,0.8,FALSE,TRUE,TRUE,13:55.3,0,Clothing
961,Jennifer,Chambers,jennifer.chambers@yahoo.com,-10506,19:41.6,High_Value,Push,18-25,High,155.22,0.32,TRUE,FALSE,TRUE,17:53.8,33,Beauty
962,Kimberly,Gibson,kimberly.gibson@gmail.com,-3680,28:40.6,Low_Value,SMS,18-25,Premium,33.2,0.78,FALSE,FALSE,FALSE,14:37.7,20,Electronics
963,Jamie,Rowe,jamie.rowe@yahoo.com,-2240,36:23.7,High_Value,Email,26-35,Premium,312.3,0.31,TRUE,FALSE,FALSE,14:40.3,21,Sports
964,Andrew,Brown,andrew.brown@gmail.com,-9920,40:51.4,Low_Value,Push,36-45,Premium,96.54,0.62,TRUE,FALSE,FALSE,14:12.5,47,Electronics
965,April,Waters,april.waters@yahoo.com,-3311,12:25.2,High_Value,SMS,26-35,Medium,291.65,0.22,FALSE,FALSE,TRUE,16:48.0,23,Books
966,Michele,Zavala,michele943@hotmail.com,-5125,17:05.0,New_Customer,Push,,Medium,120.71,0.64,TRUE,FALSE,FALSE,,24,Clothing
967,Zachary,Frazier,zacharyfrazier@gmail.com,-6784,30:01.1,Low_Value,SMS,46-55,Premium,72.64,0.87,FALSE,TRUE,TRUE,16:59.1,5,Sports
968,Kelsey,Moore,kelsey.moore@hotmail.com,-7958,10:29.5,Medium_Value,Email,36-45,High,106.26,0.47,FALSE,FALSE,TRUE,16:55.4,17,Sports
969,Amanda,Burgess,amanda173@gmail.com,-9945,38:26.9,High_Value,Push,,High,160.1,0.4,FALSE,FALSE,FALSE,15:44.1,46,Clothing
970,Alexis,King,alexisking@outlook.com,-4911,55:05.3,Low_Value,SMS,26-35,Premium,41.99,0.81,TRUE,FALSE,TRUE,15:48.1,47,Electronics
971,Annette,Smith,annettesmith@outlook.com,-3660,12:36.5,Medium_Value,SMS,55+,Medium,82.85,0.42,FALSE,TRUE,FALSE,16:33.7,41,Sports
972,Donna,Henry,donna988@outlook.com,-10247,32:46.6,Medium_Value,Social,55+,Medium,112.6,0.65,TRUE,FALSE,FALSE,,39,Beauty
973,Marie,Floyd,marie341@outlook.com,-7467,40:19.3,New_Customer,Push,46-55,High,68.29,0.76,TRUE,FALSE,TRUE,15:13.7,30,Electronics
974,Ruben,Gould,ruben.gould@yahoo.com,-5651,46:53.6,New_Customer,SMS,26-35,High,102.63,0.55,FALSE,TRUE,FALSE,,45,Books
975,Bonnie,Anderson,bonnieanderson@gmail.com,-10572,48:25.2,Low_Value,Push,26-35,Medium,44.45,0.68,FALSE,TRUE,FALSE,16:15.7,29,Electronics
976,Thomas,Morales,thomas.morales@yahoo.com,-7811,33:19.7,New_Customer,Email,18-25,Medium,40.57,0.78,FALSE,FALSE,TRUE,18:31.6,39,Clothing
977,Randall,Cooper,randall708@yahoo.com,-10645,05:57.2,Low_Value,Push,55+,Premium,85.76,0.79,TRUE,TRUE,FALSE,13:03.1,16,Electronics
978,Cynthia,Love,cynthia126@hotmail.com,-2014,55:06.0,Low_Value,Direct,18-25,Medium,86.78,0.85,FALSE,TRUE,TRUE,17:35.0,7,Electronics
979,Shane,Garcia,shanegarcia@hotmail.com,-7844,30:53.7,New_Customer,Email,36-45,Premium,96.56,0.68,TRUE,TRUE,TRUE,15:23.9,26,Electronics
980,Amber,Mccall,amber.mccall@gmail.com,-4642,22:20.9,New_Customer,Push,18-25,Premium,61.98,0.67,TRUE,TRUE,FALSE,15:22.9,30,Sports
981,Cathy,Parker,cathy.parker@gmail.com,-4107,24:58.7,Medium_Value,SMS,55+,Low,138.4,0.4,TRUE,TRUE,FALSE,18:24.2,26,Clothing
982,Virginia,Coleman,virginia.coleman@hotmail.com,-4730,55:03.4,Medium_Value,Direct,26-35,High,183.09,0.5,TRUE,TRUE,FALSE,18:32.2,2,Clothing
983,Kyle,Dean,kyle.dean@gmail.com,-7280,58:36.2,High_Value,Direct,55+,High,351.26,0.24,FALSE,TRUE,TRUE,16:57.0,30,Beauty
984,Amber,Rodgers,amber.rodgers@outlook.com,-5347,35:51.9,New_Customer,Social,36-45,High,93.64,0.66,TRUE,FALSE,TRUE,,21,Sports
985,Omar,Stein,omarstein@outlook.com,-7054,15:37.6,Low_Value,Social,46-55,Premium,27.16,0.83,FALSE,FALSE,TRUE,18:05.4,15,Electronics
986,Tiffany,Roy,tiffanyroy@gmail.com,-2878,51:38.6,Medium_Value,SMS,18-25,Low,161.75,0.46,FALSE,TRUE,FALSE,,38,Electronics
987,Christopher,Bennett,christopherbennett@gmail.com,-5729,25:17.0,High_Value,Email,55+,Medium,253.13,0.35,FALSE,TRUE,FALSE,,33,Books
988,Tracy,Nixon,tracynixon@outlook.com,-3349,28:29.2,Medium_Value,Push,46-55,High,164.6,0.64,FALSE,FALSE,TRUE,18:17.1,42,Sports
989,Steven,Chambers,steven380@gmail.com,-5860,37:12.1,New_Customer,Email,26-35,Premium,44.72,0.54,TRUE,TRUE,TRUE,13:37.8,21,Home
990,Sara,Herrera,sara.herrera@gmail.com,-5655,21:59.7,High_Value,Push,55+,High,289.67,0.32,FALSE,FALSE,FALSE,15:57.3,2,Home
991,Jessica,Torres,jessicatorres@hotmail.com,-6673,19:47.2,New_Customer,Direct,36-45,Low,119.6,0.72,TRUE,TRUE,TRUE,14:54.0,14,Electronics
992,Michael,Wilson,michael.wilson@yahoo.com,-6382,56:57.1,New_Customer,Social,18-25,Medium,123.49,0.6,FALSE,TRUE,FALSE,17:15.9,14,Home
993,Alicia,Cook,alicia.cook@hotmail.com,-4427,57:28.4,Medium_Value,Social,36-45,High,119.08,0.47,FALSE,TRUE,FALSE,14:54.8,5,Home
994,Crystal,Gomez,crystal.gomez@outlook.com,-9647,30:44.0,High_Value,Social,46-55,Medium,361.33,0.3,FALSE,TRUE,TRUE,13:43.6,35,Beauty
995,Jamie,Jones,jamiejones@hotmail.com,-2422,40:02.9,Medium_Value,Push,55+,Premium,85.99,0.46,FALSE,FALSE,FALSE,18:36.9,50,Beauty
996,Ryan,Miller,ryanmillergmail.com,-4452,13:21.9,Medium_Value,Social,26-35,Low,184.76,0.58,TRUE,FALSE,FALSE,14:48.2,39,Books
997,Gary,Bryant,gary253@hotmail.com,-5984,28:30.1,New_Customer,SMS,36-45,High,139.16,0.61,TRUE,TRUE,FALSE,18:25.6,44,Books
998,Steve,Hurley,stevehurley@hotmail.com,-7329,37:13.5,New_Customer,Social,46-55,High,95.31,0.64,FALSE,FALSE,FALSE,18:23.3,34,Clothing
999,Elizabeth,Warren,elizabethwarren@hotmail.com,-4046,05:12.6,High_Value,SMS,36-45,Low,438.96,0.33,TRUE,TRUE,FALSE,17:03.8,43,Books
1000,Melissa,Marks,melissa46@outlook.com,-8558,59:29.3,High_Value,SMS,26-35,High,214.28,0.22,TRUE,FALSE,TRUE,18:05.3,24,Beauty
1001,Alexandria,Farrell,alexandria353@hotmail.com,-3679,56:23.6,New_Customer,SMS,18-25,Premium,143.99,0.59,FALSE,FALSE,TRUE,17:26.4,9,Clothing
1002,Angela,Villanueva,angelavillanueva@yahoo.com,-7217,28:36.4,Low_Value,Social,18-25,,90.87,0.72,TRUE,TRUE,TRUE,12:58.0,0,Books
1003,Kelly,Ford,kellyford@outlook.com,-9908,47:22.1,New_Customer,Social,26-35,Medium,90.15,0.65,TRUE,TRUE,TRUE,,15,Beauty
1004,Mary,Roberts,maryroberts@yahoo.com,-2683,01:45.8,Medium_Value,Direct,26-35,Medium,116.94,0.65,TRUE,FALSE,TRUE,13:16.2,26,Clothing
1005,Ronnie,Little,ronnie.little@gmail.com,-10226,15:19.3,High_Value,Social,26-35,Medium,489.04,0.24,FALSE,TRUE,FALSE,12:47.0,3,Beauty
1006,Parker,Hawkins,parker.hawkins@hotmail.com,-4713,18:49.5,Medium_Value,Email,26-35,Low,112.83,0.44,FALSE,TRUE,TRUE,13:06.8,34,Clothing
1007,Hunter,Benton,hunter.benton@yahoo.com,-6244,35:40.5,Medium_Value,SMS,46-55,Low,117.45,0.7,FALSE,FALSE,FALSE,16:44.5,27,Electronics
1008,Brent,White,brent125@hotmail.com,-11150,33:56.7,High_Value,Social,,Low,252.38,0.27,TRUE,TRUE,FALSE,17:00.7,36,Beauty
1009,Jesse,Richard,jesserichard@hotmail.com,-7888,23:03.5,Low_Value,Push,55+,Medium,27.73,0.72,FALSE,TRUE,FALSE,14:55.7,8,Home
1010,Richard,Sampson,richardsampson@yahoo.com,-10413,34:51.9,Low_Value,Social,36-45,High,83.19,0.76,FALSE,TRUE,FALSE,16:27.0,42,Electronics
1011,Brenda,Young,brendayoung@outlook.com,-3919,12:43.4,Medium_Value,Direct,26-35,Premium,171.4,0.67,TRUE,TRUE,FALSE,,50,Sports
1012,Brandon,Li,brandon.li@hotmail.com,-3362,23:19.9,High_Value,Social,36-45,Premium,306.7,0.34,FALSE,FALSE,FALSE,18:21.3,6,Sports
1013,Jessica,Lawrence,jessica.lawrence@hotmail.com,-5950,57:09.6,High_Value,Email,26-35,Premium,235.22,0.38,FALSE,FALSE,FALSE,15:51.3,3,Sports
1014,Clayton,Dennis,clayton.dennis@yahoo.com,-5907,31:08.8,New_Customer,Direct,18-25,Low,63.69,0.69,FALSE,TRUE,TRUE,15:02.6,50,Books
1015,Chelsey,Davis,chelsey651@yahoo.com,-7927,44:57.0,New_Customer,SMS,46-55,Medium,135.01,0.63,TRUE,TRUE,FALSE,13:51.7,27,Sports
1016,Rachel,Marks,rachel874@hotmail.com,-8734,51:09.5,High_Value,Social,26-35,High,228.19,0.27,FALSE,TRUE,TRUE,13:55.6,1,Books
1017,Kimberly,Clark,kimberlyclark@gmail.com,-8536,13:06.8,High_Value,Push,55+,Medium,344.54,0.23,TRUE,FALSE,FALSE,,4,Books
1018,Kelsey,Sanchez,kelsey.sanchez@gmail.com,-8885,37:16.6,Medium_Value,Direct,36-45,Premium,129.78,0.51,TRUE,TRUE,FALSE,17:18.9,45,Beauty
1019,John,Tucker,john.tucker@hotmail.com,-3221,50:26.1,High_Value,Email,26-35,Premium,391.87,0.35,TRUE,TRUE,TRUE,,10,Electronics
1020,Madison,Brewer,madison.brewer@hotmail.com,-7408,40:29.0,Low_Value,SMS,18-25,Medium,58.07,0.71,TRUE,FALSE,TRUE,18:32.2,36,Home
1021,Kyle,Horne,kylehorne@outlook.com,-8216,19:47.7,New_Customer,SMS,36-45,Premium,107.97,0.76,TRUE,FALSE,TRUE,18:21.7,9,Electronics
1022,Jason,Cook,jason253@yahoo.com,-9545,08:13.4,Medium_Value,SMS,55+,Medium,106.71,0.44,FALSE,FALSE,TRUE,,42,Beauty
1023,Matthew,Blake,matthew129@gmail.com,-2663,49:46.4,New_Customer,Push,18-25,Medium,84.51,0.79,TRUE,TRUE,FALSE,18:37.0,39,Home
1024,Sheryl,Brooks,sheryl351@outlook.com,-8196,00:04.3,New_Customer,Push,36-45,Medium,111.72,0.75,TRUE,TRUE,FALSE,16:32.5,45,Sports
1025,Jonathan,Fernandez,jonathan.fernandez@outlook.com,-5563,36:12.7,Medium_Value,Push,18-25,Low,96.28,0.49,FALSE,TRUE,FALSE,17:28.8,39,Clothing
1026,Emma,Spencer,emma479@outlook.com,-4610,52:32.5,High_Value,Email,55+,Medium,439.24,0.36,FALSE,TRUE,TRUE,15:46.1,36,Home
1027,Amanda,Wood,amanda.wood@hotmail.com,-8516,02:00.9,Low_Value,Social,36-45,High,61.9,0.73,TRUE,FALSE,FALSE,15:09.9,41,Beauty
1028,Catherine,Jones,catherine913@hotmail.com,-8659,01:56.4,Medium_Value,Email,46-55,Premium,95.74,0.55,FALSE,FALSE,TRUE,15:37.1,16,Sports
1029,Mary,Chan,marychan@gmail.com,-6193,47:37.1,Medium_Value,Direct,36-45,Premium,81.37,0.48,FALSE,FALSE,FALSE,,40,Sports
1030,Timothy,Carr,timothy.carr@gmail.com,-2130,36:32.8,New_Customer,Direct,36-45,High,45.26,0.7,FALSE,FALSE,FALSE,14:01.2,43,Books
1031,Stacey,Francis,staceyfrancis@yahoo.com,-3445,20:51.5,Medium_Value,Direct,26-35,Premium,98.81,0.41,TRUE,TRUE,TRUE,16:39.4,47,Beauty
1032,Debra,Long,debra819@yahoo.com,-2427,33:53.2,High_Value,Social,55+,Low,369.84,0.26,TRUE,FALSE,TRUE,16:22.4,41,Books
1033,Lauren,Sampson,lauren.sampson@hotmail.com,-4078,04:42.5,Medium_Value,SMS,18-25,,103.65,0.49,FALSE,TRUE,TRUE,,2,Books
1034,Seth,Jones,seth998@yahoo.com,-6111,26:08.3,Medium_Value,Email,18-25,Medium,121.57,0.45,FALSE,FALSE,FALSE,,34,Clothing
1035,Guy,Baker,guy963@yahoo.com,-9173,06:21.3,Medium_Value,Push,36-45,Premium,174.44,0.54,TRUE,TRUE,TRUE,18:35.8,8,Home
1036,Linda,Davis,lindadavis@outlook.com,-10274,41:18.6,High_Value,Email,18-25,Low,459.26,0.35,FALSE,TRUE,TRUE,14:26.6,39,Electronics
1037,David,Morgan,david.morgan@yahoo.com,-9504,13:06.8,Low_Value,Social,26-35,High,76.26,0.68,TRUE,FALSE,TRUE,,15,Electronics
1038,Desiree,Dawson,desiree.dawson@hotmail.com,-7018,30:38.4,Low_Value,SMS,26-35,High,41.95,0.61,FALSE,FALSE,TRUE,15:22.3,21,Sports
1039,Dana,Carrillo,dana539@gmail.com,-10380,37:43.8,High_Value,SMS,55+,Low,285.14,0.29,TRUE,TRUE,FALSE,18:17.3,26,Beauty
1040,Jordan,Bean,jordan871@yahoo.com,-6760,05:27.6,Medium_Value,Social,36-45,Low,198.32,0.41,TRUE,TRUE,TRUE,16:26.1,3,Beauty
1041,Lauren,Johnson,laurenjohnson@outlook.com,-6917,30:34.9,New_Customer,Direct,55+,High,30.88,0.68,TRUE,FALSE,FALSE,16:14.4,7,Clothing
1042,Victor,Bullock,victor251@gmail.com,-8329,55:00.4,Medium_Value,Push,26-35,High,165.13,0.64,TRUE,FALSE,FALSE,14:18.6,38,Books
1043,Gail,Davis,gail.davis@outlook.com,-5882,24:26.4,Low_Value,Direct,55+,Low,75.7,0.65,FALSE,TRUE,TRUE,,18,Electronics
1044,Steven,Leon,steven166@gmail.com,-9760,06:48.7,High_Value,Email,26-35,Medium,174.29,0.29,FALSE,FALSE,TRUE,16:24.0,18,Clothing
1045,David,Savage,davidsavage@outlook.com,-7143,48:04.4,New_Customer,Email,26-35,Low,127.64,0.57,FALSE,FALSE,FALSE,,43,Sports
1046,Steven,Nguyen,stevennguyen@gmail.com,-9692,12:27.2,Medium_Value,Email,18-25,Medium,167.03,0.66,FALSE,TRUE,TRUE,15:44.1,23,Sports
1047,Jillian,Guzman,jillian.guzman@gmail.com,-6978,29:03.6,Low_Value,SMS,36-45,High,77.58,0.78,TRUE,TRUE,FALSE,,1,Sports
1048,Jodi,Smith,jodi.smith@gmail.com,-10708,39:52.7,New_Customer,SMS,36-45,,116.12,0.73,TRUE,TRUE,FALSE,14:50.4,42,Sports
1049,Kimberly,Hernandez,kimberly.hernandez@yahoo.com,-6095,58:17.8,Low_Value,Direct,26-35,Medium,54.66,0.71,TRUE,FALSE,TRUE,16:38.0,29,Books
1050,Brian,Robertson,brianrobertson@outlook.com,-10932,19:32.9,High_Value,SMS,55+,Medium,359.32,0.38,FALSE,TRUE,FALSE,15:51.1,8,Books
1051,Kenneth,Johnson,kenneth623@yahoo.com,-9228,58:45.3,New_Customer,Social,,High,63.05,0.79,TRUE,TRUE,FALSE,,9,Clothing
1052,Amanda,Martinez,amandamartinez@outlook.com,-10335,57:44.4,High_Value,Email,46-55,High,195.9,0.33,FALSE,TRUE,TRUE,12:51.5,48,Books
1053,Steven,Allen,steven736@hotmail.com,-3201,56:48.2,Low_Value,SMS,36-45,Medium,94.07,0.81,TRUE,TRUE,FALSE,,29,Home
1054,Cheryl,Pena,cheryl.pena@outlook.com,-2586,32:50.4,Medium_Value,Direct,,High,125.72,0.43,TRUE,TRUE,FALSE,,16,Electronics
1055,Beverly,Gutierrez,beverly.gutierrez@hotmail.com,-8676,03:08.7,Medium_Value,Email,26-35,,199.51,0.48,TRUE,FALSE,FALSE,17:03.8,23,Sports
1056,Virginia,Allen,virginia.allen@gmail.com,-3363,14:46.0,Medium_Value,SMS,18-25,Medium,162.77,0.49,FALSE,FALSE,FALSE,,50,Sports
1057,John,Stevens,john.stevens@hotmail.com,-5958,07:39.3,New_Customer,Direct,26-35,Premium,54.45,0.76,TRUE,FALSE,FALSE,16:41.7,11,Books
1058,Jeremy,Thomas,jeremy.thomas@yahoo.com,-9435,05:50.1,High_Value,SMS,46-55,Medium,248.84,0.4,TRUE,TRUE,TRUE,16:45.7,0,Clothing
1059,David,Mitchell,david.mitchell@gmail.com,-4688,34:51.3,Low_Value,Push,26-35,Medium,25.17,0.72,TRUE,TRUE,FALSE,,50,Beauty
1060,Victoria,Ruiz,victoria.ruizoutlook.com,-3965,24:55.9,High_Value,Push,36-45,High,172.2,0.23,TRUE,FALSE,FALSE,17:36.9,35,Electronics
1061,Cathy,Yates,cathy113@outlook.com,-4885,06:53.9,New_Customer,SMS,36-45,Premium,80.91,0.55,TRUE,FALSE,TRUE,15:33.4,4,Clothing
1062,Kelsey,Mcdonald,kelsey232@outlook.com,-6165,27:09.0,Medium_Value,Email,26-35,Low,174.9,0.52,TRUE,TRUE,TRUE,15:28.4,42,Electronics
1063,Anne,Barber,anne811@gmail.com,-8272,41:41.5,New_Customer,SMS,18-25,Medium,69.1,0.69,TRUE,FALSE,FALSE,16:01.0,35,Clothing
1064,Jeremy,Martinez,jeremy.martinez@hotmail.com,-8711,27:02.4,New_Customer,SMS,46-55,,106.58,0.56,TRUE,TRUE,TRUE,15:56.1,26,Clothing
1065,Jennifer,Reeves,jenniferreeves@outlook.com,-5955,56:13.0,New_Customer,Push,55+,Low,75.5,0.77,FALSE,FALSE,TRUE,16:17.2,35,Sports
1066,Dylan,Clark,dylan.clark@outlook.com,-5463,22:34.2,High_Value,SMS,26-35,Premium,211.36,0.26,TRUE,TRUE,FALSE,13:58.8,5,Sports
1067,Ashley,Ward,ashleyward@hotmail.com,-3063,12:00.6,New_Customer,Direct,26-35,Premium,82.29,0.67,TRUE,FALSE,TRUE,18:10.7,22,Clothing
1068,Gary,Bryant,gary.bryant@gmail.com,-9394,29:48.3,High_Value,Email,18-25,,205.22,0.25,TRUE,FALSE,FALSE,17:03.0,50,Clothing
1069,Allen,Russo,allenrusso@yahoo.com,-9243,30:08.5,New_Customer,Email,26-35,High,122.54,0.79,TRUE,FALSE,TRUE,17:32.2,43,Beauty
1070,Felicia,Anderson,felicia.anderson@outlook.com,-3985,49:57.9,New_Customer,SMS,18-25,Low,102.04,0.66,FALSE,TRUE,FALSE,18:19.7,2,Books
1071,Grant,Reeves,grantreeves@outlook.com,-4603,40:38.2,Medium_Value,Direct,26-35,Medium,94.32,0.57,FALSE,TRUE,FALSE,16:02.9,1,Beauty
1072,Lisa,Shaw,lisashaw@outlook.com,-3432,58:31.6,Low_Value,Direct,46-55,Premium,34.27,0.84,TRUE,FALSE,FALSE,13:42.1,29,Sports
1073,Anthony,Flores,anthony925@gmail.com,-3242,40:02.4,High_Value,Email,26-35,Low,338.1,0.26,TRUE,TRUE,TRUE,14:35.2,6,Clothing
1074,Joshua,Miller,joshua.miller@yahoo.com,-7597,11:14.6,New_Customer,Push,36-45,High,48.52,0.66,FALSE,TRUE,FALSE,16:43.5,9,Books
1075,Jasmine,Casey,jasmine.casey@hotmail.com,-9483,36:29.8,Medium_Value,Direct,36-45,High,138.05,0.42,TRUE,TRUE,FALSE,17:59.1,9,Books
1076,Janet,Walton,janet82@yahoo.com,-7997,53:29.2,High_Value,Email,18-25,Low,429.78,0.31,FALSE,FALSE,TRUE,18:31.6,39,Beauty
1077,Sarah,Hale,sarah146@yahoo.com,-5153,45:57.1,High_Value,Direct,36-45,Medium,215.14,0.39,FALSE,TRUE,TRUE,16:10.5,27,Books
1078,Michael,Duncan,michael.duncan@gmail.com,-10180,07:08.3,High_Value,Direct,36-45,Premium,422.19,0.33,FALSE,TRUE,FALSE,15:29.3,25,Clothing
1079,Mary,Curry,mary272@yahoo.com,-9188,34:41.6,Low_Value,Social,26-35,,80.67,0.87,TRUE,TRUE,TRUE,16:44.7,43,Sports
1080,Eric,Carter,eric.carter@gmail.com,-9183,22:05.7,Medium_Value,SMS,18-25,High,104.94,0.62,TRUE,TRUE,FALSE,17:08.7,24,Clothing
1081,Nicole,Alexander,nicole.alexander@gmail.com,-4188,01:38.3,Low_Value,Direct,26-35,Low,72.69,0.74,FALSE,TRUE,TRUE,18:29.8,25,Electronics
1082,Kayla,Bray,kayla34@hotmail.com,-5640,27:43.0,Medium_Value,SMS,36-45,High,80.25,0.54,FALSE,TRUE,TRUE,13:57.9,37,Home
1083,David,Johnson,david672@outlook.com,-6322,21:16.3,Low_Value,Push,36-45,Low,42.16,0.84,FALSE,FALSE,TRUE,13:31.0,3,Books
1084,Dorothy,Long,dorothylong@yahoo.com,-4520,05:26.8,Medium_Value,Email,46-55,Premium,153.76,0.65,TRUE,FALSE,TRUE,17:12.0,18,Sports
1085,Dean,Robles,deanrobles@yahoo.com,-10491,11:10.9,Medium_Value,SMS,26-35,Premium,156.1,0.44,TRUE,TRUE,TRUE,,31,Sports
1086,Aaron,Keith,aaron512@outlook.com,-5686,29:17.5,Low_Value,Email,26-35,Premium,59.3,0.85,TRUE,FALSE,TRUE,18:21.3,11,Home
1087,Ronald,Clayton,ronaldclayton@yahoo.com,-7115,42:18.9,New_Customer,Direct,46-55,Medium,76.17,0.54,TRUE,TRUE,TRUE,,7,Beauty
1088,Julia,Garcia,juliagarcia@outlook.com,-4486,18:24.9,Medium_Value,Email,18-25,Medium,123.52,0.64,FALSE,FALSE,TRUE,18:01.2,24,Beauty
1089,Scott,Allen,scottallen@hotmail.com,-7825,26:11.6,Medium_Value,SMS,46-55,Premium,162.88,0.5,TRUE,FALSE,TRUE,15:52.3,27,Home
1090,Heather,Carter,heather.carter@gmail.com,-10039,24:38.4,High_Value,SMS,,Medium,258.88,0.3,TRUE,TRUE,FALSE,18:17.6,46,Sports
1091,Cynthia,Wells,cynthia.wellshotmail.com,-2167,37:01.3,High_Value,Social,36-45,Premium,179.7,0.23,TRUE,FALSE,FALSE,13:42.9,45,Sports
1092,Daniel,Parker,daniel.parker@outlook.com,-6068,38:47.0,Low_Value,Email,46-55,Medium,51.06,0.72,FALSE,FALSE,FALSE,,43,Beauty
1093,Mariah,Roth,mariahroth@yahoo.com,-10605,15:39.2,New_Customer,Direct,46-55,Premium,108.97,0.57,TRUE,TRUE,TRUE,15:26.5,2,Beauty
1094,Christopher,Green,christopher493@hotmail.com,-8912,37:38.0,Low_Value,Social,18-25,,57.98,0.69,FALSE,TRUE,TRUE,18:13.2,26,Electronics
1095,Cassandra,Camacho,cassandra24@hotmail.com,-9781,14:07.4,Low_Value,Social,55+,Medium,49.11,0.68,TRUE,TRUE,TRUE,12:51.0,28,Clothing
1096,Ann,Lucero,ann417@outlook.com,-4205,58:41.2,High_Value,Direct,46-55,Medium,333.12,0.4,FALSE,FALSE,FALSE,,1,Beauty
1097,Mary,Moore,mary.moore@outlook.com,-6342,36:39.9,High_Value,SMS,46-55,High,291.12,0.26,TRUE,FALSE,TRUE,,32,Clothing
1098,Matthew,Saunders,matthewsaunders@outlook.com,-4390,59:10.0,Medium_Value,Social,18-25,High,86.17,0.68,FALSE,FALSE,TRUE,14:49.7,41,Beauty
1099,Joseph,Scott,joseph567@yahoo.com,-5417,03:07.1,Low_Value,Push,18-25,High,50.58,0.66,TRUE,TRUE,TRUE,13:40.8,1,Sports
1100,Cynthia,Saunders,cynthia88@gmail.com,-4185,08:25.0,Low_Value,SMS,55+,Low,78.33,0.89,FALSE,TRUE,TRUE,14:40.3,12,Home
1101,Megan,Baxter,megan.baxter@gmail.com,-6709,10:29.8,Medium_Value,SMS,36-45,Low,78.3,0.62,TRUE,FALSE,FALSE,,6,Home
1102,William,Young,william.young@outlook.com,-8490,34:30.0,High_Value,Social,55+,High,183.84,0.4,TRUE,FALSE,FALSE,13:40.5,32,Electronics
1103,Matthew,Moss,matthew.moss@yahoo.com,-3596,32:54.8,Medium_Value,Push,18-25,Medium,175.81,0.5,FALSE,TRUE,TRUE,16:38.5,11,Home
1104,Brian,Hernandez,brian421@gmail.com,-9591,48:48.4,Low_Value,Social,,High,53.09,0.8,FALSE,FALSE,TRUE,13:17.6,36,Home
1105,Adam,Malone,adam89@gmail.com,-10533,23:44.7,Low_Value,SMS,36-45,Medium,93.21,0.64,FALSE,FALSE,FALSE,15:58.6,23,Home
1106,Donna,May,donna782@hotmail.com,-2674,26:55.0,Low_Value,Social,26-35,Low,94.89,0.9,TRUE,FALSE,TRUE,16:27.0,6,Sports
1107,Daniel,Walker,danielwalker@gmail.com,-7121,30:56.5,Low_Value,Direct,,Medium,86.08,0.65,TRUE,TRUE,TRUE,15:41.8,6,Electronics
1108,Alex,May,alex.may@outlook.com,-4393,22:14.7,New_Customer,SMS,55+,Premium,51.95,0.52,FALSE,FALSE,FALSE,,50,Electronics
1109,John,Gentry,john.gentry@gmail.com,-10699,52:42.9,Low_Value,Direct,55+,Medium,66.14,0.71,TRUE,TRUE,FALSE,17:18.4,8,Books
1110,Kylie,Smith,kylie.smith@gmail.com,-9683,06:43.2,New_Customer,Email,55+,High,99.5,0.55,FALSE,TRUE,TRUE,,19,Beauty
1111,Willie,Elliott,willieelliott@yahoo.com,-2385,35:12.3,Low_Value,Email,36-45,High,58.57,0.78,TRUE,FALSE,FALSE,16:20.6,26,Home
1112,Tammy,Galloway,tammy547@outlook.com,-5786,34:54.1,Low_Value,Email,18-25,Low,52.37,0.8,TRUE,TRUE,TRUE,17:53.9,34,Home
1113,Jack,Evans,jackevans@gmail.com,-8015,41:07.2,High_Value,Push,26-35,Low,366.23,0.27,FALSE,FALSE,TRUE,13:51.4,31,Clothing
1114,Bobby,Vazquez,bobby.vazquez@gmail.com,-2108,51:39.0,Low_Value,Email,55+,Medium,75.85,0.79,TRUE,TRUE,TRUE,15:12.6,12,Beauty
1115,Karen,Perry,karenperry@hotmail.com,-9669,35:01.6,Low_Value,Email,36-45,Premium,62.35,0.62,FALSE,TRUE,FALSE,15:20.2,27,Clothing
1116,Benjamin,Bryant,benjamin620@yahoo.com,-2287,35:47.1,Medium_Value,Push,55+,Premium,107.78,0.42,TRUE,FALSE,TRUE,14:46.6,49,Electronics
1117,Jasmine,Wilkins,jasmine661@outlook.com,-7045,48:29.3,Medium_Value,Direct,18-25,,166.39,0.41,FALSE,FALSE,TRUE,,35,Books
1118,Erica,Lawson,erica572@yahoo.com,-6566,48:21.3,Medium_Value,Direct,55+,Medium,157.25,0.57,TRUE,TRUE,FALSE,18:35.1,6,Clothing
1119,Valerie,Scott,valerie.scott@outlook.com,-4885,56:09.9,High_Value,Email,55+,Low,226.29,0.21,TRUE,TRUE,TRUE,18:00.0,25,Clothing
1120,John,Lee,john.lee@outlook.com,-5063,36:33.7,Medium_Value,Push,46-55,Low,88.28,0.6,FALSE,TRUE,FALSE,16:54.6,20,Beauty
1121,Gina,Clark,ginaclark@hotmail.com,-4647,54:24.3,Low_Value,Social,26-35,Premium,35.61,0.7,TRUE,TRUE,TRUE,18:38.3,3,Beauty
1122,Jose,James,jose641@gmail.com,-10130,28:48.4,Low_Value,Push,46-55,Low,63.51,0.68,TRUE,FALSE,FALSE,17:42.2,10,Beauty
1123,Sarah,Dunn,sarahdunn@hotmail.com,-5595,03:37.8,New_Customer,Push,55+,Premium,109.56,0.72,TRUE,FALSE,FALSE,16:57.7,12,Sports
1124,Nicole,Fox,nicole.fox@hotmail.com,-10179,29:40.4,High_Value,Push,18-25,Medium,372.94,0.3,TRUE,TRUE,FALSE,18:40.7,41,Clothing
1125,Aaron,Davis,aaron.davis@hotmail.com,-11059,55:41.8,Medium_Value,Push,55+,Medium,93.6,0.56,TRUE,FALSE,FALSE,14:48.8,48,Electronics
1126,Jennifer,Martinez,jennifer513@yahoo.com,-4157,02:38.9,Medium_Value,Social,18-25,,172.19,0.44,TRUE,FALSE,TRUE,15:56.1,10,Books
1127,Andrew,Rodriguez,andrew.rodriguez@outlook.com,-7580,13:01.7,High_Value,Social,55+,Medium,353.97,0.35,FALSE,FALSE,TRUE,13:22.5,25,Books
1128,Sylvia,Casey,sylviacasey@gmail.com,-2931,55:40.9,Low_Value,Push,26-35,Low,69.77,0.84,TRUE,FALSE,TRUE,13:15.9,11,Electronics
1129,Margaret,Murillo,margaret765@yahoo.com,-6928,18:27.8,Medium_Value,SMS,18-25,Premium,111.08,0.48,TRUE,TRUE,TRUE,16:55.5,33,Beauty
1130,Amanda,Logan,amanda.logan@outlook.com,-10655,20:17.2,Medium_Value,Email,46-55,Premium,105.49,0.56,TRUE,TRUE,FALSE,18:14.4,6,Books
1131,Stephen,Boyd,stephen.boyd@outlook.com,-8345,54:26.3,Medium_Value,Push,18-25,Premium,123.78,0.48,TRUE,FALSE,TRUE,16:42.1,47,Beauty
1132,Jamie,Jones,jamie.jones@yahoo.com,-9453,44:25.1,Medium_Value,Push,26-35,,199.94,0.62,FALSE,FALSE,TRUE,16:42.3,19,Electronics
1133,Tom,Dougherty,tomdougherty@hotmail.com,-4492,49:05.3,Low_Value,Push,26-35,,38.24,0.71,FALSE,TRUE,TRUE,17:13.8,9,Books
1134,Philip,Morton,philipmorton@yahoo.com,-2640,32:14.4,High_Value,Social,26-35,High,349.58,0.25,FALSE,FALSE,TRUE,17:44.0,28,Sports
1135,Ryan,Wong,ryanwong@outlook.com,-6519,50:22.0,New_Customer,SMS,18-25,Medium,134.98,0.65,FALSE,FALSE,TRUE,14:26.2,4,Home
1136,Mary,Wise,marywise@gmail.com,-7770,21:02.8,High_Value,Push,55+,Premium,152.26,0.29,TRUE,FALSE,FALSE,14:17.4,17,Home
1137,Carl,Wallace,carl667@outlook.com,-7789,32:38.2,Low_Value,Social,18-25,Premium,54.25,0.74,FALSE,FALSE,TRUE,,24,Sports
1138,Gregory,Richmond,gregory6@hotmail.com,-5858,28:50.4,High_Value,Email,18-25,Medium,238.29,0.4,FALSE,FALSE,TRUE,,30,Books
1139,Robert,Sharp,robert.sharp@gmail.com,-10311,42:45.1,New_Customer,Push,18-25,Medium,94.39,0.53,FALSE,TRUE,TRUE,16:18.8,28,Electronics
1140,Anthony,Jones,anthony.jones@hotmail.com,-2671,18:02.9,Low_Value,Direct,46-55,Medium,40.26,0.68,FALSE,FALSE,FALSE,17:09.9,17,Books
1141,Heather,Porter,heather.porter@hotmail.com,-8571,11:47.2,High_Value,Push,,Premium,160.6,0.37,TRUE,TRUE,FALSE,16:21.3,15,Clothing
1142,Melissa,Wade,melissa543@yahoo.com,-8880,54:56.9,High_Value,SMS,26-35,Premium,470.95,0.22,FALSE,TRUE,TRUE,13:05.0,9,Clothing
1143,Brooke,Ewing,brooke.ewinggmail.com,-7904,53:45.8,Medium_Value,Direct,36-45,Medium,100.96,0.69,FALSE,FALSE,FALSE,,36,Sports
1144,Derek,Chavez,derekchavez@gmail.com,-10725,03:18.1,Medium_Value,Email,36-45,High,79.41,0.45,TRUE,FALSE,FALSE,17:33.9,7,Beauty
1145,Jeremy,Martin,jeremymartin@hotmail.com,-5647,10:11.5,Medium_Value,Direct,18-25,Low,167.51,0.67,FALSE,TRUE,TRUE,13:13.4,46,Sports
1146,Wendy,Roberson,wendyroberson@hotmail.com,-6724,05:08.4,Low_Value,Social,26-35,Low,97.88,0.65,TRUE,FALSE,TRUE,,18,Electronics
1147,Shaun,Green,shaun.green@outlook.com,-8427,12:55.1,Medium_Value,Direct,36-45,Low,118.23,0.42,FALSE,FALSE,TRUE,15:57.2,29,Clothing
1148,Jason,Drake,jason.drake@hotmail.com,-3045,24:12.2,New_Customer,Email,36-45,Low,36.95,0.51,TRUE,TRUE,TRUE,16:36.6,19,Sports
1149,Shawn,Graham,shawn.graham@outlook.com,-5204,25:03.8,High_Value,Direct,55+,Premium,252.03,0.25,FALSE,FALSE,TRUE,16:31.3,11,Electronics
1150,Steven,Hess,steven.hess@gmail.com,-10862,56:11.4,Low_Value,Push,36-45,Medium,75.71,0.79,TRUE,TRUE,FALSE,15:32.1,28,Books
1151,Kevin,Martinez,kevin373@outlook.com,-4833,48:03.8,New_Customer,Email,55+,Low,74.74,0.59,FALSE,FALSE,TRUE,15:16.8,32,Electronics
1152,Lisa,King,lisa.king@gmail.com,-6410,51:53.7,Low_Value,Email,26-35,Low,78.82,0.62,TRUE,FALSE,FALSE,,31,Books
1153,Colin,Jimenez,colin.jimenez@outlook.com,-3378,53:14.9,New_Customer,Push,55+,High,30.1,0.67,TRUE,TRUE,FALSE,16:50.3,26,Sports
1154,Amanda,Donaldson,amanda.donaldson@outlook.com,-6503,02:09.7,High_Value,SMS,26-35,Medium,442.56,0.33,TRUE,TRUE,TRUE,15:42.1,47,Books
1155,Patricia,Taylor,patricia.taylor@outlook.com,-6521,39:41.8,High_Value,SMS,26-35,Medium,378.18,0.36,TRUE,TRUE,FALSE,13:34.9,27,Home
1156,Michael,Brooks,michael.brooks@hotmail.com,-10533,16:50.8,High_Value,SMS,55+,Low,230.16,0.25,TRUE,TRUE,TRUE,14:15.2,49,Sports
1157,Michael,Hawkins,michael.hawkins@yahoo.com,-2595,19:00.1,Medium_Value,SMS,26-35,High,109.09,0.55,FALSE,FALSE,FALSE,18:06.4,25,Home
1158,Sheri,Lee,sherilee@hotmail.com,-7122,34:11.2,Medium_Value,Push,18-25,Premium,97.89,0.51,TRUE,FALSE,FALSE,17:01.6,36,Sports
1159,Sherri,Dudley,sherridudley@outlook.com,-5736,59:21.1,Low_Value,Direct,46-55,High,83.14,0.6,FALSE,FALSE,TRUE,15:43.5,37,Books
1160,Ronald,Jackson,ronald.jackson@yahoo.com,-4429,58:49.7,Medium_Value,Social,18-25,High,173.41,0.58,TRUE,TRUE,FALSE,14:30.5,11,Sports
1161,Anthony,Ochoa,anthonyochoa@gmail.com,-4269,52:29.0,High_Value,Push,55+,Medium,470.68,0.3,TRUE,TRUE,FALSE,16:53.7,45,Books
1162,Theresa,Romero,theresaromero@gmail.com,-3094,48:34.0,Medium_Value,Email,,Premium,147.34,0.53,FALSE,FALSE,TRUE,17:25.7,47,Electronics
1163,Troy,Juarez,troy449@hotmail.com,-10409,23:03.4,Low_Value,Email,26-35,Low,38.86,0.71,FALSE,FALSE,FALSE,,16,Clothing
1164,Cristina,Fitzgerald,cristina.fitzgerald@hotmail.com,-10474,37:36.5,Low_Value,Push,36-45,,32.66,0.79,TRUE,FALSE,TRUE,12:48.0,27,Books
1165,Benjamin,Cooke,benjamin262@outlook.com,-9442,26:13.1,High_Value,Direct,26-35,Premium,362.3,0.28,FALSE,FALSE,FALSE,16:32.7,10,Sports
1166,Michael,Tapia,michael.tapia@yahoo.com,-4355,55:04.3,High_Value,Email,18-25,Premium,375.01,0.28,FALSE,FALSE,TRUE,,34,Sports
1167,Catherine,Galvan,catherine813@hotmail.com,-9012,48:40.5,New_Customer,Email,26-35,Medium,88.76,0.68,TRUE,FALSE,TRUE,,25,Home
1168,Ryan,Quinn,ryan.quinn@hotmail.com,-6721,22:49.1,Low_Value,Direct,36-45,High,35.5,0.65,FALSE,FALSE,FALSE,15:28.4,42,Clothing
1169,William,Wells,williamwells@gmail.com,-7027,17:11.7,Low_Value,Email,18-25,Low,75.95,0.76,TRUE,TRUE,TRUE,15:22.2,35,Beauty
1170,Katherine,Bailey,katherine.bailey@outlook.com,-2316,53:30.9,Medium_Value,Email,55+,Low,180.75,0.68,FALSE,TRUE,FALSE,17:30.9,23,Home
1171,Christopher,Griffith,christopher.griffith@gmail.com,-8752,49:33.6,Low_Value,Push,26-35,Low,79.67,0.67,FALSE,FALSE,FALSE,12:48.4,43,Sports
1172,Aaron,Cook,aaron412@outlook.com,-8002,35:58.3,Medium_Value,Direct,46-55,Premium,149.29,0.66,FALSE,FALSE,FALSE,16:26.5,20,Beauty
1173,Emily,Nicholson,emily.nicholson@outlook.com,-9529,42:18.8,New_Customer,Direct,36-45,,67.38,0.76,FALSE,TRUE,TRUE,15:21.9,32,Electronics
1174,Joshua,Robinson,joshua542@hotmail.com,-2835,34:34.4,Low_Value,SMS,36-45,High,42.04,0.73,TRUE,TRUE,TRUE,,48,Beauty
1175,Benjamin,Perez,benjamin.perez@outlook.com,-4881,04:27.6,Low_Value,Social,18-25,Premium,76.59,0.7,FALSE,FALSE,TRUE,13:41.2,42,Sports
1176,Joel,Ray,joel636@outlook.com,-10759,38:00.7,New_Customer,Social,26-35,High,41.48,0.65,FALSE,FALSE,FALSE,18:27.5,10,Electronics
1177,Kimberly,Vega,kimberly412@yahoo.com,-6135,23:21.2,Medium_Value,Social,18-25,High,146.31,0.51,TRUE,TRUE,FALSE,18:31.9,46,Sports
1178,Ethan,Hayes,ethan25@gmail.com,-8512,34:58.4,High_Value,Direct,,Medium,388.61,0.24,TRUE,TRUE,TRUE,12:54.0,38,Home
1179,Karen,Griffin,karengriffin@yahoo.com,-6756,29:17.2,High_Value,Push,55+,Premium,380.73,0.4,FALSE,FALSE,FALSE,12:53.5,14,Home
1180,Deanna,Harper,deanna165@gmail.com,-7276,23:16.6,New_Customer,SMS,55+,High,105.43,0.79,TRUE,FALSE,FALSE,15:45.2,39,Beauty
1181,Zachary,Torres,zachary528@yahoo.com,-6484,58:04.7,Medium_Value,Direct,18-25,Medium,195.41,0.68,FALSE,FALSE,TRUE,18:40.8,49,Books
1182,Martha,Turner,martha.turner@gmail.com,-11622,52:36.4,High_Value,Email,36-45,Low,358.56,0.28,TRUE,FALSE,TRUE,,27,Clothing
1183,Ricky,Murray,rickymurray@gmail.com,-7824,15:37.1,High_Value,Direct,26-35,,398.1,0.22,FALSE,FALSE,TRUE,15:16.9,47,Beauty
1184,Natalie,Fisher,natalie.fisher@outlook.com,-3406,48:34.0,New_Customer,Email,46-55,High,131.73,0.57,TRUE,TRUE,TRUE,18:03.9,20,Clothing
1185,Tammy,Hernandez,tammyhernandez@gmail.com,-2332,30:15.1,New_Customer,Direct,36-45,Medium,62.54,0.53,FALSE,FALSE,FALSE,15:41.2,49,Electronics
1186,Linda,Norris,linda925@gmail.com,-4044,38:33.4,High_Value,Email,18-25,Low,381.69,0.22,FALSE,TRUE,TRUE,,44,Books
1187,Victoria,Rivas,victoria588@hotmail.com,-6333,32:33.2,High_Value,Email,18-25,Medium,400.36,0.27,FALSE,TRUE,TRUE,18:07.0,20,Beauty
1188,Michael,Roberts,michael.roberts@gmail.com,-6338,06:12.0,High_Value,Direct,55+,Premium,335.51,0.22,TRUE,TRUE,FALSE,,16,Clothing
1189,Jose,Oconnor,joseoconnor@gmail.com,-8783,33:09.0,Low_Value,Social,46-55,Premium,40.36,0.69,TRUE,TRUE,FALSE,15:30.1,27,Clothing
1190,Beth,Henderson,bethhenderson@outlook.com,-3339,43:56.6,Medium_Value,SMS,55+,High,102.49,0.64,FALSE,FALSE,TRUE,,7,Clothing
1191,Holly,Smith,holly.smith@outlook.com,-5306,23:36.4,Low_Value,Push,36-45,Premium,99.95,0.9,FALSE,TRUE,FALSE,,43,Beauty
1192,Denise,Arnold,denise.arnold@outlook.com,-3194,33:49.8,High_Value,Social,18-25,High,361.03,0.35,FALSE,FALSE,FALSE,17:49.3,10,Home
1193,Daniel,Pennington,daniel232@gmail.com,-4048,17:08.6,Low_Value,Social,36-45,Premium,99.96,0.85,TRUE,TRUE,TRUE,16:01.1,19,Home
1194,Marissa,Smith,marissa212@outlook.com,-9138,34:51.7,Medium_Value,Email,36-45,Premium,187.8,0.61,TRUE,TRUE,TRUE,,36,Beauty
1195,Gabriel,Anderson,gabriel.anderson@outlook.com,-2804,42:51.4,High_Value,Push,55+,Premium,344.6,0.33,TRUE,TRUE,FALSE,17:12.6,1,Home
1196,Kayla,Robinson,kaylarobinson@gmail.com,-4835,22:18.0,High_Value,Social,55+,Medium,404.6,0.29,FALSE,FALSE,FALSE,,0,Clothing
1197,Amy,Jenkins,amy152@gmail.com,-5493,51:25.4,Medium_Value,Push,46-55,Medium,156.91,0.41,TRUE,FALSE,FALSE,13:39.6,28,Beauty
1198,Kimberly,Martin,kimberly.martin@gmail.com,-6411,02:38.6,High_Value,SMS,46-55,Medium,384.4,0.27,FALSE,FALSE,TRUE,14:18.7,9,Books
1199,Mark,Ellis,mark.ellis@gmail.com,-3565,45:04.3,High_Value,Direct,55+,Medium,383.2,0.32,FALSE,TRUE,FALSE,12:57.7,18,Electronics
1200,Kent,Landry,kent728@yahoo.com,-7703,08:05.5,High_Value,Push,46-55,Premium,341.64,0.2,FALSE,FALSE,TRUE,,12,Clothing
1201,Melissa,Mason,melissamason@outlook.com,-4347,30:30.5,New_Customer,Direct,26-35,High,105.32,0.66,FALSE,FALSE,FALSE,,25,Home
1202,Erika,Johnson,erika.johnson@hotmail.com,-3462,30:27.1,High_Value,Push,26-35,Medium,215.78,0.31,TRUE,FALSE,FALSE,17:54.4,30,Sports
1203,Holly,Aguilar,holly.aguilar@hotmail.com,-8478,23:02.0,Low_Value,Email,46-55,Premium,75.22,0.73,TRUE,TRUE,FALSE,16:16.3,21,Home
1204,Gerald,Parks,gerald814@gmail.com,-11068,05:08.6,Low_Value,Push,26-35,High,54.58,0.61,TRUE,FALSE,TRUE,15:11.0,37,Beauty
1205,Jennifer,Lang,jenniferlang@gmail.com,-6444,25:23.0,High_Value,Push,18-25,High,231.27,0.33,FALSE,TRUE,FALSE,18:08.5,18,Sports
1206,Isaac,Bradley,isaacbradley@yahoo.com,-6123,53:59.2,Medium_Value,Direct,,Medium,185.51,0.64,FALSE,TRUE,FALSE,13:59.7,18,Clothing
1207,Randy,Williamson,randy267@gmail.com,-6210,12:46.4,New_Customer,SMS,46-55,Medium,142.27,0.57,TRUE,FALSE,FALSE,16:37.8,8,Electronics
1208,David,Coleman,david14@outlook.com,-5972,48:42.8,New_Customer,Email,26-35,Premium,144.65,0.65,TRUE,TRUE,FALSE,15:57.3,24,Beauty
1209,Jon,Williams,jon717@gmail.com,-10339,35:50.6,New_Customer,Email,55+,Medium,121.67,0.77,TRUE,FALSE,FALSE,17:07.0,12,Books
1210,Raymond,Patterson,raymond227@outlook.com,-7291,24:16.8,New_Customer,Email,55+,Medium,55.83,0.65,FALSE,TRUE,TRUE,13:53.3,35,Books
1211,Anna,Johnson,anna.johnson@outlook.com,-6320,18:06.8,Medium_Value,Direct,18-25,Premium,185.63,0.42,FALSE,FALSE,TRUE,17:10.1,23,Beauty
1212,Amanda,Oliver,amandaoliver@yahoo.com,-10131,04:31.0,New_Customer,Direct,55+,Medium,40.96,0.77,FALSE,TRUE,TRUE,,36,Sports
1213,Sherri,Grimes,sherri861@yahoo.com,-10421,53:52.7,High_Value,Social,55+,Premium,192.62,0.27,FALSE,FALSE,TRUE,16:29.6,10,Sports
1214,Megan,Clements,meganclements@outlook.com,-7259,13:20.4,New_Customer,Social,26-35,Medium,138.61,0.63,TRUE,TRUE,TRUE,,22,Books
1215,Keith,Rollins,keith500@hotmail.com,-8325,26:07.7,New_Customer,SMS,26-35,Premium,104.11,0.69,FALSE,TRUE,TRUE,,31,Clothing
1216,David,Hill,david.hill@outlook.com,-5867,38:21.1,High_Value,Email,46-55,High,343.8,0.33,TRUE,TRUE,FALSE,17:53.1,30,Beauty
1217,Jerry,Bennett,jerry.bennett@hotmail.com,-9225,45:19.8,Low_Value,Push,55+,Premium,59.77,0.68,TRUE,FALSE,TRUE,15:10.1,5,Electronics
1218,Michelle,Carter,michelle206@gmail.com,-8772,59:22.9,High_Value,Social,26-35,High,403.45,0.34,TRUE,FALSE,TRUE,,7,Home
1219,Pamela,Hoffman,pamelahoffman@outlook.com,-6079,08:04.7,New_Customer,SMS,18-25,High,100.77,0.52,TRUE,FALSE,TRUE,,18,Books
1220,Amber,Holmes,amber484@hotmail.com,-7299,18:49.4,High_Value,Direct,,Low,450.4,0.35,FALSE,TRUE,FALSE,,46,Home
1221,Matthew,Rodriguez,matthew.rodriguez@gmail.com,-6772,04:49.9,Low_Value,Direct,18-25,Medium,55.14,0.68,FALSE,FALSE,FALSE,15:24.2,46,Books
1222,Jesse,Johnson,jessejohnson@outlook.com,-3857,18:19.7,Medium_Value,Direct,18-25,Premium,80.03,0.61,FALSE,FALSE,FALSE,15:48.8,46,Books
1223,Anthony,Brooks,anthony.brooks@gmail.com,-2916,53:14.3,New_Customer,Direct,55+,High,46.29,0.61,FALSE,FALSE,TRUE,17:22.8,43,Electronics
1224,Lisa,Harrison,lisa.harrison@outlook.com,-5135,30:04.4,Low_Value,Social,26-35,Low,92.62,0.7,TRUE,TRUE,FALSE,15:10.3,32,Home
1225,Cheyenne,Carr,cheyennecarr@hotmail.com,-5297,43:58.6,Medium_Value,SMS,26-35,High,112.79,0.42,FALSE,FALSE,TRUE,16:25.9,17,Clothing
1226,Jennifer,Rogers,jennifer.rogers@gmail.com,-3891,07:50.2,New_Customer,SMS,55+,High,47.12,0.51,FALSE,FALSE,TRUE,,41,Books
1227,Aimee,Perez,aimeeperez@outlook.com,-5908,03:38.7,Medium_Value,Email,46-55,Premium,143.32,0.52,FALSE,TRUE,TRUE,,26,Sports
1228,Harold,Edwards,haroldedwards@gmail.com,-9236,41:44.0,New_Customer,Social,46-55,Premium,134.07,0.61,FALSE,FALSE,FALSE,17:24.6,38,Home
1229,Laura,Spencer,laura802@hotmail.com,-5156,00:53.0,Low_Value,SMS,46-55,Premium,42.05,0.76,TRUE,FALSE,FALSE,14:21.5,36,Home
1230,Jerry,Howe,jerryhowe@yahoo.com,-7693,24:48.3,High_Value,Email,55+,High,262.57,0.34,TRUE,FALSE,FALSE,18:21.1,4,Clothing
1231,Jacob,Johnson,jacobjohnson@hotmail.com,-9053,49:51.6,High_Value,Email,18-25,High,316.34,0.28,TRUE,TRUE,TRUE,14:52.2,0,Beauty
1232,Anthony,Martinez,anthony348@hotmail.com,-9234,34:35.9,New_Customer,Email,55+,,134.74,0.65,FALSE,FALSE,TRUE,14:09.3,5,Sports
1233,Brett,Walker,brett.walker@gmail.com,-5250,22:47.1,High_Value,Direct,46-55,,355.83,0.24,FALSE,FALSE,FALSE,17:28.8,19,Sports
1234,Steven,Nunez,steven181@yahoo.com,-6725,31:54.7,New_Customer,Direct,36-45,Low,115.9,0.72,TRUE,FALSE,FALSE,,33,Electronics
1235,Monica,Galvan,monicagalvan@outlook.com,-4179,35:45.0,Medium_Value,SMS,55+,Low,90.55,0.42,TRUE,TRUE,TRUE,,36,Home
1236,Katherine,Vargas,katherine957@yahoo.com,-4538,23:57.5,High_Value,Social,26-35,Medium,397.53,0.37,FALSE,TRUE,TRUE,17:42.4,39,Books
1237,Craig,Browning,craig552@yahoo.com,-10213,55:09.4,Low_Value,Direct,18-25,Low,59.84,0.67,FALSE,TRUE,FALSE,17:04.0,49,Electronics
1238,Brittany,Hughes,brittanyhughes@outlook.com,-10295,47:48.2,High_Value,Social,46-55,Premium,288.15,0.21,TRUE,TRUE,TRUE,,20,Clothing
1239,John,Wagner,john.wagner@hotmail.com,-9234,45:06.4,Medium_Value,Social,36-45,Low,173.39,0.54,FALSE,TRUE,FALSE,17:10.3,25,Clothing
1240,Christian,Martin,christian880@hotmail.com,-3397,16:27.9,Low_Value,Social,55+,High,84.24,0.86,TRUE,TRUE,TRUE,14:03.8,44,Home
1241,Rachel,Smith,rachel.smith@outlook.com,-5521,24:49.6,Medium_Value,Push,36-45,Premium,189.38,0.65,FALSE,FALSE,TRUE,18:01.9,29,Books
1242,Shawn,Miller,shawn489@hotmail.com,-8545,08:14.3,Medium_Value,SMS,55+,Premium,86.89,0.44,FALSE,TRUE,FALSE,13:00.7,12,Sports
1243,Robert,Bridges,robert680@outlook.com,-3431,00:04.1,Medium_Value,Email,55+,High,107.28,0.52,TRUE,TRUE,TRUE,12:49.4,35,Books
1244,Erin,Miranda,erin.miranda@outlook.com,-10251,36:39.0,High_Value,Social,46-55,Low,448.22,0.37,TRUE,TRUE,FALSE,18:03.1,35,Beauty
1245,Isaac,Jackson,isaacjackson@gmail.com,-4328,12:48.8,Low_Value,Direct,36-45,Low,60.7,0.77,FALSE,FALSE,TRUE,16:54.8,12,Home
1246,Scott,Schultz,scottschultz@hotmail.com,-2883,33:27.1,Low_Value,SMS,26-35,High,85.89,0.9,FALSE,FALSE,TRUE,,32,Beauty
1247,Sean,Lloyd,sean.lloyd@gmail.com,-7429,42:44.9,New_Customer,Push,36-45,,57.18,0.72,FALSE,TRUE,FALSE,13:41.3,50,Sports
1248,Justin,Lopez,justinlopez@gmail.com,-8014,34:10.8,New_Customer,Push,18-25,Low,113.22,0.64,FALSE,FALSE,FALSE,15:47.2,5,Sports
1249,Ricardo,West,ricardowest@hotmail.com,-4043,02:39.1,New_Customer,Email,26-35,Medium,148.14,0.53,TRUE,FALSE,TRUE,13:24.8,23,Electronics
1250,Jeffrey,Moore,jeffreymoore@gmail.com,-8220,56:33.4,New_Customer,Push,18-25,Low,32.27,0.69,FALSE,FALSE,TRUE,14:57.4,0,Books
1251,Miranda,Williams,miranda406@yahoo.com,-7446,24:11.4,New_Customer,SMS,26-35,Premium,67.91,0.59,FALSE,TRUE,TRUE,16:55.9,24,Clothing
1252,Brandon,Powell,brandon22@gmail.com,-4964,58:35.9,Low_Value,SMS,18-25,Premium,90.14,0.83,FALSE,TRUE,TRUE,14:06.3,46,Home
1253,James,Hart,jameshart@gmail.com,-1947,57:36.3,Medium_Value,Social,18-25,High,193.09,0.42,TRUE,TRUE,FALSE,,9,Clothing
1254,Derrick,Jones,derrick731@yahoo.com,-3315,02:00.9,Medium_Value,Direct,46-55,Low,162.14,0.53,TRUE,TRUE,TRUE,,20,Clothing
1255,Ronald,Paul,ronald.paul@gmail.com,-8312,39:22.1,Low_Value,SMS,,High,28.26,0.77,TRUE,TRUE,TRUE,,28,Clothing
1256,Matthew,Smith,matthewsmith@gmail.com,-5492,02:29.2,New_Customer,Push,26-35,Low,121.69,0.59,TRUE,FALSE,TRUE,13:51.5,40,Beauty
1257,Krista,Strong,kristastrong@yahoo.com,-4674,19:46.0,New_Customer,SMS,26-35,Low,65.3,0.62,TRUE,FALSE,FALSE,14:24.7,48,Beauty
1258,Sydney,Phillips,sydney880@yahoo.com,-6979,52:27.4,Medium_Value,Email,36-45,Medium,112.99,0.56,TRUE,FALSE,FALSE,,12,Electronics
1259,Robert,Henson,robert169@gmail.com,-10278,03:47.4,New_Customer,Social,55+,High,130.23,0.63,FALSE,TRUE,FALSE,15:28.9,49,Books
1260,Amanda,Hughes,amandahughes@outlook.com,-10090,40:05.6,New_Customer,Email,18-25,,90.68,0.67,TRUE,FALSE,FALSE,17:46.0,37,Beauty
1261,Lindsey,Conway,lindsey.conway@gmail.com,-4447,11:23.9,Medium_Value,Direct,46-55,Premium,123.22,0.42,TRUE,TRUE,TRUE,,11,Clothing
1262,Christopher,Torres,christopher963@gmail.com,-2523,27:34.9,Low_Value,Social,18-25,Low,99.21,0.82,TRUE,FALSE,FALSE,,37,Clothing
1263,Spencer,Stevens,spencer831@outlook.com,-8653,55:20.5,Low_Value,SMS,,High,99.43,0.61,TRUE,FALSE,TRUE,15:05.1,41,Books
1264,Ashley,Dyer,ashleydyer@outlook.com,-9327,21:43.1,New_Customer,Email,36-45,,107.13,0.57,TRUE,TRUE,TRUE,,23,Electronics
1265,Vincent,Herrera,vincentherrera@outlook.com,-7661,12:36.7,New_Customer,SMS,26-35,High,75.6,0.78,FALSE,TRUE,FALSE,,28,Home
1266,David,Jackson,david.jackson@yahoo.com,-3260,26:58.3,Low_Value,Direct,55+,Premium,79.68,0.63,TRUE,TRUE,TRUE,13:43.3,8,Home
1267,Kaitlyn,Mullen,kaitlyn.mullen@gmail.com,-4214,38:50.7,New_Customer,SMS,55+,Medium,139.56,0.66,FALSE,TRUE,TRUE,14:09.1,23,Books
1268,Brian,Blair,brianblair@yahoo.com,-10425,35:09.0,Medium_Value,Social,46-55,,131,0.46,TRUE,FALSE,FALSE,18:11.6,23,Sports
1269,Carmen,Sullivan,carmen.sullivan@gmail.com,-4609,43:39.4,Medium_Value,Email,36-45,Medium,77.16,0.64,TRUE,TRUE,FALSE,14:24.1,27,Electronics
1270,Chloe,Nichols,chloe601@gmail.com,-3373,25:55.2,Low_Value,Email,36-45,Premium,84.35,0.64,TRUE,FALSE,FALSE,17:50.7,10,Home
1271,Natalie,Washington,natalie203@hotmail.com,-6872,28:31.6,Medium_Value,Email,26-35,High,107.76,0.61,TRUE,FALSE,FALSE,14:12.4,17,Beauty
1272,Ricardo,Young,ricardo.young@hotmail.com,-10512,44:50.7,High_Value,Direct,26-35,,476.89,0.28,FALSE,TRUE,TRUE,16:26.2,16,Sports
1273,Thomas,Elliott,thomas.elliott@outlook.com,-6573,45:17.3,New_Customer,SMS,36-45,Low,142.8,0.65,TRUE,TRUE,FALSE,17:46.0,15,Sports
1274,Amber,Eaton,ambereaton@gmail.com,-5300,55:53.8,Low_Value,SMS,18-25,Low,33.09,0.78,TRUE,FALSE,TRUE,15:03.4,46,Books
1275,Lisa,Davenport,lisadavenport@yahoo.com,-9987,20:11.0,Medium_Value,Direct,55+,Premium,91.91,0.56,FALSE,TRUE,FALSE,16:02.0,24,Electronics
1276,Deborah,Russo,deborah.russo@gmail.com,-6034,01:38.3,New_Customer,SMS,36-45,Low,106.44,0.6,TRUE,TRUE,TRUE,18:13.7,12,Electronics
1277,Margaret,Bailey,margaretbailey@gmail.com,-2483,29:34.0,Medium_Value,SMS,18-25,Low,152.14,0.7,TRUE,TRUE,TRUE,17:51.9,26,Home
1278,Heather,Hall,heatherhall@hotmail.com,-6085,40:22.7,High_Value,Social,46-55,Low,414.85,0.34,FALSE,FALSE,FALSE,14:41.7,19,Clothing
1279,Toni,Murray,tonimurray@yahoo.com,-8294,59:53.7,Medium_Value,Push,36-45,Medium,166.91,0.41,TRUE,TRUE,FALSE,17:51.1,39,Home
1280,Nancy,Mcguire,nancymcguire@gmail.com,-11327,24:22.0,Medium_Value,Push,55+,Medium,147.48,0.41,FALSE,FALSE,FALSE,13:15.5,17,Sports
1281,Emily,Roman,emily.roman@gmail.com,-9272,10:40.5,High_Value,SMS,55+,Medium,384.52,0.35,TRUE,FALSE,FALSE,18:18.1,11,Books
1282,Joseph,Hernandez,joseph.hernandez@hotmail.com,-5058,22:46.9,Low_Value,Direct,26-35,Premium,98.51,0.83,TRUE,FALSE,TRUE,14:02.2,10,Books
1283,Karen,Wright,karenwright@gmail.com,-2219,55:00.6,High_Value,SMS,26-35,Premium,337.92,0.34,FALSE,TRUE,FALSE,14:09.2,18,Books
1284,Patricia,Young,patricia.young@hotmail.com,-3464,06:00.8,New_Customer,Social,26-35,High,68.55,0.59,TRUE,TRUE,FALSE,17:36.0,23,Home
1285,Frederick,Watson,frederick871@hotmail.com,-2141,52:41.7,Medium_Value,Email,,Premium,159.26,0.66,TRUE,TRUE,TRUE,,46,Home
1286,Raymond,Boyd,raymond141@outlook.com,-8586,15:54.9,New_Customer,SMS,36-45,High,131.13,0.54,TRUE,TRUE,TRUE,15:34.4,30,Sports
1287,Audrey,Vasquez,audrey.vasquez@outlook.com,-7948,35:23.2,High_Value,Direct,46-55,Low,465.62,0.37,FALSE,FALSE,TRUE,17:59.5,5,Books
1288,Jonathan,Fowler,jonathan.fowler@gmail.com,-6256,45:15.3,High_Value,Push,18-25,Premium,174.99,0.32,TRUE,FALSE,TRUE,16:23.2,23,Books
1289,Rachel,Harris,rachelharris@hotmail.com,-7269,26:12.9,Low_Value,Social,36-45,High,59.13,0.86,FALSE,TRUE,FALSE,13:32.0,50,Sports
1290,Bryan,Gibson,bryan.gibson@hotmail.com,-4658,27:53.6,Medium_Value,Direct,36-45,High,197.29,0.58,FALSE,TRUE,TRUE,16:53.3,17,Books
1291,Cheryl,Pitts,cherylpitts@gmail.com,-8302,41:24.6,Low_Value,Direct,26-35,Low,86.25,0.69,TRUE,FALSE,TRUE,16:44.6,11,Books
1292,Chad,Smith,chad741@yahoo.com,-7347,42:57.4,High_Value,Social,26-35,Premium,326.95,0.33,TRUE,TRUE,FALSE,13:49.7,47,Sports
1293,Henry,Pham,henry.pham@outlook.com,-6349,06:54.6,Medium_Value,Push,18-25,Premium,192.94,0.64,FALSE,TRUE,FALSE,16:00.2,5,Electronics
1294,Jacqueline,Torres,jacquelinetorres@outlook.com,-1971,30:30.2,Medium_Value,Email,55+,Low,170.93,0.4,FALSE,TRUE,FALSE,13:35.2,18,Books
1295,Brittany,Smith,brittany.smith@yahoo.com,-5315,20:19.8,High_Value,Social,55+,Medium,308.1,0.26,FALSE,TRUE,FALSE,14:59.5,43,Sports
1296,Corey,Erickson,coreyerickson@yahoo.com,-8957,04:55.8,High_Value,Push,55+,Medium,466.39,0.39,FALSE,FALSE,TRUE,17:25.8,29,Electronics
1297,Tammy,Padilla,tammy508@outlook.com,-8215,07:52.9,New_Customer,Email,18-25,Medium,50.22,0.54,FALSE,TRUE,FALSE,12:55.8,23,Home
1298,Marco,Ray,marcoray@gmail.com,-9697,17:07.4,New_Customer,SMS,18-25,Medium,118.04,0.5,FALSE,FALSE,FALSE,16:35.2,38,Electronics
1299,Deborah,Ruiz,deborah.ruiz@gmail.com,-10261,51:16.3,High_Value,SMS,55+,Medium,224.16,0.37,FALSE,TRUE,FALSE,14:12.8,28,Beauty
1300,Christie,Stanley,christiestanley@yahoo.com,-11176,44:46.7,New_Customer,Push,36-45,Low,127.69,0.55,FALSE,FALSE,FALSE,17:33.3,5,Sports
1301,Michelle,Blake,michelle511@yahoo.com,-2206,22:36.8,New_Customer,Push,46-55,,86.34,0.52,TRUE,FALSE,FALSE,,2,Beauty
1302,Nicholas,Shannon,nicholasshannon@outlook.com,-6332,41:19.8,Low_Value,Email,36-45,Medium,82.03,0.81,TRUE,TRUE,TRUE,,32,Books
1303,Logan,Ray,loganray@yahoo.com,-7852,59:14.0,New_Customer,Push,46-55,Medium,71.29,0.58,FALSE,FALSE,TRUE,17:52.8,25,Home
1304,Andrew,Beck,andrew477@gmail.com,-7061,53:42.8,Low_Value,SMS,26-35,Medium,63.35,0.67,FALSE,TRUE,FALSE,18:07.6,42,Books
1305,Ryan,Harmon,ryanharmon@gmail.com,-10572,24:19.6,Medium_Value,Email,18-25,Premium,92.82,0.57,FALSE,TRUE,TRUE,,2,Beauty
1306,Brian,Kent,brian.kent@outlook.com,-2788,41:28.4,Low_Value,Push,36-45,Low,96.73,0.73,TRUE,TRUE,FALSE,17:56.9,38,Beauty
1307,Sara,Holmes,sara.holmes@gmail.com,-7564,54:39.8,Medium_Value,SMS,55+,,107.19,0.64,FALSE,TRUE,FALSE,17:25.1,35,Clothing
1308,Kevin,Chan,kevin524@hotmail.com,-8471,43:52.6,High_Value,Social,55+,Medium,329.25,0.38,FALSE,TRUE,TRUE,17:44.6,39,Clothing
1309,Ashley,Brewer,ashleybrewer@hotmail.com,-10550,51:18.7,Medium_Value,SMS,46-55,Low,97.3,0.65,TRUE,FALSE,FALSE,12:54.5,21,Books
1310,Ruth,Farrell,ruth.farrell@outlook.com,-9876,06:13.7,Low_Value,Push,36-45,Premium,50.74,0.67,TRUE,TRUE,TRUE,,31,Electronics
1311,Kenneth,Knight,kenneth.knight@hotmail.com,-9816,51:49.0,Medium_Value,Push,26-35,Premium,102.5,0.5,TRUE,FALSE,TRUE,,40,Home
1312,Keith,Lowery,keith.lowery@outlook.com,-4742,41:06.8,Low_Value,Email,26-35,,51.67,0.69,TRUE,FALSE,TRUE,,1,Electronics
1313,Jonathan,Campbell,jonathan587@yahoo.com,-10609,02:51.3,New_Customer,Social,55+,Premium,129.79,0.66,TRUE,TRUE,TRUE,13:08.0,26,Sports
1314,Jonathan,Hall,jonathan.hall@outlook.com,-8331,04:12.8,New_Customer,Social,55+,Medium,55.05,0.76,FALSE,FALSE,FALSE,18:41.2,45,Electronics
1315,Debra,Harvey,debra588@yahoo.com,-4538,02:56.4,High_Value,Push,46-55,Low,175.48,0.33,TRUE,FALSE,FALSE,13:27.1,44,Sports
1316,James,James,james.james@yahoo.com,-8635,05:25.0,High_Value,Push,46-55,Low,488.88,0.38,TRUE,FALSE,TRUE,13:02.4,23,Home
1317,Terri,Douglas,terri.douglas@yahoo.com,-6341,57:15.3,Low_Value,SMS,36-45,Premium,91.67,0.77,TRUE,FALSE,FALSE,16:08.2,1,Books
1318,Adrian,Turner,adrianturner@gmail.com,-3288,16:00.6,Low_Value,Push,55+,Low,85.69,0.69,FALSE,FALSE,TRUE,,27,Home
1319,Jessica,Taylor,jessica180@outlook.com,-4613,40:12.2,High_Value,Email,18-25,Medium,392.04,0.27,TRUE,FALSE,FALSE,13:42.9,38,Beauty
1320,Ronald,Sheppard,ronald.sheppard@hotmail.com,-9723,03:15.7,New_Customer,Email,55+,Medium,71.95,0.73,FALSE,TRUE,FALSE,17:09.3,1,Clothing
1321,Bridget,Kim,bridget.kim@yahoo.com,-10452,09:53.2,New_Customer,Social,18-25,,130.76,0.64,TRUE,TRUE,TRUE,17:54.1,38,Electronics
1322,Brian,Velazquez,brianvelazquez@hotmail.com,-11320,07:57.4,Low_Value,Push,46-55,Premium,34.74,0.72,TRUE,FALSE,TRUE,18:21.5,32,Electronics
1323,Audrey,Mercer,audrey329@hotmail.com,-10968,04:01.3,Medium_Value,Direct,55+,Medium,165.95,0.59,TRUE,FALSE,TRUE,14:48.1,32,Sports
1324,Joshua,Johnson,joshua795@gmail.com,-9434,06:26.4,High_Value,SMS,46-55,Premium,333.89,0.27,TRUE,FALSE,FALSE,,30,Books
1325,Joyce,West,joycewest@hotmail.com,-2394,12:47.9,New_Customer,Email,18-25,Low,37.71,0.59,FALSE,TRUE,FALSE,13:33.7,38,Sports
1326,April,Grant,april205@yahoo.com,-3104,50:22.8,Low_Value,Direct,46-55,High,62.82,0.75,FALSE,FALSE,FALSE,14:57.1,31,Clothing
1327,Jennifer,Reese,jenniferreese@outlook.com,-4307,23:15.6,Medium_Value,Push,18-25,High,105.26,0.62,TRUE,TRUE,FALSE,13:52.7,34,Books
1328,Andrew,Hall,andrew.hall@hotmail.com,-4232,20:47.4,New_Customer,SMS,,Low,65.5,0.55,FALSE,FALSE,FALSE,12:44.2,5,Books
1329,William,Perry,williamperry@gmail.com,-9357,42:44.5,Medium_Value,Social,,Premium,162.74,0.55,TRUE,FALSE,TRUE,16:19.4,38,Home
1330,Angela,Morales,angela800@hotmail.com,-3554,27:15.2,Medium_Value,Direct,55+,High,125.62,0.49,TRUE,TRUE,TRUE,14:17.6,36,Home
1331,Stacy,Sandoval,stacy.sandoval@outlook.com,-7745,59:42.9,High_Value,Email,55+,High,215.03,0.33,FALSE,TRUE,TRUE,,42,Sports
1332,Ryan,Reynolds,ryanreynolds@outlook.com,-3630,42:22.6,Low_Value,Direct,55+,Low,25.79,0.77,FALSE,FALSE,FALSE,17:11.2,34,Home
1333,David,Smith,david799@yahoo.com,-8820,45:55.3,Medium_Value,Social,26-35,High,154.84,0.5,TRUE,TRUE,TRUE,18:03.2,20,Sports
1334,Sherry,Castillo,sherry.castillo@yahoo.com,-3640,13:33.3,New_Customer,Direct,18-25,Low,65.82,0.5,FALSE,FALSE,FALSE,14:57.8,33,Clothing
1335,Danielle,Peters,danielle772@gmail.com,-3795,25:31.0,High_Value,Push,26-35,Premium,407.51,0.36,FALSE,TRUE,TRUE,16:54.8,17,Sports
1336,Tara,Cox,tara.cox@outlook.com,-7798,27:05.6,High_Value,Social,55+,Premium,200.57,0.27,TRUE,FALSE,TRUE,16:57.9,28,Books
1337,Claudia,Hunt,claudiahunt@hotmail.com,-5747,22:34.8,Low_Value,Push,55+,Medium,56.38,0.65,FALSE,FALSE,FALSE,13:20.1,45,Clothing
1338,Tyler,Pena,tyler884@gmail.com,-2628,28:09.3,Medium_Value,Email,26-35,Medium,76.67,0.51,FALSE,TRUE,TRUE,12:59.8,2,Clothing
1339,Allen,Robinson,allen.robinson@yahoo.com,-8431,40:44.6,Low_Value,Push,46-55,Medium,79.84,0.61,TRUE,TRUE,FALSE,13:47.9,5,Electronics
1340,Chris,Rhodes,chris.rhodes@outlook.com,-10146,46:26.3,Low_Value,Email,,Medium,85.76,0.6,TRUE,FALSE,FALSE,15:47.8,33,Home
1341,Kelly,Anderson,kelly309@hotmail.com,-8679,41:31.9,High_Value,SMS,,Low,213.32,0.39,FALSE,TRUE,FALSE,,31,Beauty
1342,Eric,Lewis,eric.lewis@yahoo.com,-2566,24:30.8,Low_Value,Social,,Premium,96.06,0.83,FALSE,TRUE,FALSE,18:27.3,0,Home
1343,James,Sandoval,james697@yahoo.com,-7105,42:07.8,Low_Value,Push,46-55,Premium,36.97,0.8,FALSE,FALSE,FALSE,15:10.2,39,Beauty
1344,Crystal,Sawyer,crystal.sawyer@gmail.com,-8124,56:00.7,New_Customer,Social,46-55,Medium,50.39,0.65,FALSE,TRUE,FALSE,14:02.8,3,Beauty
1345,Eric,Neal,eric.neal@hotmail.com,-2790,07:18.5,New_Customer,Email,46-55,High,130.88,0.56,FALSE,FALSE,TRUE,17:44.7,1,Sports
1346,James,Shields,james.shields@yahoo.com,-6428,10:23.6,Low_Value,Direct,55+,Medium,56.37,0.83,FALSE,FALSE,FALSE,,9,Sports
1347,Brooke,Norman,brooke17@outlook.com,-7179,01:31.0,Low_Value,Email,46-55,Medium,71,0.63,FALSE,FALSE,TRUE,16:45.3,46,Sports
1348,Kenneth,Riley,kenneth.riley@yahoo.com,-7816,48:55.2,High_Value,Social,36-45,Low,277.15,0.24,FALSE,TRUE,TRUE,,3,Sports
1349,Judith,Marks,judithmarks@hotmail.com,-5681,06:10.5,Medium_Value,SMS,46-55,High,101.15,0.46,FALSE,TRUE,FALSE,,43,Home
1350,Kristina,Pennington,kristina.pennington@gmail.com,-4951,15:50.2,High_Value,Direct,55+,Premium,410.68,0.26,TRUE,FALSE,FALSE,14:31.8,40,Clothing
1351,Ellen,Jackson,ellen.jackson@outlook.com,-7012,32:13.6,Low_Value,SMS,26-35,Premium,88.55,0.88,FALSE,FALSE,FALSE,14:57.7,23,Electronics
1352,Eric,Cochran,ericcochran@gmail.com,-9619,30:30.4,Low_Value,Push,46-55,High,94.27,0.86,TRUE,FALSE,FALSE,17:04.8,18,Beauty
1353,Jay,Thompson,jay569@hotmail.com,-7775,12:48.4,Medium_Value,Email,46-55,Medium,182.51,0.63,FALSE,TRUE,TRUE,14:18.5,23,Books
1354,Patricia,Lynch,patricia747@outlook.com,-3839,57:25.0,Low_Value,Social,55+,Premium,54.61,0.76,TRUE,TRUE,FALSE,16:22.7,15,Clothing
1355,Kirsten,Wilson,kirsten.wilson@yahoo.com,-7257,01:32.5,Medium_Value,Push,46-55,High,121.16,0.49,TRUE,FALSE,FALSE,13:21.7,29,Beauty
1356,Clayton,Wade,clayton263@hotmail.com,-8504,33:00.3,High_Value,Direct,26-35,High,258.63,0.3,TRUE,FALSE,TRUE,15:13.6,42,Books
1357,Charlotte,Kelly,charlottekelly@hotmail.com,-10133,05:13.4,Medium_Value,Email,36-45,High,168.6,0.65,FALSE,FALSE,FALSE,16:07.2,32,Electronics
1358,Michelle,Robinson,michellerobinson@gmail.com,-7859,52:34.4,Medium_Value,Push,18-25,Premium,91.82,0.58,TRUE,FALSE,TRUE,15:13.6,45,Electronics
1359,Megan,Wright,megan.wright@gmail.com,-2468,18:07.5,New_Customer,Email,36-45,Premium,46.17,0.54,TRUE,TRUE,FALSE,18:23.7,25,Electronics
1360,Stephen,Martin,stephenmartin@yahoo.com,-6074,57:00.0,Low_Value,SMS,55+,High,52.72,0.74,FALSE,FALSE,FALSE,18:08.5,0,Home
1361,Michael,Wilson,michael316@gmail.com,-2812,12:00.3,High_Value,Push,55+,Premium,188.17,0.38,TRUE,FALSE,TRUE,17:40.9,22,Books
1362,Susan,Peterson,susan601@yahoo.com,-6966,25:40.3,New_Customer,Email,55+,Medium,70.17,0.65,FALSE,TRUE,TRUE,16:00.4,35,Clothing
1363,Anthony,Potts,anthony82@hotmail.com,-2825,28:41.6,New_Customer,Social,26-35,Low,144.41,0.51,FALSE,TRUE,TRUE,17:23.1,2,Sports
1364,Brittany,Wilson,brittanywilson@gmail.com,-7573,42:06.2,New_Customer,SMS,18-25,Medium,71.56,0.61,FALSE,TRUE,FALSE,,23,Beauty
1365,Patricia,Wong,patriciawong@gmail.com,-6566,40:08.2,Medium_Value,Email,36-45,High,139.24,0.52,FALSE,TRUE,FALSE,,18,Home
1366,April,Adams,apriladams@gmail.com,-9588,08:31.2,High_Value,Direct,55+,High,472.32,0.36,FALSE,FALSE,TRUE,18:18.9,35,Beauty
1367,Heather,Johnson,heather911@hotmail.com,-5953,59:19.5,High_Value,Push,18-25,Medium,414.55,0.27,FALSE,TRUE,FALSE,17:08.0,8,Electronics
1368,Jacqueline,Thompson,jacquelinethompson@outlook.com,-7779,03:27.8,High_Value,SMS,36-45,,450.71,0.3,TRUE,TRUE,FALSE,,49,Sports
1369,Stephanie,Rivera,stephanie127@hotmail.com,-5284,48:03.4,High_Value,SMS,18-25,Premium,300.05,0.39,FALSE,TRUE,TRUE,15:07.5,40,Electronics
1370,Isaiah,Young,isaiah644@gmail.com,-6016,57:56.3,Low_Value,Email,26-35,Low,84.74,0.64,FALSE,TRUE,TRUE,12:43.3,24,Beauty
1371,Ashley,Cole,ashley643@yahoo.com,-6038,10:49.6,Low_Value,Email,55+,Premium,43.45,0.6,FALSE,TRUE,TRUE,18:28.5,19,Books
1372,Sara,Reynolds,sarareynolds@yahoo.com,-4262,55:28.7,Low_Value,SMS,36-45,Premium,29.13,0.7,TRUE,TRUE,FALSE,16:54.9,27,Sports
1373,Jason,Solomon,jason.solomon@outlook.com,-9152,15:13.5,Low_Value,SMS,46-55,Premium,56.51,0.61,TRUE,FALSE,TRUE,16:06.1,48,Electronics
1374,Shane,Cordova,shanecordova@hotmail.com,-7672,57:31.4,New_Customer,SMS,55+,Medium,114.05,0.64,TRUE,FALSE,TRUE,,9,Books
1375,Shannon,Maxwell,shannon.maxwell@outlook.com,-5538,05:47.0,New_Customer,Direct,55+,Low,42.98,0.74,TRUE,TRUE,TRUE,18:22.4,10,Sports
1376,Robert,Miller,robert844@hotmail.com,-9698,56:41.7,Medium_Value,Direct,55+,Medium,134.09,0.61,TRUE,TRUE,TRUE,14:21.3,1,Clothing
1377,Paul,Estrada,paul.estrada@outlook.com,-7309,15:45.8,New_Customer,Social,18-25,High,145.78,0.76,FALSE,TRUE,TRUE,,39,Clothing
1378,Scott,Norton,scottnorton@hotmail.com,-10680,52:19.2,Medium_Value,Social,55+,Medium,159.58,0.64,FALSE,FALSE,FALSE,,43,Home
1379,Steven,Bonilla,steven.bonilla@outlook.com,-3484,30:24.2,Low_Value,SMS,26-35,Medium,28.2,0.73,FALSE,FALSE,TRUE,15:33.2,47,Clothing
1380,Eric,Chaney,ericchaney@outlook.com,-10278,07:30.0,High_Value,SMS,55+,High,369.52,0.31,TRUE,TRUE,TRUE,16:26.6,26,Clothing
1381,Mark,Schultz,mark73@outlook.com,-10329,51:16.7,High_Value,SMS,18-25,Low,191.6,0.24,TRUE,FALSE,TRUE,14:46.3,35,Clothing
1382,Crystal,Robinson,crystalrobinson@yahoo.com,-2851,13:06.9,High_Value,Direct,36-45,,194.52,0.25,FALSE,FALSE,TRUE,14:11.8,3,Electronics
1383,Craig,Morgan,craig.morgan@outlook.com,-5125,41:02.4,Medium_Value,Email,18-25,Premium,193.67,0.43,FALSE,TRUE,FALSE,15:34.5,25,Electronics
1384,Stacie,Mills,stacie.mills@outlook.com,-7204,27:56.5,High_Value,Push,18-25,High,296.47,0.26,TRUE,FALSE,FALSE,18:09.2,44,Books
1385,Krista,Coleman,krista799@gmail.com,-2361,58:20.9,High_Value,Social,46-55,Low,241.01,0.29,FALSE,TRUE,FALSE,18:30.7,7,Beauty
1386,Angela,Griffith,angela.griffith@yahoo.com,-5856,33:11.9,Medium_Value,Direct,36-45,High,185.47,0.49,FALSE,TRUE,TRUE,15:24.8,29,Books
1387,Melissa,Richmond,melissa988@outlook.com,-7379,56:06.4,High_Value,Social,55+,Low,311.2,0.35,TRUE,FALSE,TRUE,,6,Electronics
1388,Carol,May,carol.may@yahoo.com,-6070,25:05.3,Low_Value,Push,26-35,High,88.29,0.61,FALSE,TRUE,FALSE,13:59.8,15,Beauty
1389,Thomas,Lopez,thomaslopez@gmail.com,-5428,22:32.8,Low_Value,SMS,36-45,Medium,51.89,0.64,FALSE,FALSE,TRUE,16:42.0,49,Clothing
1390,Jason,Craig,jasoncraig@hotmail.com,-6776,59:01.0,Low_Value,Push,36-45,High,48.27,0.68,FALSE,TRUE,FALSE,18:31.7,29,Sports
1391,Christopher,Hall,christopher.hall@yahoo.com,-10836,40:13.8,Low_Value,SMS,26-35,,30,0.8,TRUE,TRUE,TRUE,14:10.5,26,Home
1392,Bobby,Castillo,bobbycastillo@hotmail.com,-6479,21:25.4,New_Customer,SMS,36-45,Medium,116.83,0.75,FALSE,TRUE,TRUE,,32,Beauty
1393,Matthew,Walker,matthew.walker@outlook.com,-10719,30:24.5,High_Value,Social,36-45,Premium,354.75,0.38,FALSE,FALSE,TRUE,,47,Clothing
1394,Michelle,Clark,michelleclark@hotmail.com,-4728,19:41.5,Medium_Value,Email,18-25,Premium,105.59,0.47,TRUE,TRUE,FALSE,18:27.5,24,Home
1395,Alec,Sandoval,alec.sandoval@outlook.com,-7917,22:21.6,Medium_Value,Push,26-35,Low,198.93,0.48,TRUE,TRUE,TRUE,15:15.6,42,Beauty
1396,Robert,Parks,robertparks@yahoo.com,-6384,46:47.7,Medium_Value,SMS,36-45,Low,92.9,0.62,FALSE,FALSE,FALSE,15:31.6,3,Books
1397,William,Manning,william723@gmail.com,-11059,20:06.7,New_Customer,Direct,55+,Low,79.95,0.67,TRUE,TRUE,TRUE,15:22.2,32,Sports
1398,Vanessa,Harris,vanessa.harris@hotmail.com,-7303,55:12.2,New_Customer,Email,36-45,,127.45,0.55,TRUE,FALSE,FALSE,13:03.9,22,Books
1399,Wesley,Jones,wesley.jones@yahoo.com,-5150,24:00.0,New_Customer,SMS,26-35,Medium,74.92,0.51,TRUE,FALSE,FALSE,17:38.2,31,Clothing
1400,Tina,Fleming,tina.fleming@yahoo.com,-9237,22:52.7,Medium_Value,Social,26-35,High,116.03,0.56,FALSE,TRUE,TRUE,,12,Clothing
1401,Mark,Bell,mark391@outlook.com,-6456,02:01.4,Medium_Value,Push,46-55,Low,175.06,0.41,FALSE,FALSE,TRUE,14:05.7,40,Beauty
1402,Andre,Gardner,andre191@outlook.com,-10319,40:21.4,New_Customer,Direct,26-35,High,145.53,0.67,TRUE,FALSE,TRUE,15:42.7,10,Electronics
1403,Karen,Hunter,karen.hunter@gmail.com,-2585,57:21.6,Medium_Value,Email,46-55,High,102.08,0.69,TRUE,FALSE,FALSE,15:57.6,44,Electronics
1404,Cheryl,Ayala,cherylayala@outlook.com,-10245,25:43.3,New_Customer,Email,46-55,High,63.8,0.62,TRUE,TRUE,FALSE,12:44.8,46,Books
1405,Richard,Osborne,richard476@yahoo.com,-8145,21:24.7,Medium_Value,Direct,36-45,Premium,138.4,0.58,TRUE,TRUE,TRUE,,34,Clothing
1406,Theodore,Lynch,theodorelynch@yahoo.com,-6267,12:30.5,Low_Value,Push,55+,Medium,66.7,0.85,FALSE,FALSE,FALSE,16:25.3,45,Home
1407,Rebecca,Morgan,rebecca697@yahoo.com,-2904,56:54.6,Low_Value,SMS,26-35,,87.88,0.7,TRUE,TRUE,FALSE,17:40.5,0,Beauty
1408,Catherine,Larson,catherinelarson@yahoo.com,-6127,37:22.9,New_Customer,Social,46-55,Low,80.79,0.73,FALSE,FALSE,TRUE,14:41.0,21,Books
1409,Jamie,Diaz,jamiediaz@gmail.com,-8803,02:26.0,High_Value,Email,26-35,Medium,190.93,0.31,TRUE,FALSE,TRUE,17:03.0,9,Beauty
1410,Francisco,Jimenez,franciscojimenez@outlook.com,-3199,14:55.0,Medium_Value,Social,55+,,174.99,0.49,FALSE,TRUE,TRUE,14:23.6,43,Beauty
1411,Maria,Conley,maria.conley@hotmail.com,-9533,25:50.6,Medium_Value,SMS,46-55,Premium,112.37,0.55,FALSE,FALSE,TRUE,17:38.0,36,Home
1412,Kyle,Montes,kyle.montes@hotmail.com,-5900,06:13.1,High_Value,SMS,46-55,Premium,268.92,0.26,TRUE,TRUE,FALSE,15:09.9,46,Books
1413,Sarah,Young,sarahyoung@hotmail.com,-9874,32:29.1,New_Customer,Push,46-55,Low,93.39,0.58,TRUE,FALSE,FALSE,15:38.3,31,Electronics
1414,Chelsea,Koch,chelsea.koch@hotmail.com,-2595,05:42.6,High_Value,SMS,46-55,Premium,399.91,0.36,TRUE,TRUE,FALSE,14:10.4,17,Books
1415,Cassandra,Holmes,cassandra.holmes@hotmail.com,-10602,11:49.5,Low_Value,SMS,36-45,High,94.51,0.85,TRUE,TRUE,FALSE,16:42.5,41,Sports
1416,Nancy,Brown,nancy465@yahoo.com,-7484,09:21.6,New_Customer,Push,55+,Medium,40.67,0.55,TRUE,FALSE,TRUE,,45,Home
1417,Michelle,Jones,michelle130@hotmail.com,-3655,44:13.4,High_Value,Push,46-55,High,309.06,0.37,FALSE,FALSE,TRUE,16:52.8,5,Clothing
1418,Alexander,Smith,alexandersmith@gmail.com,-4684,40:13.4,Medium_Value,SMS,18-25,Premium,164.85,0.53,FALSE,FALSE,TRUE,,48,Books
1419,Gary,Ortega,gary.ortega@outlook.com,-8805,21:15.1,High_Value,Push,26-35,Premium,187.29,0.35,TRUE,FALSE,FALSE,13:50.2,3,Sports
1420,Lori,Cain,lori616@gmail.com,-10785,57:29.6,New_Customer,Social,18-25,High,64.42,0.69,FALSE,TRUE,TRUE,14:47.0,37,Books
1421,Yesenia,Walters,yesenia452@yahoo.com,-6505,51:18.9,New_Customer,Social,55+,Premium,84,0.57,FALSE,TRUE,FALSE,15:46.2,15,Clothing
1422,Gordon,Figueroa,gordon751@hotmail.com,-4188,09:27.0,New_Customer,Email,18-25,Premium,58.66,0.62,FALSE,TRUE,FALSE,,28,Beauty
1423,Jennifer,Long,jennifer568@yahoo.com,-4752,02:39.2,High_Value,Push,46-55,Low,453.15,0.36,FALSE,FALSE,FALSE,13:10.1,41,Beauty
1424,Roger,Reeves,roger.reeves@gmail.com,-6439,27:33.3,High_Value,Social,46-55,Premium,201.58,0.26,FALSE,TRUE,TRUE,,15,Clothing
1425,Sean,Hughes,sean675@yahoo.com,-5860,20:12.4,Low_Value,Direct,36-45,Medium,58.49,0.66,TRUE,TRUE,TRUE,15:29.4,30,Books
1426,Martin,Mcdonald,martin.mcdonald@hotmail.com,-6559,25:28.4,Low_Value,Push,36-45,Premium,71.65,0.88,FALSE,TRUE,FALSE,13:07.2,38,Beauty
1427,Kara,Morgan,karamorgan@hotmail.com,-10632,47:34.9,Medium_Value,Direct,46-55,High,190.66,0.57,TRUE,TRUE,FALSE,14:15.3,42,Home
1428,Lindsay,Mahoney,lindsay300@outlook.com,-4230,01:55.7,Medium_Value,Email,18-25,Low,199.37,0.62,TRUE,TRUE,FALSE,13:36.7,19,Books
1429,Vanessa,Cruz,vanessacruz@hotmail.com,-7943,22:30.4,Medium_Value,SMS,26-35,Low,178.69,0.51,TRUE,TRUE,FALSE,13:11.5,6,Beauty
1430,Brent,Thomas,brentthomas@outlook.com,-5852,19:44.9,High_Value,SMS,36-45,Premium,385.12,0.25,TRUE,TRUE,FALSE,15:50.7,15,Clothing
1431,Adrian,Johnson,adrian.johnson@yahoo.com,-10662,39:45.1,Medium_Value,SMS,36-45,Low,139.62,0.54,TRUE,FALSE,FALSE,,17,Electronics
1432,Lisa,Johnson,lisajohnson@gmail.com,-3432,40:54.7,Low_Value,Social,55+,Low,40.33,0.87,FALSE,FALSE,TRUE,14:58.4,32,Clothing
1433,Angelica,Chan,angelica.chan@gmail.com,-9947,31:24.7,Medium_Value,Email,55+,Low,130.1,0.7,TRUE,FALSE,TRUE,15:23.5,27,Sports
1434,Denise,Andrews,denise.andrews@gmail.com,-3896,37:04.6,High_Value,Direct,,Premium,352.89,0.28,FALSE,FALSE,TRUE,,3,Electronics
1435,Dominic,Cline,dominic.cline@outlook.com,-10038,10:24.0,Medium_Value,Push,46-55,High,197.76,0.54,FALSE,TRUE,TRUE,16:33.7,11,Home
1436,Kayla,Walker,kayla301@yahoo.com,-6336,00:38.5,New_Customer,Push,46-55,,83.13,0.56,FALSE,TRUE,TRUE,,12,Electronics
1437,Philip,Ward,philipward@hotmail.com,-8828,03:55.9,Medium_Value,Social,55+,Low,75.62,0.4,FALSE,TRUE,FALSE,18:35.8,6,Clothing
1438,Stacy,Mills,stacymills@yahoo.com,-7720,01:23.5,Medium_Value,Direct,46-55,Medium,136.55,0.45,TRUE,FALSE,TRUE,13:51.8,2,Electronics
1439,Sean,Crawford,sean624@gmail.com,-6168,18:24.9,Medium_Value,Push,36-45,High,192.91,0.58,FALSE,TRUE,TRUE,18:19.7,4,Books
1440,Savannah,Lowe,savannah455@gmail.com,-8847,22:48.1,Medium_Value,SMS,18-25,Low,179.74,0.64,FALSE,TRUE,TRUE,17:12.2,15,Books
1441,Tammy,Reynolds,tammy607@outlook.com,-6235,12:17.3,New_Customer,SMS,46-55,Premium,68.68,0.6,FALSE,FALSE,TRUE,15:52.1,1,Books
1442,Jacob,Smith,jacob839@hotmail.com,-2516,50:07.7,High_Value,Direct,36-45,Low,470.97,0.34,TRUE,FALSE,TRUE,,27,Sports
1443,Bobby,Anderson,bobby697@hotmail.com,-2418,48:24.5,Medium_Value,Direct,,Low,147,0.56,TRUE,FALSE,FALSE,15:07.9,44,Clothing
1444,Kyle,Morris,kylemorris@outlook.com,-5553,28:40.6,High_Value,Social,55+,Medium,339.46,0.37,TRUE,TRUE,FALSE,12:55.2,9,Home
1445,Gabriel,Lester,gabriel699@yahoo.com,-4097,58:05.2,Medium_Value,Push,46-55,Premium,143.47,0.59,TRUE,FALSE,TRUE,12:52.3,30,Clothing
1446,Lisa,Gill,lisa140@outlook.com,-10004,52:13.5,New_Customer,SMS,55+,Low,100.91,0.58,TRUE,TRUE,TRUE,,45,Books
1447,Calvin,Torres,calvintorres@gmail.com,-8999,16:46.3,High_Value,SMS,46-55,High,269.23,0.39,FALSE,TRUE,FALSE,13:25.1,45,Clothing
1448,Jason,Burke,jasonburke@yahoo.com,-7743,30:34.0,Low_Value,Push,36-45,Premium,29.72,0.8,FALSE,FALSE,FALSE,13:41.9,1,Clothing
1449,Sara,King,sara.king@outlook.com,-6920,32:50.3,New_Customer,Social,55+,Medium,124.25,0.65,FALSE,TRUE,FALSE,16:28.3,18,Electronics
1450,Bryan,Stephens,bryan.stephens@gmail.com,-2703,07:15.7,Low_Value,Social,46-55,Low,39.07,0.76,FALSE,TRUE,FALSE,,2,Books
1451,Raymond,Bradshaw,raymond.bradshaw@gmail.com,-3245,48:36.4,Medium_Value,Social,18-25,Low,122.38,0.48,TRUE,TRUE,FALSE,,15,Books
1452,Andre,Wilkerson,andre.wilkerson@gmail.com,-6346,43:50.9,Low_Value,Direct,18-25,Premium,70.98,0.84,FALSE,TRUE,TRUE,,5,Home
1453,Isaac,Edwards,isaac.edwards@gmail.com,-2887,13:56.9,Low_Value,Push,46-55,Medium,92.49,0.82,FALSE,FALSE,TRUE,,23,Beauty
1454,Shelby,Gonzales,shelby18@gmail.com,-2320,52:30.1,High_Value,Social,36-45,Medium,203.73,0.33,FALSE,FALSE,FALSE,15:01.7,31,Books
1455,Michael,Weaver,michael325@yahoo.com,-10367,11:46.0,High_Value,Email,55+,Medium,391.08,0.34,TRUE,TRUE,FALSE,13:59.7,33,Clothing
1456,Timothy,Holder,timothy681@outlook.com,-2294,09:42.5,High_Value,Push,46-55,High,338.51,0.36,FALSE,FALSE,TRUE,,35,Books
1457,Jennifer,Fuller,jennifer.fuller@gmail.com,-8940,27:10.5,High_Value,Email,46-55,,242.26,0.39,FALSE,TRUE,FALSE,,46,Electronics
1458,Theresa,Montgomery,theresa.montgomery@outlook.com,-5352,15:31.3,Medium_Value,SMS,46-55,Premium,188.14,0.4,FALSE,FALSE,FALSE,17:34.2,43,Electronics
1459,Theresa,Taylor,theresataylor@outlook.com,-9166,14:30.9,New_Customer,SMS,,Low,148.47,0.64,FALSE,FALSE,FALSE,13:54.6,35,Electronics
1460,Melissa,Mann,melissa.mann@yahoo.com,-8224,45:17.7,Medium_Value,Push,26-35,Premium,116.85,0.51,FALSE,TRUE,TRUE,15:55.5,12,Clothing
1461,Morgan,Wilson,morganwilson@yahoo.com,-11478,52:11.3,High_Value,SMS,46-55,,332.36,0.24,FALSE,FALSE,TRUE,,24,Sports
1462,Mariah,Foster,mariahfoster@outlook.com,-10815,09:22.8,Medium_Value,Email,36-45,Premium,164.56,0.46,TRUE,FALSE,FALSE,,9,Beauty
1463,Amanda,Moore,amanda.moore@hotmail.com,-3962,35:37.2,Medium_Value,Social,46-55,High,116.11,0.55,FALSE,FALSE,FALSE,18:07.9,42,Books
1464,Shane,Wells,shane213@gmail.com,-2616,31:32.5,New_Customer,SMS,36-45,Premium,118.09,0.74,FALSE,FALSE,FALSE,13:00.9,29,Electronics
1465,Christy,Reynolds,christy637@yahoo.com,-10779,25:57.3,New_Customer,Social,55+,High,74.46,0.63,TRUE,FALSE,TRUE,,40,Home
1466,Elizabeth,Flores,elizabethflores@yahoo.com,-2494,49:52.3,New_Customer,Social,36-45,Low,117.92,0.58,FALSE,TRUE,FALSE,15:39.3,32,Home
1467,Kylie,Atkinson,kylie.atkinson@outlook.com,-4177,59:43.1,Medium_Value,Social,36-45,High,122.14,0.44,FALSE,TRUE,TRUE,13:27.7,2,Beauty
1468,Norma,Lewis,norma472@hotmail.com,-9158,58:11.8,New_Customer,Direct,36-45,Premium,83.36,0.67,TRUE,FALSE,FALSE,16:59.0,41,Clothing
1469,Katherine,Campbell,katherinecampbell@yahoo.com,-4552,28:22.9,Low_Value,Direct,36-45,Medium,32.22,0.64,FALSE,TRUE,TRUE,12:43.6,11,Sports
1470,Brian,Fox,brianfox@outlook.com,-5058,32:33.8,High_Value,SMS,,Low,353.35,0.2,TRUE,TRUE,FALSE,13:57.6,32,Sports
1471,Jennifer,Williams,jennifer62@gmail.com,-2564,41:23.3,New_Customer,Social,46-55,Premium,62.66,0.59,FALSE,TRUE,FALSE,14:11.0,33,Beauty
1472,Jeremy,Brooks,jeremy517@yahoo.com,-11439,52:41.0,Low_Value,SMS,18-25,High,79.21,0.75,FALSE,TRUE,TRUE,14:47.7,17,Electronics
1473,Stacy,Ellis,stacyellis@gmail.com,-4214,02:53.5,Low_Value,Social,18-25,Medium,85.71,0.74,TRUE,TRUE,TRUE,,6,Books
1474,John,Smith,johnsmith@hotmail.com,-3576,18:04.4,New_Customer,Social,46-55,High,77.62,0.78,FALSE,TRUE,TRUE,14:34.4,45,Clothing
1475,William,Oneill,william.oneill@yahoo.com,-4210,41:47.6,Medium_Value,Direct,36-45,Medium,171.65,0.6,FALSE,FALSE,TRUE,16:04.3,29,Sports
1476,Austin,Graham,austingraham@yahoo.com,-5956,50:29.5,New_Customer,SMS,,High,149.91,0.57,FALSE,FALSE,TRUE,15:26.9,19,Sports
1477,Andrew,Carrillo,andrew254@hotmail.com,-3080,58:28.9,High_Value,Direct,55+,High,436.64,0.25,FALSE,FALSE,TRUE,15:00.9,38,Electronics
1478,Justin,Walker,justin130@gmail.com,-8465,31:05.9,Low_Value,Push,46-55,Medium,47.24,0.9,TRUE,FALSE,TRUE,18:28.3,15,Sports
1479,Melinda,Austin,melindaaustin@gmail.com,-3769,54:08.8,High_Value,SMS,46-55,Premium,472.24,0.2,FALSE,FALSE,TRUE,15:41.9,50,Clothing
1480,Jill,Sullivan,jillsullivan@hotmail.com,-5467,37:31.8,New_Customer,Push,36-45,Low,112.1,0.55,TRUE,TRUE,FALSE,16:11.8,46,Books
1481,Daniel,Rivera,daniel.rivera@outlook.com,-10712,57:58.5,Medium_Value,SMS,46-55,Premium,101.68,0.55,TRUE,FALSE,FALSE,15:45.7,4,Clothing
1482,Travis,Evans,travis.evans@outlook.com,-7093,08:19.5,High_Value,SMS,18-25,High,239.59,0.36,FALSE,TRUE,TRUE,18:18.7,50,Home
1483,Jenny,Robinson,jennyrobinson@yahoo.com,-10305,03:41.3,High_Value,SMS,55+,Premium,371.88,0.33,TRUE,FALSE,FALSE,,47,Books
1484,Angela,Clayton,angela457@gmail.com,-8359,00:38.5,Medium_Value,Email,46-55,,89.99,0.65,TRUE,TRUE,TRUE,,15,Clothing
1485,David,Le,david795@gmail.com,-4080,15:55.1,High_Value,Social,26-35,,212.02,0.36,TRUE,FALSE,TRUE,13:05.8,18,Beauty
1486,Dakota,Griffin,dakotagriffin@gmail.com,-7482,12:56.1,Medium_Value,Email,18-25,Medium,80.5,0.5,TRUE,TRUE,TRUE,15:54.6,14,Sports
1487,Patrick,Wright,patrick.wright@gmail.com,-2038,10:07.6,Low_Value,Push,55+,Medium,82.55,0.63,TRUE,FALSE,FALSE,17:58.5,15,Beauty
1488,John,Thompson,john.thompson@gmail.com,-7013,28:20.1,Low_Value,Direct,36-45,Medium,90.7,0.6,FALSE,TRUE,FALSE,15:43.4,46,Books
1489,Catherine,Guerra,catherine775@hotmail.com,-11652,00:30.6,Low_Value,Social,18-25,Low,88.68,0.9,TRUE,TRUE,FALSE,,3,Home
1490,Michelle,Ross,michelle.ross@outlook.com,-4215,46:16.5,New_Customer,Push,26-35,Medium,117.95,0.68,TRUE,FALSE,FALSE,,14,Beauty
1491,Elizabeth,Whitaker,elizabethwhitaker@outlook.com,-8317,07:45.6,Medium_Value,SMS,36-45,Low,115.67,0.43,FALSE,FALSE,TRUE,16:28.3,37,Sports
1492,Laura,Pennington,laura.pennington@gmail.com,-5454,57:05.0,High_Value,Social,46-55,Medium,472.72,0.23,FALSE,FALSE,TRUE,16:49.8,21,Home
1493,Kelly,Prince,kellyprince@gmail.com,-8138,12:29.9,Low_Value,SMS,46-55,,45.93,0.74,FALSE,FALSE,TRUE,14:34.7,31,Beauty
1494,Patrick,Watson,patrick.watson@outlook.com,-8506,44:19.6,New_Customer,Push,26-35,Low,110.38,0.59,TRUE,TRUE,TRUE,,33,Clothing
1495,Shawn,Peters,shawn.peters@hotmail.com,-10190,31:01.9,Low_Value,Social,46-55,Premium,47.48,0.76,FALSE,FALSE,FALSE,13:48.9,33,Home
1496,Nancy,Murphy,nancy.murphy@gmail.com,-8311,10:29.1,New_Customer,SMS,,Premium,31.02,0.54,FALSE,FALSE,TRUE,12:51.7,29,Clothing
1497,Emily,Miller,emily.miller@gmail.com,-10349,26:58.5,New_Customer,Direct,55+,Premium,44.62,0.5,TRUE,FALSE,FALSE,15:54.6,42,Electronics
1498,Paul,Powell,paul794@outlook.com,-4383,47:42.0,Medium_Value,Push,,,99.42,0.59,FALSE,TRUE,TRUE,13:03.8,26,Electronics
1499,Andrea,Macias,andrea.macias@yahoo.com,-10721,14:08.6,New_Customer,Social,55+,Low,65.88,0.6,FALSE,TRUE,TRUE,18:09.1,33,Clothing
1500,Joshua,Thomas,joshuathomas@gmail.com,-3998,04:14.1,New_Customer,Email,55+,High,141.31,0.67,TRUE,TRUE,TRUE,17:51.4,8,Home
1501,Marc,Richardson,marc909@outlook.com,-5013,30:57.3,Low_Value,SMS,36-45,,27.56,0.62,TRUE,FALSE,TRUE,18:33.5,50,Beauty
1502,Joshua,Reyes,joshua.reyes@gmail.com,-2657,56:11.0,High_Value,SMS,55+,Low,202.92,0.34,TRUE,FALSE,TRUE,,8,Clothing
1503,Anita,Raymond,anita132@outlook.com,-10832,01:37.6,Medium_Value,Social,26-35,High,157.71,0.69,FALSE,FALSE,FALSE,18:29.9,21,Home
1504,Wendy,Sandoval,wendysandoval@hotmail.com,-11590,58:59.0,High_Value,Social,,High,363.61,0.36,FALSE,TRUE,TRUE,16:53.0,35,Books
1505,Tony,Prince,tony663@hotmail.com,-6289,24:57.4,Low_Value,Direct,55+,High,65.89,0.78,TRUE,FALSE,FALSE,13:03.5,48,Clothing
1506,Kevin,Bautista,kevinbautista@hotmail.com,-8739,25:59.5,Low_Value,Push,55+,,73.04,0.78,FALSE,FALSE,FALSE,13:46.7,11,Clothing
1507,Ricky,Davis,ricky.davis@outlook.com,-7125,03:48.3,High_Value,Email,,Premium,407.98,0.29,TRUE,TRUE,FALSE,17:15.0,30,Clothing
1508,Maria,Clark,maria.clark@yahoo.com,-9723,20:04.5,New_Customer,Social,55+,Medium,142.49,0.66,FALSE,FALSE,TRUE,16:34.9,40,Home
1509,Lisa,White,lisawhite@hotmail.com,-7358,15:01.1,High_Value,Direct,55+,High,190.25,0.3,FALSE,FALSE,FALSE,,30,Home
1510,Nathan,Lester,nathanlester@hotmail.com,-7771,37:39.7,New_Customer,Email,46-55,Premium,107.57,0.61,TRUE,TRUE,TRUE,17:32.2,13,Books
1511,Ashley,Brown,ashley873@outlook.com,-9207,32:57.2,High_Value,Social,18-25,Premium,175.7,0.32,TRUE,FALSE,TRUE,14:02.5,20,Home
1512,Erica,Walker,erica279@hotmail.com,-2720,31:14.7,New_Customer,SMS,36-45,Premium,115.52,0.52,TRUE,FALSE,FALSE,15:30.5,23,Sports
1513,Mark,Arnold,markarnold@outlook.com,-9948,23:52.8,High_Value,SMS,18-25,Low,493.71,0.27,FALSE,FALSE,TRUE,18:32.2,2,Electronics
1514,James,Crosby,james750@gmail.com,-8535,52:35.5,New_Customer,Push,36-45,Low,104.57,0.54,TRUE,FALSE,FALSE,,18,Electronics
1515,Amy,Skinner,amy.skinner@gmail.com,-5581,36:27.6,New_Customer,Email,26-35,Low,98.93,0.79,TRUE,FALSE,FALSE,13:57.2,18,Home
1516,Samuel,Lewis,samuel662@gmail.com,-2041,52:57.8,High_Value,SMS,18-25,Premium,416.94,0.28,TRUE,FALSE,TRUE,15:56.6,8,Beauty
1517,Mario,Washington,mario.washington@yahoo.com,-3824,28:46.4,High_Value,Social,,Premium,457.94,0.38,FALSE,TRUE,FALSE,17:42.0,40,Sports
1518,Timothy,Gutierrez,timothygutierrez@outlook.com,-7239,01:25.3,New_Customer,Social,55+,Low,47.87,0.69,FALSE,TRUE,FALSE,17:59.1,15,Beauty
1519,Sarah,Schneider,sarahschneider@gmail.com,-8543,14:10.7,Low_Value,Direct,55+,Premium,79.99,0.88,TRUE,FALSE,FALSE,12:54.1,40,Beauty
1520,Lee,Johnson,lee.johnson@outlook.com,-8229,07:13.0,Medium_Value,Push,36-45,Low,113.36,0.62,FALSE,FALSE,TRUE,17:42.2,0,Books
1521,Donna,Klein,donna.klein@outlook.com,-10816,50:43.7,Medium_Value,Direct,18-25,High,98.32,0.42,TRUE,TRUE,FALSE,,7,Electronics
1522,Michael,Bell,michaelbell@gmail.com,-5196,55:37.8,New_Customer,Direct,36-45,Low,69.29,0.71,FALSE,FALSE,FALSE,17:59.2,48,Beauty
1523,Michelle,Rivera,michellerivera@gmail.com,-7406,34:37.4,Medium_Value,Push,36-45,High,131.77,0.55,TRUE,TRUE,TRUE,17:28.1,50,Books
1524,Howard,Roberts,howard.roberts@outlook.com,-8997,54:05.8,Low_Value,Social,18-25,Premium,86.3,0.64,FALSE,FALSE,FALSE,14:19.6,1,Sports
1525,Joyce,Williams,joycewilliams@outlook.com,-2059,24:13.6,Low_Value,Direct,18-25,Medium,60.13,0.75,FALSE,FALSE,FALSE,,18,Clothing
1526,Chelsea,Edwards,chelseaedwards@outlook.com,-5690,44:44.1,Medium_Value,Direct,46-55,Low,89.55,0.54,TRUE,TRUE,FALSE,15:26.3,26,Beauty
1527,Natalie,Lambert,natalie860@yahoo.com,-4002,57:19.2,Medium_Value,SMS,,Medium,113.82,0.59,FALSE,TRUE,TRUE,18:37.6,15,Beauty
1528,Scott,Green,scott410@outlook.com,-7041,35:38.0,Medium_Value,SMS,36-45,Medium,144.86,0.41,FALSE,TRUE,TRUE,15:15.2,34,Beauty
1529,Matthew,Walker,matthewwalker@yahoo.com,-6235,55:38.7,High_Value,SMS,36-45,Premium,259.78,0.34,TRUE,FALSE,FALSE,13:26.9,9,Sports
1530,Philip,Goodwin,philip.goodwin@outlook.com,-6505,34:50.9,New_Customer,SMS,55+,Medium,138.25,0.66,TRUE,TRUE,FALSE,,31,Electronics
1531,Joanna,Kennedy,joanna.kennedy@gmail.com,-10432,20:43.9,Low_Value,Push,26-35,High,75.89,0.9,FALSE,FALSE,TRUE,13:58.7,9,Books
1532,Gregory,Ryan,gregory495@gmail.com,-10198,13:30.8,High_Value,SMS,55+,Medium,361.58,0.27,FALSE,TRUE,FALSE,15:12.6,27,Home
1533,Douglas,Kelley,douglaskelley@hotmail.com,-10247,05:12.1,Low_Value,SMS,26-35,Premium,50.37,0.87,TRUE,TRUE,TRUE,16:33.7,22,Beauty
1534,Xavier,Green,xavier.green@yahoo.com,-3377,57:26.2,Low_Value,SMS,26-35,Low,96.96,0.81,FALSE,TRUE,FALSE,18:32.7,35,Sports
1535,Holly,Ball,holly945@hotmail.com,-3563,51:38.3,New_Customer,Social,36-45,Medium,56.99,0.52,FALSE,TRUE,TRUE,14:17.5,18,Clothing
1536,Dominique,Webster,dominique.webster@gmail.com,-5536,26:35.9,High_Value,Email,26-35,Medium,277.85,0.23,FALSE,FALSE,FALSE,18:17.2,31,Beauty
1537,Miguel,Patterson,miguel.patterson@gmail.com,-6870,53:28.6,High_Value,Email,26-35,Low,389.03,0.24,FALSE,FALSE,TRUE,13:31.4,49,Clothing
1538,Kevin,Choi,kevin.choi@gmail.com,-7480,08:47.8,Low_Value,Social,18-25,Low,32.54,0.73,TRUE,FALSE,TRUE,13:08.7,39,Clothing
1539,Shane,Hall,shane.hall@outlook.com,-6184,25:22.1,New_Customer,Email,55+,High,70.25,0.75,TRUE,TRUE,FALSE,18:01.6,48,Books
1540,Kristen,Fisher,kristenfisher@outlook.com,-6969,59:54.4,New_Customer,SMS,55+,Premium,94.33,0.6,FALSE,FALSE,FALSE,13:40.6,0,Clothing
1541,Claudia,Gutierrez,claudia.gutierrez@gmail.com,-8847,00:32.7,Medium_Value,Push,,Premium,159.03,0.54,TRUE,TRUE,FALSE,15:43.7,27,Home
1542,Michael,Carroll,michaelcarroll@gmail.com,-9691,49:51.6,Medium_Value,Email,55+,Medium,83.63,0.51,TRUE,FALSE,TRUE,13:46.6,32,Electronics
1543,Brian,White,brianwhite@outlook.com,-5940,39:31.8,New_Customer,Push,55+,Low,50.12,0.67,FALSE,TRUE,FALSE,,16,Electronics
1544,Mark,Hernandez,mark101@gmail.com,-5819,13:37.9,New_Customer,Email,36-45,Premium,138.46,0.58,FALSE,TRUE,TRUE,18:42.6,25,Beauty
1545,Kevin,Rodriguez,kevin.rodriguez@yahoo.com,-4097,16:06.5,New_Customer,Social,36-45,Low,94.14,0.53,FALSE,TRUE,TRUE,16:42.7,16,Clothing
1546,Annette,Williams,annettewilliams@outlook.com,-11131,06:33.1,Medium_Value,SMS,18-25,Low,77.94,0.51,FALSE,FALSE,FALSE,,8,Beauty
1547,Karen,Anderson,karen.anderson@yahoo.com,-3381,36:26.3,Medium_Value,Email,55+,Medium,198.76,0.56,FALSE,FALSE,TRUE,13:35.3,46,Beauty
1548,Derrick,Forbes,derrick.forbes@hotmail.com,-8974,55:59.4,Low_Value,Push,55+,Premium,52.74,0.64,FALSE,FALSE,FALSE,,12,Electronics
1549,David,Williams,david297@gmail.com,-4639,39:10.2,Low_Value,Email,55+,High,69.6,0.8,FALSE,TRUE,TRUE,16:20.3,18,Sports
1550,Kathy,Jones,kathyjones@outlook.com,-6851,21:52.5,High_Value,Direct,18-25,Medium,323.76,0.28,TRUE,FALSE,FALSE,15:24.3,24,Books
1551,Brenda,Underwood,brenda.underwood@gmail.com,-8747,34:32.5,New_Customer,Email,55+,,120.69,0.71,FALSE,FALSE,FALSE,17:31.7,15,Electronics
1552,Adam,Stephens,adam377@yahoo.com,-7637,52:12.3,Low_Value,Direct,36-45,Premium,88.5,0.7,TRUE,TRUE,FALSE,17:14.3,48,Home
1553,Kelli,Goodwin,kelli.goodwin@yahoo.com,-7616,56:22.2,Low_Value,Social,36-45,,35.04,0.68,TRUE,FALSE,FALSE,14:13.4,15,Electronics
1554,Taylor,Taylor,taylortaylor@gmail.com,-7664,49:55.3,High_Value,Social,46-55,Premium,445.54,0.32,TRUE,TRUE,FALSE,16:00.7,44,Home
1555,Mark,Marsh,mark870@yahoo.com,-7104,03:40.0,Medium_Value,Push,,,104.36,0.64,FALSE,TRUE,TRUE,18:11.7,46,Clothing
1556,Thomas,Hill,thomas.hill@outlook.com,-6322,34:48.0,New_Customer,Direct,46-55,Premium,129.88,0.78,TRUE,FALSE,TRUE,,18,Clothing
1557,Mikayla,Hudson,mikaylahudson@yahoo.com,-8442,50:12.9,High_Value,Push,55+,Premium,312.53,0.28,TRUE,TRUE,TRUE,17:03.9,37,Clothing
1558,Oscar,Davis,oscardavis@gmail.com,-4992,35:16.8,Low_Value,Email,36-45,Low,61.52,0.88,FALSE,FALSE,TRUE,13:58.1,33,Clothing
1559,Brenda,Potts,brenda938@hotmail.com,-10139,54:55.4,New_Customer,SMS,46-55,Premium,33.01,0.59,FALSE,TRUE,TRUE,12:58.3,32,Electronics
1560,Paige,Davis,paigedavis@yahoo.com,-10994,15:28.8,Medium_Value,Direct,55+,Low,88.59,0.5,TRUE,FALSE,TRUE,13:49.9,10,Home
1561,Kenneth,Johnson,kennethjohnson@hotmail.com,-10828,23:24.0,New_Customer,Email,46-55,Low,47.1,0.75,TRUE,FALSE,TRUE,16:43.8,11,Books
1562,Devon,Neal,devon.neal@outlook.com,-4641,16:51.4,High_Value,Direct,46-55,Premium,406.5,0.24,FALSE,TRUE,TRUE,,48,Electronics
1563,Heather,Davis,heather706@hotmail.com,-4316,44:42.0,High_Value,Direct,26-35,Medium,443.77,0.28,TRUE,TRUE,TRUE,15:57.0,10,Electronics
1564,Chris,Lee,chris.lee@yahoo.com,-8782,29:36.7,Low_Value,SMS,55+,Low,84.13,0.66,FALSE,FALSE,TRUE,13:17.6,7,Sports
1565,Jay,Hoffman,jay.hoffman@hotmail.com,-6863,26:02.7,Low_Value,Push,55+,High,83.79,0.89,TRUE,TRUE,TRUE,14:05.2,44,Electronics
1566,Mark,Russell,mark.russell@yahoo.com,-6659,15:21.8,Low_Value,Social,,High,78.44,0.62,FALSE,FALSE,TRUE,15:51.8,46,Books
1567,Amanda,Edwards,amandaedwards@yahoo.com,-9875,40:51.7,High_Value,Social,36-45,Premium,296.85,0.22,TRUE,FALSE,TRUE,13:18.2,21,Books
1568,Angela,Bennett,angelabennett@gmail.com,-4782,17:42.8,Medium_Value,Email,36-45,Medium,113.85,0.49,FALSE,FALSE,TRUE,12:59.8,23,Beauty
1569,Zachary,Moreno,zachary436@yahoo.com,-10697,19:50.7,Medium_Value,Social,18-25,High,172.5,0.59,FALSE,FALSE,FALSE,,42,Beauty
1570,Michelle,Bullock,michelle551@yahoo.com,-5508,23:54.1,New_Customer,Push,55+,Low,88.29,0.57,FALSE,TRUE,TRUE,14:17.5,50,Books
1571,Sabrina,Webb,sabrina627@hotmail.com,-5071,19:49.2,High_Value,Email,26-35,Medium,432.04,0.36,FALSE,FALSE,TRUE,16:07.2,31,Home
1572,Angela,Smith,angelasmith@gmail.com,-9923,06:14.3,Medium_Value,SMS,26-35,Medium,179.25,0.55,TRUE,TRUE,TRUE,16:29.1,17,Books
1573,Jill,Navarro,jill17@yahoo.com,-7779,54:24.9,Low_Value,Direct,,Medium,39.09,0.7,TRUE,FALSE,TRUE,13:32.6,13,Sports
1574,Michelle,Stephens,michellestephens@hotmail.com,-10123,15:51.7,Medium_Value,Social,36-45,Premium,80.26,0.65,FALSE,FALSE,FALSE,16:25.9,12,Books
1575,Robert,Kennedy,robert.kennedy@outlook.com,-10541,34:33.6,High_Value,Social,18-25,Premium,422.03,0.21,TRUE,TRUE,TRUE,17:33.6,15,Clothing
1576,Joseph,Brown,joseph12@yahoo.com,-3529,39:18.6,High_Value,Email,36-45,High,164.75,0.29,FALSE,FALSE,TRUE,14:47.0,7,Clothing
1577,Lisa,Rose,lisarose@gmail.com,-4859,13:06.9,High_Value,SMS,55+,Premium,365.69,0.22,FALSE,TRUE,FALSE,15:46.8,33,Sports
1578,Christy,Murray,christy610@hotmail.com,-8684,46:43.9,Low_Value,Social,26-35,High,39.38,0.84,TRUE,FALSE,TRUE,14:33.4,49,Electronics
1579,Stacey,Rivera,stacey.rivera@hotmail.com,-3354,21:48.0,High_Value,Direct,55+,High,375.83,0.21,FALSE,FALSE,FALSE,15:07.7,26,Clothing
1580,Christina,Brown,christina171@hotmail.com,-7333,27:22.5,New_Customer,SMS,55+,Low,61.99,0.76,FALSE,FALSE,FALSE,15:32.6,17,Sports
1581,Benjamin,Long,benjamin960@hotmail.com,-5695,30:34.1,Medium_Value,SMS,,Premium,166.9,0.62,TRUE,FALSE,TRUE,17:10.9,15,Electronics
1582,Theresa,Evans,theresa.evans@gmail.com,-1735,39:04.4,New_Customer,Email,18-25,Premium,104.24,0.67,FALSE,FALSE,TRUE,13:31.3,22,Clothing
1583,David,Murphy,davidmurphy@yahoo.com,-10014,55:31.4,High_Value,Social,46-55,High,305.7,0.22,TRUE,FALSE,TRUE,13:22.2,17,Home
1584,Stephen,Campbell,stephen.campbell@yahoo.com,-6848,49:33.3,Low_Value,Direct,36-45,Low,92.57,0.8,FALSE,FALSE,TRUE,13:55.3,41,Clothing
1585,David,Thomas,david.thomas@outlook.com,-5522,44:18.9,High_Value,Push,46-55,Premium,431.26,0.32,FALSE,TRUE,TRUE,17:03.1,50,Sports
1586,Brandi,Nielsen,brandinielsen@gmail.com,-5109,36:42.1,Low_Value,Push,36-45,High,46.98,0.61,FALSE,TRUE,FALSE,17:51.7,46,Home
1587,Scott,Perez,scott.perez@yahoo.com,-10374,42:08.7,Low_Value,Push,18-25,Premium,52.41,0.6,TRUE,TRUE,TRUE,15:46.9,27,Electronics
1588,Johnathan,Burnett,johnathan.burnett@hotmail.com,-3223,26:42.7,Low_Value,Direct,18-25,Medium,39.3,0.71,FALSE,TRUE,TRUE,,10,Clothing
1589,Whitney,Norton,whitney153@outlook.com,-6921,42:23.3,New_Customer,SMS,46-55,High,89.61,0.79,FALSE,TRUE,TRUE,13:52.6,36,Electronics
1590,Alison,Lindsey,alisonlindsey@gmail.com,-5105,07:41.9,New_Customer,Direct,46-55,Premium,84.96,0.59,FALSE,FALSE,TRUE,,31,Beauty
1591,Rhonda,Conway,rhonda.conway@yahoo.com,-5514,01:55.6,New_Customer,Social,36-45,Medium,61.3,0.5,FALSE,FALSE,TRUE,13:00.1,16,Electronics
1592,Jessica,Jones,jessicajones@outlook.com,-3486,57:35.2,High_Value,Social,26-35,Premium,282.16,0.37,FALSE,FALSE,TRUE,15:19.3,15,Electronics
1593,Stephen,Miller,stephen.miller@hotmail.com,-6821,47:05.1,New_Customer,SMS,18-25,High,109.07,0.6,FALSE,FALSE,TRUE,18:17.1,24,Electronics
1594,Ronald,Owens,ronaldowens@outlook.com,-9331,27:15.3,New_Customer,SMS,36-45,Low,71.21,0.65,FALSE,FALSE,TRUE,13:29.1,0,Beauty
1595,Elizabeth,Goodwin,elizabeth.goodwin@hotmail.com,-3383,45:42.7,Low_Value,Push,46-55,Medium,65.59,0.7,FALSE,TRUE,FALSE,,7,Electronics
1596,Lindsay,King,lindsayking@yahoo.com,-9375,20:41.6,High_Value,Direct,18-25,Low,299.83,0.36,TRUE,FALSE,TRUE,15:57.7,6,Electronics
1597,Kyle,Rodriguez,kyle997@yahoo.com,-6498,29:34.2,Medium_Value,Social,36-45,Premium,160.72,0.62,FALSE,FALSE,TRUE,,4,Home
1598,Felicia,George,felicia.george@outlook.com,-9563,56:43.3,New_Customer,Direct,18-25,Low,92.81,0.6,TRUE,FALSE,TRUE,17:23.7,17,Books
1599,Allen,Mason,allen.mason@outlook.com,-2219,33:36.9,Low_Value,SMS,36-45,Low,53.71,0.65,FALSE,FALSE,TRUE,16:56.0,20,Books
1600,William,Sullivan,william147@hotmail.com,-8434,01:37.3,Low_Value,Direct,26-35,High,25.18,0.6,FALSE,TRUE,TRUE,,50,Sports
1601,Nicholas,Bishop,nicholasbishop@hotmail.com,-7063,35:14.9,Low_Value,SMS,18-25,Low,49.14,0.67,TRUE,FALSE,TRUE,16:50.1,40,Clothing
1602,Bailey,Lucas,bailey205@hotmail.com,-3605,04:22.2,Low_Value,SMS,18-25,Premium,36.17,0.8,TRUE,FALSE,FALSE,16:31.8,5,Books
1603,April,Mendoza,april.mendoza@hotmail.com,-5729,44:57.3,High_Value,Email,18-25,Medium,232.56,0.35,FALSE,TRUE,FALSE,15:56.0,37,Sports
1604,Jerry,Knight,jerry.knight@yahoo.com,-2787,21:25.2,High_Value,Social,36-45,Low,224.53,0.34,FALSE,TRUE,FALSE,17:51.1,9,Clothing
1605,Corey,Murray,corey.murray@yahoo.com,-6637,47:54.1,High_Value,Email,36-45,,181.67,0.23,TRUE,FALSE,TRUE,14:12.1,15,Books
1606,Dawn,King,dawn677@yahoo.com,-2536,53:11.0,Low_Value,Direct,36-45,Premium,70.37,0.6,FALSE,FALSE,FALSE,,35,Books
1607,Roger,Hayden,roger788@hotmail.com,-3296,07:21.1,New_Customer,SMS,55+,Low,142.44,0.6,FALSE,TRUE,TRUE,15:41.9,30,Electronics
1608,Malik,Gallagher,malik939@yahoo.com,-7140,24:02.3,Low_Value,Email,36-45,Premium,41.02,0.84,FALSE,TRUE,TRUE,13:05.5,14,Electronics
1609,Angela,Lowe,angelalowe@hotmail.com,-6089,10:17.2,New_Customer,Direct,55+,Premium,52.62,0.66,FALSE,TRUE,TRUE,16:10.6,19,Books
1610,Rebekah,Novak,rebekahnovak@gmail.com,-10839,51:17.2,New_Customer,Push,18-25,Premium,75.45,0.7,TRUE,FALSE,FALSE,12:55.0,29,Clothing
1611,Stephen,Bailey,stephenbailey@outlook.com,-9206,01:32.6,New_Customer,Social,18-25,Medium,88.71,0.63,TRUE,TRUE,FALSE,17:26.8,13,Clothing
1612,Kevin,White,kevin927@gmail.com,-10627,16:20.7,Low_Value,Direct,,Premium,32.1,0.64,FALSE,FALSE,FALSE,,14,Books
1613,Jonathan,Turner,jonathanturner@hotmail.com,-9443,51:45.1,Low_Value,Social,55+,,89.25,0.63,TRUE,TRUE,TRUE,13:18.0,10,Electronics
1614,Nathan,Luna,nathan.luna@outlook.com,-4732,27:53.8,Medium_Value,Social,,Premium,88.72,0.42,FALSE,FALSE,FALSE,17:36.7,26,Clothing
1615,Matthew,Flowers,matthewflowers@gmail.com,-3158,22:28.4,New_Customer,Social,26-35,High,75.13,0.62,FALSE,TRUE,TRUE,,1,Sports
1616,Gregory,Ortiz,gregory.ortiz@yahoo.com,-9553,13:58.2,High_Value,SMS,36-45,Low,253.17,0.27,FALSE,TRUE,FALSE,,39,Beauty
1617,Tammy,Martinez,tammy202@hotmail.com,-5224,48:59.0,Medium_Value,Push,26-35,Premium,109.95,0.6,FALSE,FALSE,TRUE,13:24.1,37,Clothing
1618,Tyler,Adams,tyler546@gmail.com,-9705,22:06.9,High_Value,Direct,46-55,Low,219.96,0.31,TRUE,FALSE,FALSE,,9,Electronics
1619,Angela,Olson,angela402@hotmail.com,-3799,22:51.7,New_Customer,SMS,26-35,,129.25,0.66,TRUE,FALSE,FALSE,15:42.7,27,Clothing
1620,Xavier,Scott,xavier.scott@outlook.com,-10450,06:08.0,New_Customer,Direct,18-25,High,47.34,0.61,FALSE,FALSE,TRUE,13:42.2,41,Electronics
1621,William,Wells,william908@gmail.com,-5676,13:56.1,New_Customer,Social,36-45,Low,106.49,0.55,FALSE,TRUE,FALSE,17:30.7,5,Home
1622,Heather,Young,heather.young@outlook.com,-7327,51:18.5,Low_Value,Email,36-45,Medium,56.05,0.81,FALSE,FALSE,FALSE,,8,Home
1623,Michael,Watson,michaelwatson@yahoo.com,-5550,09:58.4,High_Value,Push,36-45,,218.86,0.23,FALSE,FALSE,FALSE,,32,Electronics
1624,Cesar,Cooper,cesar445@yahoo.com,-2438,20:35.4,Medium_Value,Social,,Medium,83.09,0.41,TRUE,FALSE,TRUE,18:37.0,0,Beauty
1625,Lauren,Beltran,lauren709@gmail.com,-11179,36:56.1,New_Customer,SMS,36-45,Premium,34.4,0.54,FALSE,TRUE,FALSE,,29,Beauty
1626,Robert,Saunders,robert48@yahoo.com,-2643,13:51.3,Low_Value,Direct,36-45,High,90.97,0.61,TRUE,TRUE,TRUE,13:42.2,27,Books
1627,Jean,Kelly,jean129@gmail.com,-11631,15:16.2,Medium_Value,Email,18-25,Premium,103.13,0.45,TRUE,FALSE,FALSE,15:51.4,38,Sports
1628,William,Forbes,william11@outlook.com,-8698,30:56.0,Low_Value,Email,26-35,Low,30.62,0.65,FALSE,FALSE,FALSE,16:45.6,33,Books
1629,Dana,Garcia,dana6@yahoo.com,-9316,51:30.4,New_Customer,Direct,46-55,Low,43.2,0.79,FALSE,FALSE,TRUE,17:59.6,6,Beauty
1630,Jennifer,Ingram,jennifer548@yahoo.com,-10852,03:45.2,Low_Value,Social,46-55,Medium,97.61,0.61,FALSE,TRUE,TRUE,14:55.6,24,Electronics
1631,Anthony,Tate,anthony507@hotmail.com,-9504,45:29.0,Medium_Value,Direct,26-35,Low,187.74,0.56,FALSE,TRUE,FALSE,14:56.5,42,Electronics
1632,Keith,Franco,keithfranco@hotmail.com,-5898,02:04.1,Low_Value,Direct,18-25,Premium,82.12,0.8,TRUE,TRUE,FALSE,16:12.2,8,Electronics
1633,Jeremy,Williams,jeremy.williams@gmail.com,-10065,48:05.9,High_Value,Direct,18-25,High,415.06,0.2,TRUE,FALSE,FALSE,16:12.0,15,Beauty
1634,Frank,Richardson,frankrichardson@outlook.com,-4438,24:55.8,Medium_Value,Direct,18-25,Premium,164.34,0.42,FALSE,FALSE,TRUE,16:05.5,4,Clothing
1635,Thomas,Cross,thomascross@gmail.com,-3313,53:32.2,Low_Value,Push,46-55,Low,97.45,0.82,TRUE,TRUE,FALSE,14:24.8,34,Books
1636,Candice,Howard,candicehoward@yahoo.com,-9281,07:43.8,Low_Value,Email,26-35,Premium,68.57,0.66,TRUE,TRUE,FALSE,14:35.7,1,Books
1637,Melissa,Jones,melissajones@gmail.com,-4606,01:07.6,New_Customer,Social,36-45,High,83.76,0.64,TRUE,TRUE,FALSE,13:19.7,43,Clothing
1638,Tracy,Lee,tracylee@hotmail.com,-7750,30:20.7,High_Value,SMS,55+,High,299.11,0.27,TRUE,TRUE,TRUE,16:14.5,2,Clothing
1639,Natalie,Munoz,nataliemunoz@hotmail.com,-9379,18:00.4,Low_Value,Email,18-25,High,53.78,0.83,TRUE,FALSE,TRUE,15:46.6,45,Electronics
1640,Kelsey,Barrett,kelsey9@gmail.com,-9991,06:30.0,New_Customer,Push,,Premium,46.77,0.51,TRUE,FALSE,TRUE,14:49.2,31,Beauty
1641,Denise,Walker,denise318@hotmail.com,-8554,46:12.9,Medium_Value,Email,55+,Low,81.07,0.44,TRUE,TRUE,TRUE,15:27.7,34,Clothing
1642,Jacqueline,Williams,jacqueline463@gmail.com,-7372,38:23.1,Medium_Value,Push,46-55,,196.55,0.4,TRUE,FALSE,TRUE,16:22.9,42,Sports
1643,Garrett,Henderson,garretthenderson@yahoo.com,-5392,26:01.4,Medium_Value,SMS,55+,High,93.57,0.56,TRUE,TRUE,FALSE,16:09.3,8,Home
1644,Pamela,Morgan,pamela.morgan@outlook.com,-9780,13:10.1,New_Customer,SMS,46-55,Premium,66.82,0.64,FALSE,FALSE,TRUE,18:39.6,5,Home
1645,Shane,Wright,shane860@outlook.com,-3668,07:23.0,New_Customer,Email,,Premium,46.79,0.66,FALSE,TRUE,FALSE,16:07.1,37,Beauty
1646,Natasha,Hall,natashahall@yahoo.com,-9300,37:02.3,High_Value,SMS,,Medium,287.08,0.24,FALSE,FALSE,TRUE,17:53.2,44,Sports
1647,Lonnie,Goodman,lonnie107@outlook.com,-6039,51:56.8,High_Value,Social,18-25,Low,468.33,0.37,FALSE,FALSE,TRUE,13:34.2,19,Beauty
1648,Rodney,Rodriguez,rodney612@gmail.com,-3467,34:51.3,Low_Value,Social,36-45,High,56.78,0.68,TRUE,FALSE,TRUE,15:30.6,7,Home
1649,Keith,Smith,keithsmith@gmail.com,-8740,04:03.3,Low_Value,Direct,36-45,Medium,42.57,0.62,FALSE,FALSE,FALSE,18:38.1,29,Beauty
1650,Laura,Dennis,laura.dennis@outlook.com,-2380,02:02.1,Medium_Value,Social,26-35,High,109.58,0.46,TRUE,TRUE,FALSE,13:15.9,10,Beauty
1651,Shannon,Reid,shannon462@yahoo.com,-10793,24:17.6,New_Customer,SMS,26-35,Medium,60.77,0.67,FALSE,FALSE,FALSE,,5,Clothing
1652,Trevor,Morton,trevor.morton@yahoo.com,-3469,30:15.1,Medium_Value,Direct,36-45,Premium,166.95,0.52,TRUE,TRUE,TRUE,16:31.2,15,Books
1653,Richard,Bishop,richard.bishop@gmail.com,-10210,25:51.1,New_Customer,Push,46-55,Medium,56.2,0.55,FALSE,TRUE,TRUE,14:45.9,19,Books
1654,Michael,King,michael407@gmail.com,-9796,15:26.8,Low_Value,Email,55+,Medium,71.12,0.88,FALSE,TRUE,TRUE,12:47.0,43,Beauty
1655,Sarah,Dillon,sarah.dillon@yahoo.com,-7343,52:26.3,Low_Value,Email,18-25,High,53.32,0.64,FALSE,FALSE,FALSE,17:50.5,23,Electronics
1656,Leslie,Graham,leslie.graham@gmail.com,-10343,42:48.4,New_Customer,Direct,18-25,Medium,108.25,0.78,TRUE,TRUE,TRUE,16:21.0,12,Sports
1657,Chris,Barrett,chris109@yahoo.com,-3210,33:36.6,Medium_Value,Direct,26-35,High,142.63,0.63,TRUE,FALSE,FALSE,13:45.2,30,Beauty
1658,Lisa,Elliott,lisa905@hotmail.com,-9129,52:32.5,Medium_Value,SMS,55+,High,147.03,0.41,TRUE,TRUE,TRUE,,38,Home
1659,Shawn,Santos,shawnsantos@hotmail.com,-9833,44:31.5,Medium_Value,Direct,18-25,Low,159.63,0.69,TRUE,FALSE,TRUE,17:47.2,33,Electronics
1660,Mark,Taylor,mark.taylor@gmail.com,-4231,46:12.7,High_Value,Push,55+,Medium,217.05,0.25,TRUE,TRUE,FALSE,18:02.8,33,Electronics
1661,Kelsey,Garcia,kelsey.garcia@outlook.com,-5429,28:21.5,High_Value,Direct,26-35,High,387.36,0.22,FALSE,TRUE,TRUE,,17,Beauty
1662,Charles,Lin,charles424@hotmail.com,-4685,43:39.5,New_Customer,Email,55+,Medium,76.09,0.6,FALSE,TRUE,TRUE,,3,Clothing
1663,Randy,Mitchell,randy.mitchell@gmail.com,-7685,50:13.2,Low_Value,SMS,18-25,High,31.89,0.82,TRUE,TRUE,FALSE,12:57.6,3,Books
1664,William,Smith,william.smith@yahoo.com,-4004,58:58.0,High_Value,Direct,36-45,High,327,0.33,FALSE,TRUE,FALSE,14:42.7,16,Sports
1665,Thomas,Reilly,thomas.reilly@yahoo.com,-9161,31:12.3,High_Value,Push,46-55,Premium,390.22,0.21,TRUE,FALSE,TRUE,,9,Home
1666,Terry,Stein,terry.stein@gmail.com,-2683,21:32.6,New_Customer,Email,46-55,Premium,92.29,0.66,FALSE,TRUE,TRUE,17:00.6,16,Books
1667,Lisa,Allen,lisa678@outlook.com,-10266,28:37.6,High_Value,Direct,18-25,High,432.86,0.22,FALSE,TRUE,FALSE,16:48.2,11,Clothing
1668,David,Hill,david463@outlook.com,-9298,53:15.9,Medium_Value,Social,18-25,Premium,194.73,0.47,FALSE,TRUE,FALSE,16:54.1,42,Sports
1669,Charles,Burns,charles.burns@gmail.com,-4919,37:33.4,Medium_Value,Push,18-25,Medium,192.1,0.56,TRUE,TRUE,TRUE,15:25.3,24,Books
1670,Derek,Carter,derek.carter@outlook.com,-8813,49:28.6,High_Value,SMS,36-45,High,313.68,0.36,FALSE,FALSE,TRUE,,44,Books
1671,Douglas,Robinson,douglas.robinson@hotmail.com,-6016,02:02.4,New_Customer,Email,18-25,Medium,54.56,0.73,FALSE,TRUE,TRUE,13:48.2,4,Electronics
1672,Rebecca,Donovan,rebecca.donovan@outlook.com,-6483,59:49.9,New_Customer,Direct,55+,Low,107.64,0.62,TRUE,FALSE,FALSE,15:49.4,38,Books
1673,Tina,Schroeder,tina.schroeder@hotmail.com,-9297,39:44.7,Medium_Value,Social,36-45,Low,114.92,0.53,FALSE,FALSE,FALSE,15:13.3,23,Clothing
1674,Mary,Sullivan,marysullivan@gmail.com,-5145,21:38.0,Low_Value,Push,26-35,Medium,51.13,0.84,FALSE,TRUE,FALSE,13:57.8,17,Sports
1675,Michael,Lucero,michaellucero@outlook.com,-7858,09:42.7,Low_Value,Push,18-25,Low,94.04,0.62,TRUE,TRUE,TRUE,13:51.2,26,Home
1676,John,Meyer,john716yahoo.com,-5421,44:29.9,New_Customer,SMS,55+,High,138.5,0.61,TRUE,TRUE,FALSE,14:38.5,5,Books
1677,Mark,Rubio,mark755@hotmail.com,-7186,28:53.5,New_Customer,Push,46-55,Low,76.44,0.71,TRUE,TRUE,TRUE,14:27.8,0,Beauty
1678,Christine,Peterson,christine.peterson@gmail.com,-5420,35:05.6,Medium_Value,Direct,36-45,,142.1,0.65,TRUE,TRUE,TRUE,13:12.3,0,Clothing
1679,Rebecca,Moody,rebecca628@gmail.com,-11090,18:51.2,Low_Value,Direct,26-35,Premium,82.71,0.64,TRUE,TRUE,FALSE,,30,Clothing
1680,Thomas,Carter,thomas749@yahoo.com,-3245,15:29.5,New_Customer,Direct,46-55,Medium,117.18,0.73,FALSE,FALSE,FALSE,16:59.5,18,Beauty
1681,Michaela,Barrera,michaela595@yahoo.com,-1814,28:25.5,Low_Value,SMS,36-45,Low,82,0.85,FALSE,TRUE,TRUE,16:19.4,29,Beauty
1682,Lisa,Morgan,lisamorgan@hotmail.com,-3398,39:54.2,Low_Value,Direct,26-35,Low,92.05,0.88,TRUE,FALSE,FALSE,17:52.5,31,Books
1683,Joseph,Rasmussen,joseph.rasmussen@gmail.com,-9681,47:03.1,Low_Value,Social,,High,48.75,0.73,TRUE,TRUE,FALSE,,15,Books
1684,Timothy,Meza,timothy.meza@outlook.com,-5246,44:54.2,Medium_Value,Push,46-55,Premium,94.94,0.68,TRUE,TRUE,FALSE,13:10.6,10,Electronics
1685,Mia,Figueroa,mia51@gmail.com,-6227,31:54.7,Low_Value,SMS,36-45,Low,58.21,0.6,FALSE,TRUE,FALSE,18:12.8,21,Clothing
1686,William,Williams,william.williams@hotmail.com,-9498,21:47.9,New_Customer,Direct,46-55,High,66.7,0.56,TRUE,TRUE,FALSE,14:44.1,3,Clothing
1687,Teresa,Thomas,teresa.thomas@gmail.com,-3624,50:54.2,New_Customer,Push,36-45,Low,144.21,0.79,TRUE,FALSE,FALSE,16:05.2,39,Books
1688,Cassandra,Brennan,cassandra668@outlook.com,-1865,03:33.8,High_Value,Push,26-35,Premium,347.95,0.35,FALSE,TRUE,FALSE,15:03.6,12,Sports
1689,Alexander,Stevens,alexanderstevens@yahoo.com,-7711,30:09.7,High_Value,Social,26-35,High,265.33,0.22,TRUE,TRUE,TRUE,18:14.7,34,Electronics
1690,Stacey,Miller,stacey.miller@outlook.com,-8615,27:39.6,High_Value,Push,46-55,High,282.82,0.38,FALSE,TRUE,FALSE,,10,Home
1691,Michael,Mcgrath,michaelmcgrath@yahoo.com,-5637,28:04.1,Low_Value,Social,36-45,Premium,87.15,0.75,FALSE,TRUE,TRUE,,31,Electronics
1692,Samantha,Perry,samantha792@gmail.com,-6187,38:34.0,Medium_Value,Push,36-45,Low,158.77,0.54,TRUE,FALSE,FALSE,17:24.6,7,Books
1693,Travis,Erickson,travis602@gmail.com,-7579,03:03.7,New_Customer,Direct,26-35,High,98.19,0.59,TRUE,FALSE,FALSE,13:43.1,21,Sports
1694,Todd,Rodriguez,toddrodriguez@gmail.com,-10682,41:35.5,Medium_Value,Direct,18-25,Low,174.38,0.47,FALSE,TRUE,FALSE,,20,Electronics
1695,Sara,Sanchez,sara.sanchez@yahoo.com,-2806,31:57.1,High_Value,Direct,55+,Low,255.31,0.28,TRUE,FALSE,TRUE,18:13.6,34,Books
1696,Christopher,George,christophergeorge@hotmail.com,-5798,46:41.7,New_Customer,SMS,18-25,Premium,46.75,0.7,TRUE,FALSE,FALSE,15:54.4,39,Beauty
1697,Sarah,Welch,sarah.welch@yahoo.com,-9064,50:52.5,Medium_Value,Email,55+,High,180.69,0.56,FALSE,FALSE,TRUE,15:44.5,3,Clothing
1698,Billy,Barnes,billy725@outlook.com,-10190,51:10.0,High_Value,Social,46-55,,188.16,0.23,TRUE,FALSE,FALSE,14:11.0,4,Electronics
1699,Richard,Taylor,richard.taylor@yahoo.com,-5269,10:31.4,New_Customer,SMS,,,139.24,0.69,FALSE,FALSE,TRUE,13:37.9,25,Books
1700,Gina,Weber,gina863@gmail.com,-9998,19:21.9,Medium_Value,SMS,,Premium,198.36,0.62,TRUE,FALSE,FALSE,14:21.4,50,Electronics
1701,Meghan,Wilkins,meghan.wilkins@outlook.com,-9108,57:32.3,Medium_Value,SMS,55+,Medium,91.66,0.43,TRUE,FALSE,FALSE,,12,Clothing
1702,Crystal,Hodge,crystal.hodge@outlook.com,-3759,43:32.7,New_Customer,Email,36-45,High,41.03,0.66,FALSE,FALSE,TRUE,,22,Beauty
1703,Robert,Miller,robert199@outlook.com,-3382,36:04.6,Medium_Value,SMS,36-45,Low,127.76,0.6,FALSE,FALSE,FALSE,,23,Beauty
1704,Steven,Holder,stevenholder@gmail.com,-10975,50:52.1,New_Customer,Push,26-35,Low,133.7,0.63,FALSE,TRUE,TRUE,14:42.6,38,Electronics
1705,Latoya,Romero,latoya.romero@yahoo.com,-6824,05:47.6,New_Customer,Social,55+,Medium,121.54,0.59,FALSE,FALSE,TRUE,13:37.2,43,Clothing
1706,James,Hernandez,jameshernandez@outlook.com,-2617,40:50.8,Low_Value,Push,18-25,Premium,87.99,0.85,FALSE,FALSE,TRUE,12:54.2,36,Sports
1707,Katherine,Sanders,katherinesanders@yahoo.com,-5236,42:42.0,New_Customer,Email,55+,Medium,39.58,0.8,FALSE,TRUE,FALSE,18:32.4,37,Home
1708,John,Harris,john.harris@hotmail.com,-8232,10:14.9,New_Customer,Push,18-25,Low,135.34,0.63,FALSE,FALSE,FALSE,,15,Sports
1709,Maria,Hicks,mariahicks@gmail.com,-4092,35:50.0,Medium_Value,Social,55+,High,189.13,0.65,FALSE,TRUE,TRUE,17:55.2,16,Sports
1710,Randy,Mcguire,randy.mcguire@yahoo.com,-2567,38:08.6,High_Value,Push,36-45,Medium,324.84,0.3,FALSE,TRUE,TRUE,16:29.4,4,Beauty
1711,Ariana,Williams,arianawilliams@gmail.com,-9807,55:18.8,Low_Value,Direct,55+,High,98.07,0.62,FALSE,TRUE,FALSE,13:57.0,8,Electronics
1712,Robin,Brown,robin.brown@yahoo.com,-10147,03:19.9,New_Customer,SMS,18-25,Premium,133.89,0.78,FALSE,TRUE,FALSE,,1,Home
1713,Julie,Johnson,juliejohnson@outlook.com,-2426,00:25.1,New_Customer,Social,36-45,Low,98.46,0.7,FALSE,TRUE,TRUE,18:02.3,19,Clothing
1714,Cameron,Sanchez,cameron.sanchez@outlook.com,-4167,09:39.5,High_Value,Social,18-25,Premium,322.47,0.24,FALSE,TRUE,TRUE,15:00.8,4,Clothing
1715,Donald,Romero,donaldromero@gmail.com,-10472,11:01.2,New_Customer,Email,26-35,Medium,109.31,0.55,FALSE,TRUE,FALSE,13:05.0,35,Sports
1716,Heather,Rocha,heather160@hotmail.com,-6480,48:05.4,Low_Value,Social,18-25,Medium,32.27,0.65,FALSE,TRUE,FALSE,,41,Home
1717,Michelle,Lee,michellelee@hotmail.com,-7149,19:26.3,New_Customer,SMS,26-35,Premium,91.8,0.71,TRUE,TRUE,FALSE,15:49.6,7,Books
1718,Joel,Rangel,joel752@yahoo.com,-9282,28:38.2,New_Customer,Direct,18-25,High,60.46,0.61,TRUE,TRUE,FALSE,13:37.8,42,Home
1719,Stephanie,Oconnor,stephanie966@hotmail.com,-6952,17:48.5,Low_Value,Direct,36-45,Low,58.89,0.66,TRUE,TRUE,FALSE,,40,Clothing
1720,Maria,Warner,mariawarner@yahoo.com,-8118,32:25.5,Medium_Value,Social,55+,High,175.97,0.6,TRUE,FALSE,TRUE,,45,Home
1721,Justin,Rogers,justin.rogers@outlook.com,-7050,41:16.0,High_Value,Email,46-55,Medium,156.06,0.23,FALSE,TRUE,FALSE,17:55.7,21,Beauty
1722,Shaun,Norman,shaun347@gmail.com,-3715,27:18.7,Low_Value,Push,18-25,Medium,99.38,0.89,TRUE,FALSE,TRUE,,30,Sports
1723,Jennifer,Reyes,jenniferreyes@yahoo.com,-9241,19:21.1,Medium_Value,Email,26-35,High,162.71,0.54,FALSE,FALSE,FALSE,,26,Sports
1724,Alicia,Bryant,alicia.bryant@gmail.com,-10720,12:08.5,Medium_Value,Direct,18-25,High,172.38,0.64,FALSE,TRUE,TRUE,13:04.2,46,Sports
1725,Michael,Rollins,michael.rollins@yahoo.com,-10955,51:41.8,New_Customer,Direct,55+,Low,131.3,0.69,FALSE,FALSE,TRUE,15:04.7,23,Beauty
1726,Debbie,Lee,debbie.lee@outlook.com,-2534,12:36.8,High_Value,Social,46-55,Medium,365.12,0.22,TRUE,FALSE,FALSE,14:39.3,5,Sports
1727,Kathryn,Ray,kathryn.ray@yahoo.com,-3161,40:41.7,High_Value,Push,46-55,Low,492.21,0.36,TRUE,TRUE,FALSE,15:10.2,4,Sports
1728,Ashley,Simmons,ashley.simmons@yahoo.com,-10712,24:26.2,High_Value,Direct,26-35,Premium,406.81,0.22,TRUE,FALSE,FALSE,,46,Beauty
1729,Amanda,Stone,amandastone@gmail.com,-9059,28:38.0,Low_Value,Push,26-35,Premium,49.41,0.61,TRUE,FALSE,FALSE,17:05.5,14,Books
1730,Brad,Sanchez,brad.sanchez@yahoo.com,-9064,09:16.7,Low_Value,Push,26-35,Medium,67.28,0.77,FALSE,FALSE,FALSE,16:18.6,44,Electronics
1731,Patrick,Jones,patrick915@outlook.com,-3339,21:49.5,High_Value,SMS,46-55,Low,439.18,0.34,FALSE,TRUE,TRUE,16:17.7,42,Electronics
1732,Lisa,Duke,lisaduke@yahoo.com,-9384,25:20.5,Medium_Value,Social,,,96.37,0.49,TRUE,FALSE,FALSE,16:55.1,23,Books
1733,Jonathan,Lewis,jonathan640@yahoo.com,-6111,50:07.1,Low_Value,Direct,36-45,Medium,99.85,0.61,FALSE,FALSE,TRUE,13:15.1,31,Home
1734,Cynthia,Bates,cynthiabates@outlook.com,-5737,08:09.4,Low_Value,SMS,26-35,Low,75.44,0.62,TRUE,TRUE,TRUE,,37,Home
1735,Sherri,Underwood,sherriunderwood@hotmail.com,-4247,10:53.9,New_Customer,SMS,18-25,,46.86,0.62,FALSE,TRUE,TRUE,16:30.3,35,Sports
1736,William,Smith,williamsmith@yahoo.com,-7983,01:02.2,Medium_Value,Direct,55+,Low,187.41,0.48,FALSE,TRUE,TRUE,13:00.2,34,Books
1737,Donna,Miller,donna463@outlook.com,-10301,53:28.9,High_Value,Social,18-25,Low,460.49,0.34,FALSE,FALSE,TRUE,18:01.3,4,Books
1738,Leslie,Warner,leslie.warner@gmail.com,-5272,09:52.2,High_Value,Social,26-35,High,170.87,0.32,TRUE,TRUE,TRUE,13:09.7,8,Books
1739,Leslie,Marks,leslie.marks@outlook.com,-6224,02:29.1,New_Customer,Push,26-35,High,98.5,0.79,TRUE,FALSE,FALSE,12:56.3,4,Books
1740,Joshua,Garcia,joshuagarcia@gmail.com,-6793,52:54.1,High_Value,Email,26-35,Medium,164.01,0.26,TRUE,FALSE,FALSE,,37,Clothing
1741,Madison,Lloyd,madison.lloyd@outlook.com,-8074,33:54.7,New_Customer,Direct,26-35,Low,125.93,0.66,FALSE,TRUE,FALSE,14:18.6,11,Beauty
1742,Gary,Phillips,gary454@gmail.com,-7804,41:30.2,High_Value,Social,55+,Medium,394.62,0.22,FALSE,TRUE,FALSE,13:48.8,18,Electronics
1743,Nicole,Spence,nicole.spence@gmail.com,-4331,44:31.5,High_Value,Push,18-25,Premium,157.19,0.27,FALSE,TRUE,FALSE,17:29.1,15,Books
1744,Janet,Casey,janet.casey@gmail.com,-8381,39:50.8,Medium_Value,Push,,Premium,156.91,0.68,FALSE,TRUE,FALSE,,9,Electronics
1745,Sharon,Garcia,sharon.garcia@outlook.com,-3266,26:50.7,Low_Value,SMS,46-55,Medium,68.94,0.85,FALSE,FALSE,TRUE,,11,Electronics
1746,Allison,Larson,allisonlarson@outlook.com,-10612,39:30.6,Low_Value,Direct,18-25,Premium,52.52,0.62,TRUE,FALSE,FALSE,12:54.9,43,Sports
1747,Sherry,Rogers,sherryrogers@gmail.com,-6095,56:03.7,Low_Value,Push,46-55,Low,32.3,0.87,TRUE,TRUE,FALSE,,9,Electronics
1748,Joseph,Porter,josephporter@outlook.com,-6010,48:06.2,High_Value,Direct,55+,High,363.53,0.32,TRUE,TRUE,TRUE,18:13.9,39,Home
1749,Chad,Moore,chad.moore@hotmail.com,-2037,04:39.7,New_Customer,Email,,Premium,84.57,0.53,FALSE,TRUE,TRUE,17:16.0,6,Clothing
1750,Heather,Davis,heatherdavis@yahoo.com,-9564,49:24.3,Low_Value,Email,46-55,Medium,51.9,0.73,TRUE,TRUE,FALSE,14:32.9,11,Books
1751,Margaret,Lewis,margaret.lewis@yahoo.com,-7826,37:13.6,Medium_Value,Push,18-25,,137.78,0.49,TRUE,TRUE,FALSE,15:12.3,36,Books
1752,Victor,Sullivan,victor836@hotmail.com,-10774,42:42.1,Medium_Value,SMS,18-25,Low,149.26,0.44,FALSE,FALSE,TRUE,13:33.2,48,Books
1753,Veronica,Lopez,veronica.lopez@yahoo.com,-2615,26:26.5,High_Value,SMS,36-45,,186.1,0.29,FALSE,TRUE,FALSE,12:56.3,29,Books
1754,Jacob,Austin,jacob.austin@outlook.com,-3680,41:03.3,New_Customer,Push,26-35,Medium,100.67,0.67,TRUE,TRUE,TRUE,,13,Clothing
1755,Pamela,Lee,pamelalee@gmail.com,-3181,48:22.8,High_Value,Direct,,High,193.91,0.29,FALSE,FALSE,TRUE,17:00.6,27,Electronics
1756,Jason,Hoffman,jason974@yahoo.com,-4791,35:29.4,New_Customer,Direct,55+,Medium,111,0.53,FALSE,TRUE,TRUE,17:51.0,19,Electronics
1757,Caleb,Blankenship,caleb.blankenship@hotmail.com,-7969,37:08.0,High_Value,Social,26-35,Premium,256.36,0.24,FALSE,FALSE,FALSE,13:40.8,9,Electronics
1758,Jeremy,Mills,jeremy946@gmail.com,-9760,07:36.9,High_Value,Direct,18-25,Premium,202.7,0.29,TRUE,FALSE,FALSE,14:33.3,39,Electronics
1759,Bradley,Wood,bradley.wood@gmail.com,-2105,14:56.0,Low_Value,Social,18-25,,78.99,0.87,FALSE,TRUE,TRUE,17:05.3,2,Books
1760,Kathryn,Mason,kathryn577@hotmail.com,-5608,56:00.2,Medium_Value,Social,26-35,Medium,80.55,0.67,FALSE,FALSE,FALSE,15:51.0,17,Beauty
1761,Morgan,Thompson,morgan762@gmail.com,-3726,34:10.5,Low_Value,Email,55+,Low,27.33,0.64,TRUE,FALSE,TRUE,16:29.2,19,Sports
1762,Jon,Morgan,jon739@hotmail.com,-8280,33:13.8,New_Customer,SMS,55+,High,138.15,0.58,FALSE,TRUE,FALSE,,50,Electronics
1763,Phillip,Lopez,phillip669@yahoo.com,-3870,15:13.1,New_Customer,Direct,26-35,Low,81.3,0.53,FALSE,TRUE,TRUE,18:02.3,48,Sports
1764,Juan,Lowery,juanlowery@yahoo.com,-8679,24:37.9,High_Value,Email,55+,High,247.38,0.22,TRUE,TRUE,TRUE,,23,Books
1765,Janet,Lewis,janet40@gmail.com,-5114,11:34.7,Low_Value,Push,,Low,92.41,0.8,FALSE,TRUE,FALSE,13:52.8,24,Beauty
1766,Melanie,Ferrell,melanieferrell@gmail.com,-10665,41:49.7,High_Value,SMS,46-55,Low,272.86,0.27,TRUE,FALSE,FALSE,13:18.8,49,Books
1767,Cathy,Chen,cathychen@yahoo.com,-2596,19:22.4,Medium_Value,Social,26-35,Premium,119.45,0.48,TRUE,FALSE,FALSE,16:42.9,5,Clothing
1768,Douglas,Wu,douglas.wu@outlook.com,-5082,25:32.1,Medium_Value,Social,26-35,Medium,143.92,0.58,FALSE,FALSE,TRUE,13:15.5,36,Home
1769,Stacy,Charles,stacycharles@gmail.com,-4484,17:07.2,Low_Value,Push,18-25,Medium,77.07,0.8,FALSE,FALSE,TRUE,15:12.7,32,Books
1770,Jeffrey,Wood,jeffreywood@gmail.com,-9636,11:54.7,High_Value,Email,55+,Medium,258.27,0.39,FALSE,FALSE,FALSE,12:53.0,36,Beauty
1771,Daniel,Payne,daniel81@outlook.com,-9316,29:29.3,Medium_Value,Push,36-45,Low,89.64,0.46,TRUE,TRUE,TRUE,15:51.1,43,Beauty
1772,Patricia,Foster,patricia.foster@hotmail.com,-9141,36:11.1,Low_Value,SMS,55+,Low,70.09,0.89,FALSE,FALSE,TRUE,14:13.5,20,Electronics
1773,Joshua,Strong,joshua.strong@gmail.com,-7385,50:03.3,Medium_Value,Email,18-25,Premium,180.58,0.52,FALSE,TRUE,TRUE,18:26.6,48,Electronics
1774,Lisa,Davis,lisa957@hotmail.com,-6941,21:22.2,High_Value,SMS,18-25,,433.29,0.37,TRUE,TRUE,TRUE,16:41.0,25,Clothing
1775,Jeremy,Rice,jeremy65@yahoo.com,-7517,50:16.3,High_Value,Push,36-45,Premium,293.37,0.25,TRUE,TRUE,FALSE,16:30.8,46,Sports
1776,Jodi,Robertson,jodirobertson@gmail.com,-5972,59:18.2,Low_Value,SMS,18-25,,73.55,0.63,FALSE,FALSE,TRUE,16:37.1,28,Sports
1777,Albert,Williams,albertwilliams@yahoo.com,-3946,02:49.2,Medium_Value,SMS,18-25,,165.36,0.4,TRUE,FALSE,FALSE,,28,Sports
1778,Jennifer,Simon,jennifersimon@gmail.com,-3719,38:46.5,Low_Value,Email,55+,High,40.83,0.73,TRUE,FALSE,FALSE,14:12.8,1,Books
1779,James,Mccullough,james.mccullough@yahoo.com,-7358,48:47.7,Low_Value,Email,36-45,Medium,80.82,0.82,TRUE,FALSE,TRUE,17:31.5,42,Home
1780,Jose,Wilkins,josewilkins@hotmail.com,-8463,15:16.9,Medium_Value,Email,55+,High,148.29,0.59,FALSE,TRUE,TRUE,15:45.2,10,Clothing
1781,Raven,Woodard,ravenwoodard@yahoo.com,-10404,48:36.8,New_Customer,Direct,55+,,118.38,0.72,TRUE,FALSE,TRUE,14:40.6,32,Home
1782,Elizabeth,Pearson,elizabeth.pearson@outlook.com,-10982,20:54.7,Low_Value,Direct,55+,Low,41.98,0.66,TRUE,TRUE,TRUE,17:19.8,19,Sports
1783,Larry,Lara,larrylara@yahoo.com,-10544,07:14.6,Low_Value,Social,36-45,High,45.56,0.9,FALSE,FALSE,FALSE,13:00.9,5,Electronics
1784,Matthew,Alexander,matthewalexander@gmail.com,-9533,59:03.2,Low_Value,SMS,26-35,Medium,92.49,0.88,FALSE,FALSE,FALSE,16:28.6,36,Beauty
1785,Joan,Jones,joanjones@outlook.com,-10430,59:32.7,Medium_Value,Push,,Medium,186.91,0.55,TRUE,TRUE,TRUE,15:56.5,33,Books
1786,Amanda,Bailey,amanda783@gmail.com,-10209,59:41.2,Medium_Value,Direct,55+,Low,123.55,0.53,TRUE,FALSE,TRUE,13:29.3,14,Books
1787,Kristin,Thornton,kristin825@outlook.com,-5000,17:07.4,New_Customer,SMS,26-35,Premium,133.41,0.62,FALSE,TRUE,FALSE,16:41.6,15,Electronics
1788,Jeffrey,Kirby,jeffrey590@gmail.com,-3645,18:05.7,New_Customer,Social,46-55,Low,128.54,0.62,FALSE,FALSE,TRUE,,39,Clothing
1789,Jacob,Watkins,jacob654@yahoo.com,-10816,39:44.6,High_Value,SMS,18-25,Low,356.46,0.35,TRUE,FALSE,FALSE,14:42.6,41,Clothing
1790,Michael,Wolfe,michael.wolfe@outlook.com,-7744,17:22.1,New_Customer,Push,,High,125.66,0.65,TRUE,TRUE,FALSE,14:09.1,40,Sports
1791,Robert,Williams,robertwilliams@yahoo.com,-2271,48:33.9,Medium_Value,Push,18-25,High,140.78,0.6,FALSE,FALSE,TRUE,12:44.8,44,Beauty
1792,Raymond,Johnson,raymondjohnson@gmail.com,-7601,22:28.7,Low_Value,Social,26-35,,64.16,0.7,FALSE,TRUE,FALSE,14:01.0,38,Clothing
1793,Jennifer,Collins,jennifer950@yahoo.com,-9015,39:15.0,High_Value,Push,18-25,Premium,390.29,0.24,TRUE,FALSE,TRUE,16:23.8,35,Electronics
1794,Grace,Ray,grace388@yahoo.com,-7967,16:49.9,Medium_Value,Direct,18-25,Premium,135.18,0.64,FALSE,TRUE,TRUE,17:38.0,33,Beauty
1795,Nicholas,Vincent,nicholasvincent@gmail.com,-7675,05:15.7,Medium_Value,Email,26-35,Medium,193.85,0.45,TRUE,TRUE,FALSE,13:42.1,11,Clothing
1796,Norma,Mason,norma.mason@hotmail.com,-5844,56:55.9,High_Value,Direct,46-55,High,212.81,0.32,FALSE,TRUE,FALSE,16:42.4,34,Books
1797,Robert,Morgan,robert.morgan@outlook.com,-2638,24:00.2,New_Customer,Direct,36-45,,128.07,0.67,FALSE,TRUE,TRUE,18:41.4,0,Home
1798,Ronald,Clark,ronald.clark@gmail.com,-7127,57:24.9,New_Customer,Push,46-55,Premium,68.52,0.73,FALSE,TRUE,TRUE,13:49.5,18,Clothing
1799,Marcus,Price,marcusprice@gmail.com,-2263,41:22.5,Medium_Value,Social,55+,High,155.7,0.62,FALSE,FALSE,FALSE,13:54.3,34,Home
1800,Julia,Serrano,julia697@hotmail.com,-8545,19:59.5,New_Customer,Email,55+,Premium,143.48,0.53,FALSE,FALSE,FALSE,14:29.3,12,Electronics
1801,Sara,Sanders,sarasanders@hotmail.com,-9859,27:56.3,High_Value,Direct,36-45,Premium,352.82,0.22,TRUE,TRUE,TRUE,15:11.3,28,Sports
1802,Craig,Valenzuela,craig.valenzuela@yahoo.com,-10007,22:36.8,Low_Value,SMS,26-35,Low,46.29,0.73,FALSE,TRUE,FALSE,15:27.6,31,Books
1803,Nathaniel,Lane,nathaniel.lane@yahoo.com,-3828,55:53.8,Medium_Value,Social,18-25,Low,108.92,0.44,TRUE,FALSE,FALSE,13:14.9,21,Home
1804,Brett,Michael,brettmichael@yahoo.com,-10994,23:50.9,Medium_Value,Social,36-45,Medium,153.94,0.55,TRUE,FALSE,TRUE,13:30.6,38,Electronics
1805,James,Baxter,jamesbaxter@outlook.com,-6818,58:45.9,Low_Value,Push,46-55,High,84.78,0.77,TRUE,FALSE,TRUE,17:25.6,43,Clothing
1806,Martha,Gibson,martha.gibson@yahoo.com,-2974,52:24.8,High_Value,Email,36-45,High,240.87,0.23,FALSE,FALSE,FALSE,12:44.2,43,Electronics
1807,Patricia,Williams,patricia.williams@gmail.com,-5441,25:48.4,Medium_Value,Social,46-55,Premium,82.69,0.56,TRUE,TRUE,FALSE,,39,Books
1808,Melissa,Hansen,melissa141@outlook.com,-6901,56:02.6,High_Value,Direct,46-55,Low,267.56,0.29,TRUE,TRUE,FALSE,16:27.1,30,Electronics
1809,Jessica,Peterson,jessicapeterson@hotmail.com,-10108,43:05.3,New_Customer,Direct,55+,Premium,60.16,0.58,FALSE,TRUE,TRUE,14:47.2,43,Home
1810,Marie,Dunn,mariedunn@hotmail.com,-5593,58:05.0,Medium_Value,SMS,18-25,Low,99.96,0.59,FALSE,TRUE,FALSE,13:10.7,14,Books
1811,Tamara,Jones,tamara.jones@hotmail.com,-10120,09:47.9,Medium_Value,Social,26-35,High,77.16,0.62,FALSE,FALSE,FALSE,,25,Beauty
1812,Dana,Wolfe,dana173@gmail.com,-3958,42:22.8,New_Customer,Email,26-35,Low,33.02,0.79,TRUE,TRUE,FALSE,,45,Clothing
1813,Elizabeth,Miller,elizabeth477@yahoo.com,-5317,40:16.2,Medium_Value,Email,26-35,Medium,177.19,0.58,TRUE,FALSE,TRUE,14:07.7,21,Clothing
1814,Brittany,Guerrero,brittany.guerrero@yahoo.com,-10489,47:56.0,Low_Value,Direct,55+,Premium,82.76,0.87,TRUE,FALSE,FALSE,18:22.5,44,Sports
1815,Amber,Moore,amber.moore@outlook.com,-3099,02:43.7,Medium_Value,SMS,36-45,Medium,162.54,0.49,TRUE,FALSE,FALSE,,1,Sports
1816,Lindsey,Bridges,lindsey.bridges@hotmail.com,-7204,49:07.4,Low_Value,Direct,18-25,Medium,47.99,0.81,FALSE,TRUE,TRUE,15:44.3,33,Electronics
1817,Carlos,Harrison,carlosharrison@hotmail.com,-3811,55:41.2,New_Customer,SMS,18-25,Low,113.81,0.76,TRUE,TRUE,FALSE,15:23.1,49,Home
1818,Jerry,Hamilton,jerry657@yahoo.com,-8354,27:00.4,Low_Value,Direct,26-35,Low,34.33,0.6,TRUE,FALSE,FALSE,17:56.5,0,Electronics
1819,Shane,Lee,shane896@outlook.com,-6084,35:44.3,Medium_Value,Social,55+,Premium,100.56,0.59,TRUE,FALSE,FALSE,13:35.0,36,Sports
1820,Brooke,Johnson,brookejohnson@hotmail.com,-10667,25:46.8,New_Customer,Social,18-25,Medium,63.2,0.77,FALSE,TRUE,FALSE,15:48.8,37,Home
1821,Erik,Williams,erikwilliams@outlook.com,-4885,50:29.4,High_Value,SMS,,Medium,260.24,0.38,FALSE,FALSE,FALSE,13:51.3,9,Home
1822,Ethan,Olson,ethan330yahoo.com,-10124,56:45.2,High_Value,Push,36-45,High,271.02,0.22,FALSE,TRUE,TRUE,17:58.6,34,Home
1823,Martha,Fields,martha.fields@outlook.com,-7404,13:39.8,Low_Value,SMS,18-25,High,32.91,0.64,FALSE,FALSE,FALSE,,44,Electronics
1824,Christopher,Howard,christopher75@outlook.com,-7056,52:46.6,New_Customer,Direct,36-45,Premium,82.84,0.55,FALSE,TRUE,TRUE,,46,Electronics
1825,Joseph,Moyer,josephmoyer@outlook.com,-9119,38:02.2,High_Value,Push,18-25,Premium,240.15,0.32,FALSE,FALSE,FALSE,17:21.9,18,Books
1826,Kathleen,Nguyen,kathleen.nguyen@gmail.com,-4718,07:39.3,High_Value,Direct,55+,High,402.37,0.37,TRUE,TRUE,FALSE,17:46.1,15,Electronics
1827,Elizabeth,Miller,elizabeth196@gmail.com,-4722,05:20.3,Low_Value,SMS,26-35,,94.62,0.61,FALSE,FALSE,TRUE,,34,Home
1828,Autumn,Thompson,autumnthompson@gmail.com,-9073,37:55.8,New_Customer,Email,55+,Premium,130.52,0.58,TRUE,FALSE,TRUE,14:21.0,15,Beauty
1829,Nicole,Bell,nicole932@hotmail.com,-6599,48:26.1,Medium_Value,Email,55+,Medium,94.41,0.45,TRUE,TRUE,TRUE,16:26.6,21,Home
1830,Lucas,Bryant,lucas16@gmail.com,-7252,13:51.2,New_Customer,Push,46-55,High,52.91,0.79,FALSE,TRUE,TRUE,13:53.7,13,Clothing
1831,Preston,George,preston408@outlook.com,-6198,30:35.8,High_Value,Push,18-25,High,429.47,0.33,TRUE,TRUE,TRUE,15:41.1,49,Sports
1832,Danielle,Smith,danielle868@outlook.com,-9982,39:41.1,Medium_Value,SMS,18-25,Medium,187.11,0.66,TRUE,FALSE,TRUE,15:32.0,21,Beauty
1833,Ashley,Nichols,ashley.nichols@gmail.com,-6481,27:56.3,New_Customer,Direct,46-55,Low,46.72,0.78,FALSE,TRUE,FALSE,17:05.1,30,Beauty
1834,Donna,Valenzuela,donna.valenzuela@hotmail.com,-4958,14:04.7,Medium_Value,Direct,26-35,Premium,127.24,0.5,FALSE,FALSE,TRUE,14:38.3,13,Books
1835,Brandon,Boone,brandon344@outlook.com,-6572,50:37.6,Low_Value,Email,26-35,Low,61.75,0.65,TRUE,FALSE,FALSE,15:02.1,28,Books
1836,Tommy,Coleman,tommycoleman@hotmail.com,-3020,39:15.8,New_Customer,SMS,18-25,Premium,101.51,0.57,FALSE,TRUE,TRUE,18:27.1,43,Home
1837,Logan,Knight,loganknight@yahoo.com,-3249,38:03.0,Medium_Value,Email,18-25,Medium,138.7,0.6,FALSE,FALSE,TRUE,14:28.7,50,Books
1838,Gina,Mendoza,gina.mendoza@hotmail.com,-9852,36:42.5,Medium_Value,Direct,26-35,Premium,142.76,0.47,FALSE,TRUE,TRUE,15:17.1,1,Home
1839,Brooke,King,brooke.king@yahoo.com,-1997,01:52.0,Low_Value,Email,,Medium,27.37,0.61,TRUE,FALSE,TRUE,13:09.8,0,Clothing
1840,Cynthia,Pitts,cynthia235@yahoo.com,-6595,27:42.9,New_Customer,Email,36-45,,86.85,0.51,FALSE,TRUE,TRUE,13:45.5,41,Sports
1841,Mark,Garrett,mark7@gmail.com,-5029,31:41.1,High_Value,Direct,26-35,High,323.71,0.26,TRUE,TRUE,FALSE,16:54.3,16,Clothing
1842,Jennifer,Spears,jennifer.spears@yahoo.com,-3601,19:05.3,New_Customer,Direct,46-55,Low,111.79,0.61,FALSE,TRUE,FALSE,16:10.4,4,Electronics
1843,Gary,Williams,gary.williams@outlook.com,-9644,29:17.3,Medium_Value,Email,55+,Low,197.21,0.61,TRUE,TRUE,FALSE,,2,Books
1844,Aaron,Marks,aaron.marks@hotmail.com,-4052,42:17.8,Low_Value,SMS,46-55,Medium,40.43,0.75,FALSE,TRUE,TRUE,14:23.8,8,Beauty
1845,Mason,Green,mason.green@yahoo.com,-3261,19:23.3,Low_Value,SMS,36-45,Low,92.62,0.64,FALSE,TRUE,TRUE,18:05.1,2,Clothing
1846,Michelle,Wilson,michellewilson@yahoo.com,-2556,37:47.7,New_Customer,Push,55+,Premium,131.95,0.76,TRUE,FALSE,TRUE,,6,Electronics
1847,Michael,Trujillo,michaeltrujillo@yahoo.com,-10602,04:46.8,Low_Value,Push,,High,65.59,0.64,FALSE,TRUE,TRUE,14:47.3,27,Sports
1848,Daniel,Bryant,daniel.bryant@yahoo.com,-9645,40:38.4,High_Value,Social,18-25,,162.61,0.37,TRUE,FALSE,FALSE,14:41.7,20,Electronics
1849,Tyler,Palmer,tyler.palmer@hotmail.com,-5357,13:32.5,Low_Value,Email,18-25,Medium,46.23,0.73,TRUE,FALSE,TRUE,14:14.1,36,Home
1850,David,Kim,david292@hotmail.com,-4629,21:39.0,Low_Value,Direct,36-45,Medium,27.28,0.83,TRUE,TRUE,FALSE,14:39.3,27,Home
1851,Carmen,Torres,carmen528@gmail.com,-3458,40:15.3,Low_Value,Social,26-35,Premium,89.88,0.87,TRUE,FALSE,TRUE,13:12.4,11,Books
1852,Joseph,Ramirez,joseph.ramirez@hotmail.com,-3953,18:43.2,Medium_Value,SMS,55+,,122.35,0.43,FALSE,FALSE,FALSE,18:27.3,15,Books
1853,Dean,Townsend,dean519@gmail.com,-4775,34:48.5,Low_Value,Social,18-25,High,81.83,0.86,FALSE,TRUE,TRUE,,23,Electronics
1854,Timothy,Blankenship,timothy104@gmail.com,-4965,00:54.8,Medium_Value,Email,36-45,High,140.41,0.47,FALSE,FALSE,TRUE,13:39.0,3,Clothing
1855,Jesse,Ramirez,jesseramirez@gmail.com,-10483,44:00.6,Medium_Value,SMS,18-25,Low,140.56,0.56,TRUE,TRUE,FALSE,13:48.9,47,Home
1856,Christopher,Turner,christopherturner@gmail.com,-11143,31:49.0,High_Value,Push,18-25,Low,200.46,0.29,TRUE,TRUE,FALSE,17:15.5,4,Sports
1857,Patricia,Dunn,patriciadunn@outlook.com,-9718,58:35.9,High_Value,Social,18-25,High,231.92,0.39,TRUE,FALSE,TRUE,16:42.3,7,Home
1858,Michael,Barnett,michaelbarnett@gmail.com,-4561,49:29.0,Medium_Value,Direct,18-25,High,182.32,0.47,FALSE,FALSE,FALSE,,7,Home
1859,Sara,Morgan,sara.morgan@outlook.com,-5981,03:20.3,New_Customer,Social,36-45,High,133,0.71,TRUE,FALSE,TRUE,,50,Clothing
1860,Kelly,Carlson,kelly.carlson@outlook.com,-2718,43:26.2,Low_Value,Push,55+,Medium,65.63,0.7,FALSE,FALSE,FALSE,18:19.1,9,Sports
1861,Cameron,Lawrence,cameron.lawrence@yahoo.com,-9442,19:24.0,Low_Value,Email,26-35,Premium,47.46,0.76,FALSE,FALSE,TRUE,13:36.3,5,Sports
1862,Jared,Olson,jaredolson@hotmail.com,-4543,48:23.3,Low_Value,Email,18-25,Premium,43.34,0.6,FALSE,TRUE,FALSE,18:32.7,47,Books
1863,Alexander,Murray,alexandermurray@gmail.com,-5639,14:54.0,Low_Value,Push,26-35,Medium,55.16,0.74,FALSE,TRUE,TRUE,18:03.0,32,Electronics
1864,Sarah,Winters,sarahwinters@hotmail.com,-5864,28:03.8,Low_Value,Social,55+,Premium,66.69,0.78,FALSE,FALSE,TRUE,,13,Books
1865,Robin,Swanson,robin260@outlook.com,-8759,00:31.9,Low_Value,Email,26-35,Low,88.67,0.87,TRUE,FALSE,TRUE,15:37.8,33,Electronics
1866,Jade,Edwards,jadeedwards@outlook.com,-10263,31:58.5,High_Value,Direct,55+,Premium,360.15,0.39,TRUE,FALSE,TRUE,13:10.0,27,Clothing
1867,Mary,Molina,marymolina@gmail.com,-10274,53:55.0,Low_Value,Push,18-25,High,53.83,0.75,FALSE,TRUE,TRUE,13:42.9,26,Home
1868,Carrie,Gibson,carriegibson@hotmail.com,-6783,21:11.3,Medium_Value,Social,36-45,,136.6,0.61,FALSE,FALSE,TRUE,17:49.0,7,Home
1869,James,Mcpherson,james.mcpherson@gmail.com,-4091,31:18.8,New_Customer,Social,36-45,Premium,83.42,0.64,TRUE,TRUE,TRUE,14:46.8,34,Books
1870,Kimberly,Powell,kimberly416@gmail.com,-6441,51:23.8,New_Customer,Push,55+,Premium,121.53,0.73,TRUE,TRUE,TRUE,18:17.1,8,Beauty
1871,Kristina,Wheeler,kristinawheeler@outlook.com,-2894,14:32.9,New_Customer,Direct,55+,Low,96.23,0.53,TRUE,FALSE,TRUE,,47,Beauty
1872,Chelsea,Ferguson,chelsea735@hotmail.com,-9739,39:03.1,High_Value,Direct,36-45,Medium,383.17,0.31,FALSE,FALSE,TRUE,16:03.7,8,Books
1873,Drew,Mclean,drew822@gmail.com,-3186,57:40.2,New_Customer,Email,36-45,Low,136.68,0.64,FALSE,FALSE,FALSE,14:31.6,41,Sports
1874,Kathleen,Mills,kathleen.mills@gmail.com,-8811,54:17.5,Medium_Value,Direct,18-25,High,100.57,0.43,TRUE,TRUE,TRUE,,39,Sports
1875,Brandon,Gould,brandon.gould@outlook.com,-10008,16:16.4,High_Value,Social,36-45,Low,392.58,0.24,TRUE,FALSE,TRUE,16:42.1,41,Sports
1876,Neil,Christensen,neil845@hotmail.com,-5235,40:23.8,Medium_Value,Push,36-45,Premium,76.51,0.51,TRUE,FALSE,TRUE,,40,Electronics
1877,Nathan,Ramirez,nathanramirez@outlook.com,-4067,41:43.8,Low_Value,Push,46-55,Premium,58.04,0.79,TRUE,FALSE,FALSE,15:30.1,38,Home
1878,Joshua,Smith,joshua.smith@outlook.com,-10342,38:31.8,Medium_Value,SMS,26-35,Medium,188.44,0.57,FALSE,FALSE,FALSE,15:44.9,34,Home
1879,Joseph,Medina,joseph.medina@yahoo.com,-9337,48:18.8,High_Value,Email,55+,Low,434.61,0.39,TRUE,TRUE,TRUE,13:01.9,42,Home
1880,Jose,Pope,jose.pope@hotmail.com,-6826,20:43.2,Medium_Value,Email,18-25,Medium,95.45,0.59,FALSE,FALSE,FALSE,18:33.7,35,Books
1881,Kyle,Cruz,kylecruz@hotmail.com,-9688,15:52.0,Low_Value,Email,26-35,Low,54.01,0.65,TRUE,TRUE,TRUE,17:15.0,26,Home
1882,Lee,Stafford,lee.stafford@hotmail.com,-7633,27:46.0,New_Customer,SMS,55+,Low,132.9,0.59,FALSE,FALSE,TRUE,17:01.7,7,Sports
1883,Ashley,Moss,ashley935@hotmail.com,-2861,45:00.7,Low_Value,Social,46-55,Premium,27.99,0.66,TRUE,FALSE,FALSE,16:44.5,48,Clothing
1884,Patrick,Welch,patrick.welch@outlook.com,-3917,06:59.9,High_Value,Push,26-35,Medium,450.12,0.24,TRUE,FALSE,FALSE,16:40.0,14,Beauty
1885,Haley,Clark,haley.clark@outlook.com,-10528,40:01.6,Low_Value,Push,55+,High,69.43,0.78,TRUE,TRUE,TRUE,16:36.3,40,Sports
1886,Christopher,Meyer,christopher.meyer@gmail.com,-9170,44:54.1,High_Value,SMS,46-55,High,463.6,0.21,FALSE,TRUE,TRUE,,30,Books
1887,Kevin,Johnson,kevin75@hotmail.com,-7919,08:40.6,Medium_Value,Email,18-25,Low,181.96,0.58,TRUE,TRUE,TRUE,14:10.2,32,Clothing
1888,Phillip,Hodges,philliphodges@outlook.com,-2735,24:34.8,Medium_Value,Email,26-35,Medium,160.53,0.58,FALSE,TRUE,TRUE,15:23.8,50,Clothing
1889,Shannon,Bryan,shannonbryan@yahoo.com,-6273,54:33.4,Medium_Value,Email,36-45,Premium,110.41,0.44,FALSE,FALSE,FALSE,,28,Beauty
1890,Rebecca,Black,rebecca.black@outlook.com,-7484,18:30.9,Low_Value,SMS,18-25,Medium,77.38,0.68,TRUE,FALSE,TRUE,16:51.2,41,Clothing
1891,Connie,Hayes,connie.hayes@gmail.com,-8065,17:04.9,New_Customer,SMS,55+,Medium,57.23,0.69,FALSE,FALSE,FALSE,17:34.8,33,Electronics
1892,Brian,Reed,brianreed@hotmail.com,-3732,10:15.7,New_Customer,Direct,26-35,Low,144.29,0.54,TRUE,FALSE,TRUE,16:49.6,18,Clothing
1893,Catherine,Melton,catherinemelton@yahoo.com,-6369,27:55.4,High_Value,Email,26-35,Low,277.08,0.38,FALSE,TRUE,TRUE,14:20.7,16,Home
1894,Debra,Thornton,debra658@hotmail.com,-4981,41:45.7,Low_Value,Email,18-25,Premium,61.71,0.7,TRUE,FALSE,TRUE,16:07.9,49,Books
1895,David,Torres,david506@outlook.com,-3472,24:38.3,Medium_Value,Email,46-55,Low,164.32,0.7,TRUE,TRUE,TRUE,,26,Electronics
1896,Brianna,Ryan,briannaryan@yahoo.com,-6842,31:31.8,Low_Value,Social,55+,Low,56.8,0.84,FALSE,FALSE,TRUE,15:58.8,29,Electronics
1897,Robert,Erickson,robert.erickson@gmail.com,-7396,14:28.3,Medium_Value,Social,26-35,High,115.24,0.52,FALSE,TRUE,FALSE,15:02.6,42,Sports
1898,Kyle,Haas,kyle.haas@yahoo.com,-8791,42:43.0,New_Customer,SMS,36-45,Medium,103.06,0.58,TRUE,TRUE,FALSE,13:54.6,8,Clothing
1899,Carlos,Bennett,carlosbennett@outlook.com,-6725,04:57.3,Medium_Value,Direct,36-45,Medium,122.72,0.43,FALSE,FALSE,TRUE,18:08.4,0,Sports
1900,Joshua,Becker,joshuabecker@hotmail.com,-5274,26:57.0,Low_Value,SMS,46-55,Medium,37.34,0.82,FALSE,TRUE,FALSE,14:50.6,30,Home
1901,Joann,Williams,joannwilliams@gmail.com,-6177,53:18.0,Low_Value,Social,26-35,Low,85.21,0.71,TRUE,TRUE,TRUE,13:49.7,33,Sports
1902,Nancy,Anderson,nancy885@gmail.com,-7380,51:14.8,Medium_Value,Email,36-45,Low,80.72,0.49,TRUE,FALSE,TRUE,18:20.4,5,Home
1903,Donald,Shepherd,donald514@outlook.com,-9719,55:18.0,Low_Value,SMS,36-45,Low,48.6,0.73,FALSE,FALSE,TRUE,,42,Sports
1904,Rodney,Fitzpatrick,rodney.fitzpatrick@yahoo.com,-3549,17:06.6,Medium_Value,Email,46-55,Low,158.07,0.43,FALSE,FALSE,TRUE,13:56.5,44,Electronics
1905,Dean,Mendoza,dean982@hotmail.com,-5981,41:49.5,Medium_Value,Push,46-55,Premium,91.9,0.44,FALSE,TRUE,TRUE,16:40.7,3,Beauty
1906,April,Smith,april842@hotmail.com,-2574,46:30.7,Medium_Value,Push,46-55,Premium,181.61,0.67,FALSE,TRUE,TRUE,,16,Clothing
1907,Kimberly,Yang,kimberly552@gmail.com,-8785,40:56.3,High_Value,Social,18-25,Premium,169.79,0.37,TRUE,TRUE,FALSE,14:49.4,30,Books
1908,Nicole,Dixon,nicole.dixon@hotmail.com,-4996,32:32.0,High_Value,Email,46-55,Medium,499.05,0.3,FALSE,TRUE,TRUE,16:57.6,29,Clothing
1909,Anthony,Rodriguez,anthony601@hotmail.com,-6528,38:36.2,Low_Value,SMS,55+,Medium,27.44,0.85,FALSE,TRUE,FALSE,13:37.8,50,Books
1910,Christopher,Drake,christopher.drake@hotmail.com,-5978,17:20.5,Low_Value,Email,26-35,Premium,42.89,0.62,TRUE,TRUE,FALSE,17:21.6,36,Books
1911,Melissa,Todd,melissa453@gmail.com,-10528,00:31.4,Medium_Value,Direct,,Low,158.96,0.47,TRUE,TRUE,FALSE,13:15.0,4,Home
1912,Michael,Rodriguez,michaelrodriguez@yahoo.com,-10410,49:55.1,Low_Value,Direct,26-35,Medium,69.68,0.77,FALSE,TRUE,FALSE,16:03.8,43,Sports
1913,Ryan,Lopez,ryanlopez@gmail.com,-4822,16:00.6,Medium_Value,Email,18-25,Low,112.29,0.55,TRUE,TRUE,TRUE,17:11.2,14,Books
1914,Alexandra,Freeman,alexandra456@yahoo.com,-6111,46:25.6,Medium_Value,Social,,Low,122.79,0.58,FALSE,TRUE,FALSE,14:10.8,46,Home
1915,Jeffrey,Esparza,jeffrey.esparza@outlook.com,-2783,00:00.9,New_Customer,Direct,26-35,Medium,45.04,0.68,TRUE,FALSE,FALSE,14:47.0,12,Electronics
1916,Jennifer,Campbell,jennifercampbell@gmail.com,-3689,52:38.2,New_Customer,Email,18-25,Medium,119.84,0.6,TRUE,TRUE,TRUE,,6,Clothing
1917,Robert,Norton,robert905@gmail.com,-4118,52:21.7,New_Customer,SMS,,Low,80.66,0.52,TRUE,TRUE,FALSE,16:02.2,40,Home
1918,Bryan,Howell,bryan.howell@yahoo.com,-1973,31:47.0,High_Value,SMS,26-35,Premium,411.55,0.29,TRUE,TRUE,TRUE,18:18.0,48,Home
1919,Bryce,Cortez,bryce951@gmail.com,-10456,14:08.1,Low_Value,SMS,36-45,Low,62.25,0.74,FALSE,FALSE,TRUE,17:23.8,38,Beauty
1920,Mary,Hall,mary.hall@gmail.com,-5060,36:16.6,Medium_Value,SMS,46-55,Low,85.83,0.54,TRUE,TRUE,FALSE,18:26.7,28,Books
1921,Erin,Cole,erincole@outlook.com,-3788,48:17.2,Low_Value,Push,36-45,High,99.69,0.7,TRUE,TRUE,FALSE,18:16.2,6,Sports
1922,Richard,Hardy,richardhardy@yahoo.com,-10251,02:56.0,High_Value,Direct,36-45,Medium,453.11,0.31,TRUE,FALSE,TRUE,14:57.3,2,Books
1923,Jillian,Griffin,jillian.griffin@gmail.com,-4230,07:51.3,Medium_Value,Email,36-45,,102.85,0.64,FALSE,TRUE,TRUE,17:40.4,6,Clothing
1924,Ronald,Salazar,ronaldsalazar@hotmail.com,-3589,08:19.4,Medium_Value,Email,26-35,,138.8,0.54,FALSE,FALSE,FALSE,14:24.0,4,Beauty
1925,Lisa,House,lisa.house@gmail.com,-8794,19:24.4,High_Value,Push,36-45,Premium,441.55,0.39,FALSE,FALSE,TRUE,15:58.0,40,Electronics
1926,Amanda,Ellis,amandaellis@outlook.com,-3301,01:13.0,High_Value,Direct,55+,Low,168.24,0.29,TRUE,TRUE,FALSE,17:15.8,17,Sports
1927,Amy,Ball,amyball@yahoo.com,-10061,10:01.7,New_Customer,Email,55+,,52.19,0.58,TRUE,FALSE,TRUE,16:17.7,9,Electronics
1928,Michelle,King,michelleking@yahoo.com,-7792,29:22.5,Low_Value,Email,46-55,High,27.89,0.88,FALSE,FALSE,TRUE,14:22.5,29,Clothing
1929,Karina,Johnson,karina.johnson@hotmail.com,-4048,24:14.1,Medium_Value,Push,18-25,High,166.02,0.49,FALSE,FALSE,TRUE,,12,Electronics
1930,Toni,Reilly,toni611@yahoo.com,-5463,15:54.2,New_Customer,Email,55+,,32.58,0.57,TRUE,TRUE,TRUE,,47,Electronics
1931,Marcia,Martin,marciamartin@hotmail.com,-4313,26:38.4,New_Customer,Direct,26-35,Premium,127.53,0.68,TRUE,FALSE,FALSE,15:28.1,34,Clothing
1932,Rebecca,Wheeler,rebecca.wheeler@yahoo.com,-2575,24:56.6,High_Value,Email,18-25,Medium,295.4,0.24,FALSE,TRUE,TRUE,,45,Home
1933,James,Wallace,james.wallace@outlook.com,-10070,34:34.0,New_Customer,Social,55+,Low,81.06,0.63,TRUE,FALSE,FALSE,18:26.8,5,Sports
1934,Justin,Smith,justin.smith@gmail.com,-10442,43:31.7,New_Customer,Social,26-35,Low,71.89,0.72,FALSE,FALSE,FALSE,,43,Home
1935,Darren,Miller,darren139@yahoo.com,-4023,11:52.6,Low_Value,Direct,18-25,Medium,33.58,0.87,TRUE,TRUE,FALSE,18:23.1,19,Books
1936,Brian,Walker,brian.walker@outlook.com,-6998,31:08.8,Low_Value,Push,46-55,Premium,36.16,0.7,FALSE,FALSE,FALSE,17:47.7,7,Home
1937,Kristin,Clark,kristin764@gmail.com,-6153,43:17.3,Low_Value,Push,46-55,Low,38.98,0.62,FALSE,FALSE,FALSE,16:06.4,6,Clothing
1938,Joseph,Marshall,joseph768@yahoo.com,-2443,16:14.3,High_Value,SMS,55+,Low,295.18,0.34,FALSE,FALSE,FALSE,18:07.4,5,Clothing
1939,April,Roberts,april833@hotmail.com,-3535,33:11.5,Medium_Value,Email,55+,Low,166.28,0.43,FALSE,FALSE,TRUE,,28,Clothing
1940,Christopher,Johnston,christopher918@hotmail.com,-6130,06:39.7,Low_Value,Push,46-55,,78.53,0.75,TRUE,FALSE,FALSE,14:08.7,27,Electronics
1941,Michael,Brown,michael.brown@hotmail.com,-8904,56:24.6,High_Value,Email,36-45,Low,491.92,0.35,FALSE,FALSE,FALSE,14:26.8,25,Beauty
1942,Melissa,Miller,melissa87@gmail.com,-9843,12:28.9,New_Customer,Push,26-35,Medium,63.73,0.72,TRUE,TRUE,FALSE,,22,Clothing
1943,Rebecca,Arnold,rebecca.arnold@gmail.com,-9638,48:55.0,High_Value,Social,18-25,Low,279.33,0.33,FALSE,FALSE,TRUE,,4,Books
1944,Courtney,Morgan,courtneymorgan@outlook.com,-4804,23:07.5,High_Value,Direct,36-45,,243.16,0.36,TRUE,FALSE,FALSE,,0,Books
1945,Brandon,Wade,brandon.wade@yahoo.com,-7112,49:59.1,New_Customer,Push,18-25,Premium,44.64,0.8,FALSE,FALSE,TRUE,15:20.0,22,Clothing
1946,Mark,Gutierrez,mark468@gmail.com,-8584,39:22.3,Low_Value,Direct,,Low,68.63,0.65,TRUE,FALSE,TRUE,18:11.7,5,Electronics
1947,Jesse,Harrison,jesse.harrison@hotmail.com,-5793,57:57.6,High_Value,Push,55+,Medium,252.05,0.29,TRUE,TRUE,FALSE,13:58.9,16,Books
1948,Robert,Smith,robertsmith@outlook.com,-3960,55:03.2,High_Value,Email,,Premium,161.41,0.2,FALSE,FALSE,FALSE,16:34.7,10,Beauty
1949,Kenneth,Kirk,kennethkirk@yahoo.com,-9896,03:50.1,Medium_Value,SMS,36-45,High,125.14,0.52,TRUE,TRUE,FALSE,18:11.8,39,Electronics
1950,Patricia,Thomas,patriciathomas@hotmail.com,-5044,22:33.6,Medium_Value,Email,55+,High,138.86,0.43,FALSE,TRUE,TRUE,14:31.8,35,Electronics
1951,Gloria,Lopez,gloria.lopez@outlook.com,-2249,22:00.9,New_Customer,Social,18-25,Low,111.59,0.74,FALSE,FALSE,TRUE,18:14.5,18,Books
1952,Kristen,Ferguson,kristen.ferguson@outlook.com,-10732,33:53.4,High_Value,Direct,46-55,Medium,404.17,0.32,FALSE,FALSE,TRUE,18:02.9,38,Electronics
1953,Phyllis,Scott,phyllisscott@outlook.com,-7283,51:58.4,High_Value,Social,46-55,Medium,469.08,0.37,FALSE,FALSE,FALSE,15:19.3,0,Beauty
1954,Robert,Smith,robert674@gmail.com,-7632,14:56.2,Medium_Value,SMS,55+,Low,101.26,0.53,FALSE,TRUE,TRUE,18:06.6,44,Home
1955,Joshua,Dennis,joshua290@outlook.com,-10324,58:11.3,New_Customer,Direct,46-55,Medium,122.4,0.53,FALSE,FALSE,FALSE,13:48.0,47,Beauty
1956,Duane,Beasley,duane.beasley@outlook.com,-10063,43:45.1,Low_Value,Direct,26-35,Low,98.49,0.61,TRUE,FALSE,FALSE,14:42.7,41,Home
1957,Jose,Rhodes,joserhodes@hotmail.com,-3285,27:27.5,New_Customer,Email,55+,Medium,106.67,0.71,FALSE,TRUE,FALSE,18:00.0,4,Beauty
1958,Scott,Brown,scottbrown@hotmail.com,-10121,55:59.6,Medium_Value,Push,36-45,Medium,130.54,0.46,TRUE,FALSE,TRUE,,36,Sports
1959,Benjamin,Bell,benjamin.bell@outlook.com,-5148,20:12.2,Low_Value,Direct,55+,Medium,55.1,0.76,FALSE,TRUE,TRUE,,0,Home
1960,Heather,Mendez,heathermendez@gmail.com,-10477,27:12.2,Medium_Value,Email,55+,High,150.95,0.66,TRUE,TRUE,FALSE,,8,Books
1961,Kimberly,Molina,kimberly.molina@gmail.com,-10117,59:01.6,Medium_Value,Direct,55+,High,198.04,0.45,FALSE,FALSE,FALSE,18:17.1,26,Clothing
1962,Rodney,Lopez,rodneylopez@hotmail.com,-9943,06:11.1,New_Customer,Social,46-55,,136.51,0.6,FALSE,TRUE,TRUE,,44,Home
1963,Rebecca,Hunter,rebecca452@gmail.com,-3226,23:34.0,Low_Value,Push,18-25,Premium,97.77,0.82,FALSE,FALSE,TRUE,15:13.3,7,Beauty
1964,Brittany,Haynes,brittany.haynes@gmail.com,-3479,47:42.8,New_Customer,Email,55+,Medium,117.59,0.54,TRUE,TRUE,TRUE,14:16.2,18,Home
1965,Stephen,Gonzalez,stephen.gonzalez@hotmail.com,-3423,26:14.6,Medium_Value,Social,36-45,Premium,106.55,0.7,FALSE,FALSE,FALSE,14:13.1,6,Beauty
1966,James,Cowan,jamescowan@outlook.com,-5083,06:50.9,New_Customer,Direct,26-35,Medium,149.43,0.51,TRUE,TRUE,TRUE,16:10.1,47,Books
1967,Stephanie,Aguilar,stephanie.aguilar@yahoo.com,-7687,48:24.1,New_Customer,Social,26-35,Low,86.33,0.53,FALSE,TRUE,FALSE,17:53.9,27,Home
1968,Gabriella,Turner,gabriella921@outlook.com,-8947,50:58.8,Medium_Value,Social,18-25,Medium,172.36,0.58,TRUE,TRUE,FALSE,16:25.9,39,Beauty
1969,Stephanie,Gonzalez,stephanie895@yahoo.com,-5995,25:00.6,New_Customer,SMS,,Medium,131.34,0.51,TRUE,FALSE,TRUE,14:17.9,39,Beauty
1970,John,Choi,john.choi@yahoo.com,-10555,37:31.9,New_Customer,Email,26-35,Premium,63.35,0.73,TRUE,FALSE,TRUE,14:40.8,3,Books
1971,Timothy,Howard,timothy.howard@outlook.com,-7187,02:18.0,High_Value,SMS,36-45,High,388.32,0.28,TRUE,TRUE,FALSE,14:55.2,45,Electronics
1972,Yvette,Smith,yvettesmith@hotmail.com,-8101,46:38.9,New_Customer,Social,36-45,High,31.9,0.72,TRUE,TRUE,FALSE,12:53.0,24,Books
1973,Amber,Bishop,amber675@gmail.com,-7226,51:58.9,New_Customer,Direct,,Premium,54.72,0.65,FALSE,FALSE,FALSE,13:48.1,29,Clothing
1974,Jessica,Armstrong,jessica77@outlook.com,-7871,42:07.0,High_Value,Push,18-25,High,215.89,0.24,TRUE,TRUE,FALSE,15:22.6,50,Electronics
1975,Sydney,Pierce,sydney863@yahoo.com,-7165,21:53.2,New_Customer,Push,36-45,Low,124.51,0.72,TRUE,TRUE,FALSE,13:32.5,14,Sports
1976,David,Daniels,daviddaniels@outlook.com,-10398,41:01.9,New_Customer,Email,55+,Premium,98.1,0.67,TRUE,FALSE,TRUE,15:23.1,13,Books
1977,Angela,Barnett,angela.barnett@hotmail.com,-5547,56:29.2,Low_Value,Email,18-25,Medium,78.72,0.71,TRUE,FALSE,FALSE,15:50.1,21,Sports
1978,Steven,Miller,steven.miller@gmail.com,-8169,08:49.3,High_Value,SMS,18-25,Medium,274.51,0.37,FALSE,TRUE,FALSE,16:55.9,38,Clothing
1979,Wendy,Pham,wendypham@gmail.com,-10864,20:32.2,New_Customer,Push,26-35,Premium,106.48,0.69,FALSE,FALSE,TRUE,,47,Home
1980,Daniel,Woods,daniel496@hotmail.com,-10462,01:39.2,High_Value,SMS,18-25,Medium,428.91,0.38,TRUE,TRUE,FALSE,17:25.4,47,Home
1981,Dustin,Robinson,dustin.robinson@gmail.com,-3080,34:56.3,New_Customer,SMS,36-45,Medium,66.6,0.76,TRUE,TRUE,FALSE,17:36.9,33,Home
1982,Derrick,Schwartz,derrick.schwartz@gmail.com,-4201,01:18.4,New_Customer,Social,46-55,Premium,133.07,0.57,TRUE,FALSE,FALSE,16:37.1,1,Beauty
1983,Christopher,Lang,christopher720@hotmail.com,-2596,45:44.8,High_Value,Email,46-55,Medium,357.89,0.37,TRUE,FALSE,TRUE,14:52.0,1,Electronics
1984,John,Brown,johnbrown@hotmail.com,-7351,26:12.0,High_Value,SMS,,Medium,223.67,0.36,TRUE,TRUE,TRUE,13:15.2,32,Beauty
1985,Andrew,Fowler,andrewfowler@yahoo.com,-11322,46:49.0,Medium_Value,Social,55+,Medium,162.34,0.65,FALSE,FALSE,FALSE,16:24.4,45,Clothing
1986,Victor,Fitzgerald,victor569@outlook.com,-5303,48:36.1,Medium_Value,Direct,36-45,High,86.01,0.41,TRUE,TRUE,TRUE,,13,Beauty
1987,Timothy,Parker,timothyparker@yahoo.com,-3718,19:53.0,Medium_Value,Email,55+,Low,115.26,0.42,TRUE,FALSE,TRUE,,44,Sports
1988,Jennifer,Patel,jenniferpatel@gmail.com,-3023,11:33.2,High_Value,SMS,26-35,High,328.87,0.25,TRUE,FALSE,TRUE,15:56.7,3,Clothing
1989,Rita,Joyce,rita.joyce@hotmail.com,-11095,06:55.2,Medium_Value,SMS,,High,187.11,0.59,TRUE,FALSE,FALSE,,7,Clothing
1990,Shane,Maldonado,shane262@hotmail.com,-6588,12:25.0,Low_Value,SMS,26-35,High,81.21,0.66,FALSE,FALSE,TRUE,16:21.2,30,Beauty
1991,Tina,Day,tinaday@outlook.com,-2165,19:02.4,Low_Value,Email,46-55,Medium,34.97,0.74,TRUE,FALSE,TRUE,16:32.4,36,Books
1992,Corey,Thomas,corey91@hotmail.com,-4611,07:24.6,Medium_Value,Direct,46-55,Premium,105.07,0.59,TRUE,FALSE,FALSE,,48,Books
1993,Chase,Cox,chasecox@hotmail.com,-9009,41:10.0,New_Customer,SMS,26-35,Low,36.79,0.59,TRUE,TRUE,FALSE,14:22.6,35,Books
1994,Jennifer,Thompson,jenniferthompson@gmail.com,-6634,34:06.6,High_Value,Direct,55+,Medium,486.59,0.22,TRUE,FALSE,FALSE,,0,Clothing
1995,Natalie,Brown,natalie.brown@gmail.com,-5907,43:33.4,Medium_Value,Direct,36-45,Medium,189.03,0.42,TRUE,TRUE,FALSE,17:57.5,2,Electronics
1996,Peter,Moore,peter.moore@yahoo.com,-8329,40:40.0,Medium_Value,Direct,36-45,Medium,124.3,0.54,FALSE,FALSE,FALSE,15:49.8,20,Books
1997,Manuel,Watson,manuel.watson@yahoo.com,-9611,46:42.8,Low_Value,Direct,18-25,Premium,77.35,0.87,TRUE,FALSE,TRUE,13:31.0,48,Home
1998,Karen,Smith,karen.smith@outlook.com,-6936,29:26.6,High_Value,Direct,36-45,Medium,183.99,0.2,TRUE,TRUE,FALSE,14:05.8,44,Beauty
1999,Andrew,Morales,andrew.morales@yahoo.com,-9083,54:37.2,New_Customer,Push,55+,Medium,55.37,0.66,FALSE,TRUE,TRUE,,30,Home
2000,Mary,Roberts,mary953@hotmail.com,-3368,27:00.3,New_Customer,Direct,46-55,High,122.68,0.68,TRUE,FALSE,TRUE,15:11.9,42,Electronics
