customer_key,customer_id,first_name,last_name,email,phone_number,registration_date,customer_segment,preferred_channel,age_group,income_level,source_avg_order_value,promo_sensitivity,email_opt_in,sms_opt_in,push_opt_in,last_purchase_date,source_lifetime_orders,preferred_category
1,1,Maria,Cook,mariacook@yahoo.com,-9671,,New_Customer,Social,18-25,Low,71.77,0.75,True,True,False,,4.0,Beauty
2,2,Jose,West,jose6@outlook.com,-10211,,High_Value,Email,55+,High,435.71,0.34,False,True,False,,25.0,Books
3,3,Christopher,Hale,christopher.hale@outlook.com,-6441,,Medium_Value,Social,18-25,Premium,184.04,0.61,False,False,False,,36.0,Electronics
4,4,Daniel,Klein,danielklein@yahoo.com,-8993,,Low_Value,Push,26-35,High,86.76,0.66,False,True,False,,8.0,Sports
5,5,Allison,Mckenzie,allisonmckenzie@hotmail.com,-9363,,Medium_Value,Direct,46-55,Low,77.53,0.47,False,False,False,,11.0,Clothing
6,6,Kimberly,Miller,kimberly781@hotmail.com,-6904,,Medium_Value,Social,46-55,Premium,152.52,0.62,False,True,False,,32.0,Books
7,7,Susan,Pollard,susan.pollard@yahoo.com,-3465,,High_Value,Email,55+,Medium,179.41,0.25,False,True,True,,17.0,Books
8,8,Gregory,Hunter,gregory995@hotmail.com,-10343,,Low_Value,Social,46-55,Low,36.03,0.65,False,False,False,,1.0,Clothing
9,9,James,Osborne,jamesosborne@gmail.com,-5627,,Medium_Value,Push,55+,Premium,164.4,0.61,True,True,False,,33.0,Beauty
10,10,Cheryl,Carter,cherylcarter@outlook.com,-10302,,Low_Value,SMS,36-45,High,75.26,0.74,False,False,True,,7.0,Clothing
11,11,Jacob,Wilson,jacobwilson@hotmail.com,-9111,,New_Customer,Push,18-25,Unknown,134.23,0.68,False,False,False,,47.0,Books
12,12,Matthew,Hill,matthew660@hotmail.com,-7401,,Medium_Value,Direct,55+,Low,138.97,0.42,True,True,False,,39.0,Beauty
13,13,Angela,Sims,angela.sims@outlook.com,-9161,,High_Value,Push,46-55,High,213.76,0.31,False,True,False,,31.0,Clothing
14,14,Sarah,Willis,sarah.willis@outlook.com,-3954,,New_Customer,Social,18-25,Premium,145.89,0.51,False,True,True,,49.0,Electronics
15,15,Jennifer,Wheeler,jenniferwheeler@outlook.com,-7224,,Medium_Value,SMS,55+,Low,116.8,0.45,True,True,False,,24.0,Electronics
16,16,Roger,Sweeney,roger.sweeney@gmail.com,-10139,,High_Value,Email,18-25,Premium,470.64,0.27,False,False,True,,33.0,Beauty
17,17,James,Clark,james.clark@yahoo.com,-4320,,High_Value,Email,36-45,Medium,485.25,0.24,True,True,True,,22.0,Books
18,18,Amber,Li,amber.li@outlook.com,-5123,,Low_Value,Push,26-35,Low,57.31,0.64,False,True,False,,44.0,Clothing
19,19,Fred,Hendricks,fred118@outlook.com,-3186,,High_Value,Email,55+,Low,485.67,0.3,False,True,False,,8.0,Books
20,20,Ashley,King,ashley.king@outlook.com,-5375,,Medium_Value,Push,18-25,Unknown,116.08,0.62,True,True,True,,1.0,Home
21,21,Mark,Terry,markterry@hotmail.com,-2883,,High_Value,Email,55+,High,202.59,0.38,True,False,True,,26.0,Clothing
22,22,Amy,Silva,amy662@outlook.com,-3872,,High_Value,SMS,26-35,Premium,276.19,0.32,False,False,False,,20.0,Beauty
23,23,Carmen,Jenkins,carmen962@hotmail.com,-10419,,Low_Value,Social,46-55,Premium,51.06,0.76,False,False,False,,8.0,Electronics
24,24,Jeremy,Martinez,jeremymartinez@gmail.com,-6098,,New_Customer,Email,18-25,Unknown,96.59,0.54,False,True,False,,49.0,Sports
25,25,Justin,Ward,justin293@gmail.com,-3188,,New_Customer,Direct,36-45,High,49.72,0.55,False,False,True,,26.0,Books
26,26,Megan,Harris,meganharris@yahoo.com,-10940,,Low_Value,Push,18-25,High,26.96,0.65,True,False,True,,32.0,Beauty
27,27,Charles,Herman,charles.herman@yahoo.com,-7851,,Medium_Value,SMS,Unknown,Low,75.91,0.46,True,False,False,,12.0,Home
28,28,Scott,Olsen,scott861@outlook.com,-4841,,Low_Value,Email,36-45,Premium,56.46,0.7,False,True,False,,45.0,Electronics
29,29,Diane,Brown,dianebrown@yahoo.com,-8018,,New_Customer,Push,55+,Low,96.11,0.75,False,False,False,,11.0,Home
30,30,Jennifer,Gallagher,jennifer915@yahoo.com,-9778,,New_Customer,Email,36-45,Low,31.0,0.64,True,True,True,,19.0,Beauty
31,31,Nina,Williams,nina663@gmail.com,-10556,,Medium_Value,Direct,18-25,Medium,157.63,0.63,True,False,False,,34.0,Clothing
32,32,Carlos,Miller,carlos564@outlook.com,-4537,,High_Value,Direct,46-55,Low,265.41,0.27,False,True,True,,46.0,Electronics
33,33,David,Johnson,david.johnson@yahoo.com,-3784,,Medium_Value,Email,36-45,Medium,143.1,0.49,False,True,True,,20.0,Home
34,34,Cynthia,Lucas,cynthia.lucas@gmail.com,-8861,,New_Customer,SMS,26-35,Medium,96.94,0.75,True,True,False,,20.0,Books
35,35,Suzanne,Reynolds,suzanne275@yahoo.com,-9796,,Low_Value,SMS,55+,Premium,35.84,0.72,True,True,True,,12.0,Electronics
36,36,Charles,Holland,charles.holland@gmail.com,-5095,,High_Value,Push,18-25,Premium,270.13,0.28,True,False,True,,9.0,Home
37,37,Kelly,Garcia,kellygarcia@yahoo.com,-9123,,Medium_Value,Direct,36-45,Premium,189.18,0.51,True,True,False,,43.0,Electronics
38,38,Mary,Miller,mary307@hotmail.com,-9695,,New_Customer,SMS,36-45,Low,81.32,0.77,False,False,True,,0.0,Clothing
39,39,Amanda,Nguyen,amandanguyen@yahoo.com,-6422,,High_Value,Push,18-25,Low,371.07,0.26,False,True,True,,50.0,Beauty
40,40,Elizabeth,Thompson,elizabeth974@hotmail.com,-2992,,High_Value,Direct,36-45,Unknown,455.07,0.21,True,True,True,,25.0,Electronics
41,41,James,Johnson,james795@yahoo.com,-7680,,Medium_Value,Push,55+,Premium,85.81,0.7,False,True,False,,12.0,Home
42,42,Paul,Parsons,paul65@yahoo.com,-7627,,High_Value,Social,26-35,Medium,238.32,0.24,False,False,False,,9.0,Electronics
43,43,Ian,Arellano,ian497@hotmail.com,-9363,,Medium_Value,Direct,26-35,Medium,193.97,0.48,True,True,True,,13.0,Beauty
44,44,Richard,Wiley,richard.wiley@hotmail.com,-7516,,Low_Value,Direct,36-45,High,28.95,0.83,False,False,True,,24.0,Home
45,45,Douglas,Collins,douglas.collins@hotmail.com,-8855,,Medium_Value,Push,18-25,High,175.11,0.49,False,False,False,,42.0,Books
46,46,Debra,Fields,debrafields@yahoo.com,-7653,,Low_Value,Social,26-35,High,41.13,0.86,False,False,True,,37.0,Books
47,47,Jason,Butler,jason404@yahoo.com,-10940,,New_Customer,Push,18-25,Medium,104.0,0.78,False,False,True,,29.0,Beauty
48,48,Roger,Mendoza,roger88@hotmail.com,-8573,,Low_Value,Email,18-25,Premium,38.26,0.63,True,True,False,,28.0,Beauty
49,49,Michelle,Castillo,michelle986@yahoo.com,-6093,,New_Customer,Social,26-35,Medium,40.7,0.57,True,False,True,,30.0,Sports
50,50,Tracy,Davis,tracy242@hotmail.com,-8476,,Medium_Value,SMS,46-55,Medium,190.45,0.49,True,False,False,,7.0,Electronics
51,51,Elizabeth,Watson,elizabethwatson@gmail.com,-5454,,Medium_Value,Direct,55+,Medium,146.4,0.68,False,True,True,,32.0,Clothing
52,52,Hannah,Wilson,hannah.wilson@gmail.com,-3634,,Low_Value,SMS,26-35,Medium,65.55,0.85,True,False,True,,15.0,Sports
53,53,Leslie,Martin,leslie.martin@outlook.com,-2266,,New_Customer,Social,46-55,Medium,91.45,0.78,False,True,False,,16.0,Sports
54,54,Robert,Buck,robertbuck@gmail.com,-3513,,Low_Value,Push,46-55,High,37.17,0.65,True,False,False,,0.0,Sports
55,55,Olivia,Watson,oliviawatson@outlook.com,-8602,,New_Customer,SMS,36-45,High,53.74,0.69,True,True,False,,33.0,Electronics
56,56,Shane,Black,shane.black@hotmail.com,-8113,,Medium_Value,Direct,46-55,Unknown,194.82,0.63,True,False,True,,3.0,Sports
57,57,Amber,Carney,amber.carney@outlook.com,-8407,,Medium_Value,Email,46-55,High,75.58,0.68,False,False,False,,41.0,Electronics
58,58,Cody,Harris,cody.harris@gmail.com,-6812,,New_Customer,Social,55+,High,44.49,0.76,False,False,False,,22.0,Electronics
59,59,Amber,Wilcox,amber380@gmail.com,-5729,,New_Customer,Direct,26-35,Low,148.29,0.5,False,True,True,,27.0,Clothing
60,60,Mary,Owens,mary463@outlook.com,-5311,,Medium_Value,Email,46-55,High,116.53,0.47,False,True,True,,42.0,Books
61,61,Christopher,Stanley,christopher684@hotmail.com,-4922,,Medium_Value,Email,36-45,Premium,89.36,0.62,False,False,True,,0.0,Beauty
62,62,Daniel,Kent,daniel412@outlook.com,-6213,,High_Value,Direct,46-55,Medium,459.01,0.33,False,True,False,,38.0,Clothing
63,63,Christine,Bryant,christine635@hotmail.com,-2331,,Medium_Value,Push,26-35,Unknown,115.29,0.69,True,True,False,,11.0,Beauty
64,64,Lawrence,Hernandez,lawrencehernandez@outlook.com,-6540,,High_Value,Email,36-45,Premium,261.92,0.2,True,False,False,,8.0,Electronics
65,65,Jessica,Stephenson,jessicastephenson@hotmail.com,-4096,,Medium_Value,Push,18-25,High,190.48,0.53,True,True,True,,13.0,Clothing
66,66,James,Rodriguez,james598@outlook.com,-6807,,High_Value,Direct,46-55,Unknown,466.47,0.32,False,False,False,,12.0,Sports
67,67,Olivia,Davis,oliviadavis@gmail.com,-9414,,New_Customer,Direct,Unknown,Premium,78.97,0.58,True,False,False,,22.0,Beauty
68,68,Karen,Cordova,karen.cordova@hotmail.com,-10817,,High_Value,Push,46-55,High,189.42,0.31,True,False,False,,27.0,Electronics
69,69,Joseph,Chapman,joseph620@hotmail.com,-4426,,High_Value,Direct,36-45,High,370.97,0.31,True,False,True,,41.0,Electronics
70,70,Bradley,Wright,bradley.wright@outlook.com,-8049,,High_Value,Email,Unknown,Low,453.27,0.2,True,False,True,,7.0,Sports
71,71,Timothy,Kelly,timothy334@outlook.com,-5461,,Low_Value,SMS,55+,Unknown,40.08,0.64,True,False,True,,33.0,Home
72,72,Daniel,Strickland,daniel104@gmail.com,-5174,,High_Value,Push,55+,Medium,421.85,0.36,True,False,True,,10.0,Books
73,73,Jamie,Ellis,jamieellis@hotmail.com,-10460,,High_Value,Email,46-55,Premium,246.17,0.37,False,True,True,,3.0,Books
74,74,Brandy,Davidson,brandy379@hotmail.com,-7081,,Medium_Value,Email,36-45,Premium,92.28,0.55,True,False,False,,20.0,Sports
75,75,Ronald,Mccullough,ronaldmccullough@hotmail.com,-2553,,New_Customer,SMS,26-35,Low,71.17,0.59,True,True,False,,25.0,Home
76,76,Kristina,Walker,kristinawalker@outlook.com,-8568,,Low_Value,Social,36-45,High,28.11,0.67,True,True,True,,26.0,Books
77,77,Karina,Hayes,karina.hayes@outlook.com,-11222,,High_Value,Email,18-25,Unknown,357.56,0.3,True,False,True,,5.0,Clothing
78,78,Brian,Aguilar,brian.aguilar@outlook.com,-8749,,High_Value,SMS,36-45,Premium,388.84,0.28,False,False,True,,24.0,Electronics
79,79,Theresa,Curtis,theresacurtis@hotmail.com,-2202,,Low_Value,Direct,46-55,Medium,45.53,0.87,False,True,True,,36.0,Sports
80,80,Allen,Williams,allen.williams@hotmail.com,-3448,,High_Value,Direct,55+,High,446.58,0.23,True,True,False,,21.0,Beauty
81,81,Matthew,Murray,matthew.murray@hotmail.com,-6993,,Medium_Value,Push,46-55,Medium,131.72,0.68,True,True,False,,3.0,Sports
82,82,John,Ayala,john502@hotmail.com,-7478,,High_Value,Social,36-45,Premium,240.62,0.3,False,True,True,,32.0,Electronics
83,83,Edward,Boyd,edward734@hotmail.com,-2348,,New_Customer,Direct,18-25,Medium,30.82,0.57,True,True,True,,26.0,Books
84,84,Ryan,Ross,ryan770@gmail.com,-9798,,High_Value,Push,18-25,Premium,300.78,0.21,False,True,True,,46.0,Electronics
85,85,Lauren,Terry,laurenterry@gmail.com,-7585,,New_Customer,SMS,55+,High,75.04,0.61,False,False,False,,15.0,Books
86,86,Scott,Thomas,scott.thomas@yahoo.com,-4240,,Low_Value,Push,18-25,Low,66.62,0.87,False,False,True,,24.0,Electronics
87,87,Madison,Cox,madisoncox@gmail.com,-5373,,High_Value,Direct,46-55,Medium,283.36,0.28,True,False,False,,20.0,Home
88,88,Jerome,Ellis,jeromeellis@hotmail.com,-8879,,High_Value,Email,26-35,Low,338.19,0.3,False,True,True,,14.0,Beauty
89,89,Miguel,Bell,miguelbell@yahoo.com,-6343,,Low_Value,Direct,26-35,Low,57.68,0.62,True,False,True,,32.0,Clothing
90,90,Daniel,Sanchez,daniel.sanchez@yahoo.com,-5274,,Medium_Value,Push,36-45,Premium,187.42,0.45,False,False,True,,41.0,Beauty
91,91,Amy,Fitzgerald,amy.fitzgerald@outlook.com,-6868,,New_Customer,Email,55+,Medium,52.04,0.72,False,False,True,,4.0,Home
92,92,Richard,Howard,richard.howard@gmail.com,-4539,,New_Customer,SMS,36-45,Medium,87.83,0.72,True,True,True,,25.0,Clothing
93,93,Michael,Torres,michaeltorres@yahoo.com,-3677,,New_Customer,SMS,18-25,Premium,133.47,0.72,True,False,True,,41.0,Books
94,94,Dorothy,Graham,dorothy.graham@hotmail.com,-8416,,New_Customer,Social,46-55,Low,147.83,0.57,True,True,True,,43.0,Beauty
95,95,Kimberly,Elliott,kimberlyelliott@gmail.com,-10099,,Low_Value,Push,26-35,Medium,78.7,0.85,True,True,True,,25.0,Home
96,96,Kelly,Li,kellyli@gmail.com,-6186,,Medium_Value,Social,46-55,Premium,186.63,0.46,True,True,False,,5.0,Sports
97,97,Pamela,Smith,pamelasmith@gmail.com,-6824,,Medium_Value,Direct,18-25,Low,190.6,0.61,False,True,False,,30.0,Books
98,98,Lori,Davis,loridavis@hotmail.com,-3790,,New_Customer,SMS,55+,High,104.89,0.71,True,False,False,,39.0,Clothing
99,99,Samuel,Meyer,samuel.meyer@outlook.com,-3045,,New_Customer,Social,18-25,Medium,141.91,0.52,False,False,True,,30.0,Beauty
100,100,Elaine,Bridges,elaine.bridges@hotmail.com,-9815,,Low_Value,Direct,26-35,Low,63.99,0.64,False,False,False,,1.0,Sports
101,101,Jonathan,Nelson,jonathannelson@outlook.com,-4238,,Medium_Value,SMS,26-35,Medium,135.72,0.69,False,False,False,,18.0,Sports
102,102,Alicia,Gallagher,aliciagallagher@gmail.com,-7293,,New_Customer,Social,36-45,Premium,68.67,0.71,False,True,False,,17.0,Home
103,103,Jacob,Rivera,jacobrivera@yahoo.com,-7676,,Medium_Value,Direct,18-25,High,175.17,0.64,True,True,False,,19.0,Clothing
104,104,Anna,Duffy,annaduffyhotmail.com,-4885,,Medium_Value,Push,18-25,High,131.18,0.68,True,True,True,,40.0,Home
105,105,Penny,Johnson,penny.johnson@outlook.com,-10034,,New_Customer,Direct,18-25,Medium,99.43,0.71,False,False,False,,4.0,Electronics
106,106,Anthony,Rose,anthonyroseyahoo.com,-10605,,Medium_Value,Social,18-25,Premium,153.35,0.51,False,False,True,,41.0,Books
107,107,Kimberly,Wolf,kimberlywolf@gmail.com,-9846,,High_Value,Email,36-45,Low,167.7,0.29,True,False,False,,41.0,Clothing
108,108,Cynthia,Baker,cynthiabaker@hotmail.com,-3394,,New_Customer,Direct,55+,Unknown,47.5,0.76,True,True,False,,45.0,Sports
109,109,George,Sanchez,georgesanchez@yahoo.com,-3754,,New_Customer,Direct,26-35,Medium,107.27,0.76,True,False,False,,49.0,Home
110,110,Mitchell,Brown,mitchell.brown@yahoo.com,-8632,,New_Customer,SMS,55+,High,85.96,0.69,True,True,True,,6.0,Sports
111,111,Tracy,Howell,tracy.howell@outlook.com,-9681,,Medium_Value,Email,55+,Medium,129.1,0.45,False,True,True,,12.0,Books
112,112,Erica,Everett,erica381@outlook.com,-11195,,High_Value,Email,18-25,Premium,165.99,0.36,True,False,True,,6.0,Electronics
113,113,Kathy,Richard,kathyrichard@gmail.com,-10471,,Low_Value,Push,Unknown,High,94.78,0.75,False,True,True,,36.0,Clothing
114,114,Joshua,Hall,joshua.hall@yahoo.com,-6821,,Low_Value,Push,46-55,Premium,51.85,0.76,False,True,False,,6.0,Books
115,115,Michael,Baker,michael276@gmail.com,-7116,,Low_Value,Direct,18-25,High,34.45,0.73,True,False,False,,15.0,Sports
116,116,Cynthia,Porter,cynthia254@hotmail.com,-10911,,Medium_Value,Push,55+,Premium,114.2,0.42,False,True,True,,26.0,Books
117,117,Carrie,Taylor,carrie508@yahoo.com,-7562,,Medium_Value,Push,36-45,Unknown,114.4,0.64,True,True,False,,49.0,Electronics
118,118,Michael,Anderson,michael.anderson@outlook.com,-10706,,New_Customer,SMS,36-45,Premium,128.59,0.5,True,True,False,,37.0,Home
119,119,Brian,Johnson,brian682@hotmail.com,-6149,,Low_Value,Social,26-35,Low,53.14,0.63,True,True,True,,4.0,Home
120,120,Brian,Bell,brian412@gmail.com,-7750,,Medium_Value,SMS,36-45,Premium,171.16,0.66,False,True,False,,9.0,Home
121,121,Joseph,Tate,joseph.tate@yahoo.com,-4860,,New_Customer,Direct,36-45,High,133.69,0.56,False,False,True,,21.0,Home
122,122,Jon,Tucker,jon197@yahoo.com,-5156,,New_Customer,Email,55+,Medium,117.23,0.73,True,True,True,,35.0,Home
123,123,James,Webster,james.webster@outlook.com,-9259,,High_Value,Direct,36-45,Medium,174.51,0.27,False,True,True,,39.0,Clothing
124,124,Johnny,Taylor,johnnytaylor@yahoo.com,-5606,,Low_Value,SMS,46-55,High,74.96,0.69,True,False,True,,27.0,Electronics
125,125,Brianna,Obrien,brianna858@hotmail.com,-7753,,New_Customer,Direct,46-55,Unknown,99.99,0.74,True,False,False,,8.0,Books
126,126,Timothy,Haley,timothy.haley@gmail.com,-6390,,New_Customer,SMS,36-45,Medium,149.19,0.68,True,True,True,,4.0,Beauty
127,127,Amber,Garcia,ambergarcia@hotmail.com,-5172,,High_Value,Social,26-35,High,365.3,0.31,False,False,False,,13.0,Home
128,128,Jake,White,jake388@yahoo.com,-5262,,New_Customer,SMS,18-25,Medium,31.53,0.78,False,True,False,,4.0,Home
129,129,Scott,Mayo,scott561@outlook.com,-5087,,Low_Value,Email,36-45,Unknown,35.51,0.65,True,True,True,,14.0,Clothing
130,130,Aaron,Turner,aaron569@yahoo.com,-8280,,High_Value,Social,18-25,Unknown,206.22,0.22,True,True,True,,37.0,Home
131,131,Ronald,Briggs,ronald.briggs@outlook.com,-6695,,Low_Value,SMS,18-25,Premium,80.15,0.89,False,False,False,,23.0,Sports
132,132,Monica,Aguilar,monica322@gmail.com,-9580,,New_Customer,Social,26-35,Low,70.34,0.61,True,False,False,,0.0,Books
133,133,Diana,Sanders,dianasanders@hotmail.com,-8962,,Low_Value,Direct,46-55,Premium,51.02,0.89,False,True,False,,40.0,Books
134,134,Heather,Hart,heatherhart@hotmail.com,-9061,,New_Customer,Direct,18-25,High,129.89,0.54,True,False,False,,19.0,Books
135,135,Elizabeth,Bartlett,elizabeth577@yahoo.com,-8802,,High_Value,Push,55+,High,484.49,0.22,False,False,False,,43.0,Electronics
136,136,Steven,Price,stevenprice@outlook.com,-9195,,Low_Value,Social,Unknown,High,56.89,0.89,True,True,False,,24.0,Clothing
137,137,Madison,Cox,madison.cox@outlook.com,-11732,,Low_Value,Social,26-35,High,83.05,0.88,True,True,True,,42.0,Clothing
138,138,Robin,Reese,robinreese@gmail.com,-1942,,New_Customer,SMS,46-55,Premium,60.76,0.55,True,False,False,,31.0,Books
139,139,Regina,Davis,regina.davis@hotmail.com,-2990,,New_Customer,Email,18-25,High,38.4,0.66,False,True,False,,32.0,Home
140,140,Diane,Hopkins,diane.hopkins@gmail.com,-10928,,High_Value,Push,26-35,Low,258.34,0.23,True,True,True,,20.0,Beauty
141,141,Pamela,Singh,pamela452@hotmail.com,-7229,,New_Customer,SMS,46-55,Medium,124.73,0.53,False,False,False,,1.0,Books
142,142,Matthew,Harper,matthew.harper@hotmail.com,-2712,,New_Customer,SMS,46-55,Premium,115.15,0.75,True,True,False,,38.0,Electronics
143,143,Kristen,Horton,kristen168@outlook.com,-4600,,New_Customer,SMS,46-55,Premium,144.15,0.52,True,False,False,,22.0,Sports
144,144,Sheena,Hicks,sheenahicks@gmail.com,-10232,,Medium_Value,Push,46-55,Medium,160.3,0.67,True,True,False,,17.0,Sports
145,145,Zachary,Clark,zachary.clark@gmail.com,-2606,,New_Customer,Direct,55+,Medium,131.56,0.59,True,True,False,,25.0,Clothing
146,146,Susan,Lam,susanlam@outlook.com,-6942,,High_Value,Email,26-35,Premium,344.2,0.33,False,True,True,,20.0,Electronics
147,147,Deborah,Wallace,deborahwallace@yahoo.com,-3390,,High_Value,Push,26-35,High,155.71,0.36,True,True,False,,20.0,Clothing
148,148,Lisa,Morgan,lisamorgan@hotmail.com,-7985,,Medium_Value,Social,36-45,High,109.46,0.5,False,True,True,,6.0,Clothing
149,149,Darlene,Norris,darlenenorris@hotmail.com,-9997,,Medium_Value,Direct,26-35,Medium,142.12,0.49,True,False,True,,5.0,Sports
150,150,Brianna,Warren,brianna346@gmail.com,-11070,,New_Customer,Direct,18-25,Premium,33.82,0.64,True,False,True,,0.0,Clothing
151,151,Cynthia,Padilla,cynthia.padilla@hotmail.com,-7365,,Low_Value,SMS,26-35,Premium,65.56,0.75,True,False,False,,0.0,Beauty
152,152,Brandon,Crawford,brandon72@outlook.com,-4824,,High_Value,SMS,26-35,Medium,229.93,0.36,True,True,True,,0.0,Sports
153,153,Sharon,Beasley,sharonbeasley@outlook.com,-6771,,New_Customer,Social,36-45,Medium,88.79,0.66,False,True,True,,7.0,Electronics
154,154,Kelly,Bass,kellybass@hotmail.com,-10315,,New_Customer,Social,46-55,Low,40.94,0.62,False,False,True,,48.0,Electronics
155,155,Morgan,Mason,morgan.mason@yahoo.com,-8098,,Medium_Value,Direct,18-25,Unknown,124.79,0.53,True,False,False,,25.0,Electronics
156,156,Laura,Collins,laura.collins@hotmail.com,-9779,,Medium_Value,Email,55+,Medium,188.53,0.5,True,True,False,,45.0,Sports
157,157,Tim,Peck,timpeck@outlook.com,-4819,,New_Customer,SMS,46-55,High,41.88,0.54,False,False,False,,31.0,Home
158,158,Zachary,Calhoun,zacharycalhoun@gmail.com,-5787,,New_Customer,SMS,36-45,Medium,89.13,0.63,False,True,False,,11.0,Electronics
159,159,Valerie,Johnson,valerie336@outlook.com,-5257,,High_Value,Email,55+,High,264.66,0.32,True,True,True,,23.0,Books
160,160,Kathleen,Walker,kathleen611@outlook.com,-4048,,Low_Value,Social,36-45,Premium,98.63,0.68,True,False,True,,24.0,Home
161,161,Melissa,Haynes,melissa.haynes@gmail.com,-8870,,Medium_Value,Direct,46-55,Medium,152.06,0.64,True,False,False,,19.0,Sports
162,162,Ronald,Ochoa,ronaldochoa@hotmail.com,-5421,,High_Value,Email,26-35,Low,332.81,0.22,True,True,True,,39.0,Sports
163,163,Cathy,Foster,cathy768@outlook.com,-6321,,High_Value,Push,18-25,Medium,452.68,0.35,True,False,True,,47.0,Sports
164,164,Derek,Jones,derek.jones@hotmail.com,-8963,,Low_Value,SMS,36-45,Low,30.05,0.62,False,False,False,,17.0,Sports
165,165,Leslie,Anderson,leslie.anderson@yahoo.com,-3169,,Medium_Value,SMS,18-25,Premium,88.12,0.54,False,False,True,,33.0,Sports
166,166,Justin,Farley,justin50@outlook.com,-2942,,New_Customer,Push,55+,Medium,43.18,0.5,True,False,True,,42.0,Electronics
167,167,Julie,Garcia,juliegarcia@hotmail.com,-9401,,New_Customer,Email,46-55,Low,107.46,0.67,True,False,False,,17.0,Clothing
168,168,Elizabeth,Sandoval,elizabeth176@hotmail.com,-5380,,Medium_Value,Direct,18-25,Premium,186.6,0.69,True,False,False,,35.0,Books
169,169,Michelle,Blair,michelleblair@outlook.com,-6857,,New_Customer,Push,26-35,Low,132.16,0.79,False,True,False,,30.0,Beauty
170,170,Samantha,Morrison,samanthamorrison@yahoo.com,-7552,,Medium_Value,SMS,36-45,High,196.33,0.41,True,True,False,,50.0,Clothing
171,171,Madeline,Williams,madeline.williams@outlook.com,-5629,,High_Value,Email,36-45,Premium,155.64,0.4,False,False,False,,23.0,Beauty
172,172,James,Warner,james.warner@gmail.com,-3890,,New_Customer,Push,36-45,Medium,83.18,0.5,True,False,True,,33.0,Sports
173,173,Jack,Schmidt,jack589@hotmail.com,-4410,,New_Customer,SMS,36-45,Unknown,134.55,0.55,False,True,True,,38.0,Home
174,174,Richard,Bates,richard.bates@outlook.com,-2199,,High_Value,Email,55+,Medium,427.34,0.21,True,True,False,,25.0,Sports
175,175,Erika,Lowery,erika.lowery@hotmail.com,-5815,,Low_Value,SMS,26-35,Unknown,46.57,0.69,False,True,True,,7.0,Clothing
176,176,Mark,Johnson,mark.johnson@yahoo.com,-10155,,Low_Value,SMS,36-45,Low,76.63,0.78,False,True,True,,43.0,Sports
177,177,Leah,Wilson,leah833@yahoo.com,-4703,,Low_Value,Social,36-45,High,75.83,0.76,True,False,False,,28.0,Electronics
178,178,Jose,Glover,jose.glover@outlook.com,-3384,,New_Customer,Push,46-55,Premium,41.73,0.54,True,True,True,,46.0,Electronics
179,179,Larry,Campbell,larry.campbell@gmail.com,-8209,,Low_Value,SMS,55+,Medium,74.25,0.84,True,False,True,,32.0,Books
180,180,Mike,Conley,mikeconley@hotmail.com,-9320,,New_Customer,Push,36-45,Premium,103.05,0.75,True,True,False,,25.0,Clothing
181,181,James,Price,james919@outlook.com,-3881,,High_Value,Social,Unknown,Medium,297.65,0.35,False,True,True,,15.0,Beauty
182,182,Bryan,Flores,bryan663@gmail.com,-5614,,Low_Value,Push,26-35,High,36.93,0.62,True,True,True,,40.0,Books
183,183,Mark,Reese,mark.reese@outlook.com,-5715,,Medium_Value,Direct,46-55,Low,118.93,0.54,True,True,True,,27.0,Sports
184,184,Joseph,Bradshaw,josephbradshaw@gmail.com,-10649,,High_Value,Direct,55+,Medium,301.87,0.36,True,False,False,,33.0,Clothing
185,185,Sherri,Cruz,sherri.cruz@hotmail.com,-4657,,High_Value,SMS,18-25,Medium,260.01,0.23,False,True,True,,14.0,Books
186,186,Aaron,Robinson,aaron622@hotmail.com,-4084,,High_Value,SMS,46-55,Medium,390.73,0.33,False,True,True,,2.0,Beauty
187,187,Jessica,Fields,jessicafields@outlook.com,-10267,,Low_Value,Direct,Unknown,Unknown,64.64,0.86,True,False,True,,35.0,Books
188,188,Margaret,Cunningham,margaretcunningham@gmail.com,-5588,,High_Value,SMS,46-55,Low,274.0,0.25,True,True,True,,45.0,Home
189,189,Kristy,Nelson,kristy.nelson@hotmail.com,-3558,,Medium_Value,Email,55+,Unknown,111.59,0.62,False,True,False,,44.0,Beauty
190,190,Shannon,Hamilton,shannon489@hotmail.com,-4747,,Medium_Value,Push,26-35,High,120.89,0.54,True,False,True,,9.0,Sports
191,191,Dawn,Hernandez,dawn407@hotmail.com,-7159,,Low_Value,Social,18-25,Low,95.4,0.87,True,False,False,,6.0,Home
192,192,Louis,Lee,louis.lee@yahoo.com,-4953,,Medium_Value,Social,36-45,Medium,126.11,0.43,False,True,False,,42.0,Clothing
193,193,Christina,Espinoza,christinaespinoza@hotmail.com,-2645,,Low_Value,Email,26-35,High,91.55,0.66,True,True,False,,44.0,Home
194,194,Dustin,Ochoa,dustinochoa@hotmail.com,-10490,,Low_Value,Social,18-25,Medium,30.8,0.83,True,False,False,,40.0,Electronics
195,195,Melissa,Diaz,melissa18@yahoo.com,-2275,,Low_Value,Email,36-45,High,94.8,0.69,False,True,True,,31.0,Home
196,196,Alison,Bowers,alisonbowers@outlook.com,-4160,,Medium_Value,Direct,18-25,Premium,77.77,0.56,False,True,False,,3.0,Beauty
197,197,Paul,Love,paullove@yahoo.com,-4424,,High_Value,Push,18-25,High,235.03,0.26,True,True,True,,23.0,Home
198,198,Monique,Mullins,moniquemullins@outlook.com,-11376,,Low_Value,Social,26-35,Premium,99.53,0.69,True,False,True,,26.0,Sports
199,199,Theresa,Craig,theresa604@yahoo.com,-4961,,Low_Value,Push,26-35,Medium,60.91,0.85,False,False,True,,5.0,Sports
200,200,Megan,Sherman,megan679@gmail.com,-9997,,High_Value,Social,36-45,Premium,419.31,0.38,False,False,False,,15.0,Books
201,201,Amy,Carroll,amy.carroll@hotmail.com,-10379,,High_Value,Email,26-35,Premium,238.07,0.33,False,True,False,,1.0,Electronics
202,202,Megan,Osborne,meganosborne@yahoo.com,-10385,,Medium_Value,Social,18-25,High,134.51,0.68,True,True,True,,17.0,Electronics
203,203,Robert,Ramirez,robertramirez@gmail.com,-8479,,Medium_Value,SMS,46-55,Premium,173.54,0.57,False,False,True,,42.0,Books
204,204,Jonathan,Matthews,jonathan.matthews@yahoo.com,-9088,,Medium_Value,Push,26-35,Low,111.05,0.58,False,True,False,,9.0,Home
205,205,Sherri,Reynolds,sherri.reynolds@hotmail.com,-7562,,Low_Value,Social,26-35,Unknown,65.22,0.64,True,True,True,,1.0,Books
206,206,Michael,Kim,michaelkim@hotmail.com,-5108,,Medium_Value,Direct,26-35,Unknown,97.48,0.57,True,True,False,,10.0,Clothing
207,207,Juan,Jennings,juanjennings@outlook.com,-10486,,New_Customer,SMS,46-55,Low,106.61,0.66,False,True,True,,49.0,Books
208,208,Dennis,Green,dennis.green@outlook.com,-10804,,Medium_Value,SMS,26-35,Premium,198.0,0.66,True,False,False,,37.0,Home
209,209,Donna,Johnson,donna.johnson@hotmail.com,-4235,,New_Customer,Email,26-35,Medium,60.11,0.53,False,False,True,,37.0,Sports
210,210,Kendra,Hall,kendra.hall@yahoo.com,-5444,,New_Customer,SMS,55+,Premium,86.16,0.63,True,False,True,,45.0,Sports
211,211,Melanie,Jackson,melanie626@yahoo.com,-10939,,Low_Value,Social,46-55,High,38.97,0.83,True,True,True,,40.0,Home
212,212,Jessica,Harper,jessicaharper@yahoo.com,-3863,,Low_Value,Email,36-45,Unknown,68.9,0.78,False,True,True,,8.0,Electronics
213,213,Pam,Bennett,pam.bennett@outlook.com,-3234,,New_Customer,SMS,26-35,Medium,122.78,0.63,True,True,False,,9.0,Sports
214,214,Shelly,Gonzalez,shellygonzalez@hotmail.com,-11245,,New_Customer,Social,18-25,Premium,61.52,0.72,False,True,True,,31.0,Sports
215,215,Gregory,Mcdonald,gregory105@outlook.com,-2161,,Medium_Value,Email,46-55,Low,174.12,0.59,False,False,False,,29.0,Beauty
216,216,Lisa,Day,lisa.day@gmail.com,-2336,,Low_Value,Social,18-25,Premium,28.07,0.76,True,False,False,,5.0,Sports
217,217,Sarah,Rivers,sarah.rivers@yahoo.com,-3540,,Medium_Value,Social,46-55,Unknown,144.84,0.6,False,False,True,,6.0,Books
218,218,Michael,Schwartz,michael634@gmail.com,-7475,,Medium_Value,Push,46-55,Low,159.07,0.44,True,True,True,,26.0,Books
219,219,Alexander,Rivera,alexanderrivera@gmail.com,-9257,,Medium_Value,Direct,36-45,Low,173.72,0.53,True,False,True,,19.0,Books
220,220,Derek,Glenn,derek214@hotmail.com,-10550,,Medium_Value,Email,55+,Low,169.76,0.46,False,True,True,,41.0,Home
221,221,Charles,Morrow,charlesmorrow@outlook.com,-5379,,Medium_Value,Push,55+,Low,107.3,0.62,False,True,True,,39.0,Books
222,222,Paul,Jenkins,pauljenkins@gmail.com,-5487,,Medium_Value,SMS,Unknown,High,152.45,0.58,True,True,False,,7.0,Beauty
223,223,William,Phillips,william861@yahoo.com,-4639,,New_Customer,SMS,55+,Premium,140.16,0.78,True,True,True,,24.0,Beauty
224,224,Amber,Collier,amber800@gmail.com,-9365,,High_Value,Social,26-35,Unknown,489.45,0.36,False,True,False,,27.0,Books
225,225,Robert,Reyes,robertreyes@gmail.com,-3321,,New_Customer,SMS,55+,Medium,85.06,0.79,False,True,False,,12.0,Books
226,226,Lisa,Harper,lisa961@hotmail.com,-10120,,New_Customer,Social,55+,Unknown,55.0,0.77,True,True,False,,17.0,Beauty
227,227,Destiny,Green,destinygreen@outlook.com,-7249,,Low_Value,Email,26-35,High,43.76,0.64,False,True,True,,15.0,Home
228,228,Raymond,Baker,raymond.baker@gmail.com,-7778,,High_Value,Direct,18-25,Medium,456.71,0.22,False,False,False,,18.0,Electronics
229,229,Larry,Robertson,larry433@gmail.com,-7622,,Low_Value,Direct,26-35,Medium,52.48,0.6,False,False,False,,1.0,Electronics
230,230,Nathaniel,Fry,nathanielfry@yahoo.com,-4930,,Medium_Value,Social,26-35,High,179.03,0.45,True,True,False,,30.0,Home
231,231,Kristina,Harrington,kristinaharrington@hotmail.com,-3741,,New_Customer,Social,18-25,Unknown,55.77,0.57,True,False,True,,15.0,Home
232,232,Lee,Howe,lee.howe@gmail.com,-3644,,High_Value,Email,18-25,Medium,194.17,0.4,False,True,True,,18.0,Clothing
233,233,Michelle,Williams,michelle.williams@gmail.com,-6742,,Low_Value,Push,36-45,Medium,55.55,0.78,True,True,True,,22.0,Sports
234,234,Diana,Lopez,diana.lopez@gmail.com,-9672,,New_Customer,SMS,46-55,Medium,53.64,0.62,False,True,True,,20.0,Books
235,235,Megan,Elliott,megan.elliott@outlook.com,-7759,,High_Value,Push,18-25,Medium,210.95,0.35,False,True,True,,3.0,Sports
236,236,Stacey,Fritz,staceyfritz@outlook.com,-3678,,New_Customer,SMS,55+,Medium,49.09,0.69,True,False,True,,27.0,Clothing
237,237,Debra,Ruiz,debra.ruiz@gmail.com,-3449,,Medium_Value,Social,36-45,Medium,166.08,0.46,False,True,True,,11.0,Beauty
238,238,Ryan,Stanley,ryanstanley@gmail.com,-7912,,High_Value,Push,26-35,Unknown,242.64,0.24,True,True,False,,2.0,Home
239,239,Debra,Tucker,debratucker@outlook.com,-6975,,High_Value,Email,26-35,Premium,205.64,0.26,False,False,True,,8.0,Books
240,240,Allison,Russell,allison.russell@hotmail.com,-5055,,Low_Value,Push,26-35,High,62.74,0.76,True,True,False,,16.0,Electronics
241,241,Rachel,Cunningham,rachel.cunningham@yahoo.com,-10585,,High_Value,SMS,Unknown,Low,259.29,0.37,True,True,False,,9.0,Beauty
242,242,Jesse,Rodriguez,jesse.rodriguez@yahoo.com,-3400,,High_Value,Push,55+,High,459.25,0.24,True,True,False,,34.0,Home
243,243,Ronald,Morgan,ronaldmorgan@outlook.com,-9442,,Low_Value,Push,55+,Premium,86.25,0.72,False,True,True,,4.0,Home
244,244,Michael,Monroe,michael.monroe@yahoo.com,-3757,,Medium_Value,Email,46-55,Low,85.89,0.57,True,True,False,,24.0,Clothing
245,245,Crystal,Thompson,crystal.thompson@gmail.com,-3631,,Low_Value,Email,Unknown,Premium,42.8,0.8,False,True,True,,35.0,Books
246,246,James,Weaver,jamesweaver@hotmail.com,-3518,,New_Customer,Push,26-35,Medium,137.6,0.67,True,True,False,,35.0,Clothing
247,247,Gary,Kramer,gary441@hotmail.com,-6557,,New_Customer,Push,Unknown,High,84.19,0.69,True,True,True,,47.0,Clothing
248,248,Shelby,Wong,shelby.wong@gmail.com,-8120,,Medium_Value,Email,26-35,High,97.78,0.54,True,False,True,,40.0,Home
249,249,Amanda,Armstrong,amanda.armstrong@gmail.com,-7796,,New_Customer,Direct,26-35,High,53.81,0.61,True,False,True,,12.0,Electronics
250,250,Ronald,Bowman,ronaldbowman@gmail.com,-3990,,High_Value,Direct,26-35,Medium,244.38,0.32,True,True,False,,1.0,Clothing
251,251,Grace,Lewis,grace.lewis@outlook.com,-3910,,Medium_Value,SMS,26-35,High,80.12,0.48,False,False,False,,32.0,Beauty
252,252,Melanie,Lee,melanielee@outlook.com,-10123,,New_Customer,Social,55+,Low,37.91,0.54,False,False,False,,44.0,Beauty
253,253,Stephen,Johnson,stephenjohnson@outlook.com,-2917,,High_Value,Social,36-45,Unknown,180.44,0.23,True,True,False,,14.0,Books
254,254,Todd,Robinson,toddrobinson@gmail.com,-10747,,High_Value,Email,46-55,High,219.16,0.29,True,False,False,,42.0,Clothing
255,255,Jason,Compton,jason.compton@hotmail.com,-5822,,High_Value,SMS,26-35,Low,179.89,0.24,False,True,True,,45.0,Books
256,256,Collin,Bowen,collin681@outlook.com,-7192,,High_Value,Push,46-55,Medium,375.25,0.27,True,True,True,,19.0,Clothing
257,257,Brian,Shaw,brian.shaw@gmail.com,-10051,,High_Value,Push,26-35,Low,407.5,0.38,False,False,False,,9.0,Sports
258,258,Joseph,Jimenez,josephjimenez@outlook.com,-6261,,New_Customer,SMS,36-45,Medium,131.73,0.51,False,False,True,,25.0,Electronics
259,259,Ralph,Hale,ralphhale@outlook.com,-3858,,New_Customer,SMS,46-55,Premium,76.94,0.57,False,False,False,,28.0,Beauty
260,260,Jack,Hansen,jack.hansen@hotmail.com,-7947,,New_Customer,Push,26-35,High,41.97,0.61,True,False,True,,21.0,Books
261,261,Timothy,Larson,timothy.larson@gmail.com,-9296,,Low_Value,Social,55+,Premium,81.8,0.7,False,False,False,,16.0,Home
262,262,Dawn,Bowman,dawn.bowman@yahoo.com,-9370,,Low_Value,Direct,36-45,Medium,58.11,0.78,False,True,True,,36.0,Home
263,263,Benjamin,Castillo,benjamin10@gmail.com,-8334,,New_Customer,Push,36-45,Low,145.73,0.51,True,True,True,,16.0,Sports
264,264,Melissa,Lee,melissalee@yahoo.com,-9644,,High_Value,Social,46-55,Medium,349.54,0.21,False,False,False,,47.0,Beauty
265,265,Jasmine,Harper,jasmine.harper@gmail.com,-4101,,New_Customer,Direct,36-45,Low,51.56,0.5,False,True,False,,10.0,Beauty
266,266,Cathy,Carpenter,cathy698@yahoo.com,-2755,,Medium_Value,Email,18-25,Premium,162.4,0.69,False,True,False,,35.0,Books
267,267,Tracy,Moore,tracy.moore@yahoo.com,-5418,,Low_Value,Email,18-25,Unknown,52.11,0.75,True,False,False,,23.0,Clothing
268,268,Christopher,Ford,christopher.ford@gmail.com,-8470,,Low_Value,Social,55+,Low,81.44,0.65,False,False,False,,23.0,Electronics
269,269,Jason,Smith,jason.smith@hotmail.com,-11371,,High_Value,SMS,46-55,Low,451.48,0.33,False,True,False,,36.0,Electronics
270,270,Katherine,Wagner,katherinewagner@hotmail.com,-10762,,High_Value,Direct,46-55,Premium,215.11,0.32,False,True,True,,37.0,Home
271,271,Richard,Munoz,richard.munoz@hotmail.com,-2265,,Medium_Value,Direct,18-25,Unknown,188.86,0.43,False,True,False,,41.0,Books
272,272,Natasha,Harris,natashaharris@hotmail.com,-6271,,High_Value,Push,Unknown,Medium,344.81,0.35,True,True,True,,39.0,Sports
273,273,Robin,Thompson,robin469@outlook.com,-7920,,New_Customer,Email,26-35,High,122.86,0.7,True,True,False,,46.0,Electronics
274,274,Jessica,Phillips,jessicaphillips@gmail.com,-5364,,New_Customer,Social,26-35,High,140.22,0.79,True,False,True,,41.0,Clothing
275,275,Barry,Chang,barrychang@hotmail.com,-3674,,Low_Value,Direct,36-45,Low,26.05,0.62,False,True,True,,11.0,Sports
276,276,Michael,Garcia,michael680@outlook.com,-6756,,New_Customer,Direct,36-45,Low,53.35,0.8,True,True,True,,38.0,Clothing
277,277,Justin,Hoffman,justin643@outlook.com,-3782,,Medium_Value,Social,18-25,Premium,174.96,0.42,False,False,True,,33.0,Books
278,278,Shawn,Estes,shawn982@yahoo.com,-4821,,High_Value,Email,55+,Low,196.33,0.28,True,True,True,,35.0,Sports
279,279,Brian,Hoffman,brian970@yahoo.com,-8371,,Medium_Value,Email,55+,Medium,75.08,0.58,True,False,False,,1.0,Home
280,280,Julie,Blackwell,julie708@outlook.com,-7907,,New_Customer,SMS,18-25,Premium,115.43,0.64,True,False,True,,21.0,Electronics
281,281,Jessica,Holland,jessicaholland@outlook.com,-7025,,High_Value,Email,46-55,Premium,263.08,0.27,True,True,True,,4.0,Clothing
282,282,Jeffrey,Perry,jeffreyperry@yahoo.com,-5839,,High_Value,SMS,36-45,Medium,150.55,0.35,False,False,False,,8.0,Beauty
283,283,Nancy,Cannon,nancy300@hotmail.com,-8370,,New_Customer,SMS,26-35,Unknown,136.03,0.77,False,False,False,,4.0,Books
284,284,Susan,Henderson,susanhenderson@hotmail.com,-10194,,New_Customer,Social,46-55,Unknown,48.68,0.75,True,False,True,,7.0,Beauty
285,285,Michelle,Smith,michellesmith@hotmail.com,-2385,,Low_Value,Social,55+,Premium,61.2,0.78,True,False,True,,25.0,Electronics
286,286,Meghan,Nichols,meghan839@yahoo.com,-8901,,Medium_Value,Email,18-25,High,112.33,0.59,True,True,False,,48.0,Sports
287,287,Brian,Jimenez,brian799@hotmail.com,-5218,,Medium_Value,SMS,46-55,Premium,107.06,0.55,True,False,True,,43.0,Books
288,288,Christopher,Kelly,christopherkelly@outlook.com,-5069,,High_Value,SMS,26-35,Premium,452.45,0.23,False,False,True,,7.0,Home
289,289,Timothy,Smith,timothy521@gmail.com,-2584,,Low_Value,Push,46-55,Medium,72.53,0.79,False,False,False,,30.0,Electronics
290,290,Thomas,Davis,thomas212@outlook.com,-6486,,Medium_Value,Push,46-55,Premium,191.5,0.59,False,False,True,,22.0,Home
291,291,Amber,Bell,amber240@hotmail.com,-8040,,Medium_Value,Social,55+,Premium,116.28,0.64,False,False,False,,41.0,Clothing
292,292,Nancy,Willis,nancy.willis@hotmail.com,-3360,,High_Value,Social,26-35,Low,323.25,0.38,True,True,False,,41.0,Books
293,293,Erica,Soto,erica392@outlook.com,-2496,,New_Customer,Push,26-35,Low,53.49,0.52,False,True,False,,17.0,Clothing
294,294,Henry,Cortez,henry.cortez@hotmail.com,-10433,,New_Customer,SMS,18-25,High,110.03,0.6,True,False,True,,49.0,Electronics
295,295,Kathleen,Bean,kathleen.bean@yahoo.com,-6745,,Low_Value,SMS,18-25,High,46.4,0.6,True,True,True,,0.0,Books
296,296,Patrick,Oneal,patrick686@yahoo.com,-4099,,High_Value,Push,18-25,Low,357.75,0.28,True,False,False,,29.0,Electronics
297,297,Bryan,Franklin,bryan.franklin@hotmail.com,-10854,,Low_Value,Direct,36-45,Premium,96.69,0.8,False,True,True,,34.0,Sports
298,298,Charles,Morgan,charles30@gmail.com,-6079,,New_Customer,SMS,36-45,Medium,106.97,0.79,True,False,True,,22.0,Clothing
299,299,Isaac,Frey,isaac702@outlook.com,-8411,,Medium_Value,Direct,55+,Premium,129.52,0.62,True,False,True,,18.0,Electronics
300,300,Robert,Hoffman,roberthoffman@hotmail.com,-8395,,Low_Value,Social,26-35,Low,42.75,0.73,True,False,False,,31.0,Sports
301,301,Nichole,Reid,nicholereid@hotmail.com,-5392,,High_Value,Email,26-35,Unknown,278.41,0.36,False,True,True,,19.0,Clothing
302,302,Teresa,Hensley,teresahensley@hotmail.com,-3296,,New_Customer,SMS,18-25,Low,37.49,0.52,False,True,True,,14.0,Books
303,303,Debra,Boyd,debraboyd@outlook.com,-5123,,High_Value,Email,46-55,Unknown,311.83,0.25,False,False,True,,35.0,Home
304,304,Charles,Bradford,charles964@gmail.com,-6837,,Low_Value,Direct,46-55,High,63.44,0.71,False,False,False,,49.0,Home
305,305,Jeffrey,Miller,jeffrey34@outlook.com,-9962,,New_Customer,Push,46-55,High,132.2,0.76,True,True,False,,30.0,Books
306,306,Ross,Anderson,ross.anderson@hotmail.com,-6098,,High_Value,Push,55+,Premium,420.49,0.38,False,False,True,,21.0,Books
307,307,Kristina,Bowen,kristina.bowen@gmail.com,-8113,,Low_Value,Email,26-35,Low,61.91,0.66,False,False,False,,21.0,Home
308,308,Bradley,Cooper,bradley.cooper@hotmail.com,-3987,,Low_Value,Push,26-35,High,47.64,0.68,True,True,False,,33.0,Clothing
309,309,Amanda,Coleman,amanda285@outlook.com,-10906,,Medium_Value,Email,26-35,High,139.27,0.47,False,True,True,,37.0,Beauty
310,310,Luke,Reed,luke.reed@yahoo.com,-5766,,New_Customer,Email,46-55,Unknown,141.15,0.72,True,False,True,,38.0,Books
311,311,Tyler,Simpson,tyler429@outlook.com,-11626,,New_Customer,SMS,46-55,High,31.65,0.58,False,True,False,,28.0,Electronics
312,312,Mary,Davis,mary734@gmail.com,-6773,,Low_Value,SMS,46-55,Medium,71.8,0.71,False,False,True,,4.0,Sports
313,313,Alexander,Boyd,alexanderboyd@gmail.com,-8621,,Low_Value,Email,36-45,Premium,43.99,0.72,True,False,False,,27.0,Books
314,314,Holly,Johnson,holly.johnson@outlook.com,-10314,,New_Customer,Email,Unknown,Premium,88.17,0.63,True,True,True,,11.0,Home
315,315,Linda,Ellis,linda561@hotmail.com,-8806,,High_Value,Push,18-25,Medium,241.74,0.27,False,True,False,,13.0,Sports
316,316,Hannah,Diaz,hannah.diaz@outlook.com,-4329,,New_Customer,Push,46-55,Low,37.25,0.72,True,False,False,,41.0,Clothing
317,317,Christopher,Rosario,christopher924@gmail.com,-10150,,New_Customer,Direct,26-35,Premium,112.27,0.71,False,True,False,,24.0,Beauty
318,318,Mark,Williams,mark769@yahoo.com,-4483,,Low_Value,Social,26-35,High,41.76,0.78,True,False,True,,28.0,Sports
319,319,Kelsey,Newman,kelsey402@gmail.com,-9451,,New_Customer,Direct,18-25,High,114.85,0.65,False,True,False,,9.0,Sports
320,320,Eric,Beck,ericbeck@hotmail.com,-3102,,Low_Value,Email,36-45,Premium,45.87,0.75,True,False,False,,10.0,Beauty
321,321,Andrew,Hoover,andrew.hoover@gmail.com,-2404,,High_Value,Email,55+,High,254.24,0.38,True,False,True,,43.0,Beauty
322,322,Marie,Woodward,marie212@yahoo.com,-10683,,Medium_Value,Direct,55+,Premium,89.51,0.67,False,False,True,,24.0,Clothing
323,323,Alexandra,Baldwin,alexandra79@gmail.com,-8531,,Medium_Value,Direct,46-55,Premium,149.35,0.65,False,True,True,,9.0,Beauty
324,324,Jennifer,Sanchez,jennifer480@yahoo.com,-9777,,Low_Value,Email,36-45,Medium,98.95,0.6,True,False,True,,37.0,Home
325,325,Erik,Herring,erik110@yahoo.com,-9323,,Medium_Value,Email,55+,Medium,81.3,0.56,False,False,False,,31.0,Clothing
326,326,Connor,Thornton,connorthornton@hotmail.com,-6678,,Low_Value,Push,36-45,High,67.91,0.71,False,True,True,,48.0,Sports
327,327,Martin,Lamb,martin.lamb@gmail.com,-4258,,High_Value,Push,55+,Medium,369.18,0.27,True,False,True,,46.0,Electronics
328,328,Kevin,Fritz,kevinfritz@yahoo.com,-7007,,High_Value,Email,26-35,High,384.41,0.3,True,False,False,,38.0,Books
329,329,Elizabeth,Morris,elizabethmorris@yahoo.com,-10340,,New_Customer,Email,26-35,Low,141.98,0.65,False,True,True,,49.0,Sports
330,330,Julia,Hernandez,julia.hernandez@gmail.com,-11161,,Medium_Value,Email,26-35,Medium,174.1,0.63,False,True,True,,15.0,Books
331,331,Marie,Smith,marie776@yahoo.com,-8220,,High_Value,Social,55+,High,338.68,0.37,False,True,True,,20.0,Clothing
332,332,Kimberly,Rodriguez,kimberly.rodriguez@outlook.com,-3570,,Medium_Value,Social,18-25,High,84.91,0.69,True,True,False,,24.0,Electronics
333,333,Logan,Kline,logan.kline@hotmail.com,-2728,,High_Value,Direct,26-35,Premium,334.51,0.4,False,True,True,,10.0,Home
334,334,Matthew,Arroyo,matthew.arroyo@outlook.com,-6515,,Medium_Value,SMS,36-45,Premium,97.58,0.67,True,True,True,,27.0,Sports
335,335,Jeffrey,Howell,jeffrey794@hotmail.com,-9466,,Low_Value,Push,18-25,Low,51.88,0.76,False,False,False,,12.0,Home
336,336,Victoria,Jones,victoria275@gmail.com,-6627,,New_Customer,SMS,46-55,Medium,92.16,0.53,True,False,False,,2.0,Sports
337,337,Parker,Lopez,parkerlopez@yahoo.com,-3864,,High_Value,Social,36-45,High,448.16,0.39,True,False,False,,4.0,Books
338,338,Brian,King,brian884@gmail.com,-7695,,Medium_Value,Push,18-25,Medium,160.75,0.49,False,False,False,,26.0,Books
339,339,Joshua,Hopkins,joshuahopkins@hotmail.com,-11073,,New_Customer,Email,46-55,Low,41.87,0.79,False,False,False,,30.0,Clothing
340,340,Rachel,Carroll,rachel373@outlook.com,-3062,,Low_Value,Direct,55+,High,59.12,0.68,False,True,True,,14.0,Sports
341,341,David,Taylor,david.taylor@outlook.com,-6083,,Medium_Value,Push,26-35,Premium,154.9,0.58,False,True,True,,6.0,Clothing
342,342,David,Lynch,david.lynch@yahoo.com,-7620,,Medium_Value,SMS,18-25,Premium,172.04,0.43,False,False,False,,44.0,Books
343,343,Angela,Clements,angela.clements@hotmail.com,-5883,,High_Value,Social,18-25,High,346.6,0.36,False,False,True,,35.0,Sports
344,344,Lynn,Aguilar,lynn.aguilar@gmail.com,-4730,,Medium_Value,Direct,18-25,Low,124.52,0.66,False,False,True,,37.0,Sports
345,345,Allison,Conner,allison867@yahoo.com,-11733,,Low_Value,Push,18-25,Premium,45.02,0.82,True,False,False,,21.0,Clothing
346,346,Dale,Morris,dale.morris@gmail.com,-10524,,Medium_Value,Direct,36-45,Medium,177.57,0.52,False,False,False,,20.0,Home
347,347,Theresa,Tucker,theresa364@yahoo.com,-3252,,Medium_Value,Email,55+,Unknown,138.59,0.48,False,False,False,,37.0,Electronics
348,348,James,Mason,james.mason@outlook.com,-3604,,Medium_Value,Social,26-35,Medium,184.5,0.63,True,True,True,,21.0,Clothing
349,349,Ralph,Wilson,ralphwilson@outlook.com,-8397,,High_Value,Social,46-55,Premium,365.7,0.35,True,True,True,,34.0,Books
350,350,Linda,Hart,linda.hart@outlook.com,-3641,,High_Value,SMS,Unknown,Premium,343.63,0.2,True,False,True,,0.0,Home
351,351,Angela,Lopez,angelalopez@outlook.com,-8042,,Medium_Value,Direct,18-25,High,136.34,0.51,False,False,False,,34.0,Sports
352,352,Lucas,Parker,lucas.parker@gmail.com,-7879,,Low_Value,Direct,55+,Premium,29.8,0.79,False,True,False,,31.0,Home
353,353,Robert,Lewis,robertlewis@gmail.com,-8095,,New_Customer,Direct,Unknown,Low,50.02,0.78,True,True,False,,10.0,Home
354,354,Kendra,Brown,kendra710@gmail.com,-3677,,New_Customer,SMS,36-45,Premium,47.13,0.52,True,True,False,,33.0,Electronics
355,355,Mark,Banks,markbanks@yahoo.com,-2067,,High_Value,Direct,36-45,Premium,153.48,0.28,True,True,True,,15.0,Electronics
356,356,Joyce,Smith,joyce748@outlook.com,-6296,,Low_Value,Push,55+,Low,41.57,0.61,False,True,True,,28.0,Clothing
357,357,Alexander,Johnson,alexander.johnson@hotmail.com,-5103,,Medium_Value,Direct,18-25,Medium,144.1,0.47,False,True,True,,35.0,Home
358,358,Hannah,Clarke,hannah.clarke@yahoo.com,-4749,,Medium_Value,Email,46-55,Medium,76.61,0.57,True,True,True,,46.0,Clothing
359,359,Rebecca,Figueroa,rebecca.figueroa@hotmail.com,-10029,,Medium_Value,Email,36-45,Medium,90.8,0.51,False,False,True,,33.0,Sports
360,360,Rachel,Robinson,rachelrobinson@yahoo.com,-2197,,Low_Value,SMS,55+,Low,80.48,0.63,True,False,False,,23.0,Sports
361,361,Stephen,Hall,stephenhall@gmail.com,-10803,,New_Customer,Push,46-55,Premium,73.11,0.63,False,False,False,,7.0,Home
362,362,Ryan,Chapman,ryan.chapman@outlook.com,-10339,,Low_Value,Push,Unknown,Unknown,27.44,0.79,False,False,False,,45.0,Clothing
363,363,Amanda,Wall,amandawall@gmail.com,-10446,,Low_Value,Push,46-55,Medium,36.11,0.65,False,True,True,,10.0,Books
364,364,Brian,Shannon,brian.shannon@yahoo.com,-2533,,High_Value,SMS,18-25,Premium,411.7,0.29,True,False,True,,4.0,Beauty
365,365,Corey,James,coreyjames@yahoo.com,-4539,,High_Value,Social,46-55,Medium,304.78,0.4,True,False,True,,1.0,Electronics
366,366,Jessica,Hamilton,jessica720@yahoo.com,-3350,,High_Value,Social,36-45,Premium,404.39,0.37,True,False,False,,41.0,Sports
367,367,Christopher,Watts,christopherwatts@hotmail.com,-5540,,Medium_Value,SMS,55+,Medium,78.62,0.56,True,True,False,,16.0,Books
368,368,Andrew,Garrison,andrew632@outlook.com,-2075,,Low_Value,Push,26-35,Premium,73.16,0.64,False,True,True,,25.0,Books
369,369,Kristin,Pitts,kristinpitts@gmail.com,-3007,,High_Value,Push,18-25,Low,295.14,0.24,False,True,False,,50.0,Electronics
370,370,Lauren,Sherman,lauren.sherman@gmail.com,-3523,,High_Value,Email,36-45,Low,274.41,0.37,False,False,False,,47.0,Clothing
371,371,Steven,Baker,stevenbaker@outlook.com,-5559,,Medium_Value,Email,55+,Medium,100.53,0.63,False,False,False,,23.0,Clothing
372,372,Melissa,Cordova,melissa612@gmail.com,-10434,,Low_Value,Push,55+,Medium,90.19,0.66,False,True,True,,46.0,Home
373,373,Denise,Thompson,denise.thompson@outlook.com,-10050,,Medium_Value,Push,55+,Premium,151.51,0.48,True,True,False,,3.0,Clothing
374,374,Kristopher,Valdez,kristophervaldez@yahoo.com,-4156,,Medium_Value,SMS,18-25,Premium,169.59,0.63,False,False,True,,21.0,Beauty
375,375,Cory,Marshall,cory.marshall@gmail.com,-6605,,Low_Value,Push,46-55,Premium,47.88,0.74,True,True,True,,25.0,Beauty
376,376,Rebecca,Porter,rebeccaporter@outlook.com,-9915,,Medium_Value,Push,18-25,Medium,106.94,0.54,True,True,True,,43.0,Sports
377,377,Jessica,Schmidt,jessica.schmidt@gmail.com,-4918,,Low_Value,Push,46-55,High,59.73,0.64,True,True,True,,49.0,Home
378,378,Patrick,Thompson,patrickthompson@yahoo.com,-5558,,New_Customer,Direct,26-35,High,66.67,0.8,False,True,True,,2.0,Sports
379,379,Maria,Adams,maria348@outlook.com,-6081,,Medium_Value,Social,55+,Low,168.19,0.55,True,False,False,,23.0,Electronics
380,380,Brooke,Rodriguez,brookerodriguez@gmail.com,-2278,,Low_Value,Direct,26-35,Low,82.25,0.77,False,False,True,,22.0,Sports
381,381,Jo,Snow,jo.snow@hotmail.com,-6909,,New_Customer,Direct,36-45,Premium,108.21,0.78,True,False,True,,11.0,Books
382,382,Stephanie,Wilson,stephanie132@gmail.com,-6870,,High_Value,Email,55+,Premium,490.73,0.24,False,False,False,,18.0,Home
383,383,William,Johnson,william.johnson@hotmail.com,-7823,,High_Value,Direct,46-55,Premium,494.29,0.21,False,True,False,,41.0,Home
384,384,Joel,Heath,joelheath@hotmail.com,-7540,,Low_Value,SMS,18-25,Premium,58.76,0.6,True,False,True,,24.0,Sports
385,385,Vincent,Ramirez,vincent489@yahoo.com,-8538,,High_Value,SMS,26-35,High,207.43,0.24,False,False,False,,35.0,Sports
386,386,Richard,Haley,richard.haley@yahoo.com,-9241,,High_Value,Social,36-45,Low,384.04,0.36,False,False,False,,28.0,Books
387,387,Christopher,Decker,christopher68@gmail.com,-7899,,Low_Value,SMS,26-35,High,46.08,0.61,False,True,False,,4.0,Sports
388,388,Amy,Stokes,amystokes@outlook.com,-8866,,New_Customer,Direct,46-55,Premium,59.51,0.64,True,False,False,,28.0,Clothing
389,389,Jeffrey,Solis,jeffreysolis@yahoo.com,-6804,,High_Value,Social,36-45,Premium,476.58,0.23,False,True,False,,47.0,Electronics
390,390,Sabrina,Solomon,sabrina245@outlook.com,-3700,,Low_Value,Push,55+,Medium,59.96,0.8,True,False,True,,18.0,Electronics
391,391,Daniel,Richard,daniel.richard@gmail.com,-2475,,Medium_Value,Email,26-35,Medium,126.96,0.42,True,True,True,,33.0,Sports
392,392,Michael,Palmer,michaelpalmer@yahoo.com,-9222,,High_Value,Direct,26-35,High,384.76,0.4,False,True,True,,12.0,Clothing
393,393,Jason,Cox,jasoncox@outlook.com,-2720,,New_Customer,Push,18-25,High,140.64,0.62,True,False,True,,26.0,Home
394,394,Victoria,Jones,victoriajones@gmail.com,-9170,,High_Value,Direct,36-45,Low,204.4,0.24,False,True,False,,32.0,Sports
395,395,Michael,Smith,michael710@yahoo.com,-5095,,High_Value,Social,18-25,High,277.7,0.22,True,False,False,,42.0,Books
396,396,Felicia,Bradley,feliciabradley@hotmail.com,-5536,,High_Value,Email,46-55,Premium,479.51,0.38,True,False,False,,13.0,Clothing
397,397,David,Velazquez,david791@gmail.com,-6061,,Low_Value,SMS,18-25,Medium,81.72,0.62,False,True,False,,7.0,Electronics
398,398,Maria,Potts,maria.potts@gmail.com,-8621,,Medium_Value,Email,26-35,Premium,197.96,0.45,True,False,True,,15.0,Electronics
399,399,Leonard,Short,leonard522@hotmail.com,-2135,,New_Customer,Email,55+,Low,53.65,0.63,False,False,True,,21.0,Clothing
400,400,Stephanie,Park,stephanie.park@gmail.com,-7514,,High_Value,Direct,18-25,Medium,360.08,0.33,True,True,False,,29.0,Home
401,401,Daniel,Haley,daniel.haley@yahoo.com,-7107,,New_Customer,Email,36-45,Medium,65.84,0.67,False,True,False,,39.0,Clothing
402,402,Jason,Bailey,jason.bailey@hotmail.com,-9594,,New_Customer,Social,36-45,Premium,126.28,0.73,False,False,True,,6.0,Beauty
403,403,Joseph,Montgomery,josephmontgomery@yahoo.com,-6450,,New_Customer,Social,36-45,Low,89.68,0.52,True,True,False,,13.0,Sports
404,404,Mary,Davis,marydavis@outlook.com,-10438,,New_Customer,Social,46-55,Premium,40.97,0.55,False,True,False,,11.0,Beauty
405,405,Sean,Giles,seangiles@outlook.com,-4927,,Medium_Value,SMS,18-25,High,127.64,0.53,True,True,False,,26.0,Home
406,406,Paige,Martinez,paige.martinez@outlook.com,-8522,,High_Value,SMS,36-45,Medium,156.81,0.3,False,True,False,,48.0,Electronics
407,407,Renee,Ingram,renee.ingram@yahoo.com,-2535,,Medium_Value,Push,Unknown,High,173.81,0.57,False,False,False,,37.0,Electronics
408,408,Amy,White,amywhite@yahoo.com,-5281,,New_Customer,Social,26-35,Medium,99.22,0.69,True,True,True,,41.0,Books
409,409,Alyssa,Munoz,alyssamunoz@outlook.com,-4211,,High_Value,Social,36-45,Medium,252.5,0.3,True,False,False,,8.0,Home
410,410,Todd,Larson,toddlarson@gmail.com,-4393,,New_Customer,SMS,55+,High,131.9,0.55,True,True,True,,37.0,Books
411,411,Justin,Spears,justinspears@gmail.com,-3944,,New_Customer,SMS,18-25,Medium,35.69,0.7,True,False,False,,12.0,Books
412,412,Douglas,Lee,douglaslee@outlook.com,-4176,,High_Value,Email,55+,Premium,327.73,0.27,True,True,True,,48.0,Home
413,413,Beverly,Hall,beverlyhall@yahoo.com,-5584,,Medium_Value,SMS,46-55,Low,128.77,0.6,False,True,True,,46.0,Clothing
414,414,Susan,Alvarez,susanalvarez@outlook.com,-10783,,New_Customer,Push,18-25,Low,107.45,0.71,True,True,True,,15.0,Books
415,415,William,Cox,william179@hotmail.com,-7634,,Medium_Value,SMS,Unknown,Low,166.51,0.48,True,False,False,,47.0,Beauty
416,416,Kyle,Lloyd,kyle555@hotmail.com,-10878,,New_Customer,Social,18-25,Premium,146.25,0.55,False,False,False,,2.0,Electronics
417,417,Robert,Walton,robertwalton@yahoo.com,-10138,,High_Value,Push,36-45,Premium,465.75,0.26,True,False,True,,27.0,Electronics
418,418,Carol,Boyd,carol.boyd@hotmail.com,-6364,,High_Value,Push,46-55,Low,420.68,0.28,False,True,False,,38.0,Books
419,419,Donald,Mcgee,donaldmcgee@outlook.com,-7965,,Medium_Value,Social,26-35,High,77.84,0.43,False,True,True,,17.0,Sports
420,420,Pamela,Brown,pamela.brown@hotmail.com,-5154,,New_Customer,Direct,46-55,Low,73.92,0.69,False,True,True,,16.0,Books
421,421,Michael,Smith,michael15@yahoo.com,-9737,,High_Value,Direct,46-55,Low,265.74,0.2,False,True,True,,48.0,Home
422,422,Dustin,Robinson,dustin483@yahoo.com,-4954,,Low_Value,Push,26-35,Low,43.69,0.71,False,True,True,,10.0,Sports
423,423,Blake,Moore,blake.moore@hotmail.com,-9763,,New_Customer,Direct,26-35,Premium,66.71,0.59,True,False,True,,43.0,Home
424,424,Jay,Garcia,jay.garcia@yahoo.com,-8641,,High_Value,Direct,26-35,High,198.33,0.36,False,True,True,,8.0,Clothing
425,425,Stephanie,Ferguson,stephanie636@yahoo.com,-6177,,High_Value,Social,26-35,Premium,413.12,0.39,True,True,True,,48.0,Clothing
426,426,Andrea,Walker,andrea467@hotmail.com,-6747,,High_Value,Social,46-55,Medium,181.8,0.25,False,False,False,,22.0,Home
427,427,Maria,Johnson,mariajohnson@yahoo.com,-10657,,New_Customer,Social,18-25,Low,132.13,0.79,True,False,False,,37.0,Beauty
428,428,Andrew,Williams,andrewwilliams@yahoo.com,-3324,,Low_Value,Social,26-35,Unknown,78.92,0.71,True,True,True,,34.0,Sports
429,429,Amanda,Kirby,amanda.kirby@gmail.com,-6515,,New_Customer,Direct,46-55,Low,92.16,0.69,False,False,False,,48.0,Clothing
430,430,Katelyn,Coleman,katelyncoleman@yahoo.com,-7465,,Medium_Value,SMS,46-55,Low,104.41,0.65,False,False,False,,48.0,Books
431,431,Christina,Hill,christinahill@yahoo.com,-6240,,New_Customer,Social,46-55,Low,84.47,0.69,True,True,True,,21.0,Home
432,432,Erica,Smith,erica.smith@gmail.com,-4559,,New_Customer,Email,18-25,Premium,40.26,0.76,False,True,True,,30.0,Sports
433,433,Felicia,Sanchez,feliciasanchez@outlook.com,-9746,,Medium_Value,Social,18-25,Medium,108.64,0.62,False,False,False,,2.0,Sports
434,434,Ryan,Roberson,ryan347@outlook.com,-2257,,Medium_Value,Social,36-45,Premium,199.36,0.63,False,True,True,,5.0,Electronics
435,435,David,Goodwin,david.goodwin@gmail.com,-5187,,Low_Value,SMS,46-55,Premium,55.1,0.83,True,True,False,,16.0,Home
436,436,Rhonda,Weber,rhondaweber@gmail.com,-2860,,Low_Value,Push,26-35,Medium,39.98,0.62,True,True,True,,22.0,Books
437,437,Julia,Massey,juliamassey@hotmail.com,-9891,,Low_Value,Social,26-35,Low,41.39,0.8,False,True,False,,3.0,Clothing
438,438,Sarah,Jimenez,sarah157@yahoo.com,-2985,,New_Customer,Email,36-45,Low,65.44,0.72,False,True,True,,39.0,Beauty
439,439,Heather,Pena,heather486@outlook.com,-5888,,High_Value,Direct,46-55,Medium,181.21,0.36,False,True,True,,21.0,Clothing
440,440,Daniel,Oliver,daniel653@outlook.com,-9508,,New_Customer,Direct,26-35,Low,74.45,0.78,False,False,True,,22.0,Clothing
441,441,Kathryn,Delacruz,kathryn.delacruz@outlook.com,-3540,,New_Customer,Email,18-25,Low,69.31,0.55,False,False,False,,43.0,Electronics
442,442,Anita,Velazquez,anitavelazquez@outlook.com,-6015,,Medium_Value,Email,18-25,Medium,157.62,0.4,True,True,True,,13.0,Beauty
443,443,Emily,Keller,emily.keller@hotmail.com,-8984,,Low_Value,Push,46-55,Medium,43.83,0.71,False,True,False,,20.0,Clothing
444,444,Randall,Burnett,randall564@yahoo.com,-4421,,Low_Value,Push,Unknown,Medium,61.47,0.89,False,False,True,,36.0,Beauty
445,445,Lucas,Williams,lucas741@yahoo.com,-6457,,Medium_Value,Email,55+,Premium,185.3,0.7,True,False,False,,8.0,Electronics
446,446,Brian,Perez,brian.perez@hotmail.com,-6739,,New_Customer,SMS,26-35,Low,119.67,0.59,True,True,True,,43.0,Beauty
447,447,Jesus,Jackson,jesus689@outlook.com,-7940,,Low_Value,Email,36-45,High,96.68,0.71,False,False,False,,5.0,Electronics
448,448,Crystal,Strickland,crystalstrickland@outlook.com,-2124,,Low_Value,SMS,26-35,Medium,89.06,0.68,False,False,True,,37.0,Electronics
449,449,Jennifer,Miller,jennifermiller@hotmail.com,-4037,,Medium_Value,Push,26-35,High,194.02,0.65,True,True,True,,0.0,Clothing
450,450,Joseph,Smith,josephsmith@outlook.com,-10096,,High_Value,Email,Unknown,Unknown,322.23,0.3,False,True,False,,9.0,Clothing
451,451,Ian,Johnson,ian7@hotmail.com,-9960,,High_Value,Push,46-55,Low,284.65,0.39,False,True,True,,47.0,Electronics
452,452,Debbie,Rice,debbie887@gmail.com,-5021,,Low_Value,Social,46-55,High,73.9,0.82,False,True,True,,28.0,Beauty
453,453,Evelyn,Roberts,evelyn.roberts@outlook.com,-8804,,Medium_Value,Direct,46-55,Medium,180.1,0.66,True,False,False,,50.0,Clothing
454,454,Lisa,Gaines,lisagaines@gmail.com,-2403,,New_Customer,Social,36-45,Premium,88.48,0.53,False,False,True,,7.0,Home
455,455,Holly,Sparks,hollysparks@gmail.com,-3875,,High_Value,Push,26-35,Low,431.62,0.27,False,True,True,,34.0,Home
456,456,Jamie,Haynes,jamie172@hotmail.com,-2549,,Low_Value,Email,26-35,Low,62.44,0.69,False,False,False,,10.0,Electronics
457,457,Kathleen,Simon,kathleen.simon@hotmail.com,-9817,,High_Value,Email,46-55,High,305.73,0.36,False,True,True,,36.0,Electronics
458,458,Leslie,Thomas,leslie.thomas@outlook.com,-6394,,High_Value,Email,36-45,Medium,349.02,0.3,False,True,False,,29.0,Clothing
459,459,Sydney,Garrett,sydney360@yahoo.com,-9020,,New_Customer,Push,18-25,Low,75.89,0.54,True,False,True,,8.0,Books
460,460,Ashley,Hancock,ashley150@hotmail.com,-7796,,High_Value,Social,36-45,Low,345.68,0.24,True,False,True,,0.0,Beauty
461,461,Angela,Green,angela.green@gmail.com,-4069,,Medium_Value,SMS,55+,Premium,116.12,0.58,False,False,True,,44.0,Books
462,462,Carlos,Jordan,carlos.jordan@outlook.com,-7152,,High_Value,Email,26-35,Premium,385.78,0.2,True,False,False,,1.0,Clothing
463,463,Christopher,Davis,christopher440@outlook.com,-4950,,Medium_Value,Direct,46-55,High,198.58,0.54,True,True,False,,15.0,Electronics
464,464,Gina,Parker,ginaparker@outlook.com,-9908,,Medium_Value,Social,55+,High,168.66,0.4,False,True,True,,7.0,Clothing
465,465,Anthony,Campos,anthony.campos@yahoo.com,-5708,,High_Value,Direct,46-55,Premium,156.1,0.23,True,True,True,,37.0,Sports
466,466,Steven,Forbes,steven854@outlook.com,-7430,,Low_Value,Direct,26-35,Premium,83.12,0.68,False,True,False,,6.0,Books
467,467,Cheryl,Valdez,cheryl.valdez@outlook.com,-5790,,Medium_Value,SMS,26-35,Premium,137.82,0.58,True,False,True,,15.0,Beauty
468,468,Robert,Fisher,robert.fisher@gmail.com,-9762,,Medium_Value,Social,46-55,Low,197.76,0.69,True,False,True,,23.0,Clothing
469,469,Jennifer,Brooks,jennifer570@hotmail.com,-6565,,Medium_Value,SMS,18-25,Medium,135.75,0.48,False,True,False,,43.0,Electronics
470,470,Michael,Huerta,michaelhuerta@outlook.com,-7973,,Medium_Value,Direct,18-25,Premium,113.07,0.49,True,True,False,,26.0,Home
471,471,Tiffany,Hill,tiffany.hill@hotmail.com,-5235,,High_Value,SMS,18-25,Medium,336.84,0.31,True,True,True,,50.0,Books
472,472,Sarah,Frazier,sarahfrazier@outlook.com,-6563,,New_Customer,SMS,36-45,Unknown,94.79,0.6,True,False,False,,7.0,Electronics
473,473,Laura,Delacruz,lauradelacruz@outlook.com,-4900,,New_Customer,Email,18-25,Low,98.02,0.75,False,True,False,,16.0,Books
474,474,Hayden,Avila,hayden.avila@hotmail.com,-2289,,New_Customer,Email,26-35,High,32.1,0.54,False,True,False,,15.0,Beauty
475,475,Aaron,Gonzalez,aaron.gonzalez@yahoo.com,-6135,,High_Value,SMS,55+,Medium,376.35,0.27,False,False,True,,25.0,Electronics
476,476,Philip,Chung,philip78@gmail.com,-10295,,New_Customer,SMS,26-35,Medium,52.51,0.65,True,True,True,,21.0,Clothing
477,477,Stephanie,Edwards,stephanie448@hotmail.com,-4575,,High_Value,Direct,Unknown,Low,397.34,0.37,True,True,True,,3.0,Home
478,478,Kimberly,Robertson,kimberly.robertson@gmail.com,-10971,,New_Customer,SMS,55+,Medium,143.38,0.64,True,False,False,,4.0,Beauty
479,479,David,Le,davidle@hotmail.com,-6862,,High_Value,Push,55+,Medium,328.8,0.31,False,False,True,,25.0,Beauty
480,480,Michelle,Bender,michelle412@hotmail.com,-3959,,High_Value,SMS,55+,Medium,338.97,0.32,True,True,True,,37.0,Electronics
481,481,James,Yoder,james.yoder@yahoo.com,-6628,,Medium_Value,SMS,36-45,Low,92.67,0.65,True,False,False,,19.0,Beauty
482,482,Deborah,Jones,deborah.jones@hotmail.com,-9916,,Medium_Value,SMS,36-45,Unknown,93.63,0.55,True,False,True,,48.0,Home
483,483,Christopher,Rodriguez,christopher.rodriguez@outlook.com,-4853,,Medium_Value,Push,18-25,Low,110.36,0.62,False,False,False,,0.0,Books
484,484,Edward,Mccoy,edward.mccoy@hotmail.com,-4484,,New_Customer,Push,36-45,Unknown,87.87,0.66,False,False,False,,6.0,Electronics
485,485,Marcus,Williams,marcus129@outlook.com,-5014,,New_Customer,Push,55+,Premium,76.99,0.69,True,True,True,,19.0,Clothing
486,486,Gordon,Morales,gordonmorales@outlook.com,-2306,,New_Customer,Push,26-35,Premium,93.99,0.6,False,True,False,,34.0,Clothing
487,487,Grant,Hayes,granthayes@hotmail.com,-5200,,Medium_Value,Email,46-55,High,75.34,0.58,True,False,False,,6.0,Electronics
488,488,Trevor,Archer,trevor220@gmail.com,-10582,,High_Value,Push,46-55,High,182.35,0.28,False,False,True,,39.0,Electronics
489,489,Douglas,Bennett,douglas415@gmail.com,-11036,,Medium_Value,Social,18-25,Premium,179.73,0.69,True,True,False,,13.0,Electronics
490,490,Leslie,Butler,lesliebutler@yahoo.com,-3665,,High_Value,SMS,55+,High,441.67,0.29,False,True,True,,35.0,Clothing
491,491,Emily,Miles,emily.miles@outlook.com,-11276,,New_Customer,Email,36-45,Medium,141.22,0.61,False,False,True,,50.0,Sports
492,492,Kari,Hughes,karihughes@outlook.com,-5290,,Medium_Value,Email,36-45,High,92.21,0.5,True,False,True,,35.0,Electronics
493,493,Andre,Lozano,andre.lozano@yahoo.com,-10335,,High_Value,Direct,18-25,Premium,386.68,0.36,False,False,False,,21.0,Clothing
494,494,Victoria,Nichols,victorianichols@hotmail.com,-5633,,Low_Value,Email,18-25,High,26.83,0.73,True,False,False,,13.0,Clothing
495,495,Wendy,Dougherty,wendydougherty@gmail.com,-9452,,New_Customer,Push,55+,Premium,46.56,0.64,False,False,False,,50.0,Sports
496,496,Daniel,Martinez,daniel.martinez@gmail.com,-9236,,Medium_Value,Social,36-45,Low,101.71,0.6,False,False,True,,28.0,Home
497,497,Christopher,Jones,christopherjones@gmail.com,-8355,,New_Customer,SMS,46-55,Low,47.82,0.51,True,False,False,,19.0,Sports
498,498,John,Beasley,johnbeasley@outlook.com,-8671,,Medium_Value,Push,26-35,Medium,142.07,0.47,False,False,False,,26.0,Sports
499,499,Brett,Gray,brett583@hotmail.com,-4977,,Low_Value,SMS,18-25,Low,68.62,0.77,False,False,True,,44.0,Sports
500,500,Barbara,Sullivan,barbarasullivan@yahoo.com,-7937,,Medium_Value,SMS,18-25,Medium,155.82,0.5,False,False,False,,10.0,Electronics
501,501,Martin,Thompson,martinthompson@hotmail.com,-3018,,Medium_Value,SMS,55+,Premium,195.55,0.58,False,False,False,,4.0,Electronics
502,502,Sara,Torres,sara596@hotmail.com,-8504,,High_Value,SMS,46-55,Low,248.71,0.24,True,True,False,,30.0,Electronics
503,503,Jonathan,Haney,jonathanhaney@yahoo.com,-4589,,High_Value,Social,36-45,Low,312.04,0.34,False,True,False,,27.0,Sports
504,504,Ronald,Bailey,ronald21@gmail.com,-6004,,Medium_Value,Push,26-35,Low,124.27,0.58,False,True,False,,43.0,Beauty
505,505,Natalie,Levy,natalie.levy@yahoo.com,-7605,,New_Customer,Push,55+,Premium,40.14,0.56,False,False,True,,30.0,Electronics
506,506,Jesus,Norman,jesus958@gmail.com,-5630,,New_Customer,Direct,46-55,Unknown,149.68,0.63,True,True,False,,46.0,Clothing
507,507,Christine,Case,christine171@yahoo.com,-2120,,High_Value,Social,55+,Medium,423.12,0.37,False,False,False,,49.0,Sports
508,508,Steven,Scott,steven.scott@hotmail.com,-9953,,New_Customer,SMS,18-25,Premium,63.93,0.74,False,False,True,,14.0,Sports
509,509,Katherine,Medina,katherine.medina@yahoo.com,-3516,,High_Value,Social,18-25,Medium,448.27,0.24,False,True,False,,40.0,Clothing
510,510,Tyler,Anderson,tyleranderson@gmail.com,-9256,,High_Value,Email,46-55,Medium,188.77,0.25,False,True,True,,30.0,Home
511,511,Michael,Blake,michaelblake@yahoo.com,-11277,,High_Value,Direct,Unknown,High,289.53,0.2,False,True,True,,12.0,Electronics
512,512,Billy,Howe,billy965@hotmail.com,-6767,,Medium_Value,Social,36-45,High,169.24,0.52,False,True,False,,10.0,Sports
513,513,Latoya,Valentine,latoya.valentine@yahoo.com,-7601,,High_Value,Push,18-25,Medium,290.1,0.23,False,True,True,,3.0,Electronics
514,514,Michelle,Day,michelleday@yahoo.com,-3396,,New_Customer,Email,55+,Low,65.85,0.62,False,False,False,,9.0,Beauty
515,515,Amanda,Jones,amanda521@gmail.com,-7223,,New_Customer,Social,55+,Medium,122.58,0.73,True,False,False,,21.0,Clothing
516,516,Brianna,Walter,briannawalter@hotmail.com,-4258,,Medium_Value,Email,55+,Premium,165.85,0.56,True,True,False,,34.0,Beauty
517,517,Michael,Vincent,michael913@outlook.com,-9861,,High_Value,Email,46-55,Unknown,232.47,0.25,False,False,False,,48.0,Sports
518,518,Teresa,Garcia,teresa276@yahoo.com,-4625,,New_Customer,SMS,18-25,Low,118.14,0.51,False,False,True,,23.0,Clothing
519,519,Patricia,Garcia,patricia134@outlook.com,-10208,,New_Customer,Social,18-25,Low,103.48,0.7,True,True,False,,38.0,Electronics
520,520,Lisa,Taylor,lisa.taylor@outlook.com,-7515,,New_Customer,Email,Unknown,Low,108.15,0.69,False,True,True,,31.0,Sports
521,521,Stacy,Irwin,stacy426@gmail.com,-9785,,Low_Value,SMS,26-35,Unknown,98.44,0.77,False,False,False,,28.0,Home
522,522,Christopher,Taylor,christopher.taylor@yahoo.com,-3647,,High_Value,Social,26-35,High,206.86,0.38,True,False,True,,38.0,Books
523,523,Marilyn,Delacruz,marilyn.delacruz@yahoo.com,-5594,,Medium_Value,Direct,46-55,High,198.61,0.51,False,False,True,,30.0,Electronics
524,524,Laura,Jefferson,laura.jefferson@yahoo.com,-2826,,High_Value,SMS,46-55,Unknown,401.36,0.28,True,True,False,,0.0,Electronics
525,525,Patricia,Thomas,patricia.thomas@outlook.com,-10635,,New_Customer,Direct,36-45,High,44.62,0.59,False,False,False,,36.0,Clothing
526,526,Jeremy,Garcia,jeremy.garcia@gmail.com,-5482,,Medium_Value,Email,55+,Premium,102.61,0.41,True,True,False,,39.0,Books
527,527,Tonya,Ross,tonyaross@hotmail.com,-7449,,Low_Value,Direct,55+,Premium,95.6,0.89,False,False,True,,27.0,Electronics
528,528,Eddie,Fitzgerald,eddie202@gmail.com,-8705,,New_Customer,Push,Unknown,Low,147.33,0.7,True,False,True,,36.0,Clothing
529,529,Nicholas,George,nicholasgeorge@gmail.com,-6143,,New_Customer,Social,46-55,High,128.35,0.74,False,False,True,,34.0,Books
530,530,Courtney,Shaw,courtney.shaw@gmail.com,-9562,,Low_Value,Social,55+,High,74.2,0.78,True,False,False,,15.0,Books
531,531,Gary,Williams,garywilliams@outlook.com,-9313,,New_Customer,Direct,26-35,Premium,82.25,0.52,False,True,False,,4.0,Beauty
532,532,Kristin,Jennings,kristin489@outlook.com,-7350,,Low_Value,SMS,46-55,Unknown,77.88,0.81,True,False,False,,2.0,Sports
533,533,Richard,Allen,richard.allen@hotmail.com,-4698,,High_Value,Direct,18-25,Low,394.92,0.32,False,False,True,,37.0,Home
534,534,Dalton,Acevedo,dalton.acevedo@hotmail.com,-3776,,New_Customer,Social,Unknown,Premium,66.57,0.71,False,True,True,,39.0,Home
535,535,Matthew,Graham,matthew746@outlook.com,-9933,,Low_Value,Push,36-45,Premium,44.61,0.79,False,True,False,,42.0,Home
536,536,Jessica,Brooks,jessica148@gmail.com,-3661,,High_Value,Push,18-25,Medium,461.32,0.37,True,False,False,,5.0,Clothing
537,537,Carlos,Lee,carloslee@gmail.com,-6683,,Low_Value,Push,18-25,Low,88.14,0.89,False,False,True,,47.0,Home
538,538,Ryan,Clark,ryanclark@gmail.com,-2481,,Medium_Value,SMS,55+,Medium,133.04,0.68,True,True,False,,14.0,Beauty
539,539,Noah,Lewis,noah.lewis@hotmail.com,-3085,,New_Customer,Email,36-45,Premium,148.2,0.69,True,False,True,,23.0,Electronics
540,540,Jason,Oliver,jasonoliver@hotmail.com,-4220,,New_Customer,Email,46-55,Medium,63.69,0.79,False,True,True,,36.0,Books
541,541,Jeffrey,Watson,jeffrey182@yahoo.com,-2484,,High_Value,Direct,55+,Premium,263.33,0.32,True,True,True,,50.0,Electronics
542,542,Kelly,Owens,kelly546@hotmail.com,-4030,,Low_Value,Push,55+,High,82.42,0.66,True,False,True,,29.0,Beauty
543,543,Angel,Taylor,angel609@hotmail.com,-9501,,Low_Value,Direct,46-55,Medium,25.97,0.66,False,False,False,,50.0,Clothing
544,544,Randy,Lambert,randy.lambert@yahoo.com,-4254,,Medium_Value,Email,55+,Low,105.03,0.56,False,False,False,,7.0,Beauty
545,545,Gerald,Griffith,gerald.griffith@yahoo.com,-10323,,New_Customer,Email,55+,High,62.52,0.61,True,False,True,,43.0,Sports
546,546,Brooke,Ramos,brooke475@gmail.com,-7403,,High_Value,Direct,18-25,High,209.61,0.33,False,False,True,,4.0,Beauty
547,547,Anthony,Carter,anthony.carter@yahoo.com,-11235,,Medium_Value,SMS,55+,High,199.01,0.52,False,False,True,,27.0,Sports
548,548,John,Saunders,john278@hotmail.com,-9551,,High_Value,Direct,36-45,Premium,379.65,0.34,False,True,False,,19.0,Books
549,549,Amber,Anthony,amberanthony@outlook.com,-6417,,New_Customer,Direct,18-25,High,148.91,0.6,False,False,True,,36.0,Electronics
550,550,Norma,Shannon,norma.shannon@gmail.com,-4287,,New_Customer,Direct,55+,Low,92.75,0.53,True,True,False,,38.0,Clothing
551,551,Carrie,Alexander,carriealexander@gmail.com,-4437,,Low_Value,Social,36-45,High,85.93,0.68,False,False,False,,4.0,Electronics
552,552,Karen,Norton,karen555@gmail.com,-8107,,Low_Value,SMS,36-45,Low,86.92,0.71,False,False,True,,45.0,Sports
553,553,Louis,Stark,louis.starkoutlook.com,-7192,,New_Customer,Direct,18-25,Medium,44.38,0.54,False,True,True,,26.0,Sports
554,554,Stephen,Massey,stephen28@yahoo.com,-10121,,New_Customer,SMS,55+,Medium,111.69,0.69,False,True,True,,0.0,Clothing
555,555,Joshua,Daniels,joshua741@yahoo.com,-7360,,Low_Value,Push,18-25,Premium,31.24,0.68,False,False,False,,32.0,Sports
556,556,Tracy,Olsen,tracy477@gmail.com,-3174,,New_Customer,Direct,46-55,Medium,58.13,0.53,True,True,True,,22.0,Electronics
557,557,Joseph,Myers,joseph.myers@hotmail.com,-9397,,High_Value,Social,26-35,Medium,209.58,0.39,True,True,True,,2.0,Electronics
558,558,John,Delgado,john.delgadoyahoo.com,-3165,,High_Value,SMS,46-55,Medium,299.92,0.25,True,True,False,,37.0,Clothing
559,559,Cheryl,Castillo,cherylcastillo@outlook.com,-9905,,Low_Value,Direct,18-25,Low,31.69,0.7,True,False,True,,39.0,Clothing
560,560,Katie,Jenkins,katie.jenkins@gmail.com,-10799,,Medium_Value,SMS,18-25,Premium,101.15,0.49,False,False,False,,28.0,Electronics
561,561,Brian,Walter,brian358@gmail.com,-11642,,Low_Value,Social,26-35,Premium,95.53,0.85,False,False,False,,9.0,Beauty
562,562,Amanda,Gonzales,amanda.gonzales@yahoo.com,-8414,,High_Value,Social,26-35,Low,312.93,0.37,False,False,True,,28.0,Books
563,563,Sheryl,Holmes,sheryl427@gmail.com,-10573,,Low_Value,Direct,Unknown,Low,71.86,0.62,False,True,True,,25.0,Electronics
564,564,Jennifer,Jackson,jenniferjackson@hotmail.com,-8760,,High_Value,Push,26-35,High,454.77,0.22,False,True,True,,40.0,Clothing
565,565,Jennifer,Hooper,jennifer406@outlook.com,-7482,,High_Value,SMS,55+,High,385.13,0.27,True,False,True,,27.0,Sports
566,566,Sara,Hernandez,sara846@gmail.com,-7462,,Low_Value,Email,18-25,Medium,38.74,0.68,True,True,True,,38.0,Electronics
567,567,Lisa,Crosby,lisacrosby@gmail.com,-6066,,High_Value,Push,46-55,High,457.16,0.29,True,True,False,,19.0,Electronics
568,568,Brian,Marsh,brianmarsh@yahoo.com,-8533,,New_Customer,SMS,55+,Medium,143.94,0.63,True,True,True,,20.0,Home
569,569,Melissa,White,melissa.white@gmail.com,-6749,,Low_Value,Social,18-25,High,92.53,0.87,True,False,True,,26.0,Clothing
570,570,Rebecca,Ferrell,rebecca807@hotmail.com,-4235,,Medium_Value,Push,46-55,High,177.47,0.47,False,False,True,,34.0,Beauty
571,571,Kenneth,Schneider,kenneth.schneider@gmail.com,-9090,,High_Value,SMS,46-55,High,169.32,0.39,False,True,False,,6.0,Sports
572,572,Lisa,Wilkins,lisa.wilkins@outlook.com,-7507,,High_Value,Social,46-55,Unknown,376.56,0.39,False,True,False,,44.0,Home
573,573,April,Anderson,april348@outlook.com,-6113,,Medium_Value,SMS,36-45,Premium,91.74,0.57,True,True,False,,15.0,Clothing
574,574,Roberta,Rice,roberta421@outlook.com,-10534,,High_Value,Email,26-35,Medium,483.84,0.22,False,True,False,,5.0,Beauty
575,575,Travis,Orr,travisorr@hotmail.com,-10332,,New_Customer,Email,55+,Premium,45.94,0.72,False,True,True,,31.0,Books
576,576,Amber,Vaughan,amber983@outlook.com,-3150,,Medium_Value,SMS,Unknown,High,198.8,0.64,False,True,False,,20.0,Sports
577,577,Adrienne,Green,adriennegreen@outlook.com,-7270,,New_Customer,Social,Unknown,Low,136.07,0.79,False,False,False,,30.0,Sports
578,578,Lori,Moss,lorimoss@outlook.com,-7019,,New_Customer,Push,36-45,Medium,69.22,0.64,False,True,True,,38.0,Electronics
579,579,Vicki,Jones,vicki179@hotmail.com,-2190,,Medium_Value,SMS,18-25,Low,110.52,0.51,False,True,False,,24.0,Home
580,580,Anna,Richard,annarichard@hotmail.com,-4020,,New_Customer,Email,46-55,Low,127.81,0.69,False,True,True,,20.0,Beauty
581,581,Timothy,Alexander,timothy.alexander@yahoo.com,-11256,,Medium_Value,Email,18-25,Medium,160.62,0.59,True,True,False,,13.0,Sports
582,582,Natalie,Clements,natalieclements@outlook.com,-5264,,Low_Value,Push,26-35,Medium,44.99,0.68,False,False,False,,33.0,Sports
583,583,William,Sullivan,william745@hotmail.com,-3782,,High_Value,SMS,36-45,Unknown,374.1,0.27,True,True,True,,2.0,Electronics
584,584,Doris,Mcdaniel,dorismcdaniel@outlook.com,-5313,,Low_Value,Push,46-55,Low,48.34,0.63,False,True,True,,8.0,Home
585,585,Ruben,Donaldson,ruben.donaldson@outlook.com,-8179,,New_Customer,Push,26-35,Medium,65.82,0.79,False,False,False,,15.0,Clothing
586,586,Joan,Allison,joanallison@gmail.com,-8948,,Low_Value,Social,18-25,Unknown,37.03,0.78,False,False,True,,12.0,Sports
587,587,Elizabeth,Sullivan,elizabeth.sullivan@outlook.com,-2297,,Medium_Value,Push,18-25,Premium,155.07,0.42,False,False,False,,9.0,Home
588,588,Anne,Miller,annemiller@yahoo.com,-7774,,Medium_Value,Push,55+,Low,90.2,0.51,False,False,True,,37.0,Books
589,589,Alexis,Fletcher,alexis.fletcher@outlook.com,-5462,,Low_Value,Push,46-55,Low,78.42,0.9,False,True,True,,38.0,Home
590,590,Teresa,Burgess,teresaburgess@hotmail.com,-4151,,High_Value,Email,46-55,Medium,436.64,0.39,True,True,True,,9.0,Home
591,591,Katrina,Barr,katrinabarr@yahoo.com,-3790,,Low_Value,Direct,36-45,Premium,47.54,0.73,False,False,True,,41.0,Books
592,592,Erik,Johnson,erik.johnsonhotmail.com,-7844,,Medium_Value,SMS,55+,Medium,134.36,0.63,True,False,True,,22.0,Clothing
593,593,Scott,Howell,scott.howell@gmail.com,-4388,,New_Customer,SMS,18-25,Medium,81.94,0.66,False,True,False,,3.0,Electronics
594,594,Nicole,Ortega,nicoleortega@gmail.com,-6405,,High_Value,Push,46-55,Low,266.91,0.36,True,True,True,,30.0,Electronics
595,595,Mary,Richardson,mary.richardson@hotmail.com,-9331,,High_Value,Push,26-35,High,371.68,0.34,False,True,True,,19.0,Beauty
596,596,Brian,Fischer,brianfischer@outlook.com,-3867,,Medium_Value,Email,36-45,High,162.05,0.65,True,True,False,,6.0,Home
597,597,Robert,White,robertwhite@gmail.com,-10406,,Medium_Value,Email,36-45,High,136.63,0.7,True,True,False,,7.0,Beauty
598,598,Laura,Benson,laurabenson@gmail.com,-4189,,High_Value,Social,55+,High,370.51,0.27,False,True,False,,29.0,Home
599,599,Scott,Morrison,scott769@yahoo.com,-6718,,Low_Value,Push,26-35,Unknown,61.09,0.72,True,False,False,,27.0,Beauty
600,600,Travis,Jenkins,travisjenkins@yahoo.com,-6317,,New_Customer,SMS,26-35,Medium,37.82,0.63,False,True,False,,25.0,Clothing
601,601,Robert,Mccoy,robert686@gmail.com,-6521,,Medium_Value,Social,18-25,Low,114.84,0.47,True,False,True,,12.0,Sports
602,602,Tiffany,Hall,tiffanyhall@yahoo.com,-8748,,High_Value,Social,55+,Unknown,349.29,0.39,True,False,False,,14.0,Clothing
603,603,Chelsea,Fox,chelsea.fox@hotmail.com,-6875,,Medium_Value,SMS,46-55,Low,107.8,0.66,False,True,True,,28.0,Electronics
604,604,Alison,Castillo,alison280@outlook.com,-4415,,New_Customer,SMS,55+,Low,120.6,0.57,False,False,False,,7.0,Electronics
605,605,Susan,Mcdaniel,susan196@hotmail.com,-7997,,Low_Value,Email,46-55,Unknown,59.34,0.61,True,False,True,,44.0,Home
606,606,Ricardo,Andrade,ricardoandrade@gmail.com,-4776,,High_Value,SMS,36-45,Low,471.23,0.26,False,False,False,,29.0,Books
607,607,Paige,Bridges,paigebridges@yahoo.com,-9220,,New_Customer,Social,36-45,High,100.13,0.58,False,False,False,,10.0,Home
608,608,Stephanie,Cooper,stephaniecooper@yahoo.com,-7307,,New_Customer,Email,46-55,High,142.01,0.55,True,True,False,,37.0,Electronics
609,609,Frank,Thomas,frank.thomas@gmail.com,-1932,,High_Value,Email,55+,High,375.57,0.31,False,True,True,,26.0,Books
610,610,Edward,Fuentes,edward.fuentes@hotmail.com,-10109,,High_Value,Email,55+,Medium,479.38,0.3,True,False,True,,47.0,Beauty
611,611,Ralph,Collins,ralph.collins@outlook.com,-8698,,New_Customer,Push,46-55,Low,56.19,0.63,True,False,False,,24.0,Electronics
612,612,Karen,Cabrera,karen327@gmail.com,-5834,,New_Customer,Push,26-35,High,101.78,0.74,True,False,False,,41.0,Clothing
613,613,Brian,Payne,brian.payne@yahoo.com,-7231,,New_Customer,Email,26-35,Medium,113.04,0.78,True,True,False,,6.0,Beauty
614,614,Brittney,Snow,brittney.snow@hotmail.com,-2453,,New_Customer,Email,18-25,High,48.45,0.64,True,False,True,,2.0,Books
615,615,Timothy,Jones,timothy115@hotmail.com,-10203,,Low_Value,SMS,55+,Unknown,34.64,0.82,False,True,False,,25.0,Clothing
616,616,Rachel,Norman,rachel.norman@outlook.com,-7878,,Medium_Value,Push,55+,Premium,178.54,0.61,True,False,False,,19.0,Books
617,617,Whitney,Keller,whitneykeller@yahoo.com,-5751,,High_Value,Push,18-25,High,396.71,0.32,True,True,False,,9.0,Home
618,618,Julia,Hensley,juliahensley@gmail.com,-6285,,New_Customer,SMS,46-55,Premium,94.46,0.75,False,True,False,,20.0,Home
619,619,Mary,Cameron,mary460@gmail.com,-10164,,New_Customer,Email,26-35,Unknown,121.67,0.68,True,True,False,,14.0,Sports
620,620,Thomas,Lawson,thomaslawson@gmail.com,-8209,,Medium_Value,Push,26-35,Premium,192.71,0.67,False,True,True,,31.0,Home
621,621,Ryan,Gallagher,ryan560@outlook.com,-5322,,Low_Value,SMS,36-45,Low,41.78,0.71,True,False,False,,0.0,Beauty
622,622,David,Weiss,davidweiss@yahoo.com,-7711,,New_Customer,SMS,36-45,Premium,106.39,0.75,True,False,False,,37.0,Beauty
623,623,Amanda,Harmon,amanda703@gmail.com,-10371,,Low_Value,Social,26-35,High,72.33,0.9,False,False,True,,33.0,Electronics
624,624,Stacey,Carter,stacey.carter@hotmail.com,-11316,,High_Value,Push,26-35,Medium,187.91,0.23,False,True,True,,28.0,Electronics
625,625,Brian,Graves,briangraves@yahoo.com,-9926,,Low_Value,Social,46-55,High,84.36,0.67,False,True,False,,42.0,Electronics
626,626,Elizabeth,Hernandez,elizabeth.hernandez@yahoo.com,-2951,,High_Value,SMS,46-55,Medium,220.99,0.29,False,True,False,,33.0,Home
627,627,Jacob,Perez,jacob.perez@hotmail.com,-7051,,New_Customer,Email,26-35,High,79.27,0.5,True,False,True,,6.0,Home
628,628,Kimberly,Anderson,kimberly25@gmail.com,-4860,,High_Value,Push,Unknown,Premium,365.73,0.28,False,True,False,,9.0,Sports
629,629,Emily,Torres,emily.torres@yahoo.com,-9886,,New_Customer,SMS,55+,Unknown,121.64,0.78,True,False,False,,38.0,Books
630,630,Jennifer,Black,jenniferblack@gmail.com,-8219,,New_Customer,Push,18-25,High,117.46,0.52,True,False,False,,16.0,Beauty
631,631,Amy,Lane,amylane@yahoo.com,-4578,,New_Customer,Push,55+,Medium,37.26,0.57,True,False,False,,16.0,Home
632,632,Lindsey,Young,lindseyyoung@hotmail.com,-2447,,High_Value,Direct,36-45,Unknown,304.95,0.24,False,True,True,,47.0,Beauty
633,633,Corey,Thomas,corey.thomas@outlook.com,-5982,,Medium_Value,Social,18-25,High,195.76,0.46,True,True,True,,24.0,Sports
634,634,Sheila,Smith,sheila8@outlook.com,-3408,,Medium_Value,Email,36-45,Premium,125.55,0.69,True,False,True,,40.0,Books
635,635,Robert,Smith,robertsmith@outlook.com,-8957,,High_Value,Social,36-45,Medium,165.19,0.34,False,False,True,,20.0,Clothing
636,636,Donna,Miller,donna983@gmail.com,-6190,,High_Value,Push,26-35,High,478.23,0.32,False,True,False,,39.0,Electronics
637,637,Donald,Peters,donald.peters@hotmail.com,-8515,,Medium_Value,Push,36-45,Premium,86.41,0.63,True,False,True,,12.0,Sports
638,638,Sean,James,sean.james@outlook.com,-3123,,Low_Value,Social,26-35,Premium,26.68,0.89,False,False,True,,13.0,Beauty
639,639,Diana,Cooke,diana111@yahoo.com,-8469,,Low_Value,Push,46-55,Premium,64.86,0.61,True,False,False,,44.0,Books
640,640,Casey,Case,casey643@outlook.com,-3492,,Medium_Value,Direct,55+,High,100.7,0.47,True,False,True,,39.0,Electronics
641,641,Meagan,Diaz,meagan.diazhotmail.com,-7871,,New_Customer,Push,46-55,High,54.41,0.56,True,True,False,,44.0,Clothing
642,642,Jacqueline,Lewis,jacqueline875@gmail.com,-7476,,Medium_Value,Social,26-35,Medium,111.63,0.41,False,False,False,,50.0,Sports
643,643,Samuel,Gonzalez,samuel889@gmail.com,-8949,,Low_Value,Email,26-35,Premium,26.63,0.6,True,False,True,,20.0,Sports
644,644,Craig,Harrison,craig104@yahoo.com,-6659,,Medium_Value,SMS,36-45,Low,107.24,0.59,True,False,True,,13.0,Home
645,645,David,Kramer,davidkramer@gmail.com,-6508,,Medium_Value,Email,26-35,Medium,197.12,0.62,True,True,True,,12.0,Sports
646,646,Sergio,Mcmahon,sergio767@yahoo.com,-5091,,High_Value,Social,26-35,Low,424.35,0.38,True,False,False,,13.0,Electronics
647,647,Nancy,Fuentes,nancyfuentes@gmail.com,-7799,,High_Value,Email,36-45,Low,398.14,0.21,True,False,True,,28.0,Sports
648,648,Angelica,Graham,angelica808@hotmail.com,-6493,,Low_Value,Push,18-25,Premium,37.84,0.84,True,True,True,,30.0,Books
649,649,Philip,Carrillo,philip567@hotmail.com,-5746,,Low_Value,Email,36-45,Medium,86.31,0.88,True,False,False,,24.0,Clothing
650,650,Edward,Greene,edwardgreene@gmail.com,-5398,,High_Value,Email,55+,Low,345.65,0.23,False,False,True,,7.0,Beauty
651,651,Justin,Juarez,justin558@outlook.com,-8465,,Low_Value,SMS,36-45,High,52.01,0.83,True,False,True,,4.0,Books
652,652,Cassandra,Smith,cassandrasmith@hotmail.com,-9432,,Medium_Value,Direct,Unknown,Medium,104.84,0.52,False,False,False,,4.0,Electronics
653,653,Jonathan,Peterson,jonathan.peterson@hotmail.com,-7811,,Low_Value,Email,46-55,Medium,80.15,0.73,False,False,True,,11.0,Beauty
654,654,Kari,Reynolds,kari.reynolds@hotmail.com,-5452,,Low_Value,Direct,26-35,Medium,98.06,0.72,False,False,True,,27.0,Home
655,655,Thomas,Davis,thomas922@outlook.com,-3892,,Low_Value,Direct,55+,High,35.03,0.9,False,True,True,,29.0,Electronics
656,656,Timothy,Henderson,timothy.henderson@yahoo.com,-5346,,High_Value,Email,18-25,High,308.55,0.22,True,True,True,,6.0,Electronics
657,657,Scott,White,scottwhite@yahoo.com,-9048,,High_Value,Social,46-55,High,449.27,0.22,True,True,True,,26.0,Sports
658,658,Kenneth,Stevenson,kenneth.stevenson@yahoo.com,-8807,,Medium_Value,SMS,18-25,Unknown,145.05,0.46,True,False,False,,31.0,Books
659,659,Michael,Hunt,michaelhunt@outlook.com,-7005,,Medium_Value,Push,36-45,High,109.2,0.48,False,False,True,,41.0,Clothing
660,660,Stefanie,Jones,stefanie.jones@yahoo.com,-11449,,High_Value,Social,18-25,High,375.74,0.23,False,False,True,,38.0,Books
661,661,Tami,Hickman,tami663@outlook.com,-6872,,Medium_Value,Direct,46-55,Medium,195.51,0.52,False,True,True,,15.0,Books
662,662,William,Prince,williamprince@yahoo.com,-4773,,High_Value,Email,55+,Unknown,202.67,0.23,True,True,False,,10.0,Electronics
663,663,Ashley,Jackson,ashleyjackson@outlook.com,-7998,,Medium_Value,Direct,26-35,High,138.37,0.68,False,True,True,,37.0,Sports
664,664,Amy,Figueroa,amy.figueroa@hotmail.com,-3730,,High_Value,Direct,55+,High,229.96,0.24,False,False,True,,27.0,Sports
665,665,Jessica,Medina,jessica.medina@gmail.com,-4509,,New_Customer,Social,18-25,High,73.73,0.65,False,False,False,,7.0,Electronics
666,666,Mandy,Jones,mandy352@gmail.com,-6793,,High_Value,Push,26-35,Unknown,249.64,0.35,False,True,False,,19.0,Sports
667,667,William,Smith,william.smith@hotmail.com,-9962,,Low_Value,Direct,18-25,High,99.37,0.77,False,False,True,,10.0,Electronics
668,668,Cassandra,Carter,cassandracarter@outlook.com,-6308,,New_Customer,SMS,46-55,Medium,37.75,0.56,False,True,False,,3.0,Clothing
669,669,Kristen,Chavez,kristen625@outlook.com,-8197,,Medium_Value,Social,26-35,Low,113.72,0.42,False,True,True,,8.0,Home
670,670,Lisa,Davies,lisa985@yahoo.com,-6558,,High_Value,Email,Unknown,Premium,309.86,0.4,True,False,False,,19.0,Sports
671,671,Ruth,Williams,ruth238@yahoo.com,-10674,,Medium_Value,Email,26-35,Medium,102.72,0.41,False,True,True,,40.0,Home
672,672,Tiffany,Acosta,tiffanyacosta@gmail.com,-5200,,High_Value,Direct,46-55,High,333.7,0.23,False,False,False,,38.0,Electronics
673,673,Kristen,Butler,kristen.butler@outlook.com,-6345,,New_Customer,Email,36-45,Premium,75.11,0.51,True,True,False,,15.0,Beauty
674,674,John,Harrell,john.harrell@hotmail.com,-4218,,Medium_Value,Direct,46-55,Medium,195.26,0.52,False,True,False,,13.0,Clothing
675,675,Kimberly,Gray,kimberly.gray@yahoo.com,-5836,,Low_Value,Email,26-35,High,92.66,0.84,False,True,False,,42.0,Home
676,676,Michelle,Guerra,michelleguerra@hotmail.com,-10719,,New_Customer,Direct,36-45,Low,129.52,0.72,False,False,True,,34.0,Sports
677,677,Dorothy,Lozano,dorothy.lozano@outlook.com,-2462,,Medium_Value,SMS,55+,Low,176.22,0.59,False,True,True,,5.0,Clothing
678,678,Jason,Ortiz,jason.ortiz@outlook.com,-5868,,High_Value,Social,18-25,Medium,239.62,0.39,True,False,True,,37.0,Clothing
679,679,Kathryn,Jones,kathryn521@yahoo.com,-2771,,Medium_Value,SMS,46-55,Low,75.64,0.65,False,True,False,,32.0,Books
680,680,Melissa,Perry,melissaperry@gmail.com,-6918,,Low_Value,Push,18-25,Low,79.84,0.7,True,True,True,,26.0,Clothing
681,681,Jacqueline,Yates,jacqueline.yates@gmail.com,-10679,,Medium_Value,Email,26-35,High,141.69,0.47,False,False,True,,29.0,Sports
682,682,Christopher,Foster,christopher.foster@gmail.com,-9011,,New_Customer,Direct,55+,Low,144.64,0.61,True,False,True,,24.0,Books
683,683,Monica,Adams,monicaadams@outlook.com,-4298,,New_Customer,Push,46-55,Premium,78.51,0.68,False,True,False,,27.0,Books
684,684,Miguel,Lewis,miguel.lewis@hotmail.com,-3666,,Low_Value,Push,18-25,Unknown,77.27,0.71,False,False,True,,50.0,Books
685,685,Ryan,Massey,ryanmassey@outlook.com,-9384,,High_Value,Email,46-55,Premium,313.38,0.36,True,True,False,,15.0,Books
686,686,Mark,Livingston,mark.livingston@outlook.com,-8143,,Medium_Value,Social,18-25,Medium,163.49,0.68,False,False,False,,35.0,Home
687,687,Richard,Roberson,richardroberson@yahoo.com,-7859,,Medium_Value,SMS,18-25,Low,196.93,0.61,True,False,True,,2.0,Sports
688,688,Daniel,Lara,daniellara@yahoo.com,-5180,,New_Customer,Email,55+,Premium,49.5,0.63,False,False,True,,10.0,Beauty
689,689,Paul,Lee,paullee@outlook.com,-7807,,Low_Value,SMS,26-35,High,48.05,0.73,True,True,True,,46.0,Sports
690,690,Daniel,Miller,daniel.miller@gmail.com,-10541,,New_Customer,Direct,55+,Medium,80.88,0.75,True,False,True,,32.0,Electronics
691,691,Jennifer,Jackson,jennifer273@outlook.com,-4691,,High_Value,Email,26-35,Unknown,159.5,0.3,False,False,True,,24.0,Electronics
692,692,Tommy,Brown,tommy857@gmail.com,-10914,,High_Value,Email,26-35,High,187.66,0.23,True,True,False,,15.0,Sports
693,693,Whitney,Walker,whitneywalker@gmail.com,-8526,,Medium_Value,Email,36-45,Medium,128.63,0.49,False,False,True,,3.0,Beauty
694,694,Peter,Valdez,petervaldez@outlook.com,-6966,,New_Customer,Social,18-25,Premium,75.92,0.64,True,False,False,,20.0,Books
695,695,Evan,Nelson,evan.nelson@outlook.com,-9268,,Medium_Value,SMS,36-45,Unknown,179.55,0.54,True,False,False,,44.0,Sports
696,696,Erica,Walters,erica326@gmail.com,-6915,,Low_Value,Push,55+,Medium,32.97,0.79,False,True,True,,16.0,Sports
697,697,Amanda,Hudson,amanda407@outlook.com,-7277,,Low_Value,Social,26-35,Premium,64.66,0.82,True,True,True,,13.0,Clothing
698,698,Daniel,Rice,daniel35@gmail.com,-7321,,Low_Value,Direct,55+,Low,96.97,0.65,True,True,True,,3.0,Electronics
699,699,Elizabeth,Baker,elizabeth684@outlook.com,-6991,,High_Value,Push,26-35,Medium,336.16,0.25,False,True,True,,25.0,Home
700,700,Michael,Lewis,michaellewis@outlook.com,-4174,,New_Customer,Push,Unknown,High,66.23,0.58,False,False,False,,29.0,Beauty
701,701,Alicia,Miller,alicia323@gmail.com,-4565,,Low_Value,Social,26-35,High,95.94,0.72,True,True,False,,18.0,Books
702,702,Alicia,Fowler,alicia5@hotmail.com,-9141,,Medium_Value,SMS,55+,High,146.0,0.53,False,True,True,,42.0,Books
703,703,Jesse,Smith,jesse220@yahoo.com,-2202,,High_Value,Direct,18-25,High,330.48,0.2,False,True,False,,37.0,Sports
704,704,Jennifer,Rush,jennifer.rush@outlook.com,-7209,,Low_Value,SMS,36-45,Medium,73.06,0.67,False,False,True,,0.0,Beauty
705,705,Erin,Brown,erinbrown@outlook.com,-4414,,Medium_Value,SMS,55+,Medium,137.63,0.41,False,True,False,,3.0,Sports
706,706,Laura,Mcpherson,lauramcpherson@hotmail.com,-5833,,New_Customer,Social,26-35,High,121.55,0.75,True,False,False,,27.0,Beauty
707,707,Michelle,Snyder,michelle.snyder@hotmail.com,-3132,,New_Customer,Direct,46-55,High,86.97,0.74,True,True,True,,50.0,Books
708,708,Jesse,Hart,jesse.hart@outlook.com,-8172,,New_Customer,Direct,26-35,Low,121.85,0.71,True,False,False,,1.0,Sports
709,709,Renee,Edwards,renee.edwards@hotmail.com,-6167,,Medium_Value,Direct,55+,Medium,85.78,0.68,False,False,False,,35.0,Home
710,710,Heather,Campos,heather.campos@hotmail.com,-9434,,Medium_Value,Direct,36-45,Medium,93.95,0.5,False,False,True,,41.0,Sports
711,711,Erika,Lee,erika.lee@yahoo.com,-5023,,New_Customer,Email,55+,Premium,60.35,0.76,True,True,True,,2.0,Sports
712,712,Michelle,Griffin,michellegriffin@gmail.com,-6964,,Medium_Value,Social,26-35,Medium,199.98,0.5,False,False,False,,17.0,Electronics
713,713,Ronald,Riddle,ronald.riddle@outlook.com,-3320,,Medium_Value,SMS,36-45,Premium,181.14,0.46,True,True,True,,42.0,Sports
714,714,Diane,Young,diane.young@yahoo.com,-11404,,Medium_Value,Direct,46-55,Low,96.47,0.57,False,True,True,,25.0,Sports
715,715,Lindsay,Weber,lindsay865@gmail.com,-5063,,Medium_Value,Email,55+,Unknown,175.86,0.61,False,False,False,,32.0,Electronics
716,716,Sonia,Andrews,soniaandrews@gmail.com,-8798,,Low_Value,Social,55+,High,59.72,0.63,False,False,False,,29.0,Beauty
717,717,Thomas,Howell,thomashowell@hotmail.com,-8027,,Low_Value,Direct,55+,High,78.22,0.66,True,False,True,,38.0,Home
718,718,Caleb,Stein,caleb.stein@gmail.com,-10876,,New_Customer,Social,55+,Premium,71.68,0.77,True,True,False,,31.0,Clothing
719,719,Martin,Ferguson,martinferguson@yahoo.com,-9179,,Medium_Value,Direct,46-55,Premium,160.92,0.45,True,False,True,,20.0,Books
720,720,Dana,Mason,danamason@yahoo.com,-11006,,New_Customer,Push,55+,Premium,96.93,0.71,True,False,False,,42.0,Books
721,721,Mary,Baker,mary601@hotmail.com,-7731,,Medium_Value,Push,36-45,Unknown,101.74,0.6,True,False,True,,36.0,Sports
722,722,Hunter,Gould,huntergould@yahoo.com,-4762,,Medium_Value,Email,18-25,Low,174.68,0.51,False,True,False,,22.0,Books
723,723,Rachel,Hodge,rachel857@gmail.com,-9847,,Medium_Value,Email,46-55,High,173.57,0.54,False,True,False,,18.0,Books
724,724,Rebecca,Christian,rebecca.christian@gmail.com,-8671,,Low_Value,Social,26-35,High,92.76,0.68,True,True,False,,50.0,Beauty
725,725,Sean,Hill,seanhill@gmail.com,-5682,,New_Customer,Direct,26-35,Low,126.0,0.55,True,True,True,,39.0,Beauty
726,726,Gabriel,Martin,gabrielmartin@gmail.com,-7383,,Medium_Value,SMS,26-35,Unknown,100.79,0.51,True,True,False,,40.0,Sports
727,727,Robert,Foster,robert189@outlook.com,-8316,,Medium_Value,SMS,18-25,Premium,129.06,0.55,False,True,False,,16.0,Home
728,728,Christine,Patterson,christine75@yahoo.com,-7346,,High_Value,Social,46-55,Premium,480.33,0.35,False,False,False,,10.0,Beauty
729,729,Kathleen,Sandoval,kathleensandoval@outlook.com,-3064,,Low_Value,Push,Unknown,Unknown,32.03,0.71,False,True,True,,3.0,Books
730,730,Adrienne,Martinez,adriennemartinez@hotmail.com,-7450,,Low_Value,Social,26-35,Premium,52.87,0.76,True,True,False,,14.0,Beauty
731,731,Tina,Watts,tinawatts@gmail.com,-6944,,New_Customer,Push,26-35,Premium,35.2,0.68,True,True,False,,5.0,Books
732,732,Heidi,Dyer,heidi.dyer@hotmail.com,-10158,,Medium_Value,Social,18-25,Low,91.57,0.69,True,False,True,,40.0,Sports
733,733,Gregory,Williams,gregory.williams@yahoo.com,-3634,,Medium_Value,Direct,46-55,High,172.08,0.52,True,False,False,,18.0,Home
734,734,Kristi,Burke,kristi.burke@gmail.com,-2957,,Medium_Value,SMS,36-45,Low,196.52,0.45,True,False,False,,22.0,Clothing
735,735,Chelsea,Nunez,chelsea.nunez@gmail.com,-8777,,Low_Value,Email,18-25,Medium,88.93,0.74,True,True,True,,43.0,Clothing
736,736,Erik,Rivera,erikrivera@yahoo.com,-10177,,Low_Value,Push,18-25,High,53.44,0.63,False,False,True,,32.0,Electronics
737,737,Jeremy,Smith,jeremysmith@gmail.com,-6660,,Medium_Value,Email,46-55,Medium,169.78,0.57,True,False,True,,0.0,Sports
738,738,Anna,Cooper,anna.cooper@hotmail.com,-10690,,High_Value,Direct,36-45,High,156.52,0.3,True,True,False,,24.0,Sports
739,739,Lauren,Martinez,lauren545@gmail.com,-11123,,Low_Value,Push,46-55,Unknown,36.61,0.75,True,False,False,,41.0,Beauty
740,740,James,Hernandez,jameshernandez@gmail.com,-9497,,Medium_Value,SMS,46-55,Unknown,143.64,0.54,False,True,True,,34.0,Home
741,741,Jill,Guerrero,jillguerrero@outlook.com,-3106,,High_Value,SMS,36-45,Low,405.66,0.21,True,False,False,,13.0,Electronics
742,742,Samuel,Ramirez,samuel.ramirez@hotmail.com,-10934,,Low_Value,Email,26-35,High,62.8,0.88,True,False,True,,39.0,Books
743,743,Douglas,Wolf,douglaswolf@yahoo.com,-5123,,High_Value,Direct,18-25,Medium,494.0,0.2,False,False,True,,43.0,Beauty
744,744,Robert,Wright,robert661@hotmail.com,-7727,,Medium_Value,SMS,26-35,Premium,174.56,0.55,False,False,False,,7.0,Home
745,745,Brandon,Harrison,brandon.harrison@hotmail.com,-5648,,New_Customer,Social,Unknown,Medium,60.04,0.56,True,False,False,,0.0,Clothing
746,746,Peter,Moore,peter767@hotmail.com,-7979,,Low_Value,SMS,36-45,Low,72.16,0.62,False,True,True,,15.0,Books
747,747,Charles,Reilly,charles355@gmail.com,-5022,,Low_Value,Social,46-55,Low,52.5,0.76,False,False,False,,9.0,Home
748,748,Kimberly,Acosta,kimberly385@outlook.com,-7332,,New_Customer,SMS,46-55,Unknown,52.05,0.71,False,False,True,,30.0,Books
749,749,Patrick,Brown,patrick.brown@outlook.com,-8185,,Medium_Value,Direct,26-35,Premium,125.8,0.63,True,False,True,,25.0,Books
750,750,Mary,Greene,marygreene@yahoo.com,-6014,,High_Value,Social,36-45,Premium,277.28,0.27,False,False,False,,18.0,Beauty
751,751,Justin,Holloway,justinholloway@gmail.com,-10500,,High_Value,SMS,26-35,Premium,296.72,0.35,True,True,False,,15.0,Sports
752,752,Megan,Webster,meganwebster@outlook.com,-9975,,Low_Value,Push,18-25,Medium,32.32,0.88,True,True,True,,12.0,Sports
753,753,Kelsey,Dunn,kelsey.dunn@hotmail.com,-6136,,Medium_Value,Email,46-55,Medium,97.2,0.51,False,False,True,,41.0,Electronics
754,754,Shelby,Benson,shelby.benson@yahoo.com,-2900,,Low_Value,Push,55+,High,93.74,0.64,False,False,False,,32.0,Home
755,755,Timothy,Buchanan,timothy.buchanan@yahoo.com,-4888,,New_Customer,Push,36-45,High,128.98,0.56,True,False,True,,10.0,Clothing
756,756,Alexander,Weber,alexander869@gmail.com,-5472,,New_Customer,Direct,46-55,Premium,84.57,0.75,True,False,True,,45.0,Electronics
757,757,Sarah,Fisher,sarah.fisher@yahoo.com,-6821,,New_Customer,Push,18-25,Premium,68.54,0.71,False,True,False,,46.0,Sports
758,758,Regina,Stanley,regina.stanley@gmail.com,-8871,,New_Customer,Social,55+,Low,148.09,0.55,False,True,False,,5.0,Clothing
759,759,Jeffery,Rice,jefferyrice@yahoo.com,-4173,,Medium_Value,SMS,46-55,Unknown,181.53,0.42,True,False,True,,38.0,Beauty
760,760,Wendy,Taylor,wendytaylor@hotmail.com,-7002,,New_Customer,Push,18-25,Premium,146.49,0.76,True,True,False,,50.0,Books
761,761,Jennifer,Cortez,jennifer.cortez@gmail.com,-4972,,High_Value,SMS,18-25,Medium,188.73,0.35,True,False,True,,27.0,Clothing
762,762,Bruce,Stevens,bruce.stevens@yahoo.com,-5149,,High_Value,Push,46-55,Low,437.58,0.27,False,False,False,,6.0,Clothing
763,763,Courtney,Pearson,courtneypearson@gmail.com,-2164,,Medium_Value,Push,36-45,Medium,99.94,0.51,True,False,True,,21.0,Sports
764,764,Matthew,Owens,matthew.owens@yahoo.com,-4018,,High_Value,SMS,36-45,Low,478.94,0.32,False,True,False,,32.0,Books
765,765,Eric,May,eric608@gmail.com,-9871,,Medium_Value,Social,36-45,Medium,128.34,0.52,False,False,True,,39.0,Clothing
766,766,Laura,Green,laura.green@hotmail.com,-10491,,New_Customer,Direct,46-55,Low,106.31,0.73,True,True,False,,24.0,Electronics
767,767,Angela,Hubbard,angela797@yahoo.com,-10624,,High_Value,Email,36-45,High,207.56,0.36,True,True,False,,19.0,Beauty
768,768,Matthew,Rogers,matthewrogers@outlook.com,-3395,,Low_Value,SMS,36-45,Low,34.15,0.8,False,True,True,,29.0,Books
769,769,Sarah,Perkins,sarah57@gmail.com,-4618,,Low_Value,SMS,18-25,High,89.93,0.68,True,True,True,,38.0,Clothing
770,770,Leslie,Hebert,lesliehebert@gmail.com,-9981,,High_Value,SMS,55+,Medium,344.62,0.36,False,False,True,,10.0,Books
771,771,Lisa,Anderson,lisa905@hotmail.com,-8819,,High_Value,Direct,55+,Low,444.42,0.36,False,True,False,,49.0,Books
772,772,Karen,Brady,karen21@hotmail.com,-7069,,High_Value,Email,26-35,High,459.02,0.33,True,True,True,,8.0,Electronics
773,773,Jill,Rubio,jillrubio@gmail.com,-7010,,Medium_Value,Email,26-35,Low,164.87,0.68,False,True,False,,44.0,Home
774,774,Karen,Sampson,karen.sampson@hotmail.com,-3033,,High_Value,Social,46-55,Medium,277.78,0.32,False,True,True,,33.0,Sports
775,775,Brandon,Hall,brandonhall@outlook.com,-4429,,Low_Value,SMS,55+,Medium,87.65,0.61,True,True,True,,48.0,Electronics
776,776,Crystal,Clark,crystal855@outlook.com,-3433,,Medium_Value,Push,55+,Premium,146.26,0.63,False,True,False,,1.0,Sports
777,777,Jennifer,Frazier,jennifer427@gmail.com,-6319,,High_Value,Email,36-45,Medium,345.74,0.31,True,True,False,,13.0,Sports
778,778,Breanna,Kelly,breannakelly@hotmail.com,-10499,,Low_Value,Direct,36-45,Medium,79.28,0.85,True,True,False,,39.0,Sports
779,779,Karen,King,karen.king@hotmail.com,-6233,,New_Customer,Push,55+,Premium,63.06,0.53,True,False,True,,45.0,Clothing
780,780,Tyler,Ryan,tyler861@yahoo.com,-9271,,Medium_Value,Push,36-45,Premium,162.97,0.63,True,True,False,,7.0,Books
781,781,Sergio,Diaz,sergio.diaz@hotmail.com,-5898,,Low_Value,Direct,36-45,Unknown,57.7,0.71,True,False,False,,15.0,Home
782,782,Steven,Ward,steven.ward@outlook.com,-2346,,Medium_Value,Email,18-25,High,195.0,0.43,True,False,False,,21.0,Electronics
783,783,Nathaniel,Martinez,nathanielmartinez@hotmail.com,-5184,,Low_Value,Email,26-35,High,99.25,0.68,False,False,True,,5.0,Electronics
784,784,Robert,Moore,robertmoore@outlook.com,-9977,,Medium_Value,SMS,36-45,High,146.0,0.65,False,False,True,,8.0,Electronics
785,785,Meghan,Rodriguez,meghanrodriguez@outlook.com,-4512,,High_Value,SMS,36-45,Unknown,499.14,0.24,False,False,True,,47.0,Electronics
786,786,Betty,Ortiz,bettyortiz@hotmail.com,-5500,,Medium_Value,Email,36-45,Medium,128.45,0.43,True,True,True,,4.0,Beauty
787,787,Jesse,Holmes,jesse444@outlook.com,-10619,,Medium_Value,Social,26-35,Medium,78.94,0.59,False,False,True,,11.0,Clothing
788,788,Leslie,Davis,leslie.davis@yahoo.com,-7226,,High_Value,Push,46-55,Medium,495.99,0.36,False,True,False,,25.0,Books
789,789,Darren,Bennett,darren.bennett@hotmail.com,-8901,,High_Value,Direct,Unknown,Low,474.54,0.31,True,False,True,,42.0,Home
790,790,Melinda,Hernandez,melindahernandez@outlook.com,-8990,,Low_Value,Direct,18-25,Medium,73.64,0.76,False,True,True,,5.0,Books
791,791,Mary,Durham,marydurham@hotmail.com,-9072,,High_Value,Push,36-45,High,295.8,0.24,False,False,False,,14.0,Books
792,792,Donna,Coleman,donnacoleman@hotmail.com,-6115,,New_Customer,Direct,36-45,Premium,146.41,0.61,True,False,True,,32.0,Electronics
793,793,Kevin,Warren,kevin.warren@yahoo.com,-3506,,Medium_Value,Email,26-35,Medium,189.25,0.42,True,True,False,,7.0,Sports
794,794,Ellen,Brown,ellen601@yahoo.com,-6286,,Low_Value,Direct,18-25,High,82.16,0.8,False,True,False,,42.0,Beauty
795,795,Kevin,Reyes,kevin.reyes@gmail.com,-5043,,High_Value,Email,55+,High,258.48,0.23,True,True,True,,34.0,Books
796,796,Andrew,Shaffer,andrew783@hotmail.com,-7501,,Low_Value,Direct,36-45,Premium,51.07,0.86,False,False,False,,27.0,Clothing
797,797,Elizabeth,Perez,elizabeth858@hotmail.com,-4705,,New_Customer,Social,36-45,Low,120.5,0.69,True,True,True,,34.0,Clothing
798,798,Stacey,Roberts,stacey971@gmail.com,-6995,,Medium_Value,Direct,55+,High,153.07,0.48,False,False,False,,9.0,Clothing
799,799,Sandra,Powers,sandrapowers@gmail.com,-10521,,High_Value,SMS,55+,Low,412.86,0.33,False,True,True,,27.0,Electronics
800,800,Valerie,Bates,valerie.bates@yahoo.com,-6387,,High_Value,Email,55+,High,188.0,0.26,True,False,True,,25.0,Clothing
801,801,Holly,Gonzalez,holly.gonzalez@outlook.com,-7914,,Medium_Value,SMS,46-55,Unknown,105.72,0.48,True,True,False,,9.0,Sports
802,802,Kyle,Ochoa,kyle338@gmail.com,-4685,,New_Customer,Email,55+,High,103.41,0.68,False,False,True,,6.0,Beauty
803,803,Bradley,Perez,bradley156@gmail.com,-9602,,Low_Value,Email,18-25,Low,75.38,0.61,False,True,False,,39.0,Clothing
804,804,Christopher,Pham,christopher555@yahoo.com,-10479,,New_Customer,Email,18-25,High,101.78,0.8,True,True,False,,13.0,Beauty
805,805,Isaac,Jones,isaac.jones@outlook.com,-2820,,High_Value,Direct,26-35,Medium,398.79,0.28,True,True,False,,14.0,Clothing
806,806,Melissa,Jones,melissa.jones@outlook.com,-2922,,High_Value,Email,18-25,Premium,453.25,0.28,True,True,False,,16.0,Electronics
807,807,Christopher,Miller,christopher369@yahoo.com,-9200,,New_Customer,Direct,18-25,Low,135.78,0.7,False,False,False,,17.0,Beauty
808,808,Ana,Vargas,anavargas@yahoo.com,-10143,,High_Value,Direct,26-35,High,161.3,0.24,True,True,False,,49.0,Beauty
809,809,Martin,Black,martin207@hotmail.com,-5975,,Low_Value,SMS,46-55,Premium,34.67,0.7,False,False,False,,4.0,Sports
810,810,Savannah,Saunders,savannahsaunders@hotmail.com,-9803,,High_Value,Social,55+,Premium,156.91,0.39,True,False,True,,17.0,Beauty
811,811,Kyle,Hernandez,kyle.hernandez@yahoo.com,-5869,,High_Value,SMS,55+,Medium,211.07,0.27,True,True,True,,29.0,Sports
812,812,Randy,Johnson,randy179@hotmail.com,-8621,,Medium_Value,Email,55+,Premium,155.53,0.43,True,False,True,,28.0,Books
813,813,Perry,Martin,perrymartin@hotmail.com,-9089,,New_Customer,Email,36-45,Medium,96.29,0.78,True,False,True,,49.0,Sports
814,814,Ryan,Riley,ryan.riley@yahoo.com,-2519,,Low_Value,Push,36-45,Unknown,72.26,0.6,True,True,True,,6.0,Electronics
815,815,Bryan,Blanchard,bryan934@yahoo.com,-11164,,New_Customer,Direct,46-55,Medium,103.7,0.56,False,False,False,,37.0,Home
816,816,Roy,James,roy31@outlook.com,-8567,,Low_Value,SMS,18-25,Unknown,36.66,0.81,False,True,False,,11.0,Home
817,817,Max,Briggs,max212@hotmail.com,-2817,,Medium_Value,SMS,26-35,Premium,85.68,0.55,True,False,True,,36.0,Books
818,818,Rebecca,Sexton,rebecca.sexton@hotmail.com,-9324,,High_Value,Direct,Unknown,Premium,430.65,0.24,True,False,True,,25.0,Electronics
819,819,James,Richmond,james.richmond@outlook.com,-10906,,High_Value,Direct,26-35,High,165.27,0.31,False,True,True,,15.0,Books
820,820,James,Nelson,james461@hotmail.com,-5170,,High_Value,Social,18-25,Premium,197.06,0.23,False,False,True,,47.0,Books
821,821,Natalie,Phillips,natalie228@gmail.com,-10454,,Low_Value,Email,36-45,Low,82.59,0.76,False,False,False,,19.0,Clothing
822,822,Amanda,Fields,amanda129@yahoo.com,-3903,,High_Value,Social,36-45,Premium,307.95,0.35,False,True,False,,17.0,Electronics
823,823,Shelley,Rodriguez,shelley967@gmail.com,-5910,,Medium_Value,SMS,55+,Medium,117.56,0.4,True,False,False,,47.0,Home
824,824,Alyssa,Baxter,alyssa.baxter@outlook.com,-5328,,Medium_Value,SMS,46-55,High,186.91,0.45,True,False,False,,30.0,Electronics
825,825,Cynthia,Miranda,cynthia51@outlook.com,-10016,,Medium_Value,SMS,36-45,Unknown,93.43,0.4,False,True,False,,50.0,Home
826,826,Benjamin,Wells,benjaminwells@hotmail.com,-4790,,Low_Value,Social,18-25,Medium,74.07,0.72,True,True,True,,9.0,Sports
827,827,Nicholas,Parker,nicholas.parker@hotmail.com,-5166,,High_Value,Push,46-55,High,271.28,0.28,False,False,False,,40.0,Beauty
828,828,John,Torres,john.torres@yahoo.com,-7143,,Low_Value,Push,36-45,High,89.62,0.76,True,False,False,,25.0,Home
829,829,Mark,Brooks,mark396@outlook.com,-7882,,Medium_Value,SMS,26-35,Low,146.66,0.55,False,False,True,,36.0,Home
830,830,Veronica,Graham,veronicagraham@hotmail.com,-9695,,New_Customer,Email,36-45,Low,37.05,0.73,True,False,True,,12.0,Electronics
831,831,Bridget,Williams,bridget.williams@outlook.com,-7989,,Low_Value,Direct,46-55,Premium,45.53,0.76,False,True,True,,22.0,Electronics
832,832,Calvin,Waller,calvinwaller@outlook.com,-8908,,Low_Value,Push,55+,High,68.08,0.76,False,False,False,,25.0,Home
833,833,Megan,Henry,meganhenry@hotmail.com,-6721,,High_Value,Email,36-45,High,339.74,0.36,True,False,True,,27.0,Electronics
834,834,Christopher,Rangel,christopherrangel@yahoo.com,-5341,,Low_Value,Direct,46-55,High,86.25,0.86,True,True,True,,3.0,Electronics
835,835,James,Spencer,james.spencer@gmail.com,-3601,,High_Value,Email,46-55,Low,213.36,0.27,True,False,True,,50.0,Books
836,836,Brian,Cox,briancox@outlook.com,-9206,,New_Customer,Push,36-45,Low,143.46,0.65,False,True,False,,5.0,Sports
837,837,Derek,Chavez,derek689@hotmail.com,-8541,,High_Value,Direct,46-55,Premium,331.55,0.4,False,False,False,,41.0,Beauty
838,838,Diana,Hunter,diana.hunter@outlook.com,-4018,,High_Value,Email,46-55,Low,233.28,0.38,True,True,False,,14.0,Books
839,839,Jonathan,Mclaughlin,jonathanmclaughlin@yahoo.com,-9743,,New_Customer,Direct,18-25,High,120.07,0.57,False,False,True,,42.0,Books
840,840,Danielle,Mendoza,daniellemendoza@gmail.com,-11610,,New_Customer,Push,Unknown,Medium,70.4,0.68,True,True,False,,47.0,Beauty
841,841,Juan,Moody,juan.moody@gmail.com,-6717,,Medium_Value,Direct,26-35,Premium,135.92,0.53,True,False,True,,48.0,Books
842,842,Stacy,Chavez,stacy.chavez@outlook.com,-8802,,Medium_Value,Email,26-35,Premium,184.5,0.53,True,False,True,,18.0,Beauty
843,843,Tanya,Turner,tanya.turner@yahoo.com,-4584,,Low_Value,Email,46-55,High,76.29,0.76,True,False,False,,5.0,Books
844,844,Emily,Lam,emily.lam@outlook.com,-9209,,Low_Value,Push,55+,Low,45.64,0.77,False,False,True,,27.0,Books
845,845,Robert,Buck,robert303@outlook.com,-8208,,Medium_Value,Push,18-25,Unknown,83.34,0.4,False,False,True,,30.0,Electronics
846,846,Amber,Gardner,ambergardner@yahoo.com,-7059,,New_Customer,Push,18-25,Medium,128.49,0.77,True,False,True,,4.0,Sports
847,847,Stephanie,Bass,stephanie.bass@hotmail.com,-5020,,Medium_Value,Email,26-35,Low,87.36,0.63,True,True,False,,5.0,Home
848,848,April,Ramos,april724@hotmail.com,-6632,,High_Value,Direct,55+,High,424.21,0.35,True,True,False,,0.0,Electronics
849,849,Danielle,Duran,danielle.duran@gmail.com,-5502,,Medium_Value,Push,18-25,Premium,142.3,0.61,False,False,False,,2.0,Home
850,850,Brett,Ball,brett.ball@yahoo.com,-5442,,New_Customer,Push,46-55,High,131.15,0.56,False,True,False,,50.0,Beauty
851,851,Julie,Goodwin,julie244@outlook.com,-10488,,New_Customer,Push,55+,High,41.93,0.78,True,True,True,,37.0,Sports
852,852,Sabrina,Singleton,sabrina.singleton@gmail.com,-4518,,Medium_Value,Email,46-55,Low,167.11,0.62,True,False,False,,10.0,Clothing
853,853,Judith,Johnston,judith172@outlook.com,-5393,,Medium_Value,Direct,46-55,Unknown,160.12,0.66,False,True,False,,49.0,Home
854,854,Carol,Thomas,carol.thomas@gmail.com,-4753,,Medium_Value,Push,18-25,Low,83.96,0.68,True,False,True,,19.0,Books
855,855,Daniel,Hill,daniel125@hotmail.com,-6286,,Low_Value,SMS,Unknown,Premium,73.43,0.81,False,True,True,,47.0,Electronics
856,856,Michael,Roman,michael.roman@hotmail.com,-10382,,High_Value,Email,18-25,High,179.13,0.35,False,True,False,,28.0,Beauty
857,857,Mary,Keller,mary.keller@yahoo.com,-11151,,Medium_Value,Email,46-55,Medium,100.84,0.66,True,False,False,,45.0,Beauty
858,858,Elizabeth,Cervantes,elizabeth863@hotmail.com,-9951,,New_Customer,Push,46-55,High,58.33,0.61,True,False,True,,25.0,Electronics
859,859,John,Parker,john.parker@hotmail.com,-2249,,New_Customer,Social,55+,Medium,56.41,0.78,True,True,False,,34.0,Home
860,860,Priscilla,Lester,priscilla146@hotmail.com,-4608,,High_Value,Direct,36-45,Low,261.61,0.38,True,True,True,,4.0,Books
861,861,Nancy,Murray,nancy415@outlook.com,-9357,,High_Value,Direct,46-55,High,184.94,0.22,True,False,True,,23.0,Sports
862,862,James,Avery,james637@outlook.com,-8310,,Medium_Value,Email,46-55,Unknown,167.83,0.56,True,True,False,,21.0,Books
863,863,Shannon,Hayes,shannon.hayes@gmail.com,-6513,,Low_Value,Direct,36-45,Low,95.25,0.65,False,False,False,,48.0,Books
864,864,Emily,Jenkins,emily228@outlook.com,-5962,,Low_Value,SMS,55+,High,29.46,0.65,True,False,True,,48.0,Electronics
865,865,Robin,Hernandez,robin.hernandez@yahoo.com,-2990,,High_Value,Direct,26-35,Medium,364.52,0.39,True,False,True,,11.0,Electronics
866,866,Andrew,Vazquez,andrewvazquez@gmail.com,-2301,,Medium_Value,Push,46-55,Low,155.61,0.64,True,False,False,,46.0,Electronics
867,867,Ronald,Benton,ronald.benton@hotmail.com,-6654,,Low_Value,Social,26-35,Low,74.24,0.85,True,True,False,,1.0,Home
868,868,William,Diaz,williamdiaz@hotmail.com,-6534,,Low_Value,Email,46-55,Medium,62.92,0.69,True,False,False,,37.0,Beauty
869,869,Stephanie,Avila,stephanie105@yahoo.com,-7598,,High_Value,Social,46-55,Low,421.93,0.21,False,False,False,,26.0,Electronics
870,870,Erik,Perkins,erik.perkins@yahoo.com,-3832,,Medium_Value,Social,36-45,High,158.72,0.64,True,True,True,,14.0,Beauty
871,871,Karen,Kelly,karenkelly@hotmail.com,-5751,,High_Value,Direct,18-25,High,213.51,0.37,True,True,False,,4.0,Home
872,872,Seth,Guerrero,seth.guerrero@hotmail.com,-2854,,New_Customer,Email,18-25,Unknown,57.93,0.67,True,True,False,,33.0,Clothing
873,873,Andrea,Garcia,andrea445@yahoo.com,-11773,,New_Customer,Email,55+,Low,61.54,0.71,True,True,True,,7.0,Clothing
874,874,Juan,Aguilar,juan434@yahoo.com,-2035,,New_Customer,Direct,55+,Low,86.01,0.58,False,False,False,,13.0,Clothing
875,875,Teresa,Perkins,teresa359@yahoo.com,-9838,,Low_Value,Social,46-55,Medium,66.23,0.83,True,False,True,,29.0,Sports
876,876,Annette,Rios,annette.rios@yahoo.com,-6644,,High_Value,Push,36-45,Premium,275.94,0.25,False,True,False,,11.0,Beauty
877,877,Andrea,Rodriguez,andrea.rodriguez@yahoo.com,-10804,,High_Value,SMS,26-35,Low,231.06,0.36,False,True,False,,42.0,Books
878,878,Kelsey,Rios,kelsey.rios@yahoo.com,-5464,,Low_Value,Social,55+,Premium,58.74,0.69,True,True,True,,18.0,Clothing
879,879,Victoria,Mcdonald,victoria696@yahoo.com,-2702,,Low_Value,Direct,36-45,Medium,77.29,0.86,True,False,True,,13.0,Books
880,880,Krystal,Adkins,krystal.adkins@yahoo.com,-3375,,High_Value,Email,Unknown,Medium,170.57,0.32,True,True,True,,22.0,Clothing
881,881,Jerry,Berg,jerry171@hotmail.com,-10686,,Low_Value,Social,46-55,High,43.12,0.79,False,False,False,,33.0,Clothing
882,882,Heather,Weaver,heather828@yahoo.com,-8515,,New_Customer,Push,46-55,High,139.83,0.72,True,True,True,,39.0,Books
883,883,Hayley,Anderson,hayley.anderson@hotmail.com,-4724,,High_Value,Email,26-35,Premium,231.21,0.36,False,False,False,,32.0,Clothing
884,884,Henry,Jones,henryjones@yahoo.com,-4599,,Medium_Value,Email,46-55,Medium,176.68,0.64,True,True,False,,40.0,Electronics
885,885,Randy,Sanchez,randy.sanchez@outlook.com,-7472,,Low_Value,Social,46-55,High,99.98,0.84,False,False,True,,22.0,Clothing
886,886,Jeffrey,Cameron,jeffrey.cameron@hotmail.com,-4650,,Low_Value,Direct,36-45,Medium,83.55,0.87,True,True,True,,6.0,Home
887,887,Levi,Brown,levi621@outlook.com,-5108,,Low_Value,SMS,Unknown,Premium,41.25,0.7,False,True,True,,20.0,Beauty
888,888,Teresa,Fletcher,teresa.fletcher@gmail.com,-9590,,New_Customer,Email,46-55,Unknown,72.51,0.7,False,True,False,,7.0,Books
889,889,Jennifer,Jacobs,jenniferjacobs@gmail.com,-5475,,High_Value,SMS,46-55,Medium,363.84,0.38,False,False,False,,1.0,Clothing
890,890,Jacob,Lucas,jacoblucas@gmail.com,-5356,,Low_Value,Direct,55+,High,91.77,0.66,False,True,True,,7.0,Sports
891,891,Corey,Hogan,corey.hogan@gmail.com,-7585,,New_Customer,Email,36-45,Unknown,128.74,0.55,False,False,False,,36.0,Clothing
892,892,Peter,Jones,peter744@outlook.com,-10671,,Medium_Value,SMS,46-55,Unknown,171.52,0.68,True,False,False,,0.0,Books
893,893,Jessica,Christian,jessica.christian@outlook.com,-6484,,High_Value,Direct,46-55,Low,461.56,0.34,False,False,False,,32.0,Home
894,894,Jessica,Huber,jessicahuber@outlook.com,-3642,,Low_Value,Direct,26-35,High,59.49,0.83,False,False,False,,16.0,Sports
895,895,Amber,Roberts,amberroberts@hotmail.com,-11292,,Medium_Value,Social,26-35,High,76.37,0.49,True,True,True,,13.0,Clothing
896,896,Michelle,Gentry,michelle.gentry@gmail.com,-9688,,Low_Value,SMS,26-35,Medium,78.17,0.7,False,True,False,,43.0,Clothing
897,897,Alyssa,Smith,alyssasmith@gmail.com,-8640,,High_Value,SMS,36-45,Unknown,300.41,0.36,False,False,False,,15.0,Beauty
898,898,Michael,Adams,michael837@yahoo.com,-6550,,New_Customer,SMS,55+,Unknown,145.29,0.76,False,True,False,,0.0,Clothing
899,899,Stephanie,Hull,stephanie.hull@hotmail.com,-11351,,High_Value,Email,55+,High,236.46,0.2,True,True,False,,46.0,Home
900,900,Stacie,Morrison,staciemorrison@outlook.com,-5913,,New_Customer,Direct,Unknown,Premium,93.55,0.55,False,True,False,,5.0,Beauty
901,901,Daniel,Johnson,daniel.johnson@yahoo.com,-5188,,New_Customer,Email,26-35,Low,60.17,0.67,True,False,False,,50.0,Sports
902,902,Robert,Estrada,robert573@hotmail.com,-3037,,Low_Value,Push,26-35,High,28.39,0.78,True,True,True,,46.0,Clothing
903,903,Sarah,Wilson,sarah.wilson@gmail.com,-8234,,New_Customer,Push,55+,High,89.34,0.63,True,True,True,,6.0,Clothing
904,904,Veronica,Lara,veronica.lara@yahoo.com,-8693,,Low_Value,Push,18-25,Unknown,44.77,0.86,False,True,True,,37.0,Sports
905,905,Heather,Horn,heatherhorn@outlook.com,-8912,,Low_Value,Push,55+,Low,60.19,0.61,False,False,False,,47.0,Books
906,906,Tiffany,Woods,tiffany.woods@yahoo.com,-5387,,New_Customer,SMS,26-35,Low,131.3,0.75,False,False,True,,30.0,Clothing
907,907,Karen,Garcia,karengarcia@outlook.com,-2690,,New_Customer,Push,36-45,Medium,61.26,0.77,True,True,True,,6.0,Electronics
908,908,Wanda,Turner,wanda.turner@outlook.com,-8487,,Low_Value,Push,26-35,Medium,43.81,0.66,False,True,False,,15.0,Books
909,909,Lacey,Williams,lacey740@gmail.com,-11483,,Low_Value,Push,46-55,Premium,41.65,0.63,True,False,True,,49.0,Home
910,910,Dennis,Mcdonald,dennismcdonald@outlook.com,-6479,,Medium_Value,SMS,26-35,Medium,84.84,0.56,False,False,False,,17.0,Electronics
911,911,Jacob,Thompson,jacob.thompson@hotmail.com,-3720,,Medium_Value,Social,55+,Low,122.25,0.44,False,True,False,,35.0,Beauty
912,912,Miranda,Johnson,mirandajohnson@yahoo.com,-10218,,Medium_Value,Email,46-55,Low,108.21,0.6,False,False,True,,39.0,Home
913,913,Mary,Cross,mary419@gmail.com,-3291,,High_Value,Email,46-55,Low,223.28,0.38,True,True,True,,22.0,Home
914,914,Miguel,Smith,miguel.smith@hotmail.com,-2160,,New_Customer,Direct,18-25,High,91.54,0.5,False,True,True,,36.0,Home
915,915,Lisa,Dyer,lisa.dyer@yahoo.com,-10012,,New_Customer,Email,46-55,Medium,147.53,0.68,True,False,False,,13.0,Books
916,916,Russell,Contreras,russellcontreras@yahoo.com,-3945,,Medium_Value,Direct,46-55,Premium,102.98,0.44,False,False,True,,10.0,Sports
917,917,Kelly,Brown,kelly.brown@outlook.com,-5065,,Medium_Value,SMS,Unknown,Medium,137.69,0.46,False,False,False,,50.0,Electronics
918,918,Vincent,Martinez,vincent555@hotmail.com,-8909,,High_Value,Email,46-55,High,332.82,0.21,False,True,True,,40.0,Books
919,919,Scott,Wright,scott895@gmail.com,-9181,,High_Value,Push,26-35,High,280.97,0.36,False,True,True,,38.0,Clothing
920,920,Andrea,Rich,andrearich@yahoo.com,-3962,,New_Customer,Direct,36-45,Low,138.73,0.51,False,True,False,,45.0,Clothing
921,921,Micheal,Parker,micheal330@outlook.com,-6155,,Medium_Value,SMS,18-25,Unknown,183.99,0.64,False,True,True,,25.0,Clothing
922,922,Seth,Barnett,seth358@yahoo.com,-10725,,Low_Value,Direct,55+,Premium,48.42,0.7,False,True,False,,0.0,Sports
923,923,Barbara,Burke,barbara97@hotmail.com,-6435,,New_Customer,Push,36-45,Premium,80.25,0.77,True,True,False,,39.0,Books
924,924,Jacqueline,Mullen,jacquelinemullen@yahoo.com,-9155,,High_Value,Email,46-55,Medium,226.43,0.32,False,False,True,,17.0,Books
925,925,Hannah,Dawson,hannah.dawson@outlook.com,-2790,,High_Value,Push,26-35,High,422.5,0.27,True,False,True,,46.0,Clothing
926,926,Lisa,Lewis,lisa.lewis@yahoo.com,-9404,,High_Value,Social,46-55,Low,443.2,0.32,True,False,False,,35.0,Electronics
927,927,Gary,Chase,garychase@gmail.com,-9941,,High_Value,SMS,18-25,Premium,466.51,0.38,True,True,True,,48.0,Electronics
928,928,Raymond,Griffin,raymond959@yahoo.com,-5952,,Low_Value,Push,26-35,Low,34.31,0.74,False,False,False,,29.0,Beauty
929,929,Melissa,Norton,melissa247@hotmail.com,-6853,,Low_Value,Email,Unknown,High,66.66,0.84,True,True,False,,6.0,Books
930,930,Jason,Johnson,jason.johnson@hotmail.com,-2092,,New_Customer,Email,18-25,Premium,59.99,0.75,True,True,False,,34.0,Sports
931,931,Ricky,Hill,rickyhill@hotmail.com,-5924,,Medium_Value,SMS,36-45,Medium,150.59,0.58,True,False,False,,44.0,Clothing
932,932,Christopher,Torres,christophertorres@outlook.com,-5461,,Low_Value,Push,46-55,Low,41.81,0.62,True,False,False,,43.0,Home
933,933,Francisco,Ball,francisco.ball@yahoo.com,-4177,,High_Value,Email,36-45,Low,471.29,0.24,False,False,False,,16.0,Clothing
934,934,Joshua,Cain,joshua.cain@gmail.com,-4219,,Medium_Value,SMS,46-55,Medium,100.39,0.64,False,True,False,,24.0,Home
935,935,Levi,Bennett,levi.bennett@gmail.com,-7053,,New_Customer,Push,18-25,Medium,65.85,0.67,True,False,True,,4.0,Sports
936,936,Joshua,Harrison,joshua.harrison@gmail.com,-5557,,Medium_Value,Direct,46-55,Premium,144.27,0.48,True,True,True,,38.0,Books
937,937,Olivia,Salazar,oliviasalazar@gmail.com,-4882,,Low_Value,Email,36-45,High,53.3,0.64,False,True,False,,49.0,Electronics
938,938,Anthony,Hart,anthony.hart@hotmail.com,-2547,,New_Customer,Direct,18-25,Medium,149.84,0.59,True,True,True,,47.0,Home
939,939,Melinda,Mcdaniel,melinda.mcdaniel@yahoo.com,-9297,,Medium_Value,Push,55+,Low,147.45,0.66,True,True,False,,0.0,Sports
940,940,Pamela,Davenport,pamela584@yahoo.com,-3418,,New_Customer,Email,Unknown,Medium,79.0,0.76,True,True,True,,22.0,Home
941,941,Paul,Kirby,paul.kirby@yahoo.com,-7976,,Low_Value,Direct,36-45,High,72.84,0.68,True,False,True,,16.0,Electronics
942,942,Sean,Allen,sean.allen@yahoo.com,-9932,,Medium_Value,Email,36-45,Low,92.43,0.42,False,True,False,,4.0,Clothing
943,943,Angela,Riggs,angela.riggs@hotmail.com,-8447,,High_Value,SMS,46-55,Unknown,309.92,0.21,True,False,False,,23.0,Beauty
944,944,Amy,Mckay,amy814@gmail.com,-8635,,Low_Value,SMS,18-25,Premium,58.31,0.82,False,True,True,,23.0,Clothing
945,945,Lindsay,Hardy,lindsay153@outlook.com,-4769,,Medium_Value,Direct,18-25,Unknown,169.42,0.59,False,True,True,,49.0,Sports
946,946,Walter,Simmons,waltersimmons@outlook.com,-7385,,Medium_Value,SMS,18-25,Unknown,168.92,0.42,False,False,True,,12.0,Home
947,947,Mary,Wilson,mary996@yahoo.com,-5668,,Medium_Value,Direct,46-55,Premium,139.72,0.51,False,False,False,,17.0,Home
948,948,Joseph,Davis,joseph630@outlook.com,-3512,,New_Customer,SMS,36-45,Low,64.3,0.51,True,True,True,,10.0,Clothing
949,949,Brian,Walter,brian241@hotmail.com,-3544,,Medium_Value,Push,18-25,Medium,109.13,0.4,True,True,True,,33.0,Books
950,950,Aaron,Lewis,aaron.lewis@yahoo.com,-6582,,New_Customer,Push,36-45,Premium,110.52,0.54,True,True,True,,40.0,Clothing
951,951,Jacqueline,Ochoa,jacqueline376@hotmail.com,-4776,,Medium_Value,Direct,26-35,Premium,178.42,0.57,False,True,False,,38.0,Home
952,952,Ricky,Turner,ricky509@hotmail.com,-3072,,Low_Value,Email,55+,Low,86.76,0.6,False,False,True,,25.0,Home
953,953,Austin,Snyder,austin.snyder@hotmail.com,-3303,,Low_Value,Social,36-45,Premium,79.98,0.85,True,True,False,,18.0,Books
954,954,Tyler,Johnson,tyler279@hotmail.com,-6957,,Medium_Value,Direct,Unknown,Premium,131.92,0.6,True,True,True,,8.0,Books
955,955,Amber,Sandoval,ambersandoval@hotmail.com,-7153,,New_Customer,Email,Unknown,Low,137.85,0.68,True,True,True,,18.0,Beauty
956,956,Mark,Hammond,mark.hammond@gmail.com,-4677,,Medium_Value,Push,36-45,High,157.46,0.55,True,False,False,,21.0,Books
957,957,Cameron,Sanchez,cameronsanchez@yahoo.com,-10857,,Low_Value,SMS,46-55,Low,45.78,0.62,False,True,False,,46.0,Electronics
958,958,Crystal,White,crystalwhite@hotmail.com,-2824,,New_Customer,Direct,18-25,Premium,47.02,0.52,False,True,True,,7.0,Electronics
959,959,Amanda,Bennett,amandabennett@yahoo.com,-8662,,New_Customer,Push,36-45,Medium,49.82,0.61,False,True,True,,40.0,Beauty
960,960,Tamara,Wallace,tamara364@outlook.com,-8265,,New_Customer,Push,55+,Unknown,63.04,0.8,False,True,True,,0.0,Clothing
961,961,Jennifer,Chambers,jennifer.chambers@yahoo.com,-10506,,High_Value,Push,18-25,High,155.22,0.32,True,False,True,,33.0,Beauty
962,962,Kimberly,Gibson,kimberly.gibson@gmail.com,-3680,,Low_Value,SMS,18-25,Premium,33.2,0.78,False,False,False,,20.0,Electronics
963,963,Jamie,Rowe,jamie.rowe@yahoo.com,-2240,,High_Value,Email,26-35,Premium,312.3,0.31,True,False,False,,21.0,Sports
964,964,Andrew,Brown,andrew.brown@gmail.com,-9920,,Low_Value,Push,36-45,Premium,96.54,0.62,True,False,False,,47.0,Electronics
965,965,April,Waters,april.waters@yahoo.com,-3311,,High_Value,SMS,26-35,Medium,291.65,0.22,False,False,True,,23.0,Books
966,966,Michele,Zavala,michele943@hotmail.com,-5125,,New_Customer,Push,Unknown,Medium,120.71,0.64,True,False,False,,24.0,Clothing
967,967,Zachary,Frazier,zacharyfrazier@gmail.com,-6784,,Low_Value,SMS,46-55,Premium,72.64,0.87,False,True,True,,5.0,Sports
968,968,Kelsey,Moore,kelsey.moore@hotmail.com,-7958,,Medium_Value,Email,36-45,High,106.26,0.47,False,False,True,,17.0,Sports
969,969,Amanda,Burgess,amanda173@gmail.com,-9945,,High_Value,Push,Unknown,High,160.1,0.4,False,False,False,,46.0,Clothing
970,970,Alexis,King,alexisking@outlook.com,-4911,,Low_Value,SMS,26-35,Premium,41.99,0.81,True,False,True,,47.0,Electronics
971,971,Annette,Smith,annettesmith@outlook.com,-3660,,Medium_Value,SMS,55+,Medium,82.85,0.42,False,True,False,,41.0,Sports
972,972,Donna,Henry,donna988@outlook.com,-10247,,Medium_Value,Social,55+,Medium,112.6,0.65,True,False,False,,39.0,Beauty
973,973,Marie,Floyd,marie341@outlook.com,-7467,,New_Customer,Push,46-55,High,68.29,0.76,True,False,True,,30.0,Electronics
974,974,Ruben,Gould,ruben.gould@yahoo.com,-5651,,New_Customer,SMS,26-35,High,102.63,0.55,False,True,False,,45.0,Books
975,975,Bonnie,Anderson,bonnieanderson@gmail.com,-10572,,Low_Value,Push,26-35,Medium,44.45,0.68,False,True,False,,29.0,Electronics
976,976,Thomas,Morales,thomas.morales@yahoo.com,-7811,,New_Customer,Email,18-25,Medium,40.57,0.78,False,False,True,,39.0,Clothing
977,977,Randall,Cooper,randall708@yahoo.com,-10645,,Low_Value,Push,55+,Premium,85.76,0.79,True,True,False,,16.0,Electronics
978,978,Cynthia,Love,cynthia126@hotmail.com,-2014,,Low_Value,Direct,18-25,Medium,86.78,0.85,False,True,True,,7.0,Electronics
979,979,Shane,Garcia,shanegarcia@hotmail.com,-7844,,New_Customer,Email,36-45,Premium,96.56,0.68,True,True,True,,26.0,Electronics
980,980,Amber,Mccall,amber.mccall@gmail.com,-4642,,New_Customer,Push,18-25,Premium,61.98,0.67,True,True,False,,30.0,Sports
981,981,Cathy,Parker,cathy.parker@gmail.com,-4107,,Medium_Value,SMS,55+,Low,138.4,0.4,True,True,False,,26.0,Clothing
982,982,Virginia,Coleman,virginia.coleman@hotmail.com,-4730,,Medium_Value,Direct,26-35,High,183.09,0.5,True,True,False,,2.0,Clothing
983,983,Kyle,Dean,kyle.dean@gmail.com,-7280,,High_Value,Direct,55+,High,351.26,0.24,False,True,True,,30.0,Beauty
984,984,Amber,Rodgers,amber.rodgers@outlook.com,-5347,,New_Customer,Social,36-45,High,93.64,0.66,True,False,True,,21.0,Sports
985,985,Omar,Stein,omarstein@outlook.com,-7054,,Low_Value,Social,46-55,Premium,27.16,0.83,False,False,True,,15.0,Electronics
986,986,Tiffany,Roy,tiffanyroy@gmail.com,-2878,,Medium_Value,SMS,18-25,Low,161.75,0.46,False,True,False,,38.0,Electronics
987,987,Christopher,Bennett,christopherbennett@gmail.com,-5729,,High_Value,Email,55+,Medium,253.13,0.35,False,True,False,,33.0,Books
988,988,Tracy,Nixon,tracynixon@outlook.com,-3349,,Medium_Value,Push,46-55,High,164.6,0.64,False,False,True,,42.0,Sports
989,989,Steven,Chambers,steven380@gmail.com,-5860,,New_Customer,Email,26-35,Premium,44.72,0.54,True,True,True,,21.0,Home
990,990,Sara,Herrera,sara.herrera@gmail.com,-5655,,High_Value,Push,55+,High,289.67,0.32,False,False,False,,2.0,Home
991,991,Jessica,Torres,jessicatorres@hotmail.com,-6673,,New_Customer,Direct,36-45,Low,119.6,0.72,True,True,True,,14.0,Electronics
992,992,Michael,Wilson,michael.wilson@yahoo.com,-6382,,New_Customer,Social,18-25,Medium,123.49,0.6,False,True,False,,14.0,Home
993,993,Alicia,Cook,alicia.cook@hotmail.com,-4427,,Medium_Value,Social,36-45,High,119.08,0.47,False,True,False,,5.0,Home
994,994,Crystal,Gomez,crystal.gomez@outlook.com,-9647,,High_Value,Social,46-55,Medium,361.33,0.3,False,True,True,,35.0,Beauty
995,995,Jamie,Jones,jamiejones@hotmail.com,-2422,,Medium_Value,Push,55+,Premium,85.99,0.46,False,False,False,,50.0,Beauty
996,996,Ryan,Miller,ryanmillergmail.com,-4452,,Medium_Value,Social,26-35,Low,184.76,0.58,True,False,False,,39.0,Books
997,997,Gary,Bryant,gary253@hotmail.com,-5984,,New_Customer,SMS,36-45,High,139.16,0.61,True,True,False,,44.0,Books
998,998,Steve,Hurley,stevehurley@hotmail.com,-7329,,New_Customer,Social,46-55,High,95.31,0.64,False,False,False,,34.0,Clothing
999,999,Elizabeth,Warren,elizabethwarren@hotmail.com,-4046,,High_Value,SMS,36-45,Low,438.96,0.33,True,True,False,,43.0,Books
1000,1000,Melissa,Marks,melissa46@outlook.com,-8558,,High_Value,SMS,26-35,High,214.28,0.22,True,False,True,,24.0,Beauty
1001,1001,Alexandria,Farrell,alexandria353@hotmail.com,-3679,,New_Customer,SMS,18-25,Premium,143.99,0.59,False,False,True,,9.0,Clothing
1002,1002,Angela,Villanueva,angelavillanueva@yahoo.com,-7217,,Low_Value,Social,18-25,Unknown,90.87,0.72,True,True,True,,0.0,Books
1003,1003,Kelly,Ford,kellyford@outlook.com,-9908,,New_Customer,Social,26-35,Medium,90.15,0.65,True,True,True,,15.0,Beauty
1004,1004,Mary,Roberts,maryroberts@yahoo.com,-2683,,Medium_Value,Direct,26-35,Medium,116.94,0.65,True,False,True,,26.0,Clothing
1005,1005,Ronnie,Little,ronnie.little@gmail.com,-10226,,High_Value,Social,26-35,Medium,489.04,0.24,False,True,False,,3.0,Beauty
1006,1006,Parker,Hawkins,parker.hawkins@hotmail.com,-4713,,Medium_Value,Email,26-35,Low,112.83,0.44,False,True,True,,34.0,Clothing
1007,1007,Hunter,Benton,hunter.benton@yahoo.com,-6244,,Medium_Value,SMS,46-55,Low,117.45,0.7,False,False,False,,27.0,Electronics
1008,1008,Brent,White,brent125@hotmail.com,-11150,,High_Value,Social,Unknown,Low,252.38,0.27,True,True,False,,36.0,Beauty
1009,1009,Jesse,Richard,jesserichard@hotmail.com,-7888,,Low_Value,Push,55+,Medium,27.73,0.72,False,True,False,,8.0,Home
1010,1010,Richard,Sampson,richardsampson@yahoo.com,-10413,,Low_Value,Social,36-45,High,83.19,0.76,False,True,False,,42.0,Electronics
1011,1011,Brenda,Young,brendayoung@outlook.com,-3919,,Medium_Value,Direct,26-35,Premium,171.4,0.67,True,True,False,,50.0,Sports
1012,1012,Brandon,Li,brandon.li@hotmail.com,-3362,,High_Value,Social,36-45,Premium,306.7,0.34,False,False,False,,6.0,Sports
1013,1013,Jessica,Lawrence,jessica.lawrence@hotmail.com,-5950,,High_Value,Email,26-35,Premium,235.22,0.38,False,False,False,,3.0,Sports
1014,1014,Clayton,Dennis,clayton.dennis@yahoo.com,-5907,,New_Customer,Direct,18-25,Low,63.69,0.69,False,True,True,,50.0,Books
1015,1015,Chelsey,Davis,chelsey651@yahoo.com,-7927,,New_Customer,SMS,46-55,Medium,135.01,0.63,True,True,False,,27.0,Sports
1016,1016,Rachel,Marks,rachel874@hotmail.com,-8734,,High_Value,Social,26-35,High,228.19,0.27,False,True,True,,1.0,Books
1017,1017,Kimberly,Clark,kimberlyclark@gmail.com,-8536,,High_Value,Push,55+,Medium,344.54,0.23,True,False,False,,4.0,Books
1018,1018,Kelsey,Sanchez,kelsey.sanchez@gmail.com,-8885,,Medium_Value,Direct,36-45,Premium,129.78,0.51,True,True,False,,45.0,Beauty
1019,1019,John,Tucker,john.tucker@hotmail.com,-3221,,High_Value,Email,26-35,Premium,391.87,0.35,True,True,True,,10.0,Electronics
1020,1020,Madison,Brewer,madison.brewer@hotmail.com,-7408,,Low_Value,SMS,18-25,Medium,58.07,0.71,True,False,True,,36.0,Home
1021,1021,Kyle,Horne,kylehorne@outlook.com,-8216,,New_Customer,SMS,36-45,Premium,107.97,0.76,True,False,True,,9.0,Electronics
1022,1022,Jason,Cook,jason253@yahoo.com,-9545,,Medium_Value,SMS,55+,Medium,106.71,0.44,False,False,True,,42.0,Beauty
1023,1023,Matthew,Blake,matthew129@gmail.com,-2663,,New_Customer,Push,18-25,Medium,84.51,0.79,True,True,False,,39.0,Home
1024,1024,Sheryl,Brooks,sheryl351@outlook.com,-8196,,New_Customer,Push,36-45,Medium,111.72,0.75,True,True,False,,45.0,Sports
1025,1025,Jonathan,Fernandez,jonathan.fernandez@outlook.com,-5563,,Medium_Value,Push,18-25,Low,96.28,0.49,False,True,False,,39.0,Clothing
1026,1026,Emma,Spencer,emma479@outlook.com,-4610,,High_Value,Email,55+,Medium,439.24,0.36,False,True,True,,36.0,Home
1027,1027,Amanda,Wood,amanda.wood@hotmail.com,-8516,,Low_Value,Social,36-45,High,61.9,0.73,True,False,False,,41.0,Beauty
1028,1028,Catherine,Jones,catherine913@hotmail.com,-8659,,Medium_Value,Email,46-55,Premium,95.74,0.55,False,False,True,,16.0,Sports
1029,1029,Mary,Chan,marychan@gmail.com,-6193,,Medium_Value,Direct,36-45,Premium,81.37,0.48,False,False,False,,40.0,Sports
1030,1030,Timothy,Carr,timothy.carr@gmail.com,-2130,,New_Customer,Direct,36-45,High,45.26,0.7,False,False,False,,43.0,Books
1031,1031,Stacey,Francis,staceyfrancis@yahoo.com,-3445,,Medium_Value,Direct,26-35,Premium,98.81,0.41,True,True,True,,47.0,Beauty
1032,1032,Debra,Long,debra819@yahoo.com,-2427,,High_Value,Social,55+,Low,369.84,0.26,True,False,True,,41.0,Books
1033,1033,Lauren,Sampson,lauren.sampson@hotmail.com,-4078,,Medium_Value,SMS,18-25,Unknown,103.65,0.49,False,True,True,,2.0,Books
1034,1034,Seth,Jones,seth998@yahoo.com,-6111,,Medium_Value,Email,18-25,Medium,121.57,0.45,False,False,False,,34.0,Clothing
1035,1035,Guy,Baker,guy963@yahoo.com,-9173,,Medium_Value,Push,36-45,Premium,174.44,0.54,True,True,True,,8.0,Home
1036,1036,Linda,Davis,lindadavis@outlook.com,-10274,,High_Value,Email,18-25,Low,459.26,0.35,False,True,True,,39.0,Electronics
1037,1037,David,Morgan,david.morgan@yahoo.com,-9504,,Low_Value,Social,26-35,High,76.26,0.68,True,False,True,,15.0,Electronics
1038,1038,Desiree,Dawson,desiree.dawson@hotmail.com,-7018,,Low_Value,SMS,26-35,High,41.95,0.61,False,False,True,,21.0,Sports
1039,1039,Dana,Carrillo,dana539@gmail.com,-10380,,High_Value,SMS,55+,Low,285.14,0.29,True,True,False,,26.0,Beauty
1040,1040,Jordan,Bean,jordan871@yahoo.com,-6760,,Medium_Value,Social,36-45,Low,198.32,0.41,True,True,True,,3.0,Beauty
1041,1041,Lauren,Johnson,laurenjohnson@outlook.com,-6917,,New_Customer,Direct,55+,High,30.88,0.68,True,False,False,,7.0,Clothing
1042,1042,Victor,Bullock,victor251@gmail.com,-8329,,Medium_Value,Push,26-35,High,165.13,0.64,True,False,False,,38.0,Books
1043,1043,Gail,Davis,gail.davis@outlook.com,-5882,,Low_Value,Direct,55+,Low,75.7,0.65,False,True,True,,18.0,Electronics
1044,1044,Steven,Leon,steven166@gmail.com,-9760,,High_Value,Email,26-35,Medium,174.29,0.29,False,False,True,,18.0,Clothing
1045,1045,David,Savage,davidsavage@outlook.com,-7143,,New_Customer,Email,26-35,Low,127.64,0.57,False,False,False,,43.0,Sports
1046,1046,Steven,Nguyen,stevennguyen@gmail.com,-9692,,Medium_Value,Email,18-25,Medium,167.03,0.66,False,True,True,,23.0,Sports
1047,1047,Jillian,Guzman,jillian.guzman@gmail.com,-6978,,Low_Value,SMS,36-45,High,77.58,0.78,True,True,False,,1.0,Sports
1048,1048,Jodi,Smith,jodi.smith@gmail.com,-10708,,New_Customer,SMS,36-45,Unknown,116.12,0.73,True,True,False,,42.0,Sports
1049,1049,Kimberly,Hernandez,kimberly.hernandez@yahoo.com,-6095,,Low_Value,Direct,26-35,Medium,54.66,0.71,True,False,True,,29.0,Books
1050,1050,Brian,Robertson,brianrobertson@outlook.com,-10932,,High_Value,SMS,55+,Medium,359.32,0.38,False,True,False,,8.0,Books
1051,1051,Kenneth,Johnson,kenneth623@yahoo.com,-9228,,New_Customer,Social,Unknown,High,63.05,0.79,True,True,False,,9.0,Clothing
1052,1052,Amanda,Martinez,amandamartinez@outlook.com,-10335,,High_Value,Email,46-55,High,195.9,0.33,False,True,True,,48.0,Books
1053,1053,Steven,Allen,steven736@hotmail.com,-3201,,Low_Value,SMS,36-45,Medium,94.07,0.81,True,True,False,,29.0,Home
1054,1054,Cheryl,Pena,cheryl.pena@outlook.com,-2586,,Medium_Value,Direct,Unknown,High,125.72,0.43,True,True,False,,16.0,Electronics
1055,1055,Beverly,Gutierrez,beverly.gutierrez@hotmail.com,-8676,,Medium_Value,Email,26-35,Unknown,199.51,0.48,True,False,False,,23.0,Sports
1056,1056,Virginia,Allen,virginia.allen@gmail.com,-3363,,Medium_Value,SMS,18-25,Medium,162.77,0.49,False,False,False,,50.0,Sports
1057,1057,John,Stevens,john.stevens@hotmail.com,-5958,,New_Customer,Direct,26-35,Premium,54.45,0.76,True,False,False,,11.0,Books
1058,1058,Jeremy,Thomas,jeremy.thomas@yahoo.com,-9435,,High_Value,SMS,46-55,Medium,248.84,0.4,True,True,True,,0.0,Clothing
1059,1059,David,Mitchell,david.mitchell@gmail.com,-4688,,Low_Value,Push,26-35,Medium,25.17,0.72,True,True,False,,50.0,Beauty
1060,1060,Victoria,Ruiz,victoria.ruizoutlook.com,-3965,,High_Value,Push,36-45,High,172.2,0.23,True,False,False,,35.0,Electronics
1061,1061,Cathy,Yates,cathy113@outlook.com,-4885,,New_Customer,SMS,36-45,Premium,80.91,0.55,True,False,True,,4.0,Clothing
1062,1062,Kelsey,Mcdonald,kelsey232@outlook.com,-6165,,Medium_Value,Email,26-35,Low,174.9,0.52,True,True,True,,42.0,Electronics
1063,1063,Anne,Barber,anne811@gmail.com,-8272,,New_Customer,SMS,18-25,Medium,69.1,0.69,True,False,False,,35.0,Clothing
1064,1064,Jeremy,Martinez,jeremy.martinez@hotmail.com,-8711,,New_Customer,SMS,46-55,Unknown,106.58,0.56,True,True,True,,26.0,Clothing
1065,1065,Jennifer,Reeves,jenniferreeves@outlook.com,-5955,,New_Customer,Push,55+,Low,75.5,0.77,False,False,True,,35.0,Sports
1066,1066,Dylan,Clark,dylan.clark@outlook.com,-5463,,High_Value,SMS,26-35,Premium,211.36,0.26,True,True,False,,5.0,Sports
1067,1067,Ashley,Ward,ashleyward@hotmail.com,-3063,,New_Customer,Direct,26-35,Premium,82.29,0.67,True,False,True,,22.0,Clothing
1068,1068,Gary,Bryant,gary.bryant@gmail.com,-9394,,High_Value,Email,18-25,Unknown,205.22,0.25,True,False,False,,50.0,Clothing
1069,1069,Allen,Russo,allenrusso@yahoo.com,-9243,,New_Customer,Email,26-35,High,122.54,0.79,True,False,True,,43.0,Beauty
1070,1070,Felicia,Anderson,felicia.anderson@outlook.com,-3985,,New_Customer,SMS,18-25,Low,102.04,0.66,False,True,False,,2.0,Books
1071,1071,Grant,Reeves,grantreeves@outlook.com,-4603,,Medium_Value,Direct,26-35,Medium,94.32,0.57,False,True,False,,1.0,Beauty
1072,1072,Lisa,Shaw,lisashaw@outlook.com,-3432,,Low_Value,Direct,46-55,Premium,34.27,0.84,True,False,False,,29.0,Sports
1073,1073,Anthony,Flores,anthony925@gmail.com,-3242,,High_Value,Email,26-35,Low,338.1,0.26,True,True,True,,6.0,Clothing
1074,1074,Joshua,Miller,joshua.miller@yahoo.com,-7597,,New_Customer,Push,36-45,High,48.52,0.66,False,True,False,,9.0,Books
1075,1075,Jasmine,Casey,jasmine.casey@hotmail.com,-9483,,Medium_Value,Direct,36-45,High,138.05,0.42,True,True,False,,9.0,Books
1076,1076,Janet,Walton,janet82@yahoo.com,-7997,,High_Value,Email,18-25,Low,429.78,0.31,False,False,True,,39.0,Beauty
1077,1077,Sarah,Hale,sarah146@yahoo.com,-5153,,High_Value,Direct,36-45,Medium,215.14,0.39,False,True,True,,27.0,Books
1078,1078,Michael,Duncan,michael.duncan@gmail.com,-10180,,High_Value,Direct,36-45,Premium,422.19,0.33,False,True,False,,25.0,Clothing
1079,1079,Mary,Curry,mary272@yahoo.com,-9188,,Low_Value,Social,26-35,Unknown,80.67,0.87,True,True,True,,43.0,Sports
1080,1080,Eric,Carter,eric.carter@gmail.com,-9183,,Medium_Value,SMS,18-25,High,104.94,0.62,True,True,False,,24.0,Clothing
1081,1081,Nicole,Alexander,nicole.alexander@gmail.com,-4188,,Low_Value,Direct,26-35,Low,72.69,0.74,False,True,True,,25.0,Electronics
1082,1082,Kayla,Bray,kayla34@hotmail.com,-5640,,Medium_Value,SMS,36-45,High,80.25,0.54,False,True,True,,37.0,Home
1083,1083,David,Johnson,david672@outlook.com,-6322,,Low_Value,Push,36-45,Low,42.16,0.84,False,False,True,,3.0,Books
1084,1084,Dorothy,Long,dorothylong@yahoo.com,-4520,,Medium_Value,Email,46-55,Premium,153.76,0.65,True,False,True,,18.0,Sports
1085,1085,Dean,Robles,deanrobles@yahoo.com,-10491,,Medium_Value,SMS,26-35,Premium,156.1,0.44,True,True,True,,31.0,Sports
1086,1086,Aaron,Keith,aaron512@outlook.com,-5686,,Low_Value,Email,26-35,Premium,59.3,0.85,True,False,True,,11.0,Home
1087,1087,Ronald,Clayton,ronaldclayton@yahoo.com,-7115,,New_Customer,Direct,46-55,Medium,76.17,0.54,True,True,True,,7.0,Beauty
1088,1088,Julia,Garcia,juliagarcia@outlook.com,-4486,,Medium_Value,Email,18-25,Medium,123.52,0.64,False,False,True,,24.0,Beauty
1089,1089,Scott,Allen,scottallen@hotmail.com,-7825,,Medium_Value,SMS,46-55,Premium,162.88,0.5,True,False,True,,27.0,Home
1090,1090,Heather,Carter,heather.carter@gmail.com,-10039,,High_Value,SMS,Unknown,Medium,258.88,0.3,True,True,False,,46.0,Sports
1091,1091,Cynthia,Wells,cynthia.wellshotmail.com,-2167,,High_Value,Social,36-45,Premium,179.7,0.23,True,False,False,,45.0,Sports
1092,1092,Daniel,Parker,daniel.parker@outlook.com,-6068,,Low_Value,Email,46-55,Medium,51.06,0.72,False,False,False,,43.0,Beauty
1093,1093,Mariah,Roth,mariahroth@yahoo.com,-10605,,New_Customer,Direct,46-55,Premium,108.97,0.57,True,True,True,,2.0,Beauty
1094,1094,Christopher,Green,christopher493@hotmail.com,-8912,,Low_Value,Social,18-25,Unknown,57.98,0.69,False,True,True,,26.0,Electronics
1095,1095,Cassandra,Camacho,cassandra24@hotmail.com,-9781,,Low_Value,Social,55+,Medium,49.11,0.68,True,True,True,,28.0,Clothing
1096,1096,Ann,Lucero,ann417@outlook.com,-4205,,High_Value,Direct,46-55,Medium,333.12,0.4,False,False,False,,1.0,Beauty
1097,1097,Mary,Moore,mary.moore@outlook.com,-6342,,High_Value,SMS,46-55,High,291.12,0.26,True,False,True,,32.0,Clothing
1098,1098,Matthew,Saunders,matthewsaunders@outlook.com,-4390,,Medium_Value,Social,18-25,High,86.17,0.68,False,False,True,,41.0,Beauty
1099,1099,Joseph,Scott,joseph567@yahoo.com,-5417,,Low_Value,Push,18-25,High,50.58,0.66,True,True,True,,1.0,Sports
1100,1100,Cynthia,Saunders,cynthia88@gmail.com,-4185,,Low_Value,SMS,55+,Low,78.33,0.89,False,True,True,,12.0,Home
1101,1101,Megan,Baxter,megan.baxter@gmail.com,-6709,,Medium_Value,SMS,36-45,Low,78.3,0.62,True,False,False,,6.0,Home
1102,1102,William,Young,william.young@outlook.com,-8490,,High_Value,Social,55+,High,183.84,0.4,True,False,False,,32.0,Electronics
1103,1103,Matthew,Moss,matthew.moss@yahoo.com,-3596,,Medium_Value,Push,18-25,Medium,175.81,0.5,False,True,True,,11.0,Home
1104,1104,Brian,Hernandez,brian421@gmail.com,-9591,,Low_Value,Social,Unknown,High,53.09,0.8,False,False,True,,36.0,Home
1105,1105,Adam,Malone,adam89@gmail.com,-10533,,Low_Value,SMS,36-45,Medium,93.21,0.64,False,False,False,,23.0,Home
1106,1106,Donna,May,donna782@hotmail.com,-2674,,Low_Value,Social,26-35,Low,94.89,0.9,True,False,True,,6.0,Sports
1107,1107,Daniel,Walker,danielwalker@gmail.com,-7121,,Low_Value,Direct,Unknown,Medium,86.08,0.65,True,True,True,,6.0,Electronics
1108,1108,Alex,May,alex.may@outlook.com,-4393,,New_Customer,SMS,55+,Premium,51.95,0.52,False,False,False,,50.0,Electronics
1109,1109,John,Gentry,john.gentry@gmail.com,-10699,,Low_Value,Direct,55+,Medium,66.14,0.71,True,True,False,,8.0,Books
1110,1110,Kylie,Smith,kylie.smith@gmail.com,-9683,,New_Customer,Email,55+,High,99.5,0.55,False,True,True,,19.0,Beauty
1111,1111,Willie,Elliott,willieelliott@yahoo.com,-2385,,Low_Value,Email,36-45,High,58.57,0.78,True,False,False,,26.0,Home
1112,1112,Tammy,Galloway,tammy547@outlook.com,-5786,,Low_Value,Email,18-25,Low,52.37,0.8,True,True,True,,34.0,Home
1113,1113,Jack,Evans,jackevans@gmail.com,-8015,,High_Value,Push,26-35,Low,366.23,0.27,False,False,True,,31.0,Clothing
1114,1114,Bobby,Vazquez,bobby.vazquez@gmail.com,-2108,,Low_Value,Email,55+,Medium,75.85,0.79,True,True,True,,12.0,Beauty
1115,1115,Karen,Perry,karenperry@hotmail.com,-9669,,Low_Value,Email,36-45,Premium,62.35,0.62,False,True,False,,27.0,Clothing
1116,1116,Benjamin,Bryant,benjamin620@yahoo.com,-2287,,Medium_Value,Push,55+,Premium,107.78,0.42,True,False,True,,49.0,Electronics
1117,1117,Jasmine,Wilkins,jasmine661@outlook.com,-7045,,Medium_Value,Direct,18-25,Unknown,166.39,0.41,False,False,True,,35.0,Books
1118,1118,Erica,Lawson,erica572@yahoo.com,-6566,,Medium_Value,Direct,55+,Medium,157.25,0.57,True,True,False,,6.0,Clothing
1119,1119,Valerie,Scott,valerie.scott@outlook.com,-4885,,High_Value,Email,55+,Low,226.29,0.21,True,True,True,,25.0,Clothing
1120,1120,John,Lee,john.lee@outlook.com,-5063,,Medium_Value,Push,46-55,Low,88.28,0.6,False,True,False,,20.0,Beauty
1121,1121,Gina,Clark,ginaclark@hotmail.com,-4647,,Low_Value,Social,26-35,Premium,35.61,0.7,True,True,True,,3.0,Beauty
1122,1122,Jose,James,jose641@gmail.com,-10130,,Low_Value,Push,46-55,Low,63.51,0.68,True,False,False,,10.0,Beauty
1123,1123,Sarah,Dunn,sarahdunn@hotmail.com,-5595,,New_Customer,Push,55+,Premium,109.56,0.72,True,False,False,,12.0,Sports
1124,1124,Nicole,Fox,nicole.fox@hotmail.com,-10179,,High_Value,Push,18-25,Medium,372.94,0.3,True,True,False,,41.0,Clothing
1125,1125,Aaron,Davis,aaron.davis@hotmail.com,-11059,,Medium_Value,Push,55+,Medium,93.6,0.56,True,False,False,,48.0,Electronics
1126,1126,Jennifer,Martinez,jennifer513@yahoo.com,-4157,,Medium_Value,Social,18-25,Unknown,172.19,0.44,True,False,True,,10.0,Books
1127,1127,Andrew,Rodriguez,andrew.rodriguez@outlook.com,-7580,,High_Value,Social,55+,Medium,353.97,0.35,False,False,True,,25.0,Books
1128,1128,Sylvia,Casey,sylviacasey@gmail.com,-2931,,Low_Value,Push,26-35,Low,69.77,0.84,True,False,True,,11.0,Electronics
1129,1129,Margaret,Murillo,margaret765@yahoo.com,-6928,,Medium_Value,SMS,18-25,Premium,111.08,0.48,True,True,True,,33.0,Beauty
1130,1130,Amanda,Logan,amanda.logan@outlook.com,-10655,,Medium_Value,Email,46-55,Premium,105.49,0.56,True,True,False,,6.0,Books
1131,1131,Stephen,Boyd,stephen.boyd@outlook.com,-8345,,Medium_Value,Push,18-25,Premium,123.78,0.48,True,False,True,,47.0,Beauty
1132,1132,Jamie,Jones,jamie.jones@yahoo.com,-9453,,Medium_Value,Push,26-35,Unknown,199.94,0.62,False,False,True,,19.0,Electronics
1133,1133,Tom,Dougherty,tomdougherty@hotmail.com,-4492,,Low_Value,Push,26-35,Unknown,38.24,0.71,False,True,True,,9.0,Books
1134,1134,Philip,Morton,philipmorton@yahoo.com,-2640,,High_Value,Social,26-35,High,349.58,0.25,False,False,True,,28.0,Sports
1135,1135,Ryan,Wong,ryanwong@outlook.com,-6519,,New_Customer,SMS,18-25,Medium,134.98,0.65,False,False,True,,4.0,Home
1136,1136,Mary,Wise,marywise@gmail.com,-7770,,High_Value,Push,55+,Premium,152.26,0.29,True,False,False,,17.0,Home
1137,1137,Carl,Wallace,carl667@outlook.com,-7789,,Low_Value,Social,18-25,Premium,54.25,0.74,False,False,True,,24.0,Sports
1138,1138,Gregory,Richmond,gregory6@hotmail.com,-5858,,High_Value,Email,18-25,Medium,238.29,0.4,False,False,True,,30.0,Books
1139,1139,Robert,Sharp,robert.sharp@gmail.com,-10311,,New_Customer,Push,18-25,Medium,94.39,0.53,False,True,True,,28.0,Electronics
1140,1140,Anthony,Jones,anthony.jones@hotmail.com,-2671,,Low_Value,Direct,46-55,Medium,40.26,0.68,False,False,False,,17.0,Books
1141,1141,Heather,Porter,heather.porter@hotmail.com,-8571,,High_Value,Push,Unknown,Premium,160.6,0.37,True,True,False,,15.0,Clothing
1142,1142,Melissa,Wade,melissa543@yahoo.com,-8880,,High_Value,SMS,26-35,Premium,470.95,0.22,False,True,True,,9.0,Clothing
1143,1143,Brooke,Ewing,brooke.ewinggmail.com,-7904,,Medium_Value,Direct,36-45,Medium,100.96,0.69,False,False,False,,36.0,Sports
1144,1144,Derek,Chavez,derekchavez@gmail.com,-10725,,Medium_Value,Email,36-45,High,79.41,0.45,True,False,False,,7.0,Beauty
1145,1145,Jeremy,Martin,jeremymartin@hotmail.com,-5647,,Medium_Value,Direct,18-25,Low,167.51,0.67,False,True,True,,46.0,Sports
1146,1146,Wendy,Roberson,wendyroberson@hotmail.com,-6724,,Low_Value,Social,26-35,Low,97.88,0.65,True,False,True,,18.0,Electronics
1147,1147,Shaun,Green,shaun.green@outlook.com,-8427,,Medium_Value,Direct,36-45,Low,118.23,0.42,False,False,True,,29.0,Clothing
1148,1148,Jason,Drake,jason.drake@hotmail.com,-3045,,New_Customer,Email,36-45,Low,36.95,0.51,True,True,True,,19.0,Sports
1149,1149,Shawn,Graham,shawn.graham@outlook.com,-5204,,High_Value,Direct,55+,Premium,252.03,0.25,False,False,True,,11.0,Electronics
1150,1150,Steven,Hess,steven.hess@gmail.com,-10862,,Low_Value,Push,36-45,Medium,75.71,0.79,True,True,False,,28.0,Books
1151,1151,Kevin,Martinez,kevin373@outlook.com,-4833,,New_Customer,Email,55+,Low,74.74,0.59,False,False,True,,32.0,Electronics
1152,1152,Lisa,King,lisa.king@gmail.com,-6410,,Low_Value,Email,26-35,Low,78.82,0.62,True,False,False,,31.0,Books
1153,1153,Colin,Jimenez,colin.jimenez@outlook.com,-3378,,New_Customer,Push,55+,High,30.1,0.67,True,True,False,,26.0,Sports
1154,1154,Amanda,Donaldson,amanda.donaldson@outlook.com,-6503,,High_Value,SMS,26-35,Medium,442.56,0.33,True,True,True,,47.0,Books
1155,1155,Patricia,Taylor,patricia.taylor@outlook.com,-6521,,High_Value,SMS,26-35,Medium,378.18,0.36,True,True,False,,27.0,Home
1156,1156,Michael,Brooks,michael.brooks@hotmail.com,-10533,,High_Value,SMS,55+,Low,230.16,0.25,True,True,True,,49.0,Sports
1157,1157,Michael,Hawkins,michael.hawkins@yahoo.com,-2595,,Medium_Value,SMS,26-35,High,109.09,0.55,False,False,False,,25.0,Home
1158,1158,Sheri,Lee,sherilee@hotmail.com,-7122,,Medium_Value,Push,18-25,Premium,97.89,0.51,True,False,False,,36.0,Sports
1159,1159,Sherri,Dudley,sherridudley@outlook.com,-5736,,Low_Value,Direct,46-55,High,83.14,0.6,False,False,True,,37.0,Books
1160,1160,Ronald,Jackson,ronald.jackson@yahoo.com,-4429,,Medium_Value,Social,18-25,High,173.41,0.58,True,True,False,,11.0,Sports
1161,1161,Anthony,Ochoa,anthonyochoa@gmail.com,-4269,,High_Value,Push,55+,Medium,470.68,0.3,True,True,False,,45.0,Books
1162,1162,Theresa,Romero,theresaromero@gmail.com,-3094,,Medium_Value,Email,Unknown,Premium,147.34,0.53,False,False,True,,47.0,Electronics
1163,1163,Troy,Juarez,troy449@hotmail.com,-10409,,Low_Value,Email,26-35,Low,38.86,0.71,False,False,False,,16.0,Clothing
1164,1164,Cristina,Fitzgerald,cristina.fitzgerald@hotmail.com,-10474,,Low_Value,Push,36-45,Unknown,32.66,0.79,True,False,True,,27.0,Books
1165,1165,Benjamin,Cooke,benjamin262@outlook.com,-9442,,High_Value,Direct,26-35,Premium,362.3,0.28,False,False,False,,10.0,Sports
1166,1166,Michael,Tapia,michael.tapia@yahoo.com,-4355,,High_Value,Email,18-25,Premium,375.01,0.28,False,False,True,,34.0,Sports
1167,1167,Catherine,Galvan,catherine813@hotmail.com,-9012,,New_Customer,Email,26-35,Medium,88.76,0.68,True,False,True,,25.0,Home
1168,1168,Ryan,Quinn,ryan.quinn@hotmail.com,-6721,,Low_Value,Direct,36-45,High,35.5,0.65,False,False,False,,42.0,Clothing
1169,1169,William,Wells,williamwells@gmail.com,-7027,,Low_Value,Email,18-25,Low,75.95,0.76,True,True,True,,35.0,Beauty
1170,1170,Katherine,Bailey,katherine.bailey@outlook.com,-2316,,Medium_Value,Email,55+,Low,180.75,0.68,False,True,False,,23.0,Home
1171,1171,Christopher,Griffith,christopher.griffith@gmail.com,-8752,,Low_Value,Push,26-35,Low,79.67,0.67,False,False,False,,43.0,Sports
1172,1172,Aaron,Cook,aaron412@outlook.com,-8002,,Medium_Value,Direct,46-55,Premium,149.29,0.66,False,False,False,,20.0,Beauty
1173,1173,Emily,Nicholson,emily.nicholson@outlook.com,-9529,,New_Customer,Direct,36-45,Unknown,67.38,0.76,False,True,True,,32.0,Electronics
1174,1174,Joshua,Robinson,joshua542@hotmail.com,-2835,,Low_Value,SMS,36-45,High,42.04,0.73,True,True,True,,48.0,Beauty
1175,1175,Benjamin,Perez,benjamin.perez@outlook.com,-4881,,Low_Value,Social,18-25,Premium,76.59,0.7,False,False,True,,42.0,Sports
1176,1176,Joel,Ray,joel636@outlook.com,-10759,,New_Customer,Social,26-35,High,41.48,0.65,False,False,False,,10.0,Electronics
1177,1177,Kimberly,Vega,kimberly412@yahoo.com,-6135,,Medium_Value,Social,18-25,High,146.31,0.51,True,True,False,,46.0,Sports
1178,1178,Ethan,Hayes,ethan25@gmail.com,-8512,,High_Value,Direct,Unknown,Medium,388.61,0.24,True,True,True,,38.0,Home
1179,1179,Karen,Griffin,karengriffin@yahoo.com,-6756,,High_Value,Push,55+,Premium,380.73,0.4,False,False,False,,14.0,Home
1180,1180,Deanna,Harper,deanna165@gmail.com,-7276,,New_Customer,SMS,55+,High,105.43,0.79,True,False,False,,39.0,Beauty
1181,1181,Zachary,Torres,zachary528@yahoo.com,-6484,,Medium_Value,Direct,18-25,Medium,195.41,0.68,False,False,True,,49.0,Books
1182,1182,Martha,Turner,martha.turner@gmail.com,-11622,,High_Value,Email,36-45,Low,358.56,0.28,True,False,True,,27.0,Clothing
1183,1183,Ricky,Murray,rickymurray@gmail.com,-7824,,High_Value,Direct,26-35,Unknown,398.1,0.22,False,False,True,,47.0,Beauty
1184,1184,Natalie,Fisher,natalie.fisher@outlook.com,-3406,,New_Customer,Email,46-55,High,131.73,0.57,True,True,True,,20.0,Clothing
1185,1185,Tammy,Hernandez,tammyhernandez@gmail.com,-2332,,New_Customer,Direct,36-45,Medium,62.54,0.53,False,False,False,,49.0,Electronics
1186,1186,Linda,Norris,linda925@gmail.com,-4044,,High_Value,Email,18-25,Low,381.69,0.22,False,True,True,,44.0,Books
1187,1187,Victoria,Rivas,victoria588@hotmail.com,-6333,,High_Value,Email,18-25,Medium,400.36,0.27,False,True,True,,20.0,Beauty
1188,1188,Michael,Roberts,michael.roberts@gmail.com,-6338,,High_Value,Direct,55+,Premium,335.51,0.22,True,True,False,,16.0,Clothing
1189,1189,Jose,Oconnor,joseoconnor@gmail.com,-8783,,Low_Value,Social,46-55,Premium,40.36,0.69,True,True,False,,27.0,Clothing
1190,1190,Beth,Henderson,bethhenderson@outlook.com,-3339,,Medium_Value,SMS,55+,High,102.49,0.64,False,False,True,,7.0,Clothing
1191,1191,Holly,Smith,holly.smith@outlook.com,-5306,,Low_Value,Push,36-45,Premium,99.95,0.9,False,True,False,,43.0,Beauty
1192,1192,Denise,Arnold,denise.arnold@outlook.com,-3194,,High_Value,Social,18-25,High,361.03,0.35,False,False,False,,10.0,Home
1193,1193,Daniel,Pennington,daniel232@gmail.com,-4048,,Low_Value,Social,36-45,Premium,99.96,0.85,True,True,True,,19.0,Home
1194,1194,Marissa,Smith,marissa212@outlook.com,-9138,,Medium_Value,Email,36-45,Premium,187.8,0.61,True,True,True,,36.0,Beauty
1195,1195,Gabriel,Anderson,gabriel.anderson@outlook.com,-2804,,High_Value,Push,55+,Premium,344.6,0.33,True,True,False,,1.0,Home
1196,1196,Kayla,Robinson,kaylarobinson@gmail.com,-4835,,High_Value,Social,55+,Medium,404.6,0.29,False,False,False,,0.0,Clothing
1197,1197,Amy,Jenkins,amy152@gmail.com,-5493,,Medium_Value,Push,46-55,Medium,156.91,0.41,True,False,False,,28.0,Beauty
1198,1198,Kimberly,Martin,kimberly.martin@gmail.com,-6411,,High_Value,SMS,46-55,Medium,384.4,0.27,False,False,True,,9.0,Books
1199,1199,Mark,Ellis,mark.ellis@gmail.com,-3565,,High_Value,Direct,55+,Medium,383.2,0.32,False,True,False,,18.0,Electronics
1200,1200,Kent,Landry,kent728@yahoo.com,-7703,,High_Value,Push,46-55,Premium,341.64,0.2,False,False,True,,12.0,Clothing
1201,1201,Melissa,Mason,melissamason@outlook.com,-4347,,New_Customer,Direct,26-35,High,105.32,0.66,False,False,False,,25.0,Home
1202,1202,Erika,Johnson,erika.johnson@hotmail.com,-3462,,High_Value,Push,26-35,Medium,215.78,0.31,True,False,False,,30.0,Sports
1203,1203,Holly,Aguilar,holly.aguilar@hotmail.com,-8478,,Low_Value,Email,46-55,Premium,75.22,0.73,True,True,False,,21.0,Home
1204,1204,Gerald,Parks,gerald814@gmail.com,-11068,,Low_Value,Push,26-35,High,54.58,0.61,True,False,True,,37.0,Beauty
1205,1205,Jennifer,Lang,jenniferlang@gmail.com,-6444,,High_Value,Push,18-25,High,231.27,0.33,False,True,False,,18.0,Sports
1206,1206,Isaac,Bradley,isaacbradley@yahoo.com,-6123,,Medium_Value,Direct,Unknown,Medium,185.51,0.64,False,True,False,,18.0,Clothing
1207,1207,Randy,Williamson,randy267@gmail.com,-6210,,New_Customer,SMS,46-55,Medium,142.27,0.57,True,False,False,,8.0,Electronics
1208,1208,David,Coleman,david14@outlook.com,-5972,,New_Customer,Email,26-35,Premium,144.65,0.65,True,True,False,,24.0,Beauty
1209,1209,Jon,Williams,jon717@gmail.com,-10339,,New_Customer,Email,55+,Medium,121.67,0.77,True,False,False,,12.0,Books
1210,1210,Raymond,Patterson,raymond227@outlook.com,-7291,,New_Customer,Email,55+,Medium,55.83,0.65,False,True,True,,35.0,Books
1211,1211,Anna,Johnson,anna.johnson@outlook.com,-6320,,Medium_Value,Direct,18-25,Premium,185.63,0.42,False,False,True,,23.0,Beauty
1212,1212,Amanda,Oliver,amandaoliver@yahoo.com,-10131,,New_Customer,Direct,55+,Medium,40.96,0.77,False,True,True,,36.0,Sports
1213,1213,Sherri,Grimes,sherri861@yahoo.com,-10421,,High_Value,Social,55+,Premium,192.62,0.27,False,False,True,,10.0,Sports
1214,1214,Megan,Clements,meganclements@outlook.com,-7259,,New_Customer,Social,26-35,Medium,138.61,0.63,True,True,True,,22.0,Books
1215,1215,Keith,Rollins,keith500@hotmail.com,-8325,,New_Customer,SMS,26-35,Premium,104.11,0.69,False,True,True,,31.0,Clothing
1216,1216,David,Hill,david.hill@outlook.com,-5867,,High_Value,Email,46-55,High,343.8,0.33,True,True,False,,30.0,Beauty
1217,1217,Jerry,Bennett,jerry.bennett@hotmail.com,-9225,,Low_Value,Push,55+,Premium,59.77,0.68,True,False,True,,5.0,Electronics
1218,1218,Michelle,Carter,michelle206@gmail.com,-8772,,High_Value,Social,26-35,High,403.45,0.34,True,False,True,,7.0,Home
1219,1219,Pamela,Hoffman,pamelahoffman@outlook.com,-6079,,New_Customer,SMS,18-25,High,100.77,0.52,True,False,True,,18.0,Books
1220,1220,Amber,Holmes,amber484@hotmail.com,-7299,,High_Value,Direct,Unknown,Low,450.4,0.35,False,True,False,,46.0,Home
1221,1221,Matthew,Rodriguez,matthew.rodriguez@gmail.com,-6772,,Low_Value,Direct,18-25,Medium,55.14,0.68,False,False,False,,46.0,Books
1222,1222,Jesse,Johnson,jessejohnson@outlook.com,-3857,,Medium_Value,Direct,18-25,Premium,80.03,0.61,False,False,False,,46.0,Books
1223,1223,Anthony,Brooks,anthony.brooks@gmail.com,-2916,,New_Customer,Direct,55+,High,46.29,0.61,False,False,True,,43.0,Electronics
1224,1224,Lisa,Harrison,lisa.harrison@outlook.com,-5135,,Low_Value,Social,26-35,Low,92.62,0.7,True,True,False,,32.0,Home
1225,1225,Cheyenne,Carr,cheyennecarr@hotmail.com,-5297,,Medium_Value,SMS,26-35,High,112.79,0.42,False,False,True,,17.0,Clothing
1226,1226,Jennifer,Rogers,jennifer.rogers@gmail.com,-3891,,New_Customer,SMS,55+,High,47.12,0.51,False,False,True,,41.0,Books
1227,1227,Aimee,Perez,aimeeperez@outlook.com,-5908,,Medium_Value,Email,46-55,Premium,143.32,0.52,False,True,True,,26.0,Sports
1228,1228,Harold,Edwards,haroldedwards@gmail.com,-9236,,New_Customer,Social,46-55,Premium,134.07,0.61,False,False,False,,38.0,Home
1229,1229,Laura,Spencer,laura802@hotmail.com,-5156,,Low_Value,SMS,46-55,Premium,42.05,0.76,True,False,False,,36.0,Home
1230,1230,Jerry,Howe,jerryhowe@yahoo.com,-7693,,High_Value,Email,55+,High,262.57,0.34,True,False,False,,4.0,Clothing
1231,1231,Jacob,Johnson,jacobjohnson@hotmail.com,-9053,,High_Value,Email,18-25,High,316.34,0.28,True,True,True,,0.0,Beauty
1232,1232,Anthony,Martinez,anthony348@hotmail.com,-9234,,New_Customer,Email,55+,Unknown,134.74,0.65,False,False,True,,5.0,Sports
1233,1233,Brett,Walker,brett.walker@gmail.com,-5250,,High_Value,Direct,46-55,Unknown,355.83,0.24,False,False,False,,19.0,Sports
1234,1234,Steven,Nunez,steven181@yahoo.com,-6725,,New_Customer,Direct,36-45,Low,115.9,0.72,True,False,False,,33.0,Electronics
1235,1235,Monica,Galvan,monicagalvan@outlook.com,-4179,,Medium_Value,SMS,55+,Low,90.55,0.42,True,True,True,,36.0,Home
1236,1236,Katherine,Vargas,katherine957@yahoo.com,-4538,,High_Value,Social,26-35,Medium,397.53,0.37,False,True,True,,39.0,Books
1237,1237,Craig,Browning,craig552@yahoo.com,-10213,,Low_Value,Direct,18-25,Low,59.84,0.67,False,True,False,,49.0,Electronics
1238,1238,Brittany,Hughes,brittanyhughes@outlook.com,-10295,,High_Value,Social,46-55,Premium,288.15,0.21,True,True,True,,20.0,Clothing
1239,1239,John,Wagner,john.wagner@hotmail.com,-9234,,Medium_Value,Social,36-45,Low,173.39,0.54,False,True,False,,25.0,Clothing
1240,1240,Christian,Martin,christian880@hotmail.com,-3397,,Low_Value,Social,55+,High,84.24,0.86,True,True,True,,44.0,Home
1241,1241,Rachel,Smith,rachel.smith@outlook.com,-5521,,Medium_Value,Push,36-45,Premium,189.38,0.65,False,False,True,,29.0,Books
1242,1242,Shawn,Miller,shawn489@hotmail.com,-8545,,Medium_Value,SMS,55+,Premium,86.89,0.44,False,True,False,,12.0,Sports
1243,1243,Robert,Bridges,robert680@outlook.com,-3431,,Medium_Value,Email,55+,High,107.28,0.52,True,True,True,,35.0,Books
1244,1244,Erin,Miranda,erin.miranda@outlook.com,-10251,,High_Value,Social,46-55,Low,448.22,0.37,True,True,False,,35.0,Beauty
1245,1245,Isaac,Jackson,isaacjackson@gmail.com,-4328,,Low_Value,Direct,36-45,Low,60.7,0.77,False,False,True,,12.0,Home
1246,1246,Scott,Schultz,scottschultz@hotmail.com,-2883,,Low_Value,SMS,26-35,High,85.89,0.9,False,False,True,,32.0,Beauty
1247,1247,Sean,Lloyd,sean.lloyd@gmail.com,-7429,,New_Customer,Push,36-45,Unknown,57.18,0.72,False,True,False,,50.0,Sports
1248,1248,Justin,Lopez,justinlopez@gmail.com,-8014,,New_Customer,Push,18-25,Low,113.22,0.64,False,False,False,,5.0,Sports
1249,1249,Ricardo,West,ricardowest@hotmail.com,-4043,,New_Customer,Email,26-35,Medium,148.14,0.53,True,False,True,,23.0,Electronics
1250,1250,Jeffrey,Moore,jeffreymoore@gmail.com,-8220,,New_Customer,Push,18-25,Low,32.27,0.69,False,False,True,,0.0,Books
1251,1251,Miranda,Williams,miranda406@yahoo.com,-7446,,New_Customer,SMS,26-35,Premium,67.91,0.59,False,True,True,,24.0,Clothing
1252,1252,Brandon,Powell,brandon22@gmail.com,-4964,,Low_Value,SMS,18-25,Premium,90.14,0.83,False,True,True,,46.0,Home
1253,1253,James,Hart,jameshart@gmail.com,-1947,,Medium_Value,Social,18-25,High,193.09,0.42,True,True,False,,9.0,Clothing
1254,1254,Derrick,Jones,derrick731@yahoo.com,-3315,,Medium_Value,Direct,46-55,Low,162.14,0.53,True,True,True,,20.0,Clothing
1255,1255,Ronald,Paul,ronald.paul@gmail.com,-8312,,Low_Value,SMS,Unknown,High,28.26,0.77,True,True,True,,28.0,Clothing
1256,1256,Matthew,Smith,matthewsmith@gmail.com,-5492,,New_Customer,Push,26-35,Low,121.69,0.59,True,False,True,,40.0,Beauty
1257,1257,Krista,Strong,kristastrong@yahoo.com,-4674,,New_Customer,SMS,26-35,Low,65.3,0.62,True,False,False,,48.0,Beauty
1258,1258,Sydney,Phillips,sydney880@yahoo.com,-6979,,Medium_Value,Email,36-45,Medium,112.99,0.56,True,False,False,,12.0,Electronics
1259,1259,Robert,Henson,robert169@gmail.com,-10278,,New_Customer,Social,55+,High,130.23,0.63,False,True,False,,49.0,Books
1260,1260,Amanda,Hughes,amandahughes@outlook.com,-10090,,New_Customer,Email,18-25,Unknown,90.68,0.67,True,False,False,,37.0,Beauty
1261,1261,Lindsey,Conway,lindsey.conway@gmail.com,-4447,,Medium_Value,Direct,46-55,Premium,123.22,0.42,True,True,True,,11.0,Clothing
1262,1262,Christopher,Torres,christopher963@gmail.com,-2523,,Low_Value,Social,18-25,Low,99.21,0.82,True,False,False,,37.0,Clothing
1263,1263,Spencer,Stevens,spencer831@outlook.com,-8653,,Low_Value,SMS,Unknown,High,99.43,0.61,True,False,True,,41.0,Books
1264,1264,Ashley,Dyer,ashleydyer@outlook.com,-9327,,New_Customer,Email,36-45,Unknown,107.13,0.57,True,True,True,,23.0,Electronics
1265,1265,Vincent,Herrera,vincentherrera@outlook.com,-7661,,New_Customer,SMS,26-35,High,75.6,0.78,False,True,False,,28.0,Home
1266,1266,David,Jackson,david.jackson@yahoo.com,-3260,,Low_Value,Direct,55+,Premium,79.68,0.63,True,True,True,,8.0,Home
1267,1267,Kaitlyn,Mullen,kaitlyn.mullen@gmail.com,-4214,,New_Customer,SMS,55+,Medium,139.56,0.66,False,True,True,,23.0,Books
1268,1268,Brian,Blair,brianblair@yahoo.com,-10425,,Medium_Value,Social,46-55,Unknown,131.0,0.46,True,False,False,,23.0,Sports
1269,1269,Carmen,Sullivan,carmen.sullivan@gmail.com,-4609,,Medium_Value,Email,36-45,Medium,77.16,0.64,True,True,False,,27.0,Electronics
1270,1270,Chloe,Nichols,chloe601@gmail.com,-3373,,Low_Value,Email,36-45,Premium,84.35,0.64,True,False,False,,10.0,Home
1271,1271,Natalie,Washington,natalie203@hotmail.com,-6872,,Medium_Value,Email,26-35,High,107.76,0.61,True,False,False,,17.0,Beauty
1272,1272,Ricardo,Young,ricardo.young@hotmail.com,-10512,,High_Value,Direct,26-35,Unknown,476.89,0.28,False,True,True,,16.0,Sports
1273,1273,Thomas,Elliott,thomas.elliott@outlook.com,-6573,,New_Customer,SMS,36-45,Low,142.8,0.65,True,True,False,,15.0,Sports
1274,1274,Amber,Eaton,ambereaton@gmail.com,-5300,,Low_Value,SMS,18-25,Low,33.09,0.78,True,False,True,,46.0,Books
1275,1275,Lisa,Davenport,lisadavenport@yahoo.com,-9987,,Medium_Value,Direct,55+,Premium,91.91,0.56,False,True,False,,24.0,Electronics
1276,1276,Deborah,Russo,deborah.russo@gmail.com,-6034,,New_Customer,SMS,36-45,Low,106.44,0.6,True,True,True,,12.0,Electronics
1277,1277,Margaret,Bailey,margaretbailey@gmail.com,-2483,,Medium_Value,SMS,18-25,Low,152.14,0.7,True,True,True,,26.0,Home
1278,1278,Heather,Hall,heatherhall@hotmail.com,-6085,,High_Value,Social,46-55,Low,414.85,0.34,False,False,False,,19.0,Clothing
1279,1279,Toni,Murray,tonimurray@yahoo.com,-8294,,Medium_Value,Push,36-45,Medium,166.91,0.41,True,True,False,,39.0,Home
1280,1280,Nancy,Mcguire,nancymcguire@gmail.com,-11327,,Medium_Value,Push,55+,Medium,147.48,0.41,False,False,False,,17.0,Sports
1281,1281,Emily,Roman,emily.roman@gmail.com,-9272,,High_Value,SMS,55+,Medium,384.52,0.35,True,False,False,,11.0,Books
1282,1282,Joseph,Hernandez,joseph.hernandez@hotmail.com,-5058,,Low_Value,Direct,26-35,Premium,98.51,0.83,True,False,True,,10.0,Books
1283,1283,Karen,Wright,karenwright@gmail.com,-2219,,High_Value,SMS,26-35,Premium,337.92,0.34,False,True,False,,18.0,Books
1284,1284,Patricia,Young,patricia.young@hotmail.com,-3464,,New_Customer,Social,26-35,High,68.55,0.59,True,True,False,,23.0,Home
1285,1285,Frederick,Watson,frederick871@hotmail.com,-2141,,Medium_Value,Email,Unknown,Premium,159.26,0.66,True,True,True,,46.0,Home
1286,1286,Raymond,Boyd,raymond141@outlook.com,-8586,,New_Customer,SMS,36-45,High,131.13,0.54,True,True,True,,30.0,Sports
1287,1287,Audrey,Vasquez,audrey.vasquez@outlook.com,-7948,,High_Value,Direct,46-55,Low,465.62,0.37,False,False,True,,5.0,Books
1288,1288,Jonathan,Fowler,jonathan.fowler@gmail.com,-6256,,High_Value,Push,18-25,Premium,174.99,0.32,True,False,True,,23.0,Books
1289,1289,Rachel,Harris,rachelharris@hotmail.com,-7269,,Low_Value,Social,36-45,High,59.13,0.86,False,True,False,,50.0,Sports
1290,1290,Bryan,Gibson,bryan.gibson@hotmail.com,-4658,,Medium_Value,Direct,36-45,High,197.29,0.58,False,True,True,,17.0,Books
1291,1291,Cheryl,Pitts,cherylpitts@gmail.com,-8302,,Low_Value,Direct,26-35,Low,86.25,0.69,True,False,True,,11.0,Books
1292,1292,Chad,Smith,chad741@yahoo.com,-7347,,High_Value,Social,26-35,Premium,326.95,0.33,True,True,False,,47.0,Sports
1293,1293,Henry,Pham,henry.pham@outlook.com,-6349,,Medium_Value,Push,18-25,Premium,192.94,0.64,False,True,False,,5.0,Electronics
1294,1294,Jacqueline,Torres,jacquelinetorres@outlook.com,-1971,,Medium_Value,Email,55+,Low,170.93,0.4,False,True,False,,18.0,Books
1295,1295,Brittany,Smith,brittany.smith@yahoo.com,-5315,,High_Value,Social,55+,Medium,308.1,0.26,False,True,False,,43.0,Sports
1296,1296,Corey,Erickson,coreyerickson@yahoo.com,-8957,,High_Value,Push,55+,Medium,466.39,0.39,False,False,True,,29.0,Electronics
1297,1297,Tammy,Padilla,tammy508@outlook.com,-8215,,New_Customer,Email,18-25,Medium,50.22,0.54,False,True,False,,23.0,Home
1298,1298,Marco,Ray,marcoray@gmail.com,-9697,,New_Customer,SMS,18-25,Medium,118.04,0.5,False,False,False,,38.0,Electronics
1299,1299,Deborah,Ruiz,deborah.ruiz@gmail.com,-10261,,High_Value,SMS,55+,Medium,224.16,0.37,False,True,False,,28.0,Beauty
1300,1300,Christie,Stanley,christiestanley@yahoo.com,-11176,,New_Customer,Push,36-45,Low,127.69,0.55,False,False,False,,5.0,Sports
1301,1301,Michelle,Blake,michelle511@yahoo.com,-2206,,New_Customer,Push,46-55,Unknown,86.34,0.52,True,False,False,,2.0,Beauty
1302,1302,Nicholas,Shannon,nicholasshannon@outlook.com,-6332,,Low_Value,Email,36-45,Medium,82.03,0.81,True,True,True,,32.0,Books
1303,1303,Logan,Ray,loganray@yahoo.com,-7852,,New_Customer,Push,46-55,Medium,71.29,0.58,False,False,True,,25.0,Home
1304,1304,Andrew,Beck,andrew477@gmail.com,-7061,,Low_Value,SMS,26-35,Medium,63.35,0.67,False,True,False,,42.0,Books
1305,1305,Ryan,Harmon,ryanharmon@gmail.com,-10572,,Medium_Value,Email,18-25,Premium,92.82,0.57,False,True,True,,2.0,Beauty
1306,1306,Brian,Kent,brian.kent@outlook.com,-2788,,Low_Value,Push,36-45,Low,96.73,0.73,True,True,False,,38.0,Beauty
1307,1307,Sara,Holmes,sara.holmes@gmail.com,-7564,,Medium_Value,SMS,55+,Unknown,107.19,0.64,False,True,False,,35.0,Clothing
1308,1308,Kevin,Chan,kevin524@hotmail.com,-8471,,High_Value,Social,55+,Medium,329.25,0.38,False,True,True,,39.0,Clothing
1309,1309,Ashley,Brewer,ashleybrewer@hotmail.com,-10550,,Medium_Value,SMS,46-55,Low,97.3,0.65,True,False,False,,21.0,Books
1310,1310,Ruth,Farrell,ruth.farrell@outlook.com,-9876,,Low_Value,Push,36-45,Premium,50.74,0.67,True,True,True,,31.0,Electronics
1311,1311,Kenneth,Knight,kenneth.knight@hotmail.com,-9816,,Medium_Value,Push,26-35,Premium,102.5,0.5,True,False,True,,40.0,Home
1312,1312,Keith,Lowery,keith.lowery@outlook.com,-4742,,Low_Value,Email,26-35,Unknown,51.67,0.69,True,False,True,,1.0,Electronics
1313,1313,Jonathan,Campbell,jonathan587@yahoo.com,-10609,,New_Customer,Social,55+,Premium,129.79,0.66,True,True,True,,26.0,Sports
1314,1314,Jonathan,Hall,jonathan.hall@outlook.com,-8331,,New_Customer,Social,55+,Medium,55.05,0.76,False,False,False,,45.0,Electronics
1315,1315,Debra,Harvey,debra588@yahoo.com,-4538,,High_Value,Push,46-55,Low,175.48,0.33,True,False,False,,44.0,Sports
1316,1316,James,James,james.james@yahoo.com,-8635,,High_Value,Push,46-55,Low,488.88,0.38,True,False,True,,23.0,Home
1317,1317,Terri,Douglas,terri.douglas@yahoo.com,-6341,,Low_Value,SMS,36-45,Premium,91.67,0.77,True,False,False,,1.0,Books
1318,1318,Adrian,Turner,adrianturner@gmail.com,-3288,,Low_Value,Push,55+,Low,85.69,0.69,False,False,True,,27.0,Home
1319,1319,Jessica,Taylor,jessica180@outlook.com,-4613,,High_Value,Email,18-25,Medium,392.04,0.27,True,False,False,,38.0,Beauty
1320,1320,Ronald,Sheppard,ronald.sheppard@hotmail.com,-9723,,New_Customer,Email,55+,Medium,71.95,0.73,False,True,False,,1.0,Clothing
1321,1321,Bridget,Kim,bridget.kim@yahoo.com,-10452,,New_Customer,Social,18-25,Unknown,130.76,0.64,True,True,True,,38.0,Electronics
1322,1322,Brian,Velazquez,brianvelazquez@hotmail.com,-11320,,Low_Value,Push,46-55,Premium,34.74,0.72,True,False,True,,32.0,Electronics
1323,1323,Audrey,Mercer,audrey329@hotmail.com,-10968,,Medium_Value,Direct,55+,Medium,165.95,0.59,True,False,True,,32.0,Sports
1324,1324,Joshua,Johnson,joshua795@gmail.com,-9434,,High_Value,SMS,46-55,Premium,333.89,0.27,True,False,False,,30.0,Books
1325,1325,Joyce,West,joycewest@hotmail.com,-2394,,New_Customer,Email,18-25,Low,37.71,0.59,False,True,False,,38.0,Sports
1326,1326,April,Grant,april205@yahoo.com,-3104,,Low_Value,Direct,46-55,High,62.82,0.75,False,False,False,,31.0,Clothing
1327,1327,Jennifer,Reese,jenniferreese@outlook.com,-4307,,Medium_Value,Push,18-25,High,105.26,0.62,True,True,False,,34.0,Books
1328,1328,Andrew,Hall,andrew.hall@hotmail.com,-4232,,New_Customer,SMS,Unknown,Low,65.5,0.55,False,False,False,,5.0,Books
1329,1329,William,Perry,williamperry@gmail.com,-9357,,Medium_Value,Social,Unknown,Premium,162.74,0.55,True,False,True,,38.0,Home
1330,1330,Angela,Morales,angela800@hotmail.com,-3554,,Medium_Value,Direct,55+,High,125.62,0.49,True,True,True,,36.0,Home
1331,1331,Stacy,Sandoval,stacy.sandoval@outlook.com,-7745,,High_Value,Email,55+,High,215.03,0.33,False,True,True,,42.0,Sports
1332,1332,Ryan,Reynolds,ryanreynolds@outlook.com,-3630,,Low_Value,Direct,55+,Low,25.79,0.77,False,False,False,,34.0,Home
1333,1333,David,Smith,david799@yahoo.com,-8820,,Medium_Value,Social,26-35,High,154.84,0.5,True,True,True,,20.0,Sports
1334,1334,Sherry,Castillo,sherry.castillo@yahoo.com,-3640,,New_Customer,Direct,18-25,Low,65.82,0.5,False,False,False,,33.0,Clothing
1335,1335,Danielle,Peters,danielle772@gmail.com,-3795,,High_Value,Push,26-35,Premium,407.51,0.36,False,True,True,,17.0,Sports
1336,1336,Tara,Cox,tara.cox@outlook.com,-7798,,High_Value,Social,55+,Premium,200.57,0.27,True,False,True,,28.0,Books
1337,1337,Claudia,Hunt,claudiahunt@hotmail.com,-5747,,Low_Value,Push,55+,Medium,56.38,0.65,False,False,False,,45.0,Clothing
1338,1338,Tyler,Pena,tyler884@gmail.com,-2628,,Medium_Value,Email,26-35,Medium,76.67,0.51,False,True,True,,2.0,Clothing
1339,1339,Allen,Robinson,allen.robinson@yahoo.com,-8431,,Low_Value,Push,46-55,Medium,79.84,0.61,True,True,False,,5.0,Electronics
1340,1340,Chris,Rhodes,chris.rhodes@outlook.com,-10146,,Low_Value,Email,Unknown,Medium,85.76,0.6,True,False,False,,33.0,Home
1341,1341,Kelly,Anderson,kelly309@hotmail.com,-8679,,High_Value,SMS,Unknown,Low,213.32,0.39,False,True,False,,31.0,Beauty
1342,1342,Eric,Lewis,eric.lewis@yahoo.com,-2566,,Low_Value,Social,Unknown,Premium,96.06,0.83,False,True,False,,0.0,Home
1343,1343,James,Sandoval,james697@yahoo.com,-7105,,Low_Value,Push,46-55,Premium,36.97,0.8,False,False,False,,39.0,Beauty
1344,1344,Crystal,Sawyer,crystal.sawyer@gmail.com,-8124,,New_Customer,Social,46-55,Medium,50.39,0.65,False,True,False,,3.0,Beauty
1345,1345,Eric,Neal,eric.neal@hotmail.com,-2790,,New_Customer,Email,46-55,High,130.88,0.56,False,False,True,,1.0,Sports
1346,1346,James,Shields,james.shields@yahoo.com,-6428,,Low_Value,Direct,55+,Medium,56.37,0.83,False,False,False,,9.0,Sports
1347,1347,Brooke,Norman,brooke17@outlook.com,-7179,,Low_Value,Email,46-55,Medium,71.0,0.63,False,False,True,,46.0,Sports
1348,1348,Kenneth,Riley,kenneth.riley@yahoo.com,-7816,,High_Value,Social,36-45,Low,277.15,0.24,False,True,True,,3.0,Sports
1349,1349,Judith,Marks,judithmarks@hotmail.com,-5681,,Medium_Value,SMS,46-55,High,101.15,0.46,False,True,False,,43.0,Home
1350,1350,Kristina,Pennington,kristina.pennington@gmail.com,-4951,,High_Value,Direct,55+,Premium,410.68,0.26,True,False,False,,40.0,Clothing
1351,1351,Ellen,Jackson,ellen.jackson@outlook.com,-7012,,Low_Value,SMS,26-35,Premium,88.55,0.88,False,False,False,,23.0,Electronics
1352,1352,Eric,Cochran,ericcochran@gmail.com,-9619,,Low_Value,Push,46-55,High,94.27,0.86,True,False,False,,18.0,Beauty
1353,1353,Jay,Thompson,jay569@hotmail.com,-7775,,Medium_Value,Email,46-55,Medium,182.51,0.63,False,True,True,,23.0,Books
1354,1354,Patricia,Lynch,patricia747@outlook.com,-3839,,Low_Value,Social,55+,Premium,54.61,0.76,True,True,False,,15.0,Clothing
1355,1355,Kirsten,Wilson,kirsten.wilson@yahoo.com,-7257,,Medium_Value,Push,46-55,High,121.16,0.49,True,False,False,,29.0,Beauty
1356,1356,Clayton,Wade,clayton263@hotmail.com,-8504,,High_Value,Direct,26-35,High,258.63,0.3,True,False,True,,42.0,Books
1357,1357,Charlotte,Kelly,charlottekelly@hotmail.com,-10133,,Medium_Value,Email,36-45,High,168.6,0.65,False,False,False,,32.0,Electronics
1358,1358,Michelle,Robinson,michellerobinson@gmail.com,-7859,,Medium_Value,Push,18-25,Premium,91.82,0.58,True,False,True,,45.0,Electronics
1359,1359,Megan,Wright,megan.wright@gmail.com,-2468,,New_Customer,Email,36-45,Premium,46.17,0.54,True,True,False,,25.0,Electronics
1360,1360,Stephen,Martin,stephenmartin@yahoo.com,-6074,,Low_Value,SMS,55+,High,52.72,0.74,False,False,False,,0.0,Home
1361,1361,Michael,Wilson,michael316@gmail.com,-2812,,High_Value,Push,55+,Premium,188.17,0.38,True,False,True,,22.0,Books
1362,1362,Susan,Peterson,susan601@yahoo.com,-6966,,New_Customer,Email,55+,Medium,70.17,0.65,False,True,True,,35.0,Clothing
1363,1363,Anthony,Potts,anthony82@hotmail.com,-2825,,New_Customer,Social,26-35,Low,144.41,0.51,False,True,True,,2.0,Sports
1364,1364,Brittany,Wilson,brittanywilson@gmail.com,-7573,,New_Customer,SMS,18-25,Medium,71.56,0.61,False,True,False,,23.0,Beauty
1365,1365,Patricia,Wong,patriciawong@gmail.com,-6566,,Medium_Value,Email,36-45,High,139.24,0.52,False,True,False,,18.0,Home
1366,1366,April,Adams,apriladams@gmail.com,-9588,,High_Value,Direct,55+,High,472.32,0.36,False,False,True,,35.0,Beauty
1367,1367,Heather,Johnson,heather911@hotmail.com,-5953,,High_Value,Push,18-25,Medium,414.55,0.27,False,True,False,,8.0,Electronics
1368,1368,Jacqueline,Thompson,jacquelinethompson@outlook.com,-7779,,High_Value,SMS,36-45,Unknown,450.71,0.3,True,True,False,,49.0,Sports
1369,1369,Stephanie,Rivera,stephanie127@hotmail.com,-5284,,High_Value,SMS,18-25,Premium,300.05,0.39,False,True,True,,40.0,Electronics
1370,1370,Isaiah,Young,isaiah644@gmail.com,-6016,,Low_Value,Email,26-35,Low,84.74,0.64,False,True,True,,24.0,Beauty
1371,1371,Ashley,Cole,ashley643@yahoo.com,-6038,,Low_Value,Email,55+,Premium,43.45,0.6,False,True,True,,19.0,Books
1372,1372,Sara,Reynolds,sarareynolds@yahoo.com,-4262,,Low_Value,SMS,36-45,Premium,29.13,0.7,True,True,False,,27.0,Sports
1373,1373,Jason,Solomon,jason.solomon@outlook.com,-9152,,Low_Value,SMS,46-55,Premium,56.51,0.61,True,False,True,,48.0,Electronics
1374,1374,Shane,Cordova,shanecordova@hotmail.com,-7672,,New_Customer,SMS,55+,Medium,114.05,0.64,True,False,True,,9.0,Books
1375,1375,Shannon,Maxwell,shannon.maxwell@outlook.com,-5538,,New_Customer,Direct,55+,Low,42.98,0.74,True,True,True,,10.0,Sports
1376,1376,Robert,Miller,robert844@hotmail.com,-9698,,Medium_Value,Direct,55+,Medium,134.09,0.61,True,True,True,,1.0,Clothing
1377,1377,Paul,Estrada,paul.estrada@outlook.com,-7309,,New_Customer,Social,18-25,High,145.78,0.76,False,True,True,,39.0,Clothing
1378,1378,Scott,Norton,scottnorton@hotmail.com,-10680,,Medium_Value,Social,55+,Medium,159.58,0.64,False,False,False,,43.0,Home
1379,1379,Steven,Bonilla,steven.bonilla@outlook.com,-3484,,Low_Value,SMS,26-35,Medium,28.2,0.73,False,False,True,,47.0,Clothing
1380,1380,Eric,Chaney,ericchaney@outlook.com,-10278,,High_Value,SMS,55+,High,369.52,0.31,True,True,True,,26.0,Clothing
1381,1381,Mark,Schultz,mark73@outlook.com,-10329,,High_Value,SMS,18-25,Low,191.6,0.24,True,False,True,,35.0,Clothing
1382,1382,Crystal,Robinson,crystalrobinson@yahoo.com,-2851,,High_Value,Direct,36-45,Unknown,194.52,0.25,False,False,True,,3.0,Electronics
1383,1383,Craig,Morgan,craig.morgan@outlook.com,-5125,,Medium_Value,Email,18-25,Premium,193.67,0.43,False,True,False,,25.0,Electronics
1384,1384,Stacie,Mills,stacie.mills@outlook.com,-7204,,High_Value,Push,18-25,High,296.47,0.26,True,False,False,,44.0,Books
1385,1385,Krista,Coleman,krista799@gmail.com,-2361,,High_Value,Social,46-55,Low,241.01,0.29,False,True,False,,7.0,Beauty
1386,1386,Angela,Griffith,angela.griffith@yahoo.com,-5856,,Medium_Value,Direct,36-45,High,185.47,0.49,False,True,True,,29.0,Books
1387,1387,Melissa,Richmond,melissa988@outlook.com,-7379,,High_Value,Social,55+,Low,311.2,0.35,True,False,True,,6.0,Electronics
1388,1388,Carol,May,carol.may@yahoo.com,-6070,,Low_Value,Push,26-35,High,88.29,0.61,False,True,False,,15.0,Beauty
1389,1389,Thomas,Lopez,thomaslopez@gmail.com,-5428,,Low_Value,SMS,36-45,Medium,51.89,0.64,False,False,True,,49.0,Clothing
1390,1390,Jason,Craig,jasoncraig@hotmail.com,-6776,,Low_Value,Push,36-45,High,48.27,0.68,False,True,False,,29.0,Sports
1391,1391,Christopher,Hall,christopher.hall@yahoo.com,-10836,,Low_Value,SMS,26-35,Unknown,30.0,0.8,True,True,True,,26.0,Home
1392,1392,Bobby,Castillo,bobbycastillo@hotmail.com,-6479,,New_Customer,SMS,36-45,Medium,116.83,0.75,False,True,True,,32.0,Beauty
1393,1393,Matthew,Walker,matthew.walker@outlook.com,-10719,,High_Value,Social,36-45,Premium,354.75,0.38,False,False,True,,47.0,Clothing
1394,1394,Michelle,Clark,michelleclark@hotmail.com,-4728,,Medium_Value,Email,18-25,Premium,105.59,0.47,True,True,False,,24.0,Home
1395,1395,Alec,Sandoval,alec.sandoval@outlook.com,-7917,,Medium_Value,Push,26-35,Low,198.93,0.48,True,True,True,,42.0,Beauty
1396,1396,Robert,Parks,robertparks@yahoo.com,-6384,,Medium_Value,SMS,36-45,Low,92.9,0.62,False,False,False,,3.0,Books
1397,1397,William,Manning,william723@gmail.com,-11059,,New_Customer,Direct,55+,Low,79.95,0.67,True,True,True,,32.0,Sports
1398,1398,Vanessa,Harris,vanessa.harris@hotmail.com,-7303,,New_Customer,Email,36-45,Unknown,127.45,0.55,True,False,False,,22.0,Books
1399,1399,Wesley,Jones,wesley.jones@yahoo.com,-5150,,New_Customer,SMS,26-35,Medium,74.92,0.51,True,False,False,,31.0,Clothing
1400,1400,Tina,Fleming,tina.fleming@yahoo.com,-9237,,Medium_Value,Social,26-35,High,116.03,0.56,False,True,True,,12.0,Clothing
1401,1401,Mark,Bell,mark391@outlook.com,-6456,,Medium_Value,Push,46-55,Low,175.06,0.41,False,False,True,,40.0,Beauty
1402,1402,Andre,Gardner,andre191@outlook.com,-10319,,New_Customer,Direct,26-35,High,145.53,0.67,True,False,True,,10.0,Electronics
1403,1403,Karen,Hunter,karen.hunter@gmail.com,-2585,,Medium_Value,Email,46-55,High,102.08,0.69,True,False,False,,44.0,Electronics
1404,1404,Cheryl,Ayala,cherylayala@outlook.com,-10245,,New_Customer,Email,46-55,High,63.8,0.62,True,True,False,,46.0,Books
1405,1405,Richard,Osborne,richard476@yahoo.com,-8145,,Medium_Value,Direct,36-45,Premium,138.4,0.58,True,True,True,,34.0,Clothing
1406,1406,Theodore,Lynch,theodorelynch@yahoo.com,-6267,,Low_Value,Push,55+,Medium,66.7,0.85,False,False,False,,45.0,Home
1407,1407,Rebecca,Morgan,rebecca697@yahoo.com,-2904,,Low_Value,SMS,26-35,Unknown,87.88,0.7,True,True,False,,0.0,Beauty
1408,1408,Catherine,Larson,catherinelarson@yahoo.com,-6127,,New_Customer,Social,46-55,Low,80.79,0.73,False,False,True,,21.0,Books
1409,1409,Jamie,Diaz,jamiediaz@gmail.com,-8803,,High_Value,Email,26-35,Medium,190.93,0.31,True,False,True,,9.0,Beauty
1410,1410,Francisco,Jimenez,franciscojimenez@outlook.com,-3199,,Medium_Value,Social,55+,Unknown,174.99,0.49,False,True,True,,43.0,Beauty
1411,1411,Maria,Conley,maria.conley@hotmail.com,-9533,,Medium_Value,SMS,46-55,Premium,112.37,0.55,False,False,True,,36.0,Home
1412,1412,Kyle,Montes,kyle.montes@hotmail.com,-5900,,High_Value,SMS,46-55,Premium,268.92,0.26,True,True,False,,46.0,Books
1413,1413,Sarah,Young,sarahyoung@hotmail.com,-9874,,New_Customer,Push,46-55,Low,93.39,0.58,True,False,False,,31.0,Electronics
1414,1414,Chelsea,Koch,chelsea.koch@hotmail.com,-2595,,High_Value,SMS,46-55,Premium,399.91,0.36,True,True,False,,17.0,Books
1415,1415,Cassandra,Holmes,cassandra.holmes@hotmail.com,-10602,,Low_Value,SMS,36-45,High,94.51,0.85,True,True,False,,41.0,Sports
1416,1416,Nancy,Brown,nancy465@yahoo.com,-7484,,New_Customer,Push,55+,Medium,40.67,0.55,True,False,True,,45.0,Home
1417,1417,Michelle,Jones,michelle130@hotmail.com,-3655,,High_Value,Push,46-55,High,309.06,0.37,False,False,True,,5.0,Clothing
1418,1418,Alexander,Smith,alexandersmith@gmail.com,-4684,,Medium_Value,SMS,18-25,Premium,164.85,0.53,False,False,True,,48.0,Books
1419,1419,Gary,Ortega,gary.ortega@outlook.com,-8805,,High_Value,Push,26-35,Premium,187.29,0.35,True,False,False,,3.0,Sports
1420,1420,Lori,Cain,lori616@gmail.com,-10785,,New_Customer,Social,18-25,High,64.42,0.69,False,True,True,,37.0,Books
1421,1421,Yesenia,Walters,yesenia452@yahoo.com,-6505,,New_Customer,Social,55+,Premium,84.0,0.57,False,True,False,,15.0,Clothing
1422,1422,Gordon,Figueroa,gordon751@hotmail.com,-4188,,New_Customer,Email,18-25,Premium,58.66,0.62,False,True,False,,28.0,Beauty
1423,1423,Jennifer,Long,jennifer568@yahoo.com,-4752,,High_Value,Push,46-55,Low,453.15,0.36,False,False,False,,41.0,Beauty
1424,1424,Roger,Reeves,roger.reeves@gmail.com,-6439,,High_Value,Social,46-55,Premium,201.58,0.26,False,True,True,,15.0,Clothing
1425,1425,Sean,Hughes,sean675@yahoo.com,-5860,,Low_Value,Direct,36-45,Medium,58.49,0.66,True,True,True,,30.0,Books
1426,1426,Martin,Mcdonald,martin.mcdonald@hotmail.com,-6559,,Low_Value,Push,36-45,Premium,71.65,0.88,False,True,False,,38.0,Beauty
1427,1427,Kara,Morgan,karamorgan@hotmail.com,-10632,,Medium_Value,Direct,46-55,High,190.66,0.57,True,True,False,,42.0,Home
1428,1428,Lindsay,Mahoney,lindsay300@outlook.com,-4230,,Medium_Value,Email,18-25,Low,199.37,0.62,True,True,False,,19.0,Books
1429,1429,Vanessa,Cruz,vanessacruz@hotmail.com,-7943,,Medium_Value,SMS,26-35,Low,178.69,0.51,True,True,False,,6.0,Beauty
1430,1430,Brent,Thomas,brentthomas@outlook.com,-5852,,High_Value,SMS,36-45,Premium,385.12,0.25,True,True,False,,15.0,Clothing
1431,1431,Adrian,Johnson,adrian.johnson@yahoo.com,-10662,,Medium_Value,SMS,36-45,Low,139.62,0.54,True,False,False,,17.0,Electronics
1432,1432,Lisa,Johnson,lisajohnson@gmail.com,-3432,,Low_Value,Social,55+,Low,40.33,0.87,False,False,True,,32.0,Clothing
1433,1433,Angelica,Chan,angelica.chan@gmail.com,-9947,,Medium_Value,Email,55+,Low,130.1,0.7,True,False,True,,27.0,Sports
1434,1434,Denise,Andrews,denise.andrews@gmail.com,-3896,,High_Value,Direct,Unknown,Premium,352.89,0.28,False,False,True,,3.0,Electronics
1435,1435,Dominic,Cline,dominic.cline@outlook.com,-10038,,Medium_Value,Push,46-55,High,197.76,0.54,False,True,True,,11.0,Home
1436,1436,Kayla,Walker,kayla301@yahoo.com,-6336,,New_Customer,Push,46-55,Unknown,83.13,0.56,False,True,True,,12.0,Electronics
1437,1437,Philip,Ward,philipward@hotmail.com,-8828,,Medium_Value,Social,55+,Low,75.62,0.4,False,True,False,,6.0,Clothing
1438,1438,Stacy,Mills,stacymills@yahoo.com,-7720,,Medium_Value,Direct,46-55,Medium,136.55,0.45,True,False,True,,2.0,Electronics
1439,1439,Sean,Crawford,sean624@gmail.com,-6168,,Medium_Value,Push,36-45,High,192.91,0.58,False,True,True,,4.0,Books
1440,1440,Savannah,Lowe,savannah455@gmail.com,-8847,,Medium_Value,SMS,18-25,Low,179.74,0.64,False,True,True,,15.0,Books
1441,1441,Tammy,Reynolds,tammy607@outlook.com,-6235,,New_Customer,SMS,46-55,Premium,68.68,0.6,False,False,True,,1.0,Books
1442,1442,Jacob,Smith,jacob839@hotmail.com,-2516,,High_Value,Direct,36-45,Low,470.97,0.34,True,False,True,,27.0,Sports
1443,1443,Bobby,Anderson,bobby697@hotmail.com,-2418,,Medium_Value,Direct,Unknown,Low,147.0,0.56,True,False,False,,44.0,Clothing
1444,1444,Kyle,Morris,kylemorris@outlook.com,-5553,,High_Value,Social,55+,Medium,339.46,0.37,True,True,False,,9.0,Home
1445,1445,Gabriel,Lester,gabriel699@yahoo.com,-4097,,Medium_Value,Push,46-55,Premium,143.47,0.59,True,False,True,,30.0,Clothing
1446,1446,Lisa,Gill,lisa140@outlook.com,-10004,,New_Customer,SMS,55+,Low,100.91,0.58,True,True,True,,45.0,Books
1447,1447,Calvin,Torres,calvintorres@gmail.com,-8999,,High_Value,SMS,46-55,High,269.23,0.39,False,True,False,,45.0,Clothing
1448,1448,Jason,Burke,jasonburke@yahoo.com,-7743,,Low_Value,Push,36-45,Premium,29.72,0.8,False,False,False,,1.0,Clothing
1449,1449,Sara,King,sara.king@outlook.com,-6920,,New_Customer,Social,55+,Medium,124.25,0.65,False,True,False,,18.0,Electronics
1450,1450,Bryan,Stephens,bryan.stephens@gmail.com,-2703,,Low_Value,Social,46-55,Low,39.07,0.76,False,True,False,,2.0,Books
1451,1451,Raymond,Bradshaw,raymond.bradshaw@gmail.com,-3245,,Medium_Value,Social,18-25,Low,122.38,0.48,True,True,False,,15.0,Books
1452,1452,Andre,Wilkerson,andre.wilkerson@gmail.com,-6346,,Low_Value,Direct,18-25,Premium,70.98,0.84,False,True,True,,5.0,Home
1453,1453,Isaac,Edwards,isaac.edwards@gmail.com,-2887,,Low_Value,Push,46-55,Medium,92.49,0.82,False,False,True,,23.0,Beauty
1454,1454,Shelby,Gonzales,shelby18@gmail.com,-2320,,High_Value,Social,36-45,Medium,203.73,0.33,False,False,False,,31.0,Books
1455,1455,Michael,Weaver,michael325@yahoo.com,-10367,,High_Value,Email,55+,Medium,391.08,0.34,True,True,False,,33.0,Clothing
1456,1456,Timothy,Holder,timothy681@outlook.com,-2294,,High_Value,Push,46-55,High,338.51,0.36,False,False,True,,35.0,Books
1457,1457,Jennifer,Fuller,jennifer.fuller@gmail.com,-8940,,High_Value,Email,46-55,Unknown,242.26,0.39,False,True,False,,46.0,Electronics
1458,1458,Theresa,Montgomery,theresa.montgomery@outlook.com,-5352,,Medium_Value,SMS,46-55,Premium,188.14,0.4,False,False,False,,43.0,Electronics
1459,1459,Theresa,Taylor,theresataylor@outlook.com,-9166,,New_Customer,SMS,Unknown,Low,148.47,0.64,False,False,False,,35.0,Electronics
1460,1460,Melissa,Mann,melissa.mann@yahoo.com,-8224,,Medium_Value,Push,26-35,Premium,116.85,0.51,False,True,True,,12.0,Clothing
1461,1461,Morgan,Wilson,morganwilson@yahoo.com,-11478,,High_Value,SMS,46-55,Unknown,332.36,0.24,False,False,True,,24.0,Sports
1462,1462,Mariah,Foster,mariahfoster@outlook.com,-10815,,Medium_Value,Email,36-45,Premium,164.56,0.46,True,False,False,,9.0,Beauty
1463,1463,Amanda,Moore,amanda.moore@hotmail.com,-3962,,Medium_Value,Social,46-55,High,116.11,0.55,False,False,False,,42.0,Books
1464,1464,Shane,Wells,shane213@gmail.com,-2616,,New_Customer,SMS,36-45,Premium,118.09,0.74,False,False,False,,29.0,Electronics
1465,1465,Christy,Reynolds,christy637@yahoo.com,-10779,,New_Customer,Social,55+,High,74.46,0.63,True,False,True,,40.0,Home
1466,1466,Elizabeth,Flores,elizabethflores@yahoo.com,-2494,,New_Customer,Social,36-45,Low,117.92,0.58,False,True,False,,32.0,Home
1467,1467,Kylie,Atkinson,kylie.atkinson@outlook.com,-4177,,Medium_Value,Social,36-45,High,122.14,0.44,False,True,True,,2.0,Beauty
1468,1468,Norma,Lewis,norma472@hotmail.com,-9158,,New_Customer,Direct,36-45,Premium,83.36,0.67,True,False,False,,41.0,Clothing
1469,1469,Katherine,Campbell,katherinecampbell@yahoo.com,-4552,,Low_Value,Direct,36-45,Medium,32.22,0.64,False,True,True,,11.0,Sports
1470,1470,Brian,Fox,brianfox@outlook.com,-5058,,High_Value,SMS,Unknown,Low,353.35,0.2,True,True,False,,32.0,Sports
1471,1471,Jennifer,Williams,jennifer62@gmail.com,-2564,,New_Customer,Social,46-55,Premium,62.66,0.59,False,True,False,,33.0,Beauty
1472,1472,Jeremy,Brooks,jeremy517@yahoo.com,-11439,,Low_Value,SMS,18-25,High,79.21,0.75,False,True,True,,17.0,Electronics
1473,1473,Stacy,Ellis,stacyellis@gmail.com,-4214,,Low_Value,Social,18-25,Medium,85.71,0.74,True,True,True,,6.0,Books
1474,1474,John,Smith,johnsmith@hotmail.com,-3576,,New_Customer,Social,46-55,High,77.62,0.78,False,True,True,,45.0,Clothing
1475,1475,William,Oneill,william.oneill@yahoo.com,-4210,,Medium_Value,Direct,36-45,Medium,171.65,0.6,False,False,True,,29.0,Sports
1476,1476,Austin,Graham,austingraham@yahoo.com,-5956,,New_Customer,SMS,Unknown,High,149.91,0.57,False,False,True,,19.0,Sports
1477,1477,Andrew,Carrillo,andrew254@hotmail.com,-3080,,High_Value,Direct,55+,High,436.64,0.25,False,False,True,,38.0,Electronics
1478,1478,Justin,Walker,justin130@gmail.com,-8465,,Low_Value,Push,46-55,Medium,47.24,0.9,True,False,True,,15.0,Sports
1479,1479,Melinda,Austin,melindaaustin@gmail.com,-3769,,High_Value,SMS,46-55,Premium,472.24,0.2,False,False,True,,50.0,Clothing
1480,1480,Jill,Sullivan,jillsullivan@hotmail.com,-5467,,New_Customer,Push,36-45,Low,112.1,0.55,True,True,False,,46.0,Books
1481,1481,Daniel,Rivera,daniel.rivera@outlook.com,-10712,,Medium_Value,SMS,46-55,Premium,101.68,0.55,True,False,False,,4.0,Clothing
1482,1482,Travis,Evans,travis.evans@outlook.com,-7093,,High_Value,SMS,18-25,High,239.59,0.36,False,True,True,,50.0,Home
1483,1483,Jenny,Robinson,jennyrobinson@yahoo.com,-10305,,High_Value,SMS,55+,Premium,371.88,0.33,True,False,False,,47.0,Books
1484,1484,Angela,Clayton,angela457@gmail.com,-8359,,Medium_Value,Email,46-55,Unknown,89.99,0.65,True,True,True,,15.0,Clothing
1485,1485,David,Le,david795@gmail.com,-4080,,High_Value,Social,26-35,Unknown,212.02,0.36,True,False,True,,18.0,Beauty
1486,1486,Dakota,Griffin,dakotagriffin@gmail.com,-7482,,Medium_Value,Email,18-25,Medium,80.5,0.5,True,True,True,,14.0,Sports
1487,1487,Patrick,Wright,patrick.wright@gmail.com,-2038,,Low_Value,Push,55+,Medium,82.55,0.63,True,False,False,,15.0,Beauty
1488,1488,John,Thompson,john.thompson@gmail.com,-7013,,Low_Value,Direct,36-45,Medium,90.7,0.6,False,True,False,,46.0,Books
1489,1489,Catherine,Guerra,catherine775@hotmail.com,-11652,,Low_Value,Social,18-25,Low,88.68,0.9,True,True,False,,3.0,Home
1490,1490,Michelle,Ross,michelle.ross@outlook.com,-4215,,New_Customer,Push,26-35,Medium,117.95,0.68,True,False,False,,14.0,Beauty
1491,1491,Elizabeth,Whitaker,elizabethwhitaker@outlook.com,-8317,,Medium_Value,SMS,36-45,Low,115.67,0.43,False,False,True,,37.0,Sports
1492,1492,Laura,Pennington,laura.pennington@gmail.com,-5454,,High_Value,Social,46-55,Medium,472.72,0.23,False,False,True,,21.0,Home
1493,1493,Kelly,Prince,kellyprince@gmail.com,-8138,,Low_Value,SMS,46-55,Unknown,45.93,0.74,False,False,True,,31.0,Beauty
1494,1494,Patrick,Watson,patrick.watson@outlook.com,-8506,,New_Customer,Push,26-35,Low,110.38,0.59,True,True,True,,33.0,Clothing
1495,1495,Shawn,Peters,shawn.peters@hotmail.com,-10190,,Low_Value,Social,46-55,Premium,47.48,0.76,False,False,False,,33.0,Home
1496,1496,Nancy,Murphy,nancy.murphy@gmail.com,-8311,,New_Customer,SMS,Unknown,Premium,31.02,0.54,False,False,True,,29.0,Clothing
1497,1497,Emily,Miller,emily.miller@gmail.com,-10349,,New_Customer,Direct,55+,Premium,44.62,0.5,True,False,False,,42.0,Electronics
1498,1498,Paul,Powell,paul794@outlook.com,-4383,,Medium_Value,Push,Unknown,Unknown,99.42,0.59,False,True,True,,26.0,Electronics
1499,1499,Andrea,Macias,andrea.macias@yahoo.com,-10721,,New_Customer,Social,55+,Low,65.88,0.6,False,True,True,,33.0,Clothing
1500,1500,Joshua,Thomas,joshuathomas@gmail.com,-3998,,New_Customer,Email,55+,High,141.31,0.67,True,True,True,,8.0,Home
1501,1501,Marc,Richardson,marc909@outlook.com,-5013,,Low_Value,SMS,36-45,Unknown,27.56,0.62,True,False,True,,50.0,Beauty
1502,1502,Joshua,Reyes,joshua.reyes@gmail.com,-2657,,High_Value,SMS,55+,Low,202.92,0.34,True,False,True,,8.0,Clothing
1503,1503,Anita,Raymond,anita132@outlook.com,-10832,,Medium_Value,Social,26-35,High,157.71,0.69,False,False,False,,21.0,Home
1504,1504,Wendy,Sandoval,wendysandoval@hotmail.com,-11590,,High_Value,Social,Unknown,High,363.61,0.36,False,True,True,,35.0,Books
1505,1505,Tony,Prince,tony663@hotmail.com,-6289,,Low_Value,Direct,55+,High,65.89,0.78,True,False,False,,48.0,Clothing
1506,1506,Kevin,Bautista,kevinbautista@hotmail.com,-8739,,Low_Value,Push,55+,Unknown,73.04,0.78,False,False,False,,11.0,Clothing
1507,1507,Ricky,Davis,ricky.davis@outlook.com,-7125,,High_Value,Email,Unknown,Premium,407.98,0.29,True,True,False,,30.0,Clothing
1508,1508,Maria,Clark,maria.clark@yahoo.com,-9723,,New_Customer,Social,55+,Medium,142.49,0.66,False,False,True,,40.0,Home
1509,1509,Lisa,White,lisawhite@hotmail.com,-7358,,High_Value,Direct,55+,High,190.25,0.3,False,False,False,,30.0,Home
1510,1510,Nathan,Lester,nathanlester@hotmail.com,-7771,,New_Customer,Email,46-55,Premium,107.57,0.61,True,True,True,,13.0,Books
1511,1511,Ashley,Brown,ashley873@outlook.com,-9207,,High_Value,Social,18-25,Premium,175.7,0.32,True,False,True,,20.0,Home
1512,1512,Erica,Walker,erica279@hotmail.com,-2720,,New_Customer,SMS,36-45,Premium,115.52,0.52,True,False,False,,23.0,Sports
1513,1513,Mark,Arnold,markarnold@outlook.com,-9948,,High_Value,SMS,18-25,Low,493.71,0.27,False,False,True,,2.0,Electronics
1514,1514,James,Crosby,james750@gmail.com,-8535,,New_Customer,Push,36-45,Low,104.57,0.54,True,False,False,,18.0,Electronics
1515,1515,Amy,Skinner,amy.skinner@gmail.com,-5581,,New_Customer,Email,26-35,Low,98.93,0.79,True,False,False,,18.0,Home
1516,1516,Samuel,Lewis,samuel662@gmail.com,-2041,,High_Value,SMS,18-25,Premium,416.94,0.28,True,False,True,,8.0,Beauty
1517,1517,Mario,Washington,mario.washington@yahoo.com,-3824,,High_Value,Social,Unknown,Premium,457.94,0.38,False,True,False,,40.0,Sports
1518,1518,Timothy,Gutierrez,timothygutierrez@outlook.com,-7239,,New_Customer,Social,55+,Low,47.87,0.69,False,True,False,,15.0,Beauty
1519,1519,Sarah,Schneider,sarahschneider@gmail.com,-8543,,Low_Value,Direct,55+,Premium,79.99,0.88,True,False,False,,40.0,Beauty
1520,1520,Lee,Johnson,lee.johnson@outlook.com,-8229,,Medium_Value,Push,36-45,Low,113.36,0.62,False,False,True,,0.0,Books
1521,1521,Donna,Klein,donna.klein@outlook.com,-10816,,Medium_Value,Direct,18-25,High,98.32,0.42,True,True,False,,7.0,Electronics
1522,1522,Michael,Bell,michaelbell@gmail.com,-5196,,New_Customer,Direct,36-45,Low,69.29,0.71,False,False,False,,48.0,Beauty
1523,1523,Michelle,Rivera,michellerivera@gmail.com,-7406,,Medium_Value,Push,36-45,High,131.77,0.55,True,True,True,,50.0,Books
1524,1524,Howard,Roberts,howard.roberts@outlook.com,-8997,,Low_Value,Social,18-25,Premium,86.3,0.64,False,False,False,,1.0,Sports
1525,1525,Joyce,Williams,joycewilliams@outlook.com,-2059,,Low_Value,Direct,18-25,Medium,60.13,0.75,False,False,False,,18.0,Clothing
1526,1526,Chelsea,Edwards,chelseaedwards@outlook.com,-5690,,Medium_Value,Direct,46-55,Low,89.55,0.54,True,True,False,,26.0,Beauty
1527,1527,Natalie,Lambert,natalie860@yahoo.com,-4002,,Medium_Value,SMS,Unknown,Medium,113.82,0.59,False,True,True,,15.0,Beauty
1528,1528,Scott,Green,scott410@outlook.com,-7041,,Medium_Value,SMS,36-45,Medium,144.86,0.41,False,True,True,,34.0,Beauty
1529,1529,Matthew,Walker,matthewwalker@yahoo.com,-6235,,High_Value,SMS,36-45,Premium,259.78,0.34,True,False,False,,9.0,Sports
1530,1530,Philip,Goodwin,philip.goodwin@outlook.com,-6505,,New_Customer,SMS,55+,Medium,138.25,0.66,True,True,False,,31.0,Electronics
1531,1531,Joanna,Kennedy,joanna.kennedy@gmail.com,-10432,,Low_Value,Push,26-35,High,75.89,0.9,False,False,True,,9.0,Books
1532,1532,Gregory,Ryan,gregory495@gmail.com,-10198,,High_Value,SMS,55+,Medium,361.58,0.27,False,True,False,,27.0,Home
1533,1533,Douglas,Kelley,douglaskelley@hotmail.com,-10247,,Low_Value,SMS,26-35,Premium,50.37,0.87,True,True,True,,22.0,Beauty
1534,1534,Xavier,Green,xavier.green@yahoo.com,-3377,,Low_Value,SMS,26-35,Low,96.96,0.81,False,True,False,,35.0,Sports
1535,1535,Holly,Ball,holly945@hotmail.com,-3563,,New_Customer,Social,36-45,Medium,56.99,0.52,False,True,True,,18.0,Clothing
1536,1536,Dominique,Webster,dominique.webster@gmail.com,-5536,,High_Value,Email,26-35,Medium,277.85,0.23,False,False,False,,31.0,Beauty
1537,1537,Miguel,Patterson,miguel.patterson@gmail.com,-6870,,High_Value,Email,26-35,Low,389.03,0.24,False,False,True,,49.0,Clothing
1538,1538,Kevin,Choi,kevin.choi@gmail.com,-7480,,Low_Value,Social,18-25,Low,32.54,0.73,True,False,True,,39.0,Clothing
1539,1539,Shane,Hall,shane.hall@outlook.com,-6184,,New_Customer,Email,55+,High,70.25,0.75,True,True,False,,48.0,Books
1540,1540,Kristen,Fisher,kristenfisher@outlook.com,-6969,,New_Customer,SMS,55+,Premium,94.33,0.6,False,False,False,,0.0,Clothing
1541,1541,Claudia,Gutierrez,claudia.gutierrez@gmail.com,-8847,,Medium_Value,Push,Unknown,Premium,159.03,0.54,True,True,False,,27.0,Home
1542,1542,Michael,Carroll,michaelcarroll@gmail.com,-9691,,Medium_Value,Email,55+,Medium,83.63,0.51,True,False,True,,32.0,Electronics
1543,1543,Brian,White,brianwhite@outlook.com,-5940,,New_Customer,Push,55+,Low,50.12,0.67,False,True,False,,16.0,Electronics
1544,1544,Mark,Hernandez,mark101@gmail.com,-5819,,New_Customer,Email,36-45,Premium,138.46,0.58,False,True,True,,25.0,Beauty
1545,1545,Kevin,Rodriguez,kevin.rodriguez@yahoo.com,-4097,,New_Customer,Social,36-45,Low,94.14,0.53,False,True,True,,16.0,Clothing
1546,1546,Annette,Williams,annettewilliams@outlook.com,-11131,,Medium_Value,SMS,18-25,Low,77.94,0.51,False,False,False,,8.0,Beauty
1547,1547,Karen,Anderson,karen.anderson@yahoo.com,-3381,,Medium_Value,Email,55+,Medium,198.76,0.56,False,False,True,,46.0,Beauty
1548,1548,Derrick,Forbes,derrick.forbes@hotmail.com,-8974,,Low_Value,Push,55+,Premium,52.74,0.64,False,False,False,,12.0,Electronics
1549,1549,David,Williams,david297@gmail.com,-4639,,Low_Value,Email,55+,High,69.6,0.8,False,True,True,,18.0,Sports
1550,1550,Kathy,Jones,kathyjones@outlook.com,-6851,,High_Value,Direct,18-25,Medium,323.76,0.28,True,False,False,,24.0,Books
1551,1551,Brenda,Underwood,brenda.underwood@gmail.com,-8747,,New_Customer,Email,55+,Unknown,120.69,0.71,False,False,False,,15.0,Electronics
1552,1552,Adam,Stephens,adam377@yahoo.com,-7637,,Low_Value,Direct,36-45,Premium,88.5,0.7,True,True,False,,48.0,Home
1553,1553,Kelli,Goodwin,kelli.goodwin@yahoo.com,-7616,,Low_Value,Social,36-45,Unknown,35.04,0.68,True,False,False,,15.0,Electronics
1554,1554,Taylor,Taylor,taylortaylor@gmail.com,-7664,,High_Value,Social,46-55,Premium,445.54,0.32,True,True,False,,44.0,Home
1555,1555,Mark,Marsh,mark870@yahoo.com,-7104,,Medium_Value,Push,Unknown,Unknown,104.36,0.64,False,True,True,,46.0,Clothing
1556,1556,Thomas,Hill,thomas.hill@outlook.com,-6322,,New_Customer,Direct,46-55,Premium,129.88,0.78,True,False,True,,18.0,Clothing
1557,1557,Mikayla,Hudson,mikaylahudson@yahoo.com,-8442,,High_Value,Push,55+,Premium,312.53,0.28,True,True,True,,37.0,Clothing
1558,1558,Oscar,Davis,oscardavis@gmail.com,-4992,,Low_Value,Email,36-45,Low,61.52,0.88,False,False,True,,33.0,Clothing
1559,1559,Brenda,Potts,brenda938@hotmail.com,-10139,,New_Customer,SMS,46-55,Premium,33.01,0.59,False,True,True,,32.0,Electronics
1560,1560,Paige,Davis,paigedavis@yahoo.com,-10994,,Medium_Value,Direct,55+,Low,88.59,0.5,True,False,True,,10.0,Home
1561,1561,Kenneth,Johnson,kennethjohnson@hotmail.com,-10828,,New_Customer,Email,46-55,Low,47.1,0.75,True,False,True,,11.0,Books
1562,1562,Devon,Neal,devon.neal@outlook.com,-4641,,High_Value,Direct,46-55,Premium,406.5,0.24,False,True,True,,48.0,Electronics
1563,1563,Heather,Davis,heather706@hotmail.com,-4316,,High_Value,Direct,26-35,Medium,443.77,0.28,True,True,True,,10.0,Electronics
1564,1564,Chris,Lee,chris.lee@yahoo.com,-8782,,Low_Value,SMS,55+,Low,84.13,0.66,False,False,True,,7.0,Sports
1565,1565,Jay,Hoffman,jay.hoffman@hotmail.com,-6863,,Low_Value,Push,55+,High,83.79,0.89,True,True,True,,44.0,Electronics
1566,1566,Mark,Russell,mark.russell@yahoo.com,-6659,,Low_Value,Social,Unknown,High,78.44,0.62,False,False,True,,46.0,Books
1567,1567,Amanda,Edwards,amandaedwards@yahoo.com,-9875,,High_Value,Social,36-45,Premium,296.85,0.22,True,False,True,,21.0,Books
1568,1568,Angela,Bennett,angelabennett@gmail.com,-4782,,Medium_Value,Email,36-45,Medium,113.85,0.49,False,False,True,,23.0,Beauty
1569,1569,Zachary,Moreno,zachary436@yahoo.com,-10697,,Medium_Value,Social,18-25,High,172.5,0.59,False,False,False,,42.0,Beauty
1570,1570,Michelle,Bullock,michelle551@yahoo.com,-5508,,New_Customer,Push,55+,Low,88.29,0.57,False,True,True,,50.0,Books
1571,1571,Sabrina,Webb,sabrina627@hotmail.com,-5071,,High_Value,Email,26-35,Medium,432.04,0.36,False,False,True,,31.0,Home
1572,1572,Angela,Smith,angelasmith@gmail.com,-9923,,Medium_Value,SMS,26-35,Medium,179.25,0.55,True,True,True,,17.0,Books
1573,1573,Jill,Navarro,jill17@yahoo.com,-7779,,Low_Value,Direct,Unknown,Medium,39.09,0.7,True,False,True,,13.0,Sports
1574,1574,Michelle,Stephens,michellestephens@hotmail.com,-10123,,Medium_Value,Social,36-45,Premium,80.26,0.65,False,False,False,,12.0,Books
1575,1575,Robert,Kennedy,robert.kennedy@outlook.com,-10541,,High_Value,Social,18-25,Premium,422.03,0.21,True,True,True,,15.0,Clothing
1576,1576,Joseph,Brown,joseph12@yahoo.com,-3529,,High_Value,Email,36-45,High,164.75,0.29,False,False,True,,7.0,Clothing
1577,1577,Lisa,Rose,lisarose@gmail.com,-4859,,High_Value,SMS,55+,Premium,365.69,0.22,False,True,False,,33.0,Sports
1578,1578,Christy,Murray,christy610@hotmail.com,-8684,,Low_Value,Social,26-35,High,39.38,0.84,True,False,True,,49.0,Electronics
1579,1579,Stacey,Rivera,stacey.rivera@hotmail.com,-3354,,High_Value,Direct,55+,High,375.83,0.21,False,False,False,,26.0,Clothing
1580,1580,Christina,Brown,christina171@hotmail.com,-7333,,New_Customer,SMS,55+,Low,61.99,0.76,False,False,False,,17.0,Sports
1581,1581,Benjamin,Long,benjamin960@hotmail.com,-5695,,Medium_Value,SMS,Unknown,Premium,166.9,0.62,True,False,True,,15.0,Electronics
1582,1582,Theresa,Evans,theresa.evans@gmail.com,-1735,,New_Customer,Email,18-25,Premium,104.24,0.67,False,False,True,,22.0,Clothing
1583,1583,David,Murphy,davidmurphy@yahoo.com,-10014,,High_Value,Social,46-55,High,305.7,0.22,True,False,True,,17.0,Home
1584,1584,Stephen,Campbell,stephen.campbell@yahoo.com,-6848,,Low_Value,Direct,36-45,Low,92.57,0.8,False,False,True,,41.0,Clothing
1585,1585,David,Thomas,david.thomas@outlook.com,-5522,,High_Value,Push,46-55,Premium,431.26,0.32,False,True,True,,50.0,Sports
1586,1586,Brandi,Nielsen,brandinielsen@gmail.com,-5109,,Low_Value,Push,36-45,High,46.98,0.61,False,True,False,,46.0,Home
1587,1587,Scott,Perez,scott.perez@yahoo.com,-10374,,Low_Value,Push,18-25,Premium,52.41,0.6,True,True,True,,27.0,Electronics
1588,1588,Johnathan,Burnett,johnathan.burnett@hotmail.com,-3223,,Low_Value,Direct,18-25,Medium,39.3,0.71,False,True,True,,10.0,Clothing
1589,1589,Whitney,Norton,whitney153@outlook.com,-6921,,New_Customer,SMS,46-55,High,89.61,0.79,False,True,True,,36.0,Electronics
1590,1590,Alison,Lindsey,alisonlindsey@gmail.com,-5105,,New_Customer,Direct,46-55,Premium,84.96,0.59,False,False,True,,31.0,Beauty
1591,1591,Rhonda,Conway,rhonda.conway@yahoo.com,-5514,,New_Customer,Social,36-45,Medium,61.3,0.5,False,False,True,,16.0,Electronics
1592,1592,Jessica,Jones,jessicajones@outlook.com,-3486,,High_Value,Social,26-35,Premium,282.16,0.37,False,False,True,,15.0,Electronics
1593,1593,Stephen,Miller,stephen.miller@hotmail.com,-6821,,New_Customer,SMS,18-25,High,109.07,0.6,False,False,True,,24.0,Electronics
1594,1594,Ronald,Owens,ronaldowens@outlook.com,-9331,,New_Customer,SMS,36-45,Low,71.21,0.65,False,False,True,,0.0,Beauty
1595,1595,Elizabeth,Goodwin,elizabeth.goodwin@hotmail.com,-3383,,Low_Value,Push,46-55,Medium,65.59,0.7,False,True,False,,7.0,Electronics
1596,1596,Lindsay,King,lindsayking@yahoo.com,-9375,,High_Value,Direct,18-25,Low,299.83,0.36,True,False,True,,6.0,Electronics
1597,1597,Kyle,Rodriguez,kyle997@yahoo.com,-6498,,Medium_Value,Social,36-45,Premium,160.72,0.62,False,False,True,,4.0,Home
1598,1598,Felicia,George,felicia.george@outlook.com,-9563,,New_Customer,Direct,18-25,Low,92.81,0.6,True,False,True,,17.0,Books
1599,1599,Allen,Mason,allen.mason@outlook.com,-2219,,Low_Value,SMS,36-45,Low,53.71,0.65,False,False,True,,20.0,Books
1600,1600,William,Sullivan,william147@hotmail.com,-8434,,Low_Value,Direct,26-35,High,25.18,0.6,False,True,True,,50.0,Sports
1601,1601,Nicholas,Bishop,nicholasbishop@hotmail.com,-7063,,Low_Value,SMS,18-25,Low,49.14,0.67,True,False,True,,40.0,Clothing
1602,1602,Bailey,Lucas,bailey205@hotmail.com,-3605,,Low_Value,SMS,18-25,Premium,36.17,0.8,True,False,False,,5.0,Books
1603,1603,April,Mendoza,april.mendoza@hotmail.com,-5729,,High_Value,Email,18-25,Medium,232.56,0.35,False,True,False,,37.0,Sports
1604,1604,Jerry,Knight,jerry.knight@yahoo.com,-2787,,High_Value,Social,36-45,Low,224.53,0.34,False,True,False,,9.0,Clothing
1605,1605,Corey,Murray,corey.murray@yahoo.com,-6637,,High_Value,Email,36-45,Unknown,181.67,0.23,True,False,True,,15.0,Books
1606,1606,Dawn,King,dawn677@yahoo.com,-2536,,Low_Value,Direct,36-45,Premium,70.37,0.6,False,False,False,,35.0,Books
1607,1607,Roger,Hayden,roger788@hotmail.com,-3296,,New_Customer,SMS,55+,Low,142.44,0.6,False,True,True,,30.0,Electronics
1608,1608,Malik,Gallagher,malik939@yahoo.com,-7140,,Low_Value,Email,36-45,Premium,41.02,0.84,False,True,True,,14.0,Electronics
1609,1609,Angela,Lowe,angelalowe@hotmail.com,-6089,,New_Customer,Direct,55+,Premium,52.62,0.66,False,True,True,,19.0,Books
1610,1610,Rebekah,Novak,rebekahnovak@gmail.com,-10839,,New_Customer,Push,18-25,Premium,75.45,0.7,True,False,False,,29.0,Clothing
1611,1611,Stephen,Bailey,stephenbailey@outlook.com,-9206,,New_Customer,Social,18-25,Medium,88.71,0.63,True,True,False,,13.0,Clothing
1612,1612,Kevin,White,kevin927@gmail.com,-10627,,Low_Value,Direct,Unknown,Premium,32.1,0.64,False,False,False,,14.0,Books
1613,1613,Jonathan,Turner,jonathanturner@hotmail.com,-9443,,Low_Value,Social,55+,Unknown,89.25,0.63,True,True,True,,10.0,Electronics
1614,1614,Nathan,Luna,nathan.luna@outlook.com,-4732,,Medium_Value,Social,Unknown,Premium,88.72,0.42,False,False,False,,26.0,Clothing
1615,1615,Matthew,Flowers,matthewflowers@gmail.com,-3158,,New_Customer,Social,26-35,High,75.13,0.62,False,True,True,,1.0,Sports
1616,1616,Gregory,Ortiz,gregory.ortiz@yahoo.com,-9553,,High_Value,SMS,36-45,Low,253.17,0.27,False,True,False,,39.0,Beauty
1617,1617,Tammy,Martinez,tammy202@hotmail.com,-5224,,Medium_Value,Push,26-35,Premium,109.95,0.6,False,False,True,,37.0,Clothing
1618,1618,Tyler,Adams,tyler546@gmail.com,-9705,,High_Value,Direct,46-55,Low,219.96,0.31,True,False,False,,9.0,Electronics
1619,1619,Angela,Olson,angela402@hotmail.com,-3799,,New_Customer,SMS,26-35,Unknown,129.25,0.66,True,False,False,,27.0,Clothing
1620,1620,Xavier,Scott,xavier.scott@outlook.com,-10450,,New_Customer,Direct,18-25,High,47.34,0.61,False,False,True,,41.0,Electronics
1621,1621,William,Wells,william908@gmail.com,-5676,,New_Customer,Social,36-45,Low,106.49,0.55,False,True,False,,5.0,Home
1622,1622,Heather,Young,heather.young@outlook.com,-7327,,Low_Value,Email,36-45,Medium,56.05,0.81,False,False,False,,8.0,Home
1623,1623,Michael,Watson,michaelwatson@yahoo.com,-5550,,High_Value,Push,36-45,Unknown,218.86,0.23,False,False,False,,32.0,Electronics
1624,1624,Cesar,Cooper,cesar445@yahoo.com,-2438,,Medium_Value,Social,Unknown,Medium,83.09,0.41,True,False,True,,0.0,Beauty
1625,1625,Lauren,Beltran,lauren709@gmail.com,-11179,,New_Customer,SMS,36-45,Premium,34.4,0.54,False,True,False,,29.0,Beauty
1626,1626,Robert,Saunders,robert48@yahoo.com,-2643,,Low_Value,Direct,36-45,High,90.97,0.61,True,True,True,,27.0,Books
1627,1627,Jean,Kelly,jean129@gmail.com,-11631,,Medium_Value,Email,18-25,Premium,103.13,0.45,True,False,False,,38.0,Sports
1628,1628,William,Forbes,william11@outlook.com,-8698,,Low_Value,Email,26-35,Low,30.62,0.65,False,False,False,,33.0,Books
1629,1629,Dana,Garcia,dana6@yahoo.com,-9316,,New_Customer,Direct,46-55,Low,43.2,0.79,False,False,True,,6.0,Beauty
1630,1630,Jennifer,Ingram,jennifer548@yahoo.com,-10852,,Low_Value,Social,46-55,Medium,97.61,0.61,False,True,True,,24.0,Electronics
1631,1631,Anthony,Tate,anthony507@hotmail.com,-9504,,Medium_Value,Direct,26-35,Low,187.74,0.56,False,True,False,,42.0,Electronics
1632,1632,Keith,Franco,keithfranco@hotmail.com,-5898,,Low_Value,Direct,18-25,Premium,82.12,0.8,True,True,False,,8.0,Electronics
1633,1633,Jeremy,Williams,jeremy.williams@gmail.com,-10065,,High_Value,Direct,18-25,High,415.06,0.2,True,False,False,,15.0,Beauty
1634,1634,Frank,Richardson,frankrichardson@outlook.com,-4438,,Medium_Value,Direct,18-25,Premium,164.34,0.42,False,False,True,,4.0,Clothing
1635,1635,Thomas,Cross,thomascross@gmail.com,-3313,,Low_Value,Push,46-55,Low,97.45,0.82,True,True,False,,34.0,Books
1636,1636,Candice,Howard,candicehoward@yahoo.com,-9281,,Low_Value,Email,26-35,Premium,68.57,0.66,True,True,False,,1.0,Books
1637,1637,Melissa,Jones,melissajones@gmail.com,-4606,,New_Customer,Social,36-45,High,83.76,0.64,True,True,False,,43.0,Clothing
1638,1638,Tracy,Lee,tracylee@hotmail.com,-7750,,High_Value,SMS,55+,High,299.11,0.27,True,True,True,,2.0,Clothing
1639,1639,Natalie,Munoz,nataliemunoz@hotmail.com,-9379,,Low_Value,Email,18-25,High,53.78,0.83,True,False,True,,45.0,Electronics
1640,1640,Kelsey,Barrett,kelsey9@gmail.com,-9991,,New_Customer,Push,Unknown,Premium,46.77,0.51,True,False,True,,31.0,Beauty
1641,1641,Denise,Walker,denise318@hotmail.com,-8554,,Medium_Value,Email,55+,Low,81.07,0.44,True,True,True,,34.0,Clothing
1642,1642,Jacqueline,Williams,jacqueline463@gmail.com,-7372,,Medium_Value,Push,46-55,Unknown,196.55,0.4,True,False,True,,42.0,Sports
1643,1643,Garrett,Henderson,garretthenderson@yahoo.com,-5392,,Medium_Value,SMS,55+,High,93.57,0.56,True,True,False,,8.0,Home
1644,1644,Pamela,Morgan,pamela.morgan@outlook.com,-9780,,New_Customer,SMS,46-55,Premium,66.82,0.64,False,False,True,,5.0,Home
1645,1645,Shane,Wright,shane860@outlook.com,-3668,,New_Customer,Email,Unknown,Premium,46.79,0.66,False,True,False,,37.0,Beauty
1646,1646,Natasha,Hall,natashahall@yahoo.com,-9300,,High_Value,SMS,Unknown,Medium,287.08,0.24,False,False,True,,44.0,Sports
1647,1647,Lonnie,Goodman,lonnie107@outlook.com,-6039,,High_Value,Social,18-25,Low,468.33,0.37,False,False,True,,19.0,Beauty
1648,1648,Rodney,Rodriguez,rodney612@gmail.com,-3467,,Low_Value,Social,36-45,High,56.78,0.68,True,False,True,,7.0,Home
1649,1649,Keith,Smith,keithsmith@gmail.com,-8740,,Low_Value,Direct,36-45,Medium,42.57,0.62,False,False,False,,29.0,Beauty
1650,1650,Laura,Dennis,laura.dennis@outlook.com,-2380,,Medium_Value,Social,26-35,High,109.58,0.46,True,True,False,,10.0,Beauty
1651,1651,Shannon,Reid,shannon462@yahoo.com,-10793,,New_Customer,SMS,26-35,Medium,60.77,0.67,False,False,False,,5.0,Clothing
1652,1652,Trevor,Morton,trevor.morton@yahoo.com,-3469,,Medium_Value,Direct,36-45,Premium,166.95,0.52,True,True,True,,15.0,Books
1653,1653,Richard,Bishop,richard.bishop@gmail.com,-10210,,New_Customer,Push,46-55,Medium,56.2,0.55,False,True,True,,19.0,Books
1654,1654,Michael,King,michael407@gmail.com,-9796,,Low_Value,Email,55+,Medium,71.12,0.88,False,True,True,,43.0,Beauty
1655,1655,Sarah,Dillon,sarah.dillon@yahoo.com,-7343,,Low_Value,Email,18-25,High,53.32,0.64,False,False,False,,23.0,Electronics
1656,1656,Leslie,Graham,leslie.graham@gmail.com,-10343,,New_Customer,Direct,18-25,Medium,108.25,0.78,True,True,True,,12.0,Sports
1657,1657,Chris,Barrett,chris109@yahoo.com,-3210,,Medium_Value,Direct,26-35,High,142.63,0.63,True,False,False,,30.0,Beauty
1658,1658,Lisa,Elliott,lisa905@hotmail.com,-9129,,Medium_Value,SMS,55+,High,147.03,0.41,True,True,True,,38.0,Home
1659,1659,Shawn,Santos,shawnsantos@hotmail.com,-9833,,Medium_Value,Direct,18-25,Low,159.63,0.69,True,False,True,,33.0,Electronics
1660,1660,Mark,Taylor,mark.taylor@gmail.com,-4231,,High_Value,Push,55+,Medium,217.05,0.25,True,True,False,,33.0,Electronics
1661,1661,Kelsey,Garcia,kelsey.garcia@outlook.com,-5429,,High_Value,Direct,26-35,High,387.36,0.22,False,True,True,,17.0,Beauty
1662,1662,Charles,Lin,charles424@hotmail.com,-4685,,New_Customer,Email,55+,Medium,76.09,0.6,False,True,True,,3.0,Clothing
1663,1663,Randy,Mitchell,randy.mitchell@gmail.com,-7685,,Low_Value,SMS,18-25,High,31.89,0.82,True,True,False,,3.0,Books
1664,1664,William,Smith,william.smith@yahoo.com,-4004,,High_Value,Direct,36-45,High,327.0,0.33,False,True,False,,16.0,Sports
1665,1665,Thomas,Reilly,thomas.reilly@yahoo.com,-9161,,High_Value,Push,46-55,Premium,390.22,0.21,True,False,True,,9.0,Home
1666,1666,Terry,Stein,terry.stein@gmail.com,-2683,,New_Customer,Email,46-55,Premium,92.29,0.66,False,True,True,,16.0,Books
1667,1667,Lisa,Allen,lisa678@outlook.com,-10266,,High_Value,Direct,18-25,High,432.86,0.22,False,True,False,,11.0,Clothing
1668,1668,David,Hill,david463@outlook.com,-9298,,Medium_Value,Social,18-25,Premium,194.73,0.47,False,True,False,,42.0,Sports
1669,1669,Charles,Burns,charles.burns@gmail.com,-4919,,Medium_Value,Push,18-25,Medium,192.1,0.56,True,True,True,,24.0,Books
1670,1670,Derek,Carter,derek.carter@outlook.com,-8813,,High_Value,SMS,36-45,High,313.68,0.36,False,False,True,,44.0,Books
1671,1671,Douglas,Robinson,douglas.robinson@hotmail.com,-6016,,New_Customer,Email,18-25,Medium,54.56,0.73,False,True,True,,4.0,Electronics
1672,1672,Rebecca,Donovan,rebecca.donovan@outlook.com,-6483,,New_Customer,Direct,55+,Low,107.64,0.62,True,False,False,,38.0,Books
1673,1673,Tina,Schroeder,tina.schroeder@hotmail.com,-9297,,Medium_Value,Social,36-45,Low,114.92,0.53,False,False,False,,23.0,Clothing
1674,1674,Mary,Sullivan,marysullivan@gmail.com,-5145,,Low_Value,Push,26-35,Medium,51.13,0.84,False,True,False,,17.0,Sports
1675,1675,Michael,Lucero,michaellucero@outlook.com,-7858,,Low_Value,Push,18-25,Low,94.04,0.62,True,True,True,,26.0,Home
1676,1676,John,Meyer,john716yahoo.com,-5421,,New_Customer,SMS,55+,High,138.5,0.61,True,True,False,,5.0,Books
1677,1677,Mark,Rubio,mark755@hotmail.com,-7186,,New_Customer,Push,46-55,Low,76.44,0.71,True,True,True,,0.0,Beauty
1678,1678,Christine,Peterson,christine.peterson@gmail.com,-5420,,Medium_Value,Direct,36-45,Unknown,142.1,0.65,True,True,True,,0.0,Clothing
1679,1679,Rebecca,Moody,rebecca628@gmail.com,-11090,,Low_Value,Direct,26-35,Premium,82.71,0.64,True,True,False,,30.0,Clothing
1680,1680,Thomas,Carter,thomas749@yahoo.com,-3245,,New_Customer,Direct,46-55,Medium,117.18,0.73,False,False,False,,18.0,Beauty
1681,1681,Michaela,Barrera,michaela595@yahoo.com,-1814,,Low_Value,SMS,36-45,Low,82.0,0.85,False,True,True,,29.0,Beauty
1682,1682,Lisa,Morgan,lisamorgan@hotmail.com,-3398,,Low_Value,Direct,26-35,Low,92.05,0.88,True,False,False,,31.0,Books
1683,1683,Joseph,Rasmussen,joseph.rasmussen@gmail.com,-9681,,Low_Value,Social,Unknown,High,48.75,0.73,True,True,False,,15.0,Books
1684,1684,Timothy,Meza,timothy.meza@outlook.com,-5246,,Medium_Value,Push,46-55,Premium,94.94,0.68,True,True,False,,10.0,Electronics
1685,1685,Mia,Figueroa,mia51@gmail.com,-6227,,Low_Value,SMS,36-45,Low,58.21,0.6,False,True,False,,21.0,Clothing
1686,1686,William,Williams,william.williams@hotmail.com,-9498,,New_Customer,Direct,46-55,High,66.7,0.56,True,True,False,,3.0,Clothing
1687,1687,Teresa,Thomas,teresa.thomas@gmail.com,-3624,,New_Customer,Push,36-45,Low,144.21,0.79,True,False,False,,39.0,Books
1688,1688,Cassandra,Brennan,cassandra668@outlook.com,-1865,,High_Value,Push,26-35,Premium,347.95,0.35,False,True,False,,12.0,Sports
1689,1689,Alexander,Stevens,alexanderstevens@yahoo.com,-7711,,High_Value,Social,26-35,High,265.33,0.22,True,True,True,,34.0,Electronics
1690,1690,Stacey,Miller,stacey.miller@outlook.com,-8615,,High_Value,Push,46-55,High,282.82,0.38,False,True,False,,10.0,Home
1691,1691,Michael,Mcgrath,michaelmcgrath@yahoo.com,-5637,,Low_Value,Social,36-45,Premium,87.15,0.75,False,True,True,,31.0,Electronics
1692,1692,Samantha,Perry,samantha792@gmail.com,-6187,,Medium_Value,Push,36-45,Low,158.77,0.54,True,False,False,,7.0,Books
1693,1693,Travis,Erickson,travis602@gmail.com,-7579,,New_Customer,Direct,26-35,High,98.19,0.59,True,False,False,,21.0,Sports
1694,1694,Todd,Rodriguez,toddrodriguez@gmail.com,-10682,,Medium_Value,Direct,18-25,Low,174.38,0.47,False,True,False,,20.0,Electronics
1695,1695,Sara,Sanchez,sara.sanchez@yahoo.com,-2806,,High_Value,Direct,55+,Low,255.31,0.28,True,False,True,,34.0,Books
1696,1696,Christopher,George,christophergeorge@hotmail.com,-5798,,New_Customer,SMS,18-25,Premium,46.75,0.7,True,False,False,,39.0,Beauty
1697,1697,Sarah,Welch,sarah.welch@yahoo.com,-9064,,Medium_Value,Email,55+,High,180.69,0.56,False,False,True,,3.0,Clothing
1698,1698,Billy,Barnes,billy725@outlook.com,-10190,,High_Value,Social,46-55,Unknown,188.16,0.23,True,False,False,,4.0,Electronics
1699,1699,Richard,Taylor,richard.taylor@yahoo.com,-5269,,New_Customer,SMS,Unknown,Unknown,139.24,0.69,False,False,True,,25.0,Books
1700,1700,Gina,Weber,gina863@gmail.com,-9998,,Medium_Value,SMS,Unknown,Premium,198.36,0.62,True,False,False,,50.0,Electronics
1701,1701,Meghan,Wilkins,meghan.wilkins@outlook.com,-9108,,Medium_Value,SMS,55+,Medium,91.66,0.43,True,False,False,,12.0,Clothing
1702,1702,Crystal,Hodge,crystal.hodge@outlook.com,-3759,,New_Customer,Email,36-45,High,41.03,0.66,False,False,True,,22.0,Beauty
1703,1703,Robert,Miller,robert199@outlook.com,-3382,,Medium_Value,SMS,36-45,Low,127.76,0.6,False,False,False,,23.0,Beauty
1704,1704,Steven,Holder,stevenholder@gmail.com,-10975,,New_Customer,Push,26-35,Low,133.7,0.63,False,True,True,,38.0,Electronics
1705,1705,Latoya,Romero,latoya.romero@yahoo.com,-6824,,New_Customer,Social,55+,Medium,121.54,0.59,False,False,True,,43.0,Clothing
1706,1706,James,Hernandez,jameshernandez@outlook.com,-2617,,Low_Value,Push,18-25,Premium,87.99,0.85,False,False,True,,36.0,Sports
1707,1707,Katherine,Sanders,katherinesanders@yahoo.com,-5236,,New_Customer,Email,55+,Medium,39.58,0.8,False,True,False,,37.0,Home
1708,1708,John,Harris,john.harris@hotmail.com,-8232,,New_Customer,Push,18-25,Low,135.34,0.63,False,False,False,,15.0,Sports
1709,1709,Maria,Hicks,mariahicks@gmail.com,-4092,,Medium_Value,Social,55+,High,189.13,0.65,False,True,True,,16.0,Sports
1710,1710,Randy,Mcguire,randy.mcguire@yahoo.com,-2567,,High_Value,Push,36-45,Medium,324.84,0.3,False,True,True,,4.0,Beauty
1711,1711,Ariana,Williams,arianawilliams@gmail.com,-9807,,Low_Value,Direct,55+,High,98.07,0.62,False,True,False,,8.0,Electronics
1712,1712,Robin,Brown,robin.brown@yahoo.com,-10147,,New_Customer,SMS,18-25,Premium,133.89,0.78,False,True,False,,1.0,Home
1713,1713,Julie,Johnson,juliejohnson@outlook.com,-2426,,New_Customer,Social,36-45,Low,98.46,0.7,False,True,True,,19.0,Clothing
1714,1714,Cameron,Sanchez,cameron.sanchez@outlook.com,-4167,,High_Value,Social,18-25,Premium,322.47,0.24,False,True,True,,4.0,Clothing
1715,1715,Donald,Romero,donaldromero@gmail.com,-10472,,New_Customer,Email,26-35,Medium,109.31,0.55,False,True,False,,35.0,Sports
1716,1716,Heather,Rocha,heather160@hotmail.com,-6480,,Low_Value,Social,18-25,Medium,32.27,0.65,False,True,False,,41.0,Home
1717,1717,Michelle,Lee,michellelee@hotmail.com,-7149,,New_Customer,SMS,26-35,Premium,91.8,0.71,True,True,False,,7.0,Books
1718,1718,Joel,Rangel,joel752@yahoo.com,-9282,,New_Customer,Direct,18-25,High,60.46,0.61,True,True,False,,42.0,Home
1719,1719,Stephanie,Oconnor,stephanie966@hotmail.com,-6952,,Low_Value,Direct,36-45,Low,58.89,0.66,True,True,False,,40.0,Clothing
1720,1720,Maria,Warner,mariawarner@yahoo.com,-8118,,Medium_Value,Social,55+,High,175.97,0.6,True,False,True,,45.0,Home
1721,1721,Justin,Rogers,justin.rogers@outlook.com,-7050,,High_Value,Email,46-55,Medium,156.06,0.23,False,True,False,,21.0,Beauty
1722,1722,Shaun,Norman,shaun347@gmail.com,-3715,,Low_Value,Push,18-25,Medium,99.38,0.89,True,False,True,,30.0,Sports
1723,1723,Jennifer,Reyes,jenniferreyes@yahoo.com,-9241,,Medium_Value,Email,26-35,High,162.71,0.54,False,False,False,,26.0,Sports
1724,1724,Alicia,Bryant,alicia.bryant@gmail.com,-10720,,Medium_Value,Direct,18-25,High,172.38,0.64,False,True,True,,46.0,Sports
1725,1725,Michael,Rollins,michael.rollins@yahoo.com,-10955,,New_Customer,Direct,55+,Low,131.3,0.69,False,False,True,,23.0,Beauty
1726,1726,Debbie,Lee,debbie.lee@outlook.com,-2534,,High_Value,Social,46-55,Medium,365.12,0.22,True,False,False,,5.0,Sports
1727,1727,Kathryn,Ray,kathryn.ray@yahoo.com,-3161,,High_Value,Push,46-55,Low,492.21,0.36,True,True,False,,4.0,Sports
1728,1728,Ashley,Simmons,ashley.simmons@yahoo.com,-10712,,High_Value,Direct,26-35,Premium,406.81,0.22,True,False,False,,46.0,Beauty
1729,1729,Amanda,Stone,amandastone@gmail.com,-9059,,Low_Value,Push,26-35,Premium,49.41,0.61,True,False,False,,14.0,Books
1730,1730,Brad,Sanchez,brad.sanchez@yahoo.com,-9064,,Low_Value,Push,26-35,Medium,67.28,0.77,False,False,False,,44.0,Electronics
1731,1731,Patrick,Jones,patrick915@outlook.com,-3339,,High_Value,SMS,46-55,Low,439.18,0.34,False,True,True,,42.0,Electronics
1732,1732,Lisa,Duke,lisaduke@yahoo.com,-9384,,Medium_Value,Social,Unknown,Unknown,96.37,0.49,True,False,False,,23.0,Books
1733,1733,Jonathan,Lewis,jonathan640@yahoo.com,-6111,,Low_Value,Direct,36-45,Medium,99.85,0.61,False,False,True,,31.0,Home
1734,1734,Cynthia,Bates,cynthiabates@outlook.com,-5737,,Low_Value,SMS,26-35,Low,75.44,0.62,True,True,True,,37.0,Home
1735,1735,Sherri,Underwood,sherriunderwood@hotmail.com,-4247,,New_Customer,SMS,18-25,Unknown,46.86,0.62,False,True,True,,35.0,Sports
1736,1736,William,Smith,williamsmith@yahoo.com,-7983,,Medium_Value,Direct,55+,Low,187.41,0.48,False,True,True,,34.0,Books
1737,1737,Donna,Miller,donna463@outlook.com,-10301,,High_Value,Social,18-25,Low,460.49,0.34,False,False,True,,4.0,Books
1738,1738,Leslie,Warner,leslie.warner@gmail.com,-5272,,High_Value,Social,26-35,High,170.87,0.32,True,True,True,,8.0,Books
1739,1739,Leslie,Marks,leslie.marks@outlook.com,-6224,,New_Customer,Push,26-35,High,98.5,0.79,True,False,False,,4.0,Books
1740,1740,Joshua,Garcia,joshuagarcia@gmail.com,-6793,,High_Value,Email,26-35,Medium,164.01,0.26,True,False,False,,37.0,Clothing
1741,1741,Madison,Lloyd,madison.lloyd@outlook.com,-8074,,New_Customer,Direct,26-35,Low,125.93,0.66,False,True,False,,11.0,Beauty
1742,1742,Gary,Phillips,gary454@gmail.com,-7804,,High_Value,Social,55+,Medium,394.62,0.22,False,True,False,,18.0,Electronics
1743,1743,Nicole,Spence,nicole.spence@gmail.com,-4331,,High_Value,Push,18-25,Premium,157.19,0.27,False,True,False,,15.0,Books
1744,1744,Janet,Casey,janet.casey@gmail.com,-8381,,Medium_Value,Push,Unknown,Premium,156.91,0.68,False,True,False,,9.0,Electronics
1745,1745,Sharon,Garcia,sharon.garcia@outlook.com,-3266,,Low_Value,SMS,46-55,Medium,68.94,0.85,False,False,True,,11.0,Electronics
1746,1746,Allison,Larson,allisonlarson@outlook.com,-10612,,Low_Value,Direct,18-25,Premium,52.52,0.62,True,False,False,,43.0,Sports
1747,1747,Sherry,Rogers,sherryrogers@gmail.com,-6095,,Low_Value,Push,46-55,Low,32.3,0.87,True,True,False,,9.0,Electronics
1748,1748,Joseph,Porter,josephporter@outlook.com,-6010,,High_Value,Direct,55+,High,363.53,0.32,True,True,True,,39.0,Home
1749,1749,Chad,Moore,chad.moore@hotmail.com,-2037,,New_Customer,Email,Unknown,Premium,84.57,0.53,False,True,True,,6.0,Clothing
1750,1750,Heather,Davis,heatherdavis@yahoo.com,-9564,,Low_Value,Email,46-55,Medium,51.9,0.73,True,True,False,,11.0,Books
1751,1751,Margaret,Lewis,margaret.lewis@yahoo.com,-7826,,Medium_Value,Push,18-25,Unknown,137.78,0.49,True,True,False,,36.0,Books
1752,1752,Victor,Sullivan,victor836@hotmail.com,-10774,,Medium_Value,SMS,18-25,Low,149.26,0.44,False,False,True,,48.0,Books
1753,1753,Veronica,Lopez,veronica.lopez@yahoo.com,-2615,,High_Value,SMS,36-45,Unknown,186.1,0.29,False,True,False,,29.0,Books
1754,1754,Jacob,Austin,jacob.austin@outlook.com,-3680,,New_Customer,Push,26-35,Medium,100.67,0.67,True,True,True,,13.0,Clothing
1755,1755,Pamela,Lee,pamelalee@gmail.com,-3181,,High_Value,Direct,Unknown,High,193.91,0.29,False,False,True,,27.0,Electronics
1756,1756,Jason,Hoffman,jason974@yahoo.com,-4791,,New_Customer,Direct,55+,Medium,111.0,0.53,False,True,True,,19.0,Electronics
1757,1757,Caleb,Blankenship,caleb.blankenship@hotmail.com,-7969,,High_Value,Social,26-35,Premium,256.36,0.24,False,False,False,,9.0,Electronics
1758,1758,Jeremy,Mills,jeremy946@gmail.com,-9760,,High_Value,Direct,18-25,Premium,202.7,0.29,True,False,False,,39.0,Electronics
1759,1759,Bradley,Wood,bradley.wood@gmail.com,-2105,,Low_Value,Social,18-25,Unknown,78.99,0.87,False,True,True,,2.0,Books
1760,1760,Kathryn,Mason,kathryn577@hotmail.com,-5608,,Medium_Value,Social,26-35,Medium,80.55,0.67,False,False,False,,17.0,Beauty
1761,1761,Morgan,Thompson,morgan762@gmail.com,-3726,,Low_Value,Email,55+,Low,27.33,0.64,True,False,True,,19.0,Sports
1762,1762,Jon,Morgan,jon739@hotmail.com,-8280,,New_Customer,SMS,55+,High,138.15,0.58,False,True,False,,50.0,Electronics
1763,1763,Phillip,Lopez,phillip669@yahoo.com,-3870,,New_Customer,Direct,26-35,Low,81.3,0.53,False,True,True,,48.0,Sports
1764,1764,Juan,Lowery,juanlowery@yahoo.com,-8679,,High_Value,Email,55+,High,247.38,0.22,True,True,True,,23.0,Books
1765,1765,Janet,Lewis,janet40@gmail.com,-5114,,Low_Value,Push,Unknown,Low,92.41,0.8,False,True,False,,24.0,Beauty
1766,1766,Melanie,Ferrell,melanieferrell@gmail.com,-10665,,High_Value,SMS,46-55,Low,272.86,0.27,True,False,False,,49.0,Books
1767,1767,Cathy,Chen,cathychen@yahoo.com,-2596,,Medium_Value,Social,26-35,Premium,119.45,0.48,True,False,False,,5.0,Clothing
1768,1768,Douglas,Wu,douglas.wu@outlook.com,-5082,,Medium_Value,Social,26-35,Medium,143.92,0.58,False,False,True,,36.0,Home
1769,1769,Stacy,Charles,stacycharles@gmail.com,-4484,,Low_Value,Push,18-25,Medium,77.07,0.8,False,False,True,,32.0,Books
1770,1770,Jeffrey,Wood,jeffreywood@gmail.com,-9636,,High_Value,Email,55+,Medium,258.27,0.39,False,False,False,,36.0,Beauty
1771,1771,Daniel,Payne,daniel81@outlook.com,-9316,,Medium_Value,Push,36-45,Low,89.64,0.46,True,True,True,,43.0,Beauty
1772,1772,Patricia,Foster,patricia.foster@hotmail.com,-9141,,Low_Value,SMS,55+,Low,70.09,0.89,False,False,True,,20.0,Electronics
1773,1773,Joshua,Strong,joshua.strong@gmail.com,-7385,,Medium_Value,Email,18-25,Premium,180.58,0.52,False,True,True,,48.0,Electronics
1774,1774,Lisa,Davis,lisa957@hotmail.com,-6941,,High_Value,SMS,18-25,Unknown,433.29,0.37,True,True,True,,25.0,Clothing
1775,1775,Jeremy,Rice,jeremy65@yahoo.com,-7517,,High_Value,Push,36-45,Premium,293.37,0.25,True,True,False,,46.0,Sports
1776,1776,Jodi,Robertson,jodirobertson@gmail.com,-5972,,Low_Value,SMS,18-25,Unknown,73.55,0.63,False,False,True,,28.0,Sports
1777,1777,Albert,Williams,albertwilliams@yahoo.com,-3946,,Medium_Value,SMS,18-25,Unknown,165.36,0.4,True,False,False,,28.0,Sports
1778,1778,Jennifer,Simon,jennifersimon@gmail.com,-3719,,Low_Value,Email,55+,High,40.83,0.73,True,False,False,,1.0,Books
1779,1779,James,Mccullough,james.mccullough@yahoo.com,-7358,,Low_Value,Email,36-45,Medium,80.82,0.82,True,False,True,,42.0,Home
1780,1780,Jose,Wilkins,josewilkins@hotmail.com,-8463,,Medium_Value,Email,55+,High,148.29,0.59,False,True,True,,10.0,Clothing
1781,1781,Raven,Woodard,ravenwoodard@yahoo.com,-10404,,New_Customer,Direct,55+,Unknown,118.38,0.72,True,False,True,,32.0,Home
1782,1782,Elizabeth,Pearson,elizabeth.pearson@outlook.com,-10982,,Low_Value,Direct,55+,Low,41.98,0.66,True,True,True,,19.0,Sports
1783,1783,Larry,Lara,larrylara@yahoo.com,-10544,,Low_Value,Social,36-45,High,45.56,0.9,False,False,False,,5.0,Electronics
1784,1784,Matthew,Alexander,matthewalexander@gmail.com,-9533,,Low_Value,SMS,26-35,Medium,92.49,0.88,False,False,False,,36.0,Beauty
1785,1785,Joan,Jones,joanjones@outlook.com,-10430,,Medium_Value,Push,Unknown,Medium,186.91,0.55,True,True,True,,33.0,Books
1786,1786,Amanda,Bailey,amanda783@gmail.com,-10209,,Medium_Value,Direct,55+,Low,123.55,0.53,True,False,True,,14.0,Books
1787,1787,Kristin,Thornton,kristin825@outlook.com,-5000,,New_Customer,SMS,26-35,Premium,133.41,0.62,False,True,False,,15.0,Electronics
1788,1788,Jeffrey,Kirby,jeffrey590@gmail.com,-3645,,New_Customer,Social,46-55,Low,128.54,0.62,False,False,True,,39.0,Clothing
1789,1789,Jacob,Watkins,jacob654@yahoo.com,-10816,,High_Value,SMS,18-25,Low,356.46,0.35,True,False,False,,41.0,Clothing
1790,1790,Michael,Wolfe,michael.wolfe@outlook.com,-7744,,New_Customer,Push,Unknown,High,125.66,0.65,True,True,False,,40.0,Sports
1791,1791,Robert,Williams,robertwilliams@yahoo.com,-2271,,Medium_Value,Push,18-25,High,140.78,0.6,False,False,True,,44.0,Beauty
1792,1792,Raymond,Johnson,raymondjohnson@gmail.com,-7601,,Low_Value,Social,26-35,Unknown,64.16,0.7,False,True,False,,38.0,Clothing
1793,1793,Jennifer,Collins,jennifer950@yahoo.com,-9015,,High_Value,Push,18-25,Premium,390.29,0.24,True,False,True,,35.0,Electronics
1794,1794,Grace,Ray,grace388@yahoo.com,-7967,,Medium_Value,Direct,18-25,Premium,135.18,0.64,False,True,True,,33.0,Beauty
1795,1795,Nicholas,Vincent,nicholasvincent@gmail.com,-7675,,Medium_Value,Email,26-35,Medium,193.85,0.45,True,True,False,,11.0,Clothing
1796,1796,Norma,Mason,norma.mason@hotmail.com,-5844,,High_Value,Direct,46-55,High,212.81,0.32,False,True,False,,34.0,Books
1797,1797,Robert,Morgan,robert.morgan@outlook.com,-2638,,New_Customer,Direct,36-45,Unknown,128.07,0.67,False,True,True,,0.0,Home
1798,1798,Ronald,Clark,ronald.clark@gmail.com,-7127,,New_Customer,Push,46-55,Premium,68.52,0.73,False,True,True,,18.0,Clothing
1799,1799,Marcus,Price,marcusprice@gmail.com,-2263,,Medium_Value,Social,55+,High,155.7,0.62,False,False,False,,34.0,Home
1800,1800,Julia,Serrano,julia697@hotmail.com,-8545,,New_Customer,Email,55+,Premium,143.48,0.53,False,False,False,,12.0,Electronics
1801,1801,Sara,Sanders,sarasanders@hotmail.com,-9859,,High_Value,Direct,36-45,Premium,352.82,0.22,True,True,True,,28.0,Sports
1802,1802,Craig,Valenzuela,craig.valenzuela@yahoo.com,-10007,,Low_Value,SMS,26-35,Low,46.29,0.73,False,True,False,,31.0,Books
1803,1803,Nathaniel,Lane,nathaniel.lane@yahoo.com,-3828,,Medium_Value,Social,18-25,Low,108.92,0.44,True,False,False,,21.0,Home
1804,1804,Brett,Michael,brettmichael@yahoo.com,-10994,,Medium_Value,Social,36-45,Medium,153.94,0.55,True,False,True,,38.0,Electronics
1805,1805,James,Baxter,jamesbaxter@outlook.com,-6818,,Low_Value,Push,46-55,High,84.78,0.77,True,False,True,,43.0,Clothing
1806,1806,Martha,Gibson,martha.gibson@yahoo.com,-2974,,High_Value,Email,36-45,High,240.87,0.23,False,False,False,,43.0,Electronics
1807,1807,Patricia,Williams,patricia.williams@gmail.com,-5441,,Medium_Value,Social,46-55,Premium,82.69,0.56,True,True,False,,39.0,Books
1808,1808,Melissa,Hansen,melissa141@outlook.com,-6901,,High_Value,Direct,46-55,Low,267.56,0.29,True,True,False,,30.0,Electronics
1809,1809,Jessica,Peterson,jessicapeterson@hotmail.com,-10108,,New_Customer,Direct,55+,Premium,60.16,0.58,False,True,True,,43.0,Home
1810,1810,Marie,Dunn,mariedunn@hotmail.com,-5593,,Medium_Value,SMS,18-25,Low,99.96,0.59,False,True,False,,14.0,Books
1811,1811,Tamara,Jones,tamara.jones@hotmail.com,-10120,,Medium_Value,Social,26-35,High,77.16,0.62,False,False,False,,25.0,Beauty
1812,1812,Dana,Wolfe,dana173@gmail.com,-3958,,New_Customer,Email,26-35,Low,33.02,0.79,True,True,False,,45.0,Clothing
1813,1813,Elizabeth,Miller,elizabeth477@yahoo.com,-5317,,Medium_Value,Email,26-35,Medium,177.19,0.58,True,False,True,,21.0,Clothing
1814,1814,Brittany,Guerrero,brittany.guerrero@yahoo.com,-10489,,Low_Value,Direct,55+,Premium,82.76,0.87,True,False,False,,44.0,Sports
1815,1815,Amber,Moore,amber.moore@outlook.com,-3099,,Medium_Value,SMS,36-45,Medium,162.54,0.49,True,False,False,,1.0,Sports
1816,1816,Lindsey,Bridges,lindsey.bridges@hotmail.com,-7204,,Low_Value,Direct,18-25,Medium,47.99,0.81,False,True,True,,33.0,Electronics
1817,1817,Carlos,Harrison,carlosharrison@hotmail.com,-3811,,New_Customer,SMS,18-25,Low,113.81,0.76,True,True,False,,49.0,Home
1818,1818,Jerry,Hamilton,jerry657@yahoo.com,-8354,,Low_Value,Direct,26-35,Low,34.33,0.6,True,False,False,,0.0,Electronics
1819,1819,Shane,Lee,shane896@outlook.com,-6084,,Medium_Value,Social,55+,Premium,100.56,0.59,True,False,False,,36.0,Sports
1820,1820,Brooke,Johnson,brookejohnson@hotmail.com,-10667,,New_Customer,Social,18-25,Medium,63.2,0.77,False,True,False,,37.0,Home
1821,1821,Erik,Williams,erikwilliams@outlook.com,-4885,,High_Value,SMS,Unknown,Medium,260.24,0.38,False,False,False,,9.0,Home
1822,1822,Ethan,Olson,ethan330yahoo.com,-10124,,High_Value,Push,36-45,High,271.02,0.22,False,True,True,,34.0,Home
1823,1823,Martha,Fields,martha.fields@outlook.com,-7404,,Low_Value,SMS,18-25,High,32.91,0.64,False,False,False,,44.0,Electronics
1824,1824,Christopher,Howard,christopher75@outlook.com,-7056,,New_Customer,Direct,36-45,Premium,82.84,0.55,False,True,True,,46.0,Electronics
1825,1825,Joseph,Moyer,josephmoyer@outlook.com,-9119,,High_Value,Push,18-25,Premium,240.15,0.32,False,False,False,,18.0,Books
1826,1826,Kathleen,Nguyen,kathleen.nguyen@gmail.com,-4718,,High_Value,Direct,55+,High,402.37,0.37,True,True,False,,15.0,Electronics
1827,1827,Elizabeth,Miller,elizabeth196@gmail.com,-4722,,Low_Value,SMS,26-35,Unknown,94.62,0.61,False,False,True,,34.0,Home
1828,1828,Autumn,Thompson,autumnthompson@gmail.com,-9073,,New_Customer,Email,55+,Premium,130.52,0.58,True,False,True,,15.0,Beauty
1829,1829,Nicole,Bell,nicole932@hotmail.com,-6599,,Medium_Value,Email,55+,Medium,94.41,0.45,True,True,True,,21.0,Home
1830,1830,Lucas,Bryant,lucas16@gmail.com,-7252,,New_Customer,Push,46-55,High,52.91,0.79,False,True,True,,13.0,Clothing
1831,1831,Preston,George,preston408@outlook.com,-6198,,High_Value,Push,18-25,High,429.47,0.33,True,True,True,,49.0,Sports
1832,1832,Danielle,Smith,danielle868@outlook.com,-9982,,Medium_Value,SMS,18-25,Medium,187.11,0.66,True,False,True,,21.0,Beauty
1833,1833,Ashley,Nichols,ashley.nichols@gmail.com,-6481,,New_Customer,Direct,46-55,Low,46.72,0.78,False,True,False,,30.0,Beauty
1834,1834,Donna,Valenzuela,donna.valenzuela@hotmail.com,-4958,,Medium_Value,Direct,26-35,Premium,127.24,0.5,False,False,True,,13.0,Books
1835,1835,Brandon,Boone,brandon344@outlook.com,-6572,,Low_Value,Email,26-35,Low,61.75,0.65,True,False,False,,28.0,Books
1836,1836,Tommy,Coleman,tommycoleman@hotmail.com,-3020,,New_Customer,SMS,18-25,Premium,101.51,0.57,False,True,True,,43.0,Home
1837,1837,Logan,Knight,loganknight@yahoo.com,-3249,,Medium_Value,Email,18-25,Medium,138.7,0.6,False,False,True,,50.0,Books
1838,1838,Gina,Mendoza,gina.mendoza@hotmail.com,-9852,,Medium_Value,Direct,26-35,Premium,142.76,0.47,False,True,True,,1.0,Home
1839,1839,Brooke,King,brooke.king@yahoo.com,-1997,,Low_Value,Email,Unknown,Medium,27.37,0.61,True,False,True,,0.0,Clothing
1840,1840,Cynthia,Pitts,cynthia235@yahoo.com,-6595,,New_Customer,Email,36-45,Unknown,86.85,0.51,False,True,True,,41.0,Sports
1841,1841,Mark,Garrett,mark7@gmail.com,-5029,,High_Value,Direct,26-35,High,323.71,0.26,True,True,False,,16.0,Clothing
1842,1842,Jennifer,Spears,jennifer.spears@yahoo.com,-3601,,New_Customer,Direct,46-55,Low,111.79,0.61,False,True,False,,4.0,Electronics
1843,1843,Gary,Williams,gary.williams@outlook.com,-9644,,Medium_Value,Email,55+,Low,197.21,0.61,True,True,False,,2.0,Books
1844,1844,Aaron,Marks,aaron.marks@hotmail.com,-4052,,Low_Value,SMS,46-55,Medium,40.43,0.75,False,True,True,,8.0,Beauty
1845,1845,Mason,Green,mason.green@yahoo.com,-3261,,Low_Value,SMS,36-45,Low,92.62,0.64,False,True,True,,2.0,Clothing
1846,1846,Michelle,Wilson,michellewilson@yahoo.com,-2556,,New_Customer,Push,55+,Premium,131.95,0.76,True,False,True,,6.0,Electronics
1847,1847,Michael,Trujillo,michaeltrujillo@yahoo.com,-10602,,Low_Value,Push,Unknown,High,65.59,0.64,False,True,True,,27.0,Sports
1848,1848,Daniel,Bryant,daniel.bryant@yahoo.com,-9645,,High_Value,Social,18-25,Unknown,162.61,0.37,True,False,False,,20.0,Electronics
1849,1849,Tyler,Palmer,tyler.palmer@hotmail.com,-5357,,Low_Value,Email,18-25,Medium,46.23,0.73,True,False,True,,36.0,Home
1850,1850,David,Kim,david292@hotmail.com,-4629,,Low_Value,Direct,36-45,Medium,27.28,0.83,True,True,False,,27.0,Home
1851,1851,Carmen,Torres,carmen528@gmail.com,-3458,,Low_Value,Social,26-35,Premium,89.88,0.87,True,False,True,,11.0,Books
1852,1852,Joseph,Ramirez,joseph.ramirez@hotmail.com,-3953,,Medium_Value,SMS,55+,Unknown,122.35,0.43,False,False,False,,15.0,Books
1853,1853,Dean,Townsend,dean519@gmail.com,-4775,,Low_Value,Social,18-25,High,81.83,0.86,False,True,True,,23.0,Electronics
1854,1854,Timothy,Blankenship,timothy104@gmail.com,-4965,,Medium_Value,Email,36-45,High,140.41,0.47,False,False,True,,3.0,Clothing
1855,1855,Jesse,Ramirez,jesseramirez@gmail.com,-10483,,Medium_Value,SMS,18-25,Low,140.56,0.56,True,True,False,,47.0,Home
1856,1856,Christopher,Turner,christopherturner@gmail.com,-11143,,High_Value,Push,18-25,Low,200.46,0.29,True,True,False,,4.0,Sports
1857,1857,Patricia,Dunn,patriciadunn@outlook.com,-9718,,High_Value,Social,18-25,High,231.92,0.39,True,False,True,,7.0,Home
1858,1858,Michael,Barnett,michaelbarnett@gmail.com,-4561,,Medium_Value,Direct,18-25,High,182.32,0.47,False,False,False,,7.0,Home
1859,1859,Sara,Morgan,sara.morgan@outlook.com,-5981,,New_Customer,Social,36-45,High,133.0,0.71,True,False,True,,50.0,Clothing
1860,1860,Kelly,Carlson,kelly.carlson@outlook.com,-2718,,Low_Value,Push,55+,Medium,65.63,0.7,False,False,False,,9.0,Sports
1861,1861,Cameron,Lawrence,cameron.lawrence@yahoo.com,-9442,,Low_Value,Email,26-35,Premium,47.46,0.76,False,False,True,,5.0,Sports
1862,1862,Jared,Olson,jaredolson@hotmail.com,-4543,,Low_Value,Email,18-25,Premium,43.34,0.6,False,True,False,,47.0,Books
1863,1863,Alexander,Murray,alexandermurray@gmail.com,-5639,,Low_Value,Push,26-35,Medium,55.16,0.74,False,True,True,,32.0,Electronics
1864,1864,Sarah,Winters,sarahwinters@hotmail.com,-5864,,Low_Value,Social,55+,Premium,66.69,0.78,False,False,True,,13.0,Books
1865,1865,Robin,Swanson,robin260@outlook.com,-8759,,Low_Value,Email,26-35,Low,88.67,0.87,True,False,True,,33.0,Electronics
1866,1866,Jade,Edwards,jadeedwards@outlook.com,-10263,,High_Value,Direct,55+,Premium,360.15,0.39,True,False,True,,27.0,Clothing
1867,1867,Mary,Molina,marymolina@gmail.com,-10274,,Low_Value,Push,18-25,High,53.83,0.75,False,True,True,,26.0,Home
1868,1868,Carrie,Gibson,carriegibson@hotmail.com,-6783,,Medium_Value,Social,36-45,Unknown,136.6,0.61,False,False,True,,7.0,Home
1869,1869,James,Mcpherson,james.mcpherson@gmail.com,-4091,,New_Customer,Social,36-45,Premium,83.42,0.64,True,True,True,,34.0,Books
1870,1870,Kimberly,Powell,kimberly416@gmail.com,-6441,,New_Customer,Push,55+,Premium,121.53,0.73,True,True,True,,8.0,Beauty
1871,1871,Kristina,Wheeler,kristinawheeler@outlook.com,-2894,,New_Customer,Direct,55+,Low,96.23,0.53,True,False,True,,47.0,Beauty
1872,1872,Chelsea,Ferguson,chelsea735@hotmail.com,-9739,,High_Value,Direct,36-45,Medium,383.17,0.31,False,False,True,,8.0,Books
1873,1873,Drew,Mclean,drew822@gmail.com,-3186,,New_Customer,Email,36-45,Low,136.68,0.64,False,False,False,,41.0,Sports
1874,1874,Kathleen,Mills,kathleen.mills@gmail.com,-8811,,Medium_Value,Direct,18-25,High,100.57,0.43,True,True,True,,39.0,Sports
1875,1875,Brandon,Gould,brandon.gould@outlook.com,-10008,,High_Value,Social,36-45,Low,392.58,0.24,True,False,True,,41.0,Sports
1876,1876,Neil,Christensen,neil845@hotmail.com,-5235,,Medium_Value,Push,36-45,Premium,76.51,0.51,True,False,True,,40.0,Electronics
1877,1877,Nathan,Ramirez,nathanramirez@outlook.com,-4067,,Low_Value,Push,46-55,Premium,58.04,0.79,True,False,False,,38.0,Home
1878,1878,Joshua,Smith,joshua.smith@outlook.com,-10342,,Medium_Value,SMS,26-35,Medium,188.44,0.57,False,False,False,,34.0,Home
1879,1879,Joseph,Medina,joseph.medina@yahoo.com,-9337,,High_Value,Email,55+,Low,434.61,0.39,True,True,True,,42.0,Home
1880,1880,Jose,Pope,jose.pope@hotmail.com,-6826,,Medium_Value,Email,18-25,Medium,95.45,0.59,False,False,False,,35.0,Books
1881,1881,Kyle,Cruz,kylecruz@hotmail.com,-9688,,Low_Value,Email,26-35,Low,54.01,0.65,True,True,True,,26.0,Home
1882,1882,Lee,Stafford,lee.stafford@hotmail.com,-7633,,New_Customer,SMS,55+,Low,132.9,0.59,False,False,True,,7.0,Sports
1883,1883,Ashley,Moss,ashley935@hotmail.com,-2861,,Low_Value,Social,46-55,Premium,27.99,0.66,True,False,False,,48.0,Clothing
1884,1884,Patrick,Welch,patrick.welch@outlook.com,-3917,,High_Value,Push,26-35,Medium,450.12,0.24,True,False,False,,14.0,Beauty
1885,1885,Haley,Clark,haley.clark@outlook.com,-10528,,Low_Value,Push,55+,High,69.43,0.78,True,True,True,,40.0,Sports
1886,1886,Christopher,Meyer,christopher.meyer@gmail.com,-9170,,High_Value,SMS,46-55,High,463.6,0.21,False,True,True,,30.0,Books
1887,1887,Kevin,Johnson,kevin75@hotmail.com,-7919,,Medium_Value,Email,18-25,Low,181.96,0.58,True,True,True,,32.0,Clothing
1888,1888,Phillip,Hodges,philliphodges@outlook.com,-2735,,Medium_Value,Email,26-35,Medium,160.53,0.58,False,True,True,,50.0,Clothing
1889,1889,Shannon,Bryan,shannonbryan@yahoo.com,-6273,,Medium_Value,Email,36-45,Premium,110.41,0.44,False,False,False,,28.0,Beauty
1890,1890,Rebecca,Black,rebecca.black@outlook.com,-7484,,Low_Value,SMS,18-25,Medium,77.38,0.68,True,False,True,,41.0,Clothing
1891,1891,Connie,Hayes,connie.hayes@gmail.com,-8065,,New_Customer,SMS,55+,Medium,57.23,0.69,False,False,False,,33.0,Electronics
1892,1892,Brian,Reed,brianreed@hotmail.com,-3732,,New_Customer,Direct,26-35,Low,144.29,0.54,True,False,True,,18.0,Clothing
1893,1893,Catherine,Melton,catherinemelton@yahoo.com,-6369,,High_Value,Email,26-35,Low,277.08,0.38,False,True,True,,16.0,Home
1894,1894,Debra,Thornton,debra658@hotmail.com,-4981,,Low_Value,Email,18-25,Premium,61.71,0.7,True,False,True,,49.0,Books
1895,1895,David,Torres,david506@outlook.com,-3472,,Medium_Value,Email,46-55,Low,164.32,0.7,True,True,True,,26.0,Electronics
1896,1896,Brianna,Ryan,briannaryan@yahoo.com,-6842,,Low_Value,Social,55+,Low,56.8,0.84,False,False,True,,29.0,Electronics
1897,1897,Robert,Erickson,robert.erickson@gmail.com,-7396,,Medium_Value,Social,26-35,High,115.24,0.52,False,True,False,,42.0,Sports
1898,1898,Kyle,Haas,kyle.haas@yahoo.com,-8791,,New_Customer,SMS,36-45,Medium,103.06,0.58,True,True,False,,8.0,Clothing
1899,1899,Carlos,Bennett,carlosbennett@outlook.com,-6725,,Medium_Value,Direct,36-45,Medium,122.72,0.43,False,False,True,,0.0,Sports
1900,1900,Joshua,Becker,joshuabecker@hotmail.com,-5274,,Low_Value,SMS,46-55,Medium,37.34,0.82,False,True,False,,30.0,Home
1901,1901,Joann,Williams,joannwilliams@gmail.com,-6177,,Low_Value,Social,26-35,Low,85.21,0.71,True,True,True,,33.0,Sports
1902,1902,Nancy,Anderson,nancy885@gmail.com,-7380,,Medium_Value,Email,36-45,Low,80.72,0.49,True,False,True,,5.0,Home
1903,1903,Donald,Shepherd,donald514@outlook.com,-9719,,Low_Value,SMS,36-45,Low,48.6,0.73,False,False,True,,42.0,Sports
1904,1904,Rodney,Fitzpatrick,rodney.fitzpatrick@yahoo.com,-3549,,Medium_Value,Email,46-55,Low,158.07,0.43,False,False,True,,44.0,Electronics
1905,1905,Dean,Mendoza,dean982@hotmail.com,-5981,,Medium_Value,Push,46-55,Premium,91.9,0.44,False,True,True,,3.0,Beauty
1906,1906,April,Smith,april842@hotmail.com,-2574,,Medium_Value,Push,46-55,Premium,181.61,0.67,False,True,True,,16.0,Clothing
1907,1907,Kimberly,Yang,kimberly552@gmail.com,-8785,,High_Value,Social,18-25,Premium,169.79,0.37,True,True,False,,30.0,Books
1908,1908,Nicole,Dixon,nicole.dixon@hotmail.com,-4996,,High_Value,Email,46-55,Medium,499.05,0.3,False,True,True,,29.0,Clothing
1909,1909,Anthony,Rodriguez,anthony601@hotmail.com,-6528,,Low_Value,SMS,55+,Medium,27.44,0.85,False,True,False,,50.0,Books
1910,1910,Christopher,Drake,christopher.drake@hotmail.com,-5978,,Low_Value,Email,26-35,Premium,42.89,0.62,True,True,False,,36.0,Books
1911,1911,Melissa,Todd,melissa453@gmail.com,-10528,,Medium_Value,Direct,Unknown,Low,158.96,0.47,True,True,False,,4.0,Home
1912,1912,Michael,Rodriguez,michaelrodriguez@yahoo.com,-10410,,Low_Value,Direct,26-35,Medium,69.68,0.77,False,True,False,,43.0,Sports
1913,1913,Ryan,Lopez,ryanlopez@gmail.com,-4822,,Medium_Value,Email,18-25,Low,112.29,0.55,True,True,True,,14.0,Books
1914,1914,Alexandra,Freeman,alexandra456@yahoo.com,-6111,,Medium_Value,Social,Unknown,Low,122.79,0.58,False,True,False,,46.0,Home
1915,1915,Jeffrey,Esparza,jeffrey.esparza@outlook.com,-2783,,New_Customer,Direct,26-35,Medium,45.04,0.68,True,False,False,,12.0,Electronics
1916,1916,Jennifer,Campbell,jennifercampbell@gmail.com,-3689,,New_Customer,Email,18-25,Medium,119.84,0.6,True,True,True,,6.0,Clothing
1917,1917,Robert,Norton,robert905@gmail.com,-4118,,New_Customer,SMS,Unknown,Low,80.66,0.52,True,True,False,,40.0,Home
1918,1918,Bryan,Howell,bryan.howell@yahoo.com,-1973,,High_Value,SMS,26-35,Premium,411.55,0.29,True,True,True,,48.0,Home
1919,1919,Bryce,Cortez,bryce951@gmail.com,-10456,,Low_Value,SMS,36-45,Low,62.25,0.74,False,False,True,,38.0,Beauty
1920,1920,Mary,Hall,mary.hall@gmail.com,-5060,,Medium_Value,SMS,46-55,Low,85.83,0.54,True,True,False,,28.0,Books
1921,1921,Erin,Cole,erincole@outlook.com,-3788,,Low_Value,Push,36-45,High,99.69,0.7,True,True,False,,6.0,Sports
1922,1922,Richard,Hardy,richardhardy@yahoo.com,-10251,,High_Value,Direct,36-45,Medium,453.11,0.31,True,False,True,,2.0,Books
1923,1923,Jillian,Griffin,jillian.griffin@gmail.com,-4230,,Medium_Value,Email,36-45,Unknown,102.85,0.64,False,True,True,,6.0,Clothing
1924,1924,Ronald,Salazar,ronaldsalazar@hotmail.com,-3589,,Medium_Value,Email,26-35,Unknown,138.8,0.54,False,False,False,,4.0,Beauty
1925,1925,Lisa,House,lisa.house@gmail.com,-8794,,High_Value,Push,36-45,Premium,441.55,0.39,False,False,True,,40.0,Electronics
1926,1926,Amanda,Ellis,amandaellis@outlook.com,-3301,,High_Value,Direct,55+,Low,168.24,0.29,True,True,False,,17.0,Sports
1927,1927,Amy,Ball,amyball@yahoo.com,-10061,,New_Customer,Email,55+,Unknown,52.19,0.58,True,False,True,,9.0,Electronics
1928,1928,Michelle,King,michelleking@yahoo.com,-7792,,Low_Value,Email,46-55,High,27.89,0.88,False,False,True,,29.0,Clothing
1929,1929,Karina,Johnson,karina.johnson@hotmail.com,-4048,,Medium_Value,Push,18-25,High,166.02,0.49,False,False,True,,12.0,Electronics
1930,1930,Toni,Reilly,toni611@yahoo.com,-5463,,New_Customer,Email,55+,Unknown,32.58,0.57,True,True,True,,47.0,Electronics
1931,1931,Marcia,Martin,marciamartin@hotmail.com,-4313,,New_Customer,Direct,26-35,Premium,127.53,0.68,True,False,False,,34.0,Clothing
1932,1932,Rebecca,Wheeler,rebecca.wheeler@yahoo.com,-2575,,High_Value,Email,18-25,Medium,295.4,0.24,False,True,True,,45.0,Home
1933,1933,James,Wallace,james.wallace@outlook.com,-10070,,New_Customer,Social,55+,Low,81.06,0.63,True,False,False,,5.0,Sports
1934,1934,Justin,Smith,justin.smith@gmail.com,-10442,,New_Customer,Social,26-35,Low,71.89,0.72,False,False,False,,43.0,Home
1935,1935,Darren,Miller,darren139@yahoo.com,-4023,,Low_Value,Direct,18-25,Medium,33.58,0.87,True,True,False,,19.0,Books
1936,1936,Brian,Walker,brian.walker@outlook.com,-6998,,Low_Value,Push,46-55,Premium,36.16,0.7,False,False,False,,7.0,Home
1937,1937,Kristin,Clark,kristin764@gmail.com,-6153,,Low_Value,Push,46-55,Low,38.98,0.62,False,False,False,,6.0,Clothing
1938,1938,Joseph,Marshall,joseph768@yahoo.com,-2443,,High_Value,SMS,55+,Low,295.18,0.34,False,False,False,,5.0,Clothing
1939,1939,April,Roberts,april833@hotmail.com,-3535,,Medium_Value,Email,55+,Low,166.28,0.43,False,False,True,,28.0,Clothing
1940,1940,Christopher,Johnston,christopher918@hotmail.com,-6130,,Low_Value,Push,46-55,Unknown,78.53,0.75,True,False,False,,27.0,Electronics
1941,1941,Michael,Brown,michael.brown@hotmail.com,-8904,,High_Value,Email,36-45,Low,491.92,0.35,False,False,False,,25.0,Beauty
1942,1942,Melissa,Miller,melissa87@gmail.com,-9843,,New_Customer,Push,26-35,Medium,63.73,0.72,True,True,False,,22.0,Clothing
1943,1943,Rebecca,Arnold,rebecca.arnold@gmail.com,-9638,,High_Value,Social,18-25,Low,279.33,0.33,False,False,True,,4.0,Books
1944,1944,Courtney,Morgan,courtneymorgan@outlook.com,-4804,,High_Value,Direct,36-45,Unknown,243.16,0.36,True,False,False,,0.0,Books
1945,1945,Brandon,Wade,brandon.wade@yahoo.com,-7112,,New_Customer,Push,18-25,Premium,44.64,0.8,False,False,True,,22.0,Clothing
1946,1946,Mark,Gutierrez,mark468@gmail.com,-8584,,Low_Value,Direct,Unknown,Low,68.63,0.65,True,False,True,,5.0,Electronics
1947,1947,Jesse,Harrison,jesse.harrison@hotmail.com,-5793,,High_Value,Push,55+,Medium,252.05,0.29,True,True,False,,16.0,Books
1948,1948,Robert,Smith,robertsmith@outlook.com,-3960,,High_Value,Email,Unknown,Premium,161.41,0.2,False,False,False,,10.0,Beauty
1949,1949,Kenneth,Kirk,kennethkirk@yahoo.com,-9896,,Medium_Value,SMS,36-45,High,125.14,0.52,True,True,False,,39.0,Electronics
1950,1950,Patricia,Thomas,patriciathomas@hotmail.com,-5044,,Medium_Value,Email,55+,High,138.86,0.43,False,True,True,,35.0,Electronics
1951,1951,Gloria,Lopez,gloria.lopez@outlook.com,-2249,,New_Customer,Social,18-25,Low,111.59,0.74,False,False,True,,18.0,Books
1952,1952,Kristen,Ferguson,kristen.ferguson@outlook.com,-10732,,High_Value,Direct,46-55,Medium,404.17,0.32,False,False,True,,38.0,Electronics
1953,1953,Phyllis,Scott,phyllisscott@outlook.com,-7283,,High_Value,Social,46-55,Medium,469.08,0.37,False,False,False,,0.0,Beauty
1954,1954,Robert,Smith,robert674@gmail.com,-7632,,Medium_Value,SMS,55+,Low,101.26,0.53,False,True,True,,44.0,Home
1955,1955,Joshua,Dennis,joshua290@outlook.com,-10324,,New_Customer,Direct,46-55,Medium,122.4,0.53,False,False,False,,47.0,Beauty
1956,1956,Duane,Beasley,duane.beasley@outlook.com,-10063,,Low_Value,Direct,26-35,Low,98.49,0.61,True,False,False,,41.0,Home
1957,1957,Jose,Rhodes,joserhodes@hotmail.com,-3285,,New_Customer,Email,55+,Medium,106.67,0.71,False,True,False,,4.0,Beauty
1958,1958,Scott,Brown,scottbrown@hotmail.com,-10121,,Medium_Value,Push,36-45,Medium,130.54,0.46,True,False,True,,36.0,Sports
1959,1959,Benjamin,Bell,benjamin.bell@outlook.com,-5148,,Low_Value,Direct,55+,Medium,55.1,0.76,False,True,True,,0.0,Home
1960,1960,Heather,Mendez,heathermendez@gmail.com,-10477,,Medium_Value,Email,55+,High,150.95,0.66,True,True,False,,8.0,Books
1961,1961,Kimberly,Molina,kimberly.molina@gmail.com,-10117,,Medium_Value,Direct,55+,High,198.04,0.45,False,False,False,,26.0,Clothing
1962,1962,Rodney,Lopez,rodneylopez@hotmail.com,-9943,,New_Customer,Social,46-55,Unknown,136.51,0.6,False,True,True,,44.0,Home
1963,1963,Rebecca,Hunter,rebecca452@gmail.com,-3226,,Low_Value,Push,18-25,Premium,97.77,0.82,False,False,True,,7.0,Beauty
1964,1964,Brittany,Haynes,brittany.haynes@gmail.com,-3479,,New_Customer,Email,55+,Medium,117.59,0.54,True,True,True,,18.0,Home
1965,1965,Stephen,Gonzalez,stephen.gonzalez@hotmail.com,-3423,,Medium_Value,Social,36-45,Premium,106.55,0.7,False,False,False,,6.0,Beauty
1966,1966,James,Cowan,jamescowan@outlook.com,-5083,,New_Customer,Direct,26-35,Medium,149.43,0.51,True,True,True,,47.0,Books
1967,1967,Stephanie,Aguilar,stephanie.aguilar@yahoo.com,-7687,,New_Customer,Social,26-35,Low,86.33,0.53,False,True,False,,27.0,Home
1968,1968,Gabriella,Turner,gabriella921@outlook.com,-8947,,Medium_Value,Social,18-25,Medium,172.36,0.58,True,True,False,,39.0,Beauty
1969,1969,Stephanie,Gonzalez,stephanie895@yahoo.com,-5995,,New_Customer,SMS,Unknown,Medium,131.34,0.51,True,False,True,,39.0,Beauty
1970,1970,John,Choi,john.choi@yahoo.com,-10555,,New_Customer,Email,26-35,Premium,63.35,0.73,True,False,True,,3.0,Books
1971,1971,Timothy,Howard,timothy.howard@outlook.com,-7187,,High_Value,SMS,36-45,High,388.32,0.28,True,True,False,,45.0,Electronics
1972,1972,Yvette,Smith,yvettesmith@hotmail.com,-8101,,New_Customer,Social,36-45,High,31.9,0.72,True,True,False,,24.0,Books
1973,1973,Amber,Bishop,amber675@gmail.com,-7226,,New_Customer,Direct,Unknown,Premium,54.72,0.65,False,False,False,,29.0,Clothing
1974,1974,Jessica,Armstrong,jessica77@outlook.com,-7871,,High_Value,Push,18-25,High,215.89,0.24,True,True,False,,50.0,Electronics
1975,1975,Sydney,Pierce,sydney863@yahoo.com,-7165,,New_Customer,Push,36-45,Low,124.51,0.72,True,True,False,,14.0,Sports
1976,1976,David,Daniels,daviddaniels@outlook.com,-10398,,New_Customer,Email,55+,Premium,98.1,0.67,True,False,True,,13.0,Books
1977,1977,Angela,Barnett,angela.barnett@hotmail.com,-5547,,Low_Value,Email,18-25,Medium,78.72,0.71,True,False,False,,21.0,Sports
1978,1978,Steven,Miller,steven.miller@gmail.com,-8169,,High_Value,SMS,18-25,Medium,274.51,0.37,False,True,False,,38.0,Clothing
1979,1979,Wendy,Pham,wendypham@gmail.com,-10864,,New_Customer,Push,26-35,Premium,106.48,0.69,False,False,True,,47.0,Home
1980,1980,Daniel,Woods,daniel496@hotmail.com,-10462,,High_Value,SMS,18-25,Medium,428.91,0.38,True,True,False,,47.0,Home
1981,1981,Dustin,Robinson,dustin.robinson@gmail.com,-3080,,New_Customer,SMS,36-45,Medium,66.6,0.76,True,True,False,,33.0,Home
1982,1982,Derrick,Schwartz,derrick.schwartz@gmail.com,-4201,,New_Customer,Social,46-55,Premium,133.07,0.57,True,False,False,,1.0,Beauty
1983,1983,Christopher,Lang,christopher720@hotmail.com,-2596,,High_Value,Email,46-55,Medium,357.89,0.37,True,False,True,,1.0,Electronics
1984,1984,John,Brown,johnbrown@hotmail.com,-7351,,High_Value,SMS,Unknown,Medium,223.67,0.36,True,True,True,,32.0,Beauty
1985,1985,Andrew,Fowler,andrewfowler@yahoo.com,-11322,,Medium_Value,Social,55+,Medium,162.34,0.65,False,False,False,,45.0,Clothing
1986,1986,Victor,Fitzgerald,victor569@outlook.com,-5303,,Medium_Value,Direct,36-45,High,86.01,0.41,True,True,True,,13.0,Beauty
1987,1987,Timothy,Parker,timothyparker@yahoo.com,-3718,,Medium_Value,Email,55+,Low,115.26,0.42,True,False,True,,44.0,Sports
1988,1988,Jennifer,Patel,jenniferpatel@gmail.com,-3023,,High_Value,SMS,26-35,High,328.87,0.25,True,False,True,,3.0,Clothing
1989,1989,Rita,Joyce,rita.joyce@hotmail.com,-11095,,Medium_Value,SMS,Unknown,High,187.11,0.59,True,False,False,,7.0,Clothing
1990,1990,Shane,Maldonado,shane262@hotmail.com,-6588,,Low_Value,SMS,26-35,High,81.21,0.66,False,False,True,,30.0,Beauty
1991,1991,Tina,Day,tinaday@outlook.com,-2165,,Low_Value,Email,46-55,Medium,34.97,0.74,True,False,True,,36.0,Books
1992,1992,Corey,Thomas,corey91@hotmail.com,-4611,,Medium_Value,Direct,46-55,Premium,105.07,0.59,True,False,False,,48.0,Books
1993,1993,Chase,Cox,chasecox@hotmail.com,-9009,,New_Customer,SMS,26-35,Low,36.79,0.59,True,True,False,,35.0,Books
1994,1994,Jennifer,Thompson,jenniferthompson@gmail.com,-6634,,High_Value,Direct,55+,Medium,486.59,0.22,True,False,False,,0.0,Clothing
1995,1995,Natalie,Brown,natalie.brown@gmail.com,-5907,,Medium_Value,Direct,36-45,Medium,189.03,0.42,True,True,False,,2.0,Electronics
1996,1996,Peter,Moore,peter.moore@yahoo.com,-8329,,Medium_Value,Direct,36-45,Medium,124.3,0.54,False,False,False,,20.0,Books
1997,1997,Manuel,Watson,manuel.watson@yahoo.com,-9611,,Low_Value,Direct,18-25,Premium,77.35,0.87,True,False,True,,48.0,Home
1998,1998,Karen,Smith,karen.smith@outlook.com,-6936,,High_Value,Direct,36-45,Medium,183.99,0.2,True,True,False,,44.0,Beauty
1999,1999,Andrew,Morales,andrew.morales@yahoo.com,-9083,,New_Customer,Push,55+,Medium,55.37,0.66,False,True,True,,30.0,Home
2000,2000,Mary,Roberts,mary953@hotmail.com,-3368,,New_Customer,Direct,46-55,High,122.68,0.68,True,False,True,,42.0,Electronics
-1,-1,Unknown,,,,,Unknown,Unknown,Unknown,Unknown,,,,,,,,Unknown
