product_key,product_id,product_category
762411714070839319,492,Home
512610361105018554,491,Electronics
557975283058193433,447,Home
269066334754545457,91,Electronics
956589881130540076,646,Sports
198320239037364004,710,Books
1098718886596327092,881,Sports
479145051080035326,289,Home
690520812566217119,747,Sports
987642359196783933,565,Books
240550714578432222,475,Beauty
832278046774654014,114,Books
465231253940350326,871,Home
918362924067816106,125,Books
68393893889575024,866,Electronics
779105422600272568,301,Electronics
822665179822988972,605,Beauty
695667004171883551,185,Home
414908224761353333,673,Clothing
1137963656287879344,964,Electronics
841019326852954165,527,Books
695804801850972499,3,Beauty
682119591434801168,562,Electronics
989468669447230064,174,Beauty
1030329251957780646,44,Sports
778941814281403363,465,Beauty
1013061252918756925,867,Home
941060771521902952,43,Clothing
730477444316237973,188,Books
955461622208750155,652,Clothing
469382188015132989,455,Electronics
904248215132061716,396,Home
10083189445721899,36,Beauty
103735105991995785,133,Sports
303906772451889541,569,Sports
675748649942338092,748,Beauty
398104192980947426,192,Sports
334423420006198759,170,Clothing
279719230772713360,796,Electronics
881865285198797610,980,Books
440510659030430573,898,Books
1050283912116246443,317,Electronics
129423779245290414,530,Home
493677476495337028,165,Electronics
1097966885678747330,821,Beauty
904874690753437506,699,Sports
335837670795972177,493,Beauty
702533507059213118,200,Books
35114610212419350,615,Beauty
40824886902963225,57,Electronics
192130492325309899,533,Sports
457887346471348042,785,Sports
989547214458324939,448,Clothing
534320591942586198,588,Books
652792085077204706,292,Sports
433229385574621052,288,Electronics
66113467944809491,781,Clothing
118207504313900297,845,Clothing
655925696279906973,826,Sports
397430300211496825,505,Beauty
189100856372242226,998,Beauty
340403532389584877,263,Beauty
158820617713348904,522,Home
895136568928472725,443,Beauty
293885812888977277,957,Home
532030886710701651,959,Books
918202574309474067,415,Sports
675938541445632675,312,Electronics
735313394519524909,963,Beauty
301492599291773679,804,Electronics
18477004385381019,222,Home
763290432970191348,899,Electronics
751983197180137374,916,Electronics
904053632646346069,763,Clothing
1125660183972349160,184,Home
557199239767025629,444,Electronics
816134696207970322,365,Clothing
91100533862715296,952,Books
376258515677608595,755,Beauty
370290163485434864,206,Beauty
761110364284056145,536,Clothing
711351983005149260,143,Electronics
574340031630293747,50,Electronics
32589069237040454,192,Beauty
874879750178073801,31,Electronics
49660252460415990,342,Books
747253972775359239,955,Books
1133749287387336292,951,Electronics
582072021137226414,173,Beauty
285601015219660919,336,Beauty
1066939609635934998,974,Sports
617726459220776717,198,Electronics
1023605158716935737,347,Home
235801706415287547,753,Sports
316827750954310052,957,Clothing
195370070379730117,303,Clothing
1055355475302619910,734,Beauty
520556713600938913,228,Electronics
489647536697109569,103,Sports
615982984317616718,726,Home
129068242873431560,633,Electronics
1129191063859972636,284,Home
687642293158899936,192,Home
424095753740405127,191,Books
1066420728883577196,557,Clothing
233689691866553929,358,Electronics
474645352806617029,555,Sports
354852845363079266,733,Books
369913065209952575,784,Home
218090304716366790,414,Clothing
797112347157600879,48,Sports
906404718171970184,707,Home
62590543769992390,673,Sports
657715501115218805,582,Sports
848401063852216186,42,Books
477686397655363518,836,Home
574514827831475183,885,Clothing
408387305222333921,643,Books
1059460998643192453,120,Sports
506225684936518502,817,Clothing
596842982405347813,198,Clothing
603507915018774719,399,Clothing
512293531487409410,425,Beauty
476101795735142477,360,Books
564271392076960931,899,Clothing
1090570285294155178,537,Home
115957712662050323,830,Home
884252215860465992,69,Books
126236783992801098,612,Beauty
412190061861196855,466,Books
758346688074066517,357,Beauty
750612640894150328,257,Home
905783442208209460,259,Electronics
181951347382140105,521,Sports
384358675402340434,787,Clothing
811040198866978376,354,Books
194533064569183759,201,Home
597103878887022180,663,Home
365471671005908907,75,Clothing
18730725156531983,541,Clothing
1095734444159554250,987,Beauty
958733800057992854,782,Beauty
498806545556576242,374,Sports
478595370703532765,483,Sports
1027477042483620189,1000,Clothing
1039938485926980172,900,Home
202422285097106144,110,Books
11718135266388936,894,Sports
232966228815030844,204,Electronics
830450976733437053,492,Sports
332942149259677887,783,Beauty
993235164851379809,910,Sports
537916612523164350,119,Clothing
444077544043780443,437,Home
597183748182687724,571,Books
204937529438437850,833,Sports
746359629003726562,414,Sports
916316004815989859,609,Home
266975109529303638,818,Clothing
1090738378278895303,938,Electronics
313789508754208159,687,Electronics
1023434182505346175,134,Books
856552134179962218,210,Books
12131983337679643,428,Clothing
209261723413384525,277,Books
963517390164830471,187,Sports
199882962470869302,213,Books
612571636348586857,451,Clothing
789465300911088507,381,Home
467561644916081511,773,Electronics
689166718590862676,322,Electronics
376217832713192184,158,Home
774216039593033609,779,Sports
623114872718020040,509,Beauty
1057205231892458633,307,Sports
952763500598922531,109,Clothing
30554610423188645,901,Home
726475405877472179,425,Books
1060288073957291158,621,Electronics
693542752912545259,887,Beauty
1142854291035385057,999,Books
138497490508995806,322,Clothing
65744348506170474,901,Sports
1137014945669566823,617,Sports
836276636620704566,117,Beauty
519372779159844208,914,Clothing
1117609148862796759,732,Sports
584016061955138869,236,Electronics
653092097701770626,754,Books
53234692894932557,651,Books
483598723879425195,77,Books
587402326756644935,518,Sports
786410965132723477,820,Sports
321185163757030218,288,Books
197136729980611747,557,Sports
377764123813895557,826,Books
31684048187818066,756,Sports
64020430666332029,974,Home
1110475496978339816,743,Sports
989194781576950446,47,Home
865666576495718083,408,Books
931863723002783499,824,Beauty
764658516990408631,201,Books
56664268086955695,619,Clothing
741690860894698785,511,Sports
6738886543509807,306,Home
398339519756850515,648,Sports
415489718788019865,44,Beauty
250323764700867657,613,Beauty
844652394333241119,23,Beauty
733394965865734797,791,Books
560458019998355866,236,Sports
116448605983011206,249,Books
902768700918573530,332,Home
66664474817960011,440,Electronics
287611405642438631,213,Beauty
450971893351506261,348,Beauty
37198808720219327,112,Clothing
325625564684349236,833,Clothing
553066080112408244,523,Beauty
226347889670606003,92,Books
744979187999998833,225,Sports
739405062948424387,293,Home
308420809716003741,152,Clothing
89095882509320161,538,Sports
438193787237965060,544,Beauty
657375210260373046,744,Beauty
134629540842395325,233,Books
341596935078489402,636,Sports
564871542841848807,917,Books
896200558239839207,296,Sports
907608991072683621,296,Home
214876936080005862,482,Beauty
237656684364919126,203,Clothing
35567794057373240,59,Books
771510821175301192,985,Beauty
220646449896059475,606,Beauty
564116409394905601,528,Books
479428286702240572,558,Clothing
101329576800121459,565,Electronics
509166923082166855,933,Home
488813496023701068,550,Sports
361749022520164049,92,Electronics
757449917808717939,153,Beauty
88671434156479216,308,Sports
665517121189884906,316,Home
909578950949848523,156,Sports
981305324242471598,416,Home
150956933597220336,559,Home
452411926939627067,177,Home
1137206463246720997,359,Clothing
462963850152494233,72,Beauty
701894612964716778,688,Beauty
1138868185216715911,676,Electronics
189454763128605544,642,Beauty
882437640037238488,345,Electronics
602620528199926676,400,Sports
994968264207095155,360,Home
355025147323165598,778,Beauty
660144286295079965,52,Beauty
1037446508397182468,172,Clothing
273008473311018064,551,Sports
165432769176946319,441,Sports
936377752014535636,386,Sports
1041322757985554324,311,Electronics
439851946885301232,544,Sports
171497799878074385,184,Clothing
883764662697782422,637,Books
594874992834925135,280,Books
656109024313985019,706,Books
687568642477751205,333,Home
606679687804152206,373,Electronics
1041890852674954492,351,Books
1007304326490128406,259,Clothing
612676704860560398,463,Books
839567745653044539,467,Clothing
466032691398412639,935,Electronics
1014291648876672970,113,Home
70792359631535581,490,Beauty
365341269528138854,783,Sports
564713155945800102,561,Books
943288169309815208,816,Clothing
1001160855755866467,635,Sports
895877511731376207,366,Electronics
711408342920163817,973,Beauty
812210442826956762,486,Clothing
999302332572501474,328,Beauty
1046372309942435371,904,Beauty
582650991796956037,793,Electronics
191063452005392268,920,Home
509190264414361652,106,Beauty
780796691070414650,686,Home
177634352389315584,276,Clothing
1055681123354172591,437,Books
994783815198512668,918,Clothing
741251347447472827,752,Beauty
601763469751015414,792,Electronics
79145326096814752,235,Beauty
43008113052065069,197,Home
1019517582637805818,931,Beauty
248069920342781190,491,Home
604562974558462810,561,Electronics
168522522948840409,382,Beauty
854221819661676778,721,Beauty
742672642125957632,227,Clothing
701175137578735467,753,Beauty
87282827084398810,866,Home
151115389272226892,765,Electronics
920247769136953379,588,Beauty
949157323474654425,482,Electronics
226107217169519562,906,Beauty
532430684124457997,908,Clothing
702666325367669222,884,Electronics
552321401113991418,186,Clothing
595284573889420080,487,Books
276456654127913383,49,Books
106181918082646947,44,Electronics
786511286440543359,422,Sports
871991335576198217,380,Home
892765612242860844,397,Clothing
144936130566998741,566,Sports
585155957927070872,978,Books
571954010714568630,952,Home
351347779786172246,638,Sports
1040752378121147403,502,Clothing
324992905894924964,485,Beauty
885444024384592378,921,Sports
514999452795688171,709,Sports
1059555768693882792,909,Books
158457570098112951,226,Electronics
144900400766279616,97,Sports
98626667301661438,202,Home
42692201852756177,403,Beauty
461250525665426763,787,Beauty
913727770253448126,896,Electronics
517920445059607250,200,Clothing
1115159568453031652,581,Clothing
834722832483718076,76,Sports
531578356917810814,339,Clothing
1092260090986281615,89,Home
204684622475968181,1,Sports
612785767946600821,470,Electronics
1118031167376048428,217,Home
900683845087399845,284,Clothing
697204510006847443,99,Books
814384386047806552,861,Books
709408770659039725,699,Clothing
567741138938822815,669,Beauty
382031525861692432,653,Home
164057732650253537,804,Home
369855585842627587,140,Home
659229053192887094,409,Electronics
177419540057660763,187,Clothing
411340883926034422,769,Home
192463573858034675,631,Books
1121365412593598432,602,Clothing
652731540180710108,586,Sports
188055845162273010,394,Electronics
741787076086379353,515,Sports
930177132656735976,1000,Home
56280053734773711,472,Beauty
456576281293934169,472,Books
292833335836890689,647,Books
693047128712896178,325,Books
196243006069632472,320,Books
466647981143471071,33,Electronics
1039866923739123382,649,Sports
455612647704919942,581,Home
1133176273091987249,785,Home
814484750376142285,231,Clothing
119927912362589411,422,Electronics
787683782145916487,443,Electronics
1025250130557579336,924,Home
586444320120144107,620,Electronics
1061053007399784734,788,Home
499945193211406485,226,Home
635765026000333666,608,Home
898742135838240697,115,Books
206140761689716889,897,Sports
704581178005361513,160,Clothing
1071448646653265102,779,Home
529113738893714585,527,Sports
571092591786354009,831,Home
733695865315837082,765,Sports
1042153594232160243,97,Beauty
365962188821855981,361,Books
534323330489130243,848,Sports
554665397785566995,922,Home
445561915860280930,865,Clothing
21905298417300585,805,Sports
1051889945866137856,715,Electronics
374538250638297675,37,Beauty
598597745618198904,717,Books
925847396601883285,208,Clothing
272554572708419042,205,Sports
593574206339979678,295,Sports
292370157952205152,265,Beauty
176634243376093836,122,Home
973924458024222342,462,Beauty
273217428039621096,427,Sports
966238336864702362,201,Beauty
870983442201627243,132,Electronics
318849254231657493,411,Sports
1064936422233979699,574,Home
883279274634413014,261,Electronics
209751062514423785,232,Home
535850957023713830,419,Books
302547290082767769,980,Sports
505762164703038211,585,Books
231861115895334997,915,Home
692603364654126552,378,Books
698175176178821209,909,Home
1121520490884965906,580,Electronics
683261526309489760,621,Books
534323473796110981,729,Electronics
1034751647132782171,361,Beauty
254706434202511515,977,Sports
705697972676774570,598,Home
302402948379683556,228,Beauty
523734329794892906,972,Electronics
865127610943795351,232,Electronics
190651266033405030,588,Clothing
413099740675045205,299,Home
288940458722807142,797,Home
631485107118130885,24,Home
1078300724886539037,316,Electronics
468840119914125279,17,Books
572162756725117012,689,Electronics
608745533558673535,203,Sports
86871257292200133,679,Electronics
567514935078303331,576,Home
268758152073164194,283,Clothing
537099618989213130,24,Clothing
23551812597942949,368,Sports
956521048438691466,138,Electronics
905155152329858941,93,Electronics
789394387338244499,761,Books
717673378539782416,163,Home
913824688480693599,758,Clothing
885084582591986343,693,Home
665713671664697464,173,Electronics
559513150582855310,789,Sports
515993018232996818,862,Sports
315024190890798494,309,Beauty
1014647308409130657,814,Home
1137234014315866909,370,Home
752772989087181467,975,Home
5945911476797967,853,Beauty
210991957016113636,978,Sports
670098811137910162,661,Sports
1010803044722964420,142,Clothing
247428496896933920,643,Clothing
860127702816755518,300,Electronics
641432886992764029,118,Home
795897810496663283,338,Beauty
1034994404484134486,275,Electronics
224355271715386830,553,Sports
84219088244864573,506,Beauty
992519150387276871,780,Electronics
258725976373199011,480,Beauty
157394319007286317,147,Clothing
664516252077591513,30,Electronics
58624188985838182,254,Electronics
1051370624297408422,162,Beauty
588063423185653400,977,Electronics
983513540310675593,741,Electronics
515443382650955394,171,Home
931815554597694331,983,Beauty
409141116333482167,210,Clothing
812971176508676007,42,Electronics
611654847815496152,488,Clothing
101575279243334574,675,Clothing
1033084571459240968,614,Books
1131499608152865998,533,Clothing
232947585523195054,761,Electronics
743566279609100309,882,Home
948555148598668634,810,Electronics
694182881970777995,491,Sports
167662635961919679,611,Home
464517408822336580,512,Sports
5991218236356898,240,Sports
419949718030537565,986,Clothing
993371513068674544,664,Clothing
320478424136273873,923,Sports
947661742656996212,248,Books
606306145784350958,81,Clothing
105099378041541461,576,Electronics
516565076208497382,711,Home
1071002269499898738,304,Clothing
881363427345641424,502,Books
950868969623796266,395,Clothing
1152600297032183238,647,Home
675111472802444433,92,Clothing
698128342865491149,661,Home
1131694842989182331,341,Clothing
574437389444457957,352,Electronics
951542023446206825,7,Electronics
710943467536325415,410,Beauty
380400234315746515,954,Books
185823146707592572,677,Clothing
83063356438022862,516,Sports
642031368701310887,548,Beauty
194016211965798966,608,Sports
243992699932726885,634,Electronics
736021921730071733,690,Home
736179948486724551,101,Home
889494227283598610,738,Electronics
888527787967999324,290,Electronics
626069732503014757,250,Beauty
1137211290143531253,817,Home
275185821807448642,71,Books
720753983688320782,401,Beauty
343493466918575243,460,Sports
245770739468215435,834,Books
1125201687095138535,16,Electronics
663003950366066274,302,Clothing
676651555441916966,388,Electronics
1104990902003641292,605,Electronics
979839623417878942,847,Clothing
646214392255658053,287,Beauty
772450765810631668,505,Home
168552911826050532,742,Electronics
737263310592173902,32,Electronics
911544718087005665,284,Sports
56248657666319974,753,Books
1144051493935016109,679,Beauty
521016290433068530,30,Home
629194551018052498,622,Beauty
679551666922255444,756,Home
963758291046208064,52,Electronics
372561621089272265,488,Home
71346419385760684,971,Electronics
573861571751339970,895,Home
778598273227924937,333,Electronics
392122595513488200,91,Beauty
973850376872026787,813,Books
160040187108551685,481,Beauty
744133321691802519,13,Clothing
630383394799849221,930,Sports
1103905027259861170,666,Electronics
102637924377925412,406,Clothing
886410052292765548,162,Sports
1074323154555426229,56,Beauty
642574450448946652,16,Clothing
56249074489410669,969,Electronics
874031640496246060,51,Books
620782622485243929,771,Clothing
746962261727109926,620,Beauty
115002221321204568,613,Electronics
569854115081920675,78,Sports
399980465688880737,991,Beauty
865013087418063931,468,Home
73734938540507889,246,Sports
427291020895987675,983,Electronics
704895455333574435,38,Clothing
382367611426318006,26,Sports
625851999829308713,505,Sports
70314521315430678,736,Home
73910236795559626,34,Electronics
736359745765084724,857,Sports
510187860953734281,272,Sports
1129716952305131431,325,Electronics
254819410114068959,915,Clothing
654381710563660427,508,Sports
157860332969431000,886,Books
746144186016092076,849,Sports
95798623202797832,309,Electronics
212402769803730585,827,Home
85349404447371941,428,Electronics
508655597991428463,902,Electronics
196187195072243589,985,Electronics
484417423906968147,328,Books
469999440381652059,50,Sports
389805612085986908,338,Books
440569559179548892,788,Books
828566916664769119,96,Home
1145799899637147536,471,Home
904970967890287939,165,Clothing
1109998557829373685,496,Sports
881902708902982108,906,Sports
1055509462626241710,743,Clothing
536035145926336323,614,Beauty
671009816853039307,745,Electronics
1123798863781000074,11,Home
640295327426637184,73,Home
759380673004614649,332,Beauty
24260924377487900,526,Books
340482347811051992,904,Electronics
193457110115008988,289,Beauty
544985677470145480,504,Sports
780050947481233534,193,Clothing
262551050816431369,304,Books
865057505401527143,981,Clothing
734382014358142037,793,Home
151985234634695020,840,Clothing
79127136248728173,684,Beauty
559042200181622875,676,Clothing
664902927519821465,620,Home
1135837674919269130,789,Clothing
818547467947108426,935,Sports
565064376631472267,353,Clothing
237682413313210595,577,Home
436604587309576788,499,Beauty
892283793536067699,264,Home
414805621830787892,915,Books
548184677809229209,821,Books
604078188923670501,22,Sports
248700794930530788,732,Home
132390822753192737,913,Sports
403960638405820300,467,Electronics
649479446367302204,776,Home
21664786322139974,796,Sports
1111013276925689393,986,Beauty
725108362911736971,581,Beauty
408504933140790341,254,Home
228166029604267335,506,Clothing
530362641953102888,652,Books
1140877053705509146,505,Electronics
820414112441050227,723,Sports
624408766232117281,590,Beauty
818169859564396478,114,Sports
1121924263470417748,142,Books
1037618873450237585,610,Home
709227098289463370,919,Electronics
1136634380843792785,738,Clothing
623949800517079094,357,Home
777424820136855656,80,Beauty
656619051849197398,53,Electronics
342150553964040653,807,Books
969141736022725698,749,Clothing
345614951202554820,228,Books
662243919766748309,665,Home
596223340173094427,307,Electronics
685105588970634128,224,Home
212418333206788531,550,Books
1137187081751359254,514,Books
339443023034884616,597,Sports
649847128829068158,314,Clothing
552067455985270786,471,Electronics
659151046558060437,703,Electronics
848685681084868616,602,Home
1001795988882742233,289,Electronics
53722925236782321,701,Beauty
406081996859179185,707,Clothing
723820690207114765,294,Electronics
433465741853324658,495,Clothing
532005257984624912,597,Electronics
1008123929678275178,355,Electronics
983938357614397227,142,Electronics
617138648161018185,548,Books
11924826139836972,830,Books
319337564101950966,25,Books
399129393887982810,846,Electronics
296655379861212847,400,Books
302134445544055355,759,Home
28427867010769396,312,Sports
481779284243497259,306,Clothing
729202477684234196,351,Beauty
57105496942311562,519,Clothing
520658032581126889,694,Home
520005317907324501,903,Books
435554530304385364,271,Books
740931119914062315,523,Books
251676681444247756,495,Beauty
114646268785502813,379,Home
936249484345550424,718,Sports
483903949533642536,542,Clothing
253435599152776318,572,Electronics
562558292512344332,102,Home
803485302011075960,140,Electronics
25995770353570455,54,Sports
978018864234180753,914,Sports
414618173750093298,741,Sports
253003064404295022,378,Sports
1152915886421272950,881,Home
992613494937628736,956,Beauty
966980351872242520,669,Electronics
594940528000966573,513,Home
1130197546138292630,992,Electronics
919742493858761854,287,Books
499434080838754510,562,Beauty
560395943336081068,181,Sports
977891492522206904,484,Home
520287040936902208,311,Books
974642992545090966,281,Electronics
222237758931638877,640,Beauty
1107087401729356231,243,Electronics
945509973662601046,510,Beauty
218210977142501106,456,Books
754619739804252404,428,Beauty
716912366124855049,979,Books
896980739519325899,109,Home
340878043263837483,649,Books
427066547419943980,814,Sports
956406203749827789,734,Electronics
565549403936029052,977,Clothing
426114773922198618,880,Clothing
795947499226296741,84,Books
227758453273131321,504,Electronics
322154260378345066,385,Books
1014198023698399114,440,Clothing
356040741602132634,794,Home
241653974737053507,59,Beauty
570323909781603244,133,Books
114639377102759578,483,Home
830873738248362083,979,Beauty
1044012434782183279,294,Sports
1013466808425349159,926,Books
1029737636457221884,210,Beauty
190748027973713505,53,Beauty
828168770111053460,596,Beauty
610113000681615395,833,Electronics
286607550467385007,42,Clothing
513117580772118409,763,Sports
843811158137868445,592,Sports
629496915406615787,120,Beauty
484444543024757647,820,Beauty
508579580391980905,125,Beauty
545063136114895954,27,Sports
121591123117314033,180,Books
971549448566178089,567,Home
268725332664059637,220,Electronics
855820129850776711,260,Electronics
536598666223034627,664,Sports
372046521023910413,408,Sports
107501303565815646,253,Home
576456235786778333,80,Home
966259737020377182,435,Sports
1098595449320674212,473,Clothing
573321036776685883,487,Electronics
1093178750841386583,992,Clothing
673788579771009677,537,Clothing
958067017416413780,52,Home
304539555221937697,554,Beauty
988361960751787138,584,Home
238926910181079438,924,Sports
1120958497507649689,90,Clothing
602980346494767656,165,Beauty
760416794698161878,48,Home
125932652960859431,123,Clothing
599092270530143851,425,Home
1010585877168897790,570,Clothing
1137587198737438207,983,Clothing
70083635602376966,331,Clothing
32667586575159691,524,Sports
1062676073780079123,146,Home
958092095039430555,561,Clothing
819051110086784380,323,Home
160163243813057882,705,Beauty
772867519749034118,939,Sports
872462149404339347,12,Clothing
156123454551304698,686,Electronics
1005662731706360314,954,Electronics
997373532470734052,647,Sports
78746546880953979,499,Electronics
350521753343969336,954,Home
526108533381454243,562,Sports
922716296546137169,443,Books
1149692037678802779,215,Home
811822322153127228,228,Sports
516235578009691584,876,Sports
325116012060542039,469,Home
1036660238555971945,10,Clothing
253476406686882045,73,Sports
1056485127689758865,12,Sports
827311559275355202,826,Electronics
1011260960698859496,192,Electronics
18917304113042630,820,Home
1021587570314383566,40,Home
832022162456407043,292,Home
1114113176336659735,565,Beauty
428231809656688365,713,Electronics
366099271537263674,71,Home
728548420088350816,400,Home
720436447881621286,273,Electronics
410398379062255904,734,Books
747935984319557619,691,Books
990179249186414743,396,Beauty
987415586288542937,332,Sports
884323669085959338,241,Electronics
111596485895604202,550,Home
670032056015164737,445,Books
952743854796515818,483,Books
532217532952507553,454,Electronics
1045356996436766726,242,Books
473362631222962251,23,Home
428377087795736921,889,Sports
867410847734236930,871,Sports
885751165217141071,803,Beauty
812222532840446213,606,Sports
5624209880488377,22,Clothing
59320860782009101,132,Sports
309575832927354137,68,Clothing
1152213813098916954,295,Books
1105305618029276411,623,Home
380758883243996075,376,Electronics
484079176790628863,854,Beauty
818798828874869407,206,Sports
681023477761145499,342,Sports
325094878014338839,850,Home
744726565810917400,134,Beauty
206543023505835888,26,Home
271150565492453424,959,Clothing
416729091445847091,17,Home
715405528721938670,464,Beauty
335499171652017312,329,Electronics
935218953008033378,494,Sports
941762837896170637,235,Electronics
550908187903352495,586,Clothing
110488065014872014,265,Electronics
28119994818051237,876,Electronics
729574049463132862,744,Electronics
46744139429430208,697,Electronics
1086603778575754431,286,Electronics
698962731938146935,388,Clothing
493880923426187339,145,Home
563888635974342214,617,Beauty
239640488612485082,223,Beauty
1011298223781758046,467,Books
331897805316406458,317,Sports
384669809944546621,870,Home
452393041219013077,54,Electronics
279187432048152670,581,Sports
612679580013246103,357,Electronics
475716503459382791,256,Home
1054525274814064328,879,Beauty
774876583456439106,274,Clothing
742036857523745067,870,Clothing
477945955666897772,786,Sports
250585266229611697,705,Books
886876012241888811,696,Electronics
500050581543850059,73,Electronics
450671987525431767,439,Sports
627423653227484054,947,Sports
297875130618387792,429,Clothing
342190394292741113,553,Books
190038730234353719,828,Sports
169166999254565142,278,Clothing
463970084123137444,749,Sports
31604823548324354,900,Electronics
370783047284673717,56,Electronics
196148191323378462,724,Clothing
1088366490132778372,320,Beauty
165830981264158358,59,Clothing
236964723506701505,618,Electronics
104079135241165948,501,Books
1044992341424390541,133,Electronics
820913979751880364,868,Electronics
914408359735812859,551,Home
1072635581912560963,779,Clothing
816190747024819343,280,Clothing
799829237105561528,754,Home
12103433536650524,403,Clothing
1111854166017079632,410,Sports
890817656729154771,85,Electronics
692273020180414937,500,Beauty
1027575856205249424,865,Beauty
799900697039805377,941,Clothing
797838569898374854,717,Sports
1126736745538948837,743,Books
234601388002798517,410,Electronics
1021330020574030071,819,Sports
1125492102075503765,474,Clothing
70551409554954850,975,Electronics
791820523053886286,318,Books
120264130515436950,941,Sports
798613430593287428,343,Home
151560024627025277,220,Clothing
559050011570325522,790,Home
214836837581387952,955,Electronics
446769927121070987,459,Sports
160124435044008254,172,Electronics
904166355041540660,465,Books
404558697477628939,832,Books
793049463130281743,112,Electronics
495264048863139190,157,Books
435108024318595013,482,Books
749092709237916778,661,Electronics
600069258058805598,252,Clothing
418086375039954476,700,Clothing
220364494149224461,418,Sports
758707524377966394,318,Electronics
651439461577109915,114,Electronics
389163852776167553,354,Home
152780032049579565,726,Clothing
517766271774082353,271,Electronics
555099235282713968,56,Home
29916192553186948,403,Home
574348549561315941,773,Clothing
893997899119668259,94,Sports
27186861647690831,722,Home
354034231431981113,253,Beauty
2713086148423672,146,Books
424116639909723495,55,Beauty
365790657943475410,656,Electronics
558646736089732523,790,Books
52025187295868273,645,Home
904829198064997021,767,Sports
838825910397604878,464,Books
748778755440423335,456,Electronics
904389534837167533,313,Sports
1079904518607987484,590,Clothing
467382900561775260,798,Electronics
1131356486931572963,520,Books
515887331931674996,217,Electronics
289292547529646461,129,Beauty
447760895584999512,923,Home
720206559653699509,916,Books
973840172578178449,141,Books
279551176836513735,498,Electronics
111178745355171001,618,Beauty
525557418603331140,175,Sports
376647389108302902,517,Books
177446362108381970,658,Clothing
1118566839172282015,384,Home
873341953218283461,535,Sports
160799991027865853,913,Beauty
269719828183021528,718,Home
74070477476931258,222,Beauty
534995988684740110,115,Electronics
502793188741865318,865,Sports
532599842332610706,929,Home
830330174684037672,666,Home
520406619021556423,502,Sports
547171531514272349,944,Sports
501596500701974203,440,Home
53774797031904635,464,Electronics
185145460289472060,611,Beauty
829230354880419747,769,Sports
72866830532774664,850,Beauty
281505601608372031,596,Electronics
183019598993840063,928,Beauty
840332138589521705,388,Beauty
1003016613750945496,964,Home
664729664096794169,224,Beauty
1128140377694732141,697,Clothing
291091648511293708,529,Beauty
400236937703660368,635,Home
841021528575046192,686,Clothing
712300479020290292,716,Electronics
492166408211989682,202,Beauty
605926007996984152,746,Beauty
1013347749280324881,39,Beauty
72063646594662694,996,Beauty
150264049682687987,595,Sports
1077774511489555083,953,Clothing
741325615281609962,730,Sports
900512382981795548,719,Beauty
863050170650691033,681,Home
31258989388404400,170,Electronics
734218926119807157,225,Beauty
803099484013289734,323,Beauty
530796524461962057,279,Electronics
382262659749214045,111,Home
702151527116225487,995,Electronics
385825200762420287,785,Books
1132053898513399869,768,Sports
843102945511586201,879,Books
1015069767928190349,3,Clothing
802036634432044049,873,Beauty
663024503603351616,659,Sports
596371374768915215,594,Books
504493782713886340,940,Beauty
913332084753384273,9,Sports
439424647238804486,329,Books
832773836058019169,638,Home
693926369052651201,137,Beauty
691616867063062184,380,Sports
1063387877311724426,988,Beauty
281623171860148188,505,Clothing
90724500974215674,700,Sports
1149083858281070048,318,Home
695819793617664586,282,Clothing
809885086844060301,861,Beauty
916950012506582726,198,Sports
769240312948102347,229,Sports
630156288698973794,876,Beauty
456001943704452921,826,Beauty
149473610057502311,354,Electronics
1023816025083794844,706,Sports
766027281273714165,776,Beauty
240312051347510351,290,Sports
674908143437620905,492,Beauty
855126997095698302,742,Beauty
287142488348489495,568,Beauty
817419689867075146,921,Books
1137397322311349197,327,Electronics
1072156091692992145,974,Books
129804601566046128,502,Home
910931012491524745,332,Electronics
508045763838334512,852,Electronics
491890222792966761,924,Clothing
1128624965407808182,802,Beauty
764208121082699295,189,Electronics
995968092144736218,475,Books
467145911198186696,923,Electronics
464114140305452245,542,Electronics
411911205732465083,594,Clothing
1105818109151951660,166,Home
259231289778277539,495,Electronics
1033994048044944667,601,Home
997282641045627754,379,Sports
212029429099899704,105,Electronics
556348808465171352,203,Electronics
972920145434550516,609,Electronics
552588173497205216,494,Electronics
158690774020486703,482,Home
121368947088958479,387,Books
1092396917533346342,893,Sports
477964430035184613,172,Books
1063132710087240848,113,Books
66194150548107332,280,Sports
520376858729794450,881,Electronics
924897960329086591,682,Sports
434437749980976741,837,Clothing
502182145563476539,36,Books
775092376779716791,616,Electronics
958740718498527877,752,Sports
523543265412115524,562,Clothing
453730993768800498,58,Clothing
147057826519664657,861,Sports
655785386009869286,338,Clothing
1103936678697016170,489,Sports
952397588560335282,539,Books
754780371074020799,95,Sports
275896426757809395,559,Beauty
833141680476921686,771,Electronics
89228996195956458,109,Electronics
779408282371027401,757,Beauty
113060891792609014,724,Home
811369546427205414,180,Beauty
1022731796691772000,543,Sports
463505738897181948,979,Clothing
556324000383705557,913,Clothing
737094588181317861,247,Home
3558979074488249,34,Clothing
634457257615029568,615,Electronics
431055672640481827,766,Books
799840405277524899,885,Electronics
336638756767034045,138,Home
90077359366033311,524,Electronics
956090940617711745,767,Clothing
1060009036627248054,93,Sports
833625323151530123,209,Beauty
1028575033501691734,656,Sports
1053036170618280205,120,Home
892616454402323273,966,Sports
96576297395722040,794,Beauty
29232522807829010,808,Beauty
217338826768880106,351,Sports
900228784964162056,153,Books
931056057474409924,90,Books
138382657604687533,347,Electronics
106408424418374847,909,Beauty
706915855053751293,352,Books
711118076787520922,43,Beauty
456149380948191635,72,Books
966193374349297241,444,Clothing
553942402961152156,891,Beauty
651515893562676830,947,Electronics
770718605356506826,915,Beauty
999864426380607440,336,Clothing
600861028010324053,692,Sports
861078806010151736,823,Electronics
438294968417945334,841,Books
384809417783120957,983,Home
689649785260381729,434,Sports
732278971666894104,461,Electronics
787739274927946176,932,Beauty
441124581577119953,86,Sports
875989006370655536,509,Home
693723780366877628,367,Clothing
222240183150074879,499,Clothing
616813251053346460,879,Sports
451128338194015492,182,Electronics
968766467865207889,194,Beauty
631438827764731888,64,Beauty
713132568191540861,839,Beauty
656334006403139801,967,Clothing
340179795581494026,740,Sports
966274513798761193,842,Beauty
784825840508620434,572,Sports
266398827435180,609,Books
936474054279773706,991,Electronics
966976035187718439,296,Clothing
412696268315403807,711,Sports
1116415269387878308,834,Home
783566852439147386,880,Beauty
405501358748891728,531,Books
536554070835227496,850,Clothing
169743518566808937,507,Clothing
328097578184298367,416,Electronics
293868883074586143,141,Clothing
1008325219738814573,40,Electronics
141274639826405968,49,Beauty
218132245854506733,182,Books
496500454128440181,464,Sports
1090557460667730865,455,Beauty
363727370643216766,787,Sports
945913078228874251,217,Beauty
640530235313864959,65,Beauty
1117362544849945313,309,Home
295543381752643895,485,Books
76604419773378039,959,Home
880786784480194148,142,Home
114526311340169057,14,Home
647942128604667496,275,Home
964315957560883423,504,Home
489397528357129485,853,Home
37471792756587009,958,Electronics
142392482191893072,11,Clothing
1100333745417338277,392,Clothing
1048522886472730523,412,Home
903267679964665627,936,Clothing
42494607739403974,550,Electronics
920465140880737196,859,Clothing
1151325994078568728,188,Sports
279304023989474486,816,Beauty
933591850776365414,712,Books
1027856314115320459,346,Books
409934656497896288,540,Beauty
1100217139095007361,971,Books
369566667970043333,288,Sports
885040537088790470,441,Beauty
292282479655827306,297,Books
12258941579908517,952,Electronics
687300459424603166,971,Clothing
174211613474874383,104,Electronics
182422188140543114,367,Sports
728541386832491151,436,Electronics
482506581521550768,744,Home
1101902525392435320,526,Sports
681693445334771073,696,Home
421208305692023453,768,Home
923216961649344145,150,Sports
684446019513990326,786,Electronics
496483418209563887,197,Beauty
967576881305765392,762,Books
477484922467363029,203,Beauty
737629563296857277,214,Home
823186281059631007,834,Electronics
388593713387910813,598,Sports
406284855462009679,908,Sports
236159679089792042,641,Home
280757353435088223,728,Electronics
239531861013769768,184,Books
981755177974699920,342,Clothing
917366109280128926,723,Electronics
699598515136861075,215,Beauty
925713144513897455,776,Books
874300718924127330,845,Beauty
637320571165918136,451,Sports
486975409450424510,870,Electronics
976132801863481583,900,Books
1104373494958472563,286,Sports
183291607559616995,866,Sports
523632394780392413,790,Sports
609995340657669012,745,Beauty
837547863649491697,587,Electronics
521027443974320490,394,Books
428877742289520630,690,Clothing
847891806637352876,37,Clothing
91090873132376218,258,Sports
729008165936534292,4,Books
523671102033175303,160,Beauty
784626026387061479,638,Beauty
520134127841258232,686,Books
244568109447162140,162,Books
125106318154294312,808,Clothing
171675227240726704,870,Sports
406269445598863027,849,Home
700665624026368048,920,Clothing
1127487841327810681,373,Sports
1118686908404831703,76,Clothing
513652844402094794,867,Electronics
840847036784431637,406,Sports
59929930866481842,786,Beauty
118034247914417332,120,Books
276824465112748029,298,Home
568808104528621057,402,Sports
1019212583511246262,625,Home
1137588930676337098,641,Sports
687587492245633465,599,Sports
1142482146292369722,709,Clothing
353075924378080125,349,Clothing
835785508935756482,829,Books
1062042191174846427,344,Sports
1042361095097047375,896,Sports
566746085133209985,279,Beauty
985107185228322372,644,Sports
242267060366449488,473,Home
581299615655140205,329,Home
58982268348861677,644,Clothing
525104965998352679,759,Clothing
970363610859808704,437,Electronics
876871977186109660,372,Clothing
12525866367593653,147,Books
103265041568933245,951,Clothing
605069543393808878,791,Clothing
561247864831257270,791,Sports
1114781622168689127,441,Clothing
938564768601598758,704,Electronics
775869636968930303,782,Sports
717549856679305685,361,Clothing
1018356327121293255,796,Books
527313215979842664,580,Books
641278136190115324,446,Sports
1094992588664688500,138,Books
1114843914610718548,867,Sports
742340609476079262,260,Home
505212897333122076,893,Home
936142042329059067,855,Sports
160641215819063257,898,Electronics
410551103902565315,292,Clothing
7933239759832482,484,Books
293343462185949003,183,Electronics
19336797505331137,385,Beauty
666155827107142284,846,Sports
608405077363704107,472,Electronics
1137586311347533284,894,Clothing
394972249015794311,709,Home
1059543421928832537,906,Electronics
1049292208875088997,393,Electronics
904333567450337792,825,Beauty
1114364732224064220,645,Sports
1054176651968800791,98,Books
695057098978316444,71,Clothing
52478243563846455,361,Home
122633537193755172,393,Clothing
296333137213081448,307,Home
864896119006651573,585,Home
625263438086886804,989,Beauty
910142288104087196,690,Electronics
912503434247152297,758,Sports
667961813167451389,314,Sports
1029548390173588317,511,Electronics
869994644283613303,884,Clothing
1096402446075965901,798,Books
1121419208803333197,947,Home
1054031311148282040,153,Clothing
225475086488235553,561,Home
160727585008980486,860,Home
739875153137116902,22,Beauty
502818192367463153,556,Clothing
190295568030475174,187,Beauty
492717781790765429,748,Clothing
542496899207918074,471,Clothing
351931795442841640,651,Beauty
815416696381067865,389,Books
34909483441070719,94,Electronics
162543245014298055,519,Beauty
916677064494111660,858,Sports
893583941726060078,25,Sports
503720969737690910,984,Sports
1095256612304968045,519,Home
498714941101431118,738,Beauty
514559610548092601,684,Books
1021916746338798525,747,Clothing
1004654306335627238,398,Clothing
977101921605979943,478,Clothing
875919874831890005,831,Sports
546187572879966785,528,Sports
749167620813481047,117,Clothing
222715792097633925,782,Clothing
528142055928330422,877,Books
916715139501047806,872,Clothing
236912828023810563,496,Beauty
67953999322166370,322,Sports
263672504096226650,642,Books
836144625790261183,616,Sports
323840043819682291,984,Home
44573702013570876,269,Books
944401462936211934,608,Clothing
449045915255645729,715,Beauty
899102439456557171,492,Clothing
737519841423743970,404,Sports
283342382191560827,760,Books
42319117387731700,19,Beauty
935246156417244040,151,Sports
995807381546368034,870,Beauty
135801773433333841,228,Home
129447145874698825,324,Sports
898978283021641142,171,Beauty
1062428820691230710,838,Clothing
626191473643347396,670,Home
127897545961943953,970,Beauty
300946713242591689,520,Beauty
223792038385442538,218,Books
224282426659434025,243,Books
934989930516141970,521,Books
29517840835830062,705,Electronics
369502905406996000,302,Electronics
999709909126566782,593,Books
970704933711287905,752,Electronics
1035716493594398650,419,Home
631640225868289434,985,Sports
1022766376279812569,834,Clothing
283857850574896510,970,Clothing
921737018585311992,10,Sports
955406134679487093,44,Home
38972135878401415,790,Clothing
993392319474880108,66,Beauty
135796572458404867,744,Clothing
254663361416684196,730,Beauty
1053078941273800687,116,Sports
777665844222429210,825,Home
93635363866984661,689,Sports
326327654623413975,19,Clothing
595217815772038129,210,Sports
799009954200960796,236,Books
556776559998138026,211,Clothing
65968111057100528,137,Sports
292412673812699919,781,Books
793283926154914999,59,Home
525045854696120879,260,Clothing
154759721593028410,891,Books
382338452444120152,175,Home
981242148484137046,465,Home
760816355301251385,478,Sports
672946716715220603,415,Books
901879438148489370,534,Sports
1048275359162202244,624,Home
767912192985372456,614,Electronics
706605120170216104,53,Sports
331842400575539583,810,Beauty
1123126155965810889,222,Books
761241258196284662,703,Beauty
983453663504108901,527,Beauty
1117935755199761502,37,Books
546833429964620015,683,Beauty
595689686321326533,188,Home
37043261613298711,922,Clothing
935944833363398147,781,Sports
564856734195973621,420,Home
651557526009430160,922,Electronics
1082253001731653851,663,Clothing
962354187948248162,577,Electronics
576665365284081274,386,Electronics
64383709925337833,702,Electronics
940585428727320566,592,Books
419574991617669177,136,Electronics
852437989838163121,251,Clothing
313089495670938310,744,Books
738736792933744115,639,Electronics
1005204893935543971,168,Sports
515445868647637111,122,Books
26738098635750860,983,Books
401842219595151169,546,Books
944673814688143231,785,Electronics
368014124852407320,750,Beauty
756270881989781483,621,Home
882028442736494893,425,Electronics
119815831598693369,515,Clothing
722980910443108390,668,Electronics
418740470511966816,25,Clothing
410943567350866856,486,Electronics
479895251692315970,657,Beauty
100037136523780073,350,Beauty
155286267059524055,728,Books
572056374176443205,114,Clothing
947307983354030622,999,Beauty
613114861988431213,898,Beauty
337715268060371117,414,Home
198079961584780651,688,Electronics
254007260831505330,553,Beauty
1032494901147766312,608,Books
721329628600223484,273,Clothing
35229191599723615,266,Beauty
532709424635834512,579,Books
171725533944984513,491,Beauty
874933475642606947,433,Clothing
999301007439966035,366,Home
1067878764646885179,612,Books
939482489298443800,154,Home
434097105137898435,638,Clothing
569490947207464146,218,Clothing
841769640477373026,10,Books
1144475596165875165,723,Beauty
187658738588512562,445,Beauty
366010378305162377,299,Clothing
684050164687464194,228,Clothing
69636484544744273,329,Sports
778602783184329366,628,Sports
725829718318662565,761,Beauty
182110563398427678,389,Electronics
99051930318759732,670,Electronics
143533483476056370,591,Home
72264437953939640,549,Clothing
157014311532991915,428,Sports
466541859953454736,660,Beauty
773183081581422364,367,Books
201181483300797550,310,Electronics
705436978114033422,776,Electronics
579173954322209321,253,Electronics
1095669603273531451,740,Clothing
314303856277759716,429,Sports
597619420930086556,843,Clothing
14980411783436208,97,Electronics
170890571774031737,386,Home
325471836582596764,272,Clothing
746630548119175496,232,Books
559692121516649553,960,Home
1003692085436302948,735,Sports
506736976818863542,740,Home
510618155197453018,730,Electronics
907452738094568834,835,Home
145863987271742317,967,Sports
800265869605199285,364,Books
459623894187561060,352,Home
365452822071794987,678,Clothing
150238968356154458,327,Home
947612005855159276,755,Clothing
51811614339868753,585,Beauty
69507218912067412,977,Beauty
18962457734066554,514,Beauty
918963456980153179,303,Books
505698160467545021,113,Electronics
563031151292922839,946,Sports
359647131648498441,46,Clothing
487608763690749472,124,Home
240014358931613412,578,Books
828502694513099253,824,Clothing
976491607705429225,497,Sports
485085056710426640,655,Electronics
1082138867928577175,240,Clothing
706752131881028431,691,Clothing
304331517545788720,525,Books
150487098893796472,442,Clothing
298238592306203508,629,Clothing
453050819618558691,545,Sports
909315299153159429,691,Sports
578784348253277682,811,Beauty
19422165109594412,333,Books
31160643496964106,511,Clothing
307546203084418606,728,Beauty
406056823241811959,944,Books
1129805338375596589,955,Beauty
188508313440157818,336,Books
477391110842255835,702,Beauty
641898354761157815,214,Clothing
984197757864504903,19,Sports
827935017505072871,559,Sports
1058038757148810059,975,Clothing
1088650991440574774,309,Books
386975438980650296,809,Clothing
340732400752056301,67,Electronics
497909665296123240,189,Beauty
462614561812797694,358,Home
661075002892547810,731,Books
398954110792352888,429,Beauty
6847578927504666,426,Sports
58788979898944286,839,Sports
1113560931922612422,578,Sports
687901471263299947,657,Sports
1100859506447887217,717,Clothing
814441687846758561,191,Beauty
850278794448541101,305,Clothing
7350760003959525,827,Electronics
519076040056837987,39,Home
352411648971973027,899,Sports
500958099409982498,779,Beauty
702600442218548924,619,Electronics
618587743988026808,512,Clothing
361142848260703270,594,Home
650191016188577675,263,Clothing
879311239517916954,453,Home
37430304281032937,603,Clothing
510947269714037099,155,Clothing
726339281368076147,656,Beauty
1112106693804446265,174,Electronics
213451558783547538,139,Home
522168564160517430,36,Electronics
877761515941283025,237,Sports
236822940494972686,600,Electronics
138213358760044274,185,Clothing
196841254592055925,82,Home
971079890452879049,295,Clothing
868940142333143513,213,Electronics
459707295341334032,218,Home
588322397356564645,513,Beauty
56482875547573980,6,Clothing
1071635047342082501,972,Books
1135386892939275502,888,Clothing
461747487204963328,107,Beauty
984912532512040547,392,Beauty
777872302340300727,554,Home
120288555531958821,97,Home
107405442690328591,513,Sports
1111918819873167446,933,Electronics
666209903004945886,775,Beauty
643583376464656022,932,Books
658814174569316212,48,Electronics
909570575387852761,337,Beauty
48371327993770889,515,Beauty
285477175075166137,655,Clothing
362502013805063695,348,Electronics
983569061608777688,359,Home
561693712960141669,719,Clothing
1068506193549363292,199,Sports
461272531218200813,29,Clothing
98218575220366470,275,Beauty
191254748682934858,944,Beauty
85591375056419970,412,Clothing
930361817908397976,530,Clothing
934177998191430526,682,Books
214720031951476005,856,Books
765055522528195789,452,Home
407351866739968799,340,Books
515054788832800817,799,Books
365753647253376242,321,Clothing
466463761825948753,703,Sports
143689916376180925,100,Electronics
1069637774524084759,862,Electronics
575605038798871404,996,Sports
627941850051615525,547,Electronics
466478787379968777,366,Beauty
1135605947154035019,547,Clothing
246998035189698921,876,Clothing
564520598206654550,154,Books
602297626060646259,773,Sports
296025115820599503,174,Sports
647665714814414761,759,Electronics
384677006111399109,714,Books
989336456938759424,371,Electronics
1106757917176413531,54,Beauty
88660233766543461,658,Beauty
913103415511233901,803,Electronics
877719624098316238,296,Books
761150050354389072,91,Books
856249396749305582,682,Clothing
138878278218703976,684,Sports
490501774548905263,178,Books
59996252258438209,278,Electronics
810717665011995753,943,Clothing
22458192830700209,101,Clothing
1060526005676821963,540,Electronics
169926684236663130,674,Clothing
559935134580108528,845,Books
385032313418170214,475,Electronics
87127483928887106,695,Beauty
465211674656084968,20,Books
478687588131327299,307,Clothing
232823949174740859,93,Books
180688507511108705,254,Clothing
517861723737210920,16,Home
347941661327383171,764,Clothing
80227632573758908,895,Books
1082992928728998221,87,Sports
195108728754052109,173,Books
765391954864772107,413,Clothing
868041731865797921,403,Sports
434347936306631168,429,Books
626500263641365405,128,Home
962396630664849919,934,Clothing
150325927935486655,191,Clothing
517980957096375991,276,Sports
652723894460626531,442,Home
881851826381589813,148,Electronics
1081136634382679562,100,Books
415221809168257138,392,Home
908525342785897953,670,Beauty
762977843745489838,448,Beauty
1120189624376166063,36,Clothing
600845218925276254,538,Clothing
827742605496319130,267,Books
1004234790157387309,244,Sports
14934353398857036,885,Home
707672990478029585,563,Clothing
611136331469340166,675,Home
51791154375411669,940,Home
139848016460042319,243,Sports
784807914625212940,942,Beauty
301886658990545472,989,Electronics
904536816241072513,492,Electronics
589100946858218955,35,Beauty
55615549553166114,415,Beauty
896167130900215709,625,Clothing
368919185173747902,539,Clothing
608391555275359258,764,Sports
369607685411692304,807,Clothing
661141982020060077,811,Books
1034359529442687137,658,Sports
657265128058441196,626,Beauty
568556039691988617,314,Books
301281598896547912,747,Home
175240582082202791,219,Electronics
984939069150690071,251,Electronics
365711484541248276,13,Books
132357098843205246,659,Books
1069922456456551684,847,Sports
438940419527032458,395,Electronics
305117902637772834,396,Sports
485728206668079724,676,Home
697700274583848220,831,Books
246174952960431494,618,Home
36424873987519526,397,Electronics
565567897892525753,598,Beauty
823310627268424537,379,Books
160082210637017208,944,Electronics
494573368648567433,621,Beauty
512150718418560286,774,Sports
730232456254129604,883,Sports
394959127342752075,678,Home
4615910186569698,710,Home
780997994551543288,253,Clothing
991592131299205306,797,Electronics
222676788093745276,370,Electronics
611116749262037965,503,Electronics
276548986186591797,864,Home
1107567037311359176,646,Books
400847888692874290,239,Books
734782804918630817,245,Electronics
1134348739191788818,165,Books
529171115679964754,775,Clothing
843057206984213120,242,Sports
924533545074885249,842,Sports
817502822446937994,251,Home
141996656154723415,78,Books
728829789235700468,106,Home
464399540963030828,709,Books
922002123680957337,151,Home
401997683646057420,672,Clothing
1146390344541642963,650,Clothing
409496810924078829,837,Home
129853802721307766,763,Electronics
254286373419171595,530,Books
720825896665704661,417,Sports
776494153770002773,9,Beauty
505550749146793419,48,Clothing
1072310690273372738,131,Beauty
16948264059683540,197,Clothing
863276031514181092,107,Sports
940832014881743534,768,Beauty
1110017674008247820,853,Books
177883432890237969,444,Books
616361394140857720,359,Electronics
780528791869730012,133,Home
600477617293073145,951,Beauty
660495818375440718,691,Beauty
966026148995008907,262,Electronics
175754744299047165,620,Clothing
641000394158260146,212,Sports
625546773789474617,459,Home
537725436052866573,607,Electronics
570590805775881068,105,Books
1068643620976074298,275,Sports
532196965956469685,120,Clothing
13238253189667632,805,Books
264548279391708238,98,Sports
253502993164349114,107,Books
392359321026460627,65,Clothing
717158420820612013,514,Sports
437329490265614830,935,Clothing
925475622646422914,57,Books
837116317281410462,837,Beauty
553511640388348504,869,Sports
429794828013606446,909,Clothing
938443663241105431,212,Beauty
506541397000176481,166,Sports
1023233357644508539,994,Clothing
545112495835457610,610,Beauty
979034168280911757,639,Clothing
733311214488242653,794,Books
816266347894778584,900,Clothing
584006884489400561,404,Electronics
241383752603661470,269,Beauty
285606738575274348,10,Electronics
870493705715627491,433,Sports
512840359059484786,774,Clothing
126978010956797762,954,Beauty
1014724389760530900,612,Electronics
264460536479467521,931,Books
711602317684716143,787,Home
182699722362069332,557,Books
609722151601216836,232,Clothing
749797286056142380,91,Clothing
448187957979584875,67,Sports
645668212778697055,945,Books
1003591118205229832,822,Sports
28592285688778179,582,Beauty
762339379384796738,725,Electronics
760302817292341366,480,Sports
92169388628197290,835,Clothing
84874689324421870,127,Books
111518750211324816,754,Sports
1151181438865167541,996,Books
405993205595566684,397,Beauty
405313026784925254,604,Books
1043008878552321907,840,Sports
259613976613204803,665,Electronics
862410093462098531,463,Electronics
449575887696708245,380,Electronics
1068400672284263038,739,Books
815059646090020753,908,Beauty
740021900194874409,645,Clothing
639337732603619306,732,Beauty
677937045471328131,2,Home
361208641560444743,908,Electronics
452622846124272406,117,Home
1151332751035118872,322,Beauty
918838289168837364,925,Beauty
837529597653092802,538,Electronics
1033295556347354802,35,Clothing
746637520551160339,232,Beauty
316579111412030253,269,Electronics
429273274842492798,394,Clothing
735874845996666128,28,Beauty
913091477585263575,167,Home
885212283555337048,926,Electronics
179529771121757628,980,Home
182463960664240827,48,Books
580997548904250210,978,Electronics
1095918873887871941,890,Electronics
1098419503786635675,732,Electronics
1134493867337498297,987,Sports
852578713051751714,793,Beauty
449955827561411186,963,Clothing
962692844023782442,278,Sports
679820562951746410,413,Sports
646561431377379584,2,Sports
1022399512536625361,541,Beauty
727119245140880966,795,Home
863271556908834607,151,Books
1036767328250345156,552,Books
480248737228087659,401,Sports
94941348736444051,307,Books
690586987913344273,168,Books
718681899101344246,576,Books
1120165831101689047,818,Sports
866636240337407285,940,Clothing
166973855417568677,617,Electronics
1083632151446694413,654,Electronics
472574572964921586,87,Clothing
435200300409134966,166,Clothing
181871745307332379,717,Beauty
349335294138925386,82,Sports
937757812081577118,993,Beauty
873006208022583121,85,Home
1019511052182133423,98,Electronics
680834141245021497,361,Electronics
862843817070258969,122,Clothing
271726022194885005,446,Beauty
320489660232484027,288,Beauty
660583605693110735,98,Home
221218967407594594,757,Clothing
220909649422083388,801,Books
325198995245004540,564,Clothing
555546038394929687,717,Electronics
842195070074814676,125,Home
425327203778160470,76,Electronics
929024421064701323,435,Home
895178319297377977,496,Clothing
852680971642966676,673,Home
621124681015930902,832,Home
753926148649309059,105,Clothing
475430383802628264,937,Home
72987773061882978,388,Sports
943401666335307145,973,Sports
3752176965549411,991,Clothing
776678869556237078,752,Books
917416371588343070,581,Books
1031987102696442609,599,Electronics
69223606152291346,494,Home
786651665395028090,902,Clothing
582103899162814425,937,Sports
153618078755616761,625,Books
408103326580192782,122,Beauty
171237685208299333,457,Clothing
1073426684888433673,952,Beauty
204319534214879601,662,Beauty
697612612147539587,928,Electronics
871174871425136602,746,Electronics
520479838690118411,434,Books
911553579886637345,335,Home
467020981282005161,266,Home
1109750783407638801,537,Books
382723159174014371,971,Beauty
124151945579725567,508,Books
853553157008748814,358,Clothing
749226810545259087,539,Electronics
858616477767577870,73,Clothing
132824909516731933,532,Sports
47544161401872200,368,Beauty
898892734374026942,306,Beauty
1020443450650805982,41,Sports
863326218951536403,762,Beauty
599139914541000006,898,Sports
575956619309094138,946,Home
895792572634799752,954,Sports
1064664397742552157,84,Sports
502178153973664813,49,Clothing
683245222280146085,614,Clothing
53593112246378841,927,Sports
344419300346261102,346,Beauty
677633156069509965,822,Beauty
1023194128481436627,626,Books
562066723635494891,134,Clothing
326022217437584383,50,Clothing
189813960788811606,704,Sports
701851743888794748,337,Clothing
296052131611878099,864,Sports
125773918673106200,937,Electronics
1101873707031547790,135,Electronics
7142409003780523,542,Home
1100546398990102740,310,Beauty
995117239935242254,750,Home
1130384175196540724,725,Home
511834628794720967,243,Home
454599011048707792,151,Beauty
1019907201115875796,522,Beauty
560534477521851148,206,Electronics
1123690680079851220,949,Clothing
341632603532189391,359,Sports
1115102238257469421,622,Electronics
164316054005546787,300,Sports
256640096527058621,912,Clothing
924188170254033344,145,Electronics
1136849707996176830,301,Clothing
438847878902884269,114,Home
775925879234971837,750,Clothing
87583863150459347,626,Home
1089576385244649522,366,Books
622693948120654986,630,Electronics
319516946160579689,627,Clothing
823475796267953697,102,Sports
420787667397307844,716,Home
966391649742090183,442,Beauty
533971294542134662,410,Clothing
829320777523976480,394,Sports
239975364780257661,974,Clothing
185096200846015842,770,Clothing
317966094470149159,158,Electronics
870686241856493848,914,Electronics
674476058948290682,64,Clothing
79578880644154620,100,Home
678900666288489564,522,Electronics
287169709958966949,967,Home
1092272205956550889,58,Sports
544945467772358508,221,Electronics
532279727879281989,452,Electronics
1003020658221835778,221,Home
205757091948031137,372,Beauty
733812859037267997,472,Sports
36223927733071950,60,Electronics
894297599162147359,364,Beauty
814274523521608386,708,Home
101881756034554156,123,Sports
664269969457823853,984,Beauty
394372704164364342,766,Clothing
737674630461336774,275,Clothing
737971795362601315,264,Books
734105468129242299,129,Clothing
931985987814178888,357,Books
345183871581893042,151,Clothing
34327881998672361,601,Electronics
958727811495391454,227,Home
264166024985792326,3,Electronics
301473032091239560,144,Beauty
1074383771647177455,324,Home
736228128030103429,115,Sports
686709487308338658,211,Sports
510814034012244910,487,Home
463143105599629857,722,Clothing
1070486007340835345,430,Books
569095587555454241,6,Home
4718249380866151,425,Clothing
719556643725435098,92,Sports
498933913521248752,198,Books
783792186930438717,899,Home
102021400027942631,879,Clothing
391945682520661123,839,Electronics
514288323630338173,77,Electronics
1001055274459485133,775,Home
209882379866267430,401,Electronics
1068406632581863618,131,Home
103470301280953127,836,Beauty
810251778944593719,42,Sports
1130324680382382637,905,Electronics
901955911098345825,287,Sports
383377609867664959,679,Clothing
706401746180691927,251,Beauty
169665972853896331,106,Electronics
455578386509944059,816,Sports
5421429473456609,447,Sports
797193023338896890,968,Beauty
546057658329793679,327,Sports
310363367460010684,58,Books
115993085524281285,889,Electronics
679771780348429774,57,Clothing
113572411186399172,247,Electronics
1025790860293488134,591,Books
197990286605243813,308,Home
326772325339063816,119,Books
276021874662836530,541,Sports
318895770283091740,453,Beauty
980937140404082084,597,Home
723438811741995233,166,Books
1014172867778972293,985,Home
1054369290517222645,213,Sports
1108667667066694057,289,Clothing
582261857058281741,583,Beauty
672410031568318558,694,Beauty
571395010319603046,634,Books
449550784006830825,813,Electronics
331624009369674434,902,Sports
89482729518139342,460,Home
983721347460964103,873,Clothing
837095802517117163,801,Clothing
579795469991822958,561,Beauty
91915816883655874,46,Electronics
306576660057785837,982,Sports
447599411911183283,872,Sports
982666837880935102,326,Electronics
644513376074041356,344,Home
803676435091777437,398,Sports
535357435237748706,304,Beauty
1097243022866212179,55,Sports
330709946957297020,453,Books
768388249058681152,183,Sports
753323587050185364,208,Beauty
416104702244924329,607,Books
1114837745735518699,748,Home
714064362644496641,695,Books
208875242538915716,651,Electronics
858356638890488454,112,Books
712562174047514820,443,Clothing
333895441327271991,484,Clothing
917281379602717806,263,Sports
434400174470590036,427,Beauty
618215979176537969,683,Electronics
171458977088960900,239,Home
700028670207842332,136,Sports
763491714749418912,996,Home
178437110561608487,93,Beauty
571016898518957884,684,Clothing
474591293390708580,635,Electronics
1038608448993211458,362,Clothing
944694239666650063,445,Clothing
170025014724964485,486,Home
601260760535004582,934,Beauty
768947645592425073,578,Beauty
511863332167038682,7,Home
1139006631790555561,755,Books
1115982603325611889,990,Electronics
459027168398062850,334,Books
304541335219440022,379,Beauty
594410110547452904,762,Clothing
851530794197064104,135,Home
529408477800604372,264,Sports
1012228723654562349,522,Sports
352213430313814018,103,Electronics
588472102428925142,574,Beauty
63678616789506439,449,Books
751083193525282088,982,Home
622714859003700221,878,Electronics
1079616585893400071,747,Beauty
619334984116911561,24,Books
508924374840219850,404,Home
1101083163544319318,232,Sports
366907712313154568,31,Sports
334736836164934740,343,Beauty
998070419277093280,403,Books
873469123062532189,450,Books
68047608545740627,74,Clothing
639487310410402200,658,Home
482100088869035731,297,Electronics
368264232832272044,896,Clothing
1017509509953588190,337,Home
1105348570950146580,588,Sports
409277331471133837,377,Books
155404390694994191,936,Electronics
40756033880514643,646,Home
827182390429981813,377,Clothing
322118895682679205,89,Books
133252974718543735,740,Books
846479292501655890,835,Sports
249794040728212839,336,Home
636855543348766248,190,Clothing
503426174911437730,809,Books
880093850678107020,946,Electronics
859984049220897960,582,Clothing
600935050113878158,517,Beauty
359416184721513128,529,Clothing
855773645387256940,542,Beauty
584034976445820782,559,Books
582362477854991663,399,Beauty
847088262314420155,721,Books
323182181358388065,440,Beauty
994089659183703193,972,Home
361298092283935500,809,Beauty
20378245984585062,762,Electronics
999645136835728507,811,Home
238877881374246482,249,Electronics
147727085162338867,255,Clothing
746512604196707961,268,Electronics
44952472169088192,64,Sports
1053406758169426154,386,Books
775338790623917616,114,Beauty
915451850335958679,231,Sports
395600728380554670,103,Clothing
552255902805904459,453,Electronics
1057585582897302667,341,Electronics
432962486955900162,584,Beauty
355287915760540856,62,Home
869629337149755596,599,Beauty
869868941886413182,354,Clothing
675021480018894058,941,Beauty
541140505658728520,144,Electronics
487456459112720531,148,Sports
700854915237501682,767,Books
141478908120769653,573,Sports
181123734987795294,917,Clothing
398496524489197672,444,Sports
519870408216196011,340,Sports
687196981069287171,692,Books
218260314739379602,454,Home
1100185777966391715,638,Electronics
1002110854921912324,533,Electronics
369649123382297662,846,Beauty
167577391472180899,331,Home
923532875764924392,600,Beauty
704303680855597836,637,Beauty
711343373331931590,948,Sports
966811114065911812,212,Books
752284214797309768,935,Home
468321076343795360,355,Home
844721555529886484,918,Sports
682941456802537590,101,Beauty
1010970085108432742,687,Home
772885695690283573,612,Clothing
1140447819290127078,827,Clothing
504095674420857699,79,Books
974766640478005257,724,Beauty
721590290921643973,568,Home
995775470157980325,875,Clothing
318535959704937229,762,Home
311791903571421282,335,Sports
724902721610130863,659,Beauty
745270120358100679,307,Beauty
69969305404164661,751,Home
1131196285212408142,666,Books
953661768415114548,668,Clothing
348878740335419178,321,Electronics
995088596779018785,399,Electronics
251048206539488404,54,Clothing
680994972932212907,507,Electronics
167536316022473734,813,Clothing
1133531428447061031,255,Sports
900444372007864899,459,Beauty
92999948978497389,76,Home
420551630749027835,560,Beauty
103178629061343261,701,Electronics
2057950239382955,478,Books
826201307523835505,813,Sports
329350697397626819,244,Clothing
617093401135602741,572,Clothing
1108535677417776835,918,Electronics
863745528022774448,750,Electronics
643034640293429483,124,Books
1069252317485574373,233,Home
573941113646775571,825,Books
644801243490996920,890,Clothing
1044217479760835466,427,Books
456060726737878689,672,Home
258855182131942191,949,Books
689607760704105882,734,Home
109506340983668948,154,Clothing
106251082156229627,908,Home
57099012400510982,629,Books
289776031779694112,499,Books
470198069849678762,363,Beauty
155063219923007822,589,Electronics
150159437849247316,432,Books
1065161545099815880,643,Sports
672030276321502301,501,Sports
805781021737679524,925,Electronics
97184245688910531,880,Home
204108713710135960,974,Electronics
270323446299901807,175,Books
243007946078505666,254,Beauty
1124557686293813585,68,Electronics
602454418101909209,294,Books
456589061389680348,593,Home
1116447419356637502,132,Clothing
22455132458847992,5,Sports
1113665841981657452,537,Beauty
804713540551264359,79,Electronics
612809007638060714,531,Home
938108451337722284,298,Beauty
1094282739338609449,437,Clothing
722049586975152412,665,Clothing
760550864022596706,671,Home
956423126819030955,415,Electronics
691760084340138389,77,Clothing
39935280243663637,531,Sports
700415262698600337,124,Electronics
375223760887724489,563,Sports
345024251520060744,189,Sports
1023637739813651471,890,Sports
306086154485416725,648,Home
827628100563980280,811,Clothing
129388580349524990,688,Sports
514530097070888421,863,Home
912652747348956852,681,Electronics
242058833918013001,875,Sports
1086633228848605337,452,Beauty
1127457940946467802,463,Sports
621070742032178539,426,Books
129102348395464686,706,Clothing
290449691199256472,998,Electronics
463771759655073788,209,Books
1069659148221066449,219,Beauty
664138555521982013,491,Books
526409628946905974,949,Beauty
18075611130239075,452,Books
632890761465073550,201,Clothing
421716917149487769,465,Sports
481121895975811901,55,Electronics
580450587956834322,66,Home
363674113408415739,893,Clothing
1043567517518754067,731,Sports
917847876217475230,423,Beauty
723023387792490601,251,Books
87380049509352865,381,Sports
117651971510107810,616,Beauty
460888832816339112,382,Clothing
423955811776413609,132,Home
1075215991893519001,994,Electronics
1026914143133280257,11,Books
478084412693093582,27,Electronics
126429294170236752,995,Clothing
708794244725550776,126,Electronics
824287081706326167,668,Books
653416110465310355,629,Home
209968783799766022,933,Sports
351620363558250723,889,Clothing
471535404084743752,660,Electronics
54209920378525476,940,Books
211302231550177493,662,Sports
818071776217231676,592,Home
997714458281506179,332,Clothing
225134506471348364,795,Beauty
1015839404314015249,602,Sports
630238300234753525,821,Clothing
432925244652417061,912,Electronics
178828047574019777,390,Home
364648272133089925,605,Books
948820763997300397,525,Home
189261208072853841,469,Clothing
573370297287034488,208,Sports
892082592566924239,440,Sports
1031594578778193721,806,Sports
922182111687835389,976,Books
1053158033122327081,434,Electronics
978943511838766316,193,Books
307269546999866412,994,Books
797442051488913087,356,Beauty
870755768190401440,882,Sports
732915229331579401,624,Clothing
362866870625974086,792,Books
191556225529575084,305,Books
1149820136895475971,981,Books
184575558408494299,45,Sports
525038340132395846,70,Beauty
385707647824188110,229,Home
466359496227422669,356,Clothing
542630940444561585,872,Beauty
488209703062025767,279,Clothing
80509090971115567,874,Beauty
516644574182944953,884,Sports
891490408898810315,527,Clothing
38201804855131679,720,Electronics
526236889208986850,966,Beauty
1074589066578537998,937,Beauty
366818351786501469,961,Home
213259193682159880,992,Home
498166780242348660,633,Clothing
749329952583946762,103,Books
935031210320456896,904,Clothing
1085928555489802396,866,Books
164296599441642954,803,Home
162104918613920659,669,Clothing
549153772912403378,688,Books
873342494848920692,173,Sports
335365875868097850,905,Clothing
348924378192818916,430,Beauty
381831919799384348,722,Beauty
25239509619205799,286,Books
864825687122493634,488,Books
16185306745736397,43,Books
1006125226928268731,732,Books
328288527606926749,390,Sports
1074894123515084843,800,Clothing
1086481301130618249,20,Sports
417700633968583842,230,Clothing
916603583819866508,99,Beauty
571064986923441368,134,Electronics
380629177734939250,878,Clothing
536303622737523283,355,Sports
957251164224958065,128,Clothing
647790584532986331,482,Sports
234226806975246082,609,Clothing
853649857931326987,184,Beauty
533278979806260075,10,Home
201739631899296146,316,Clothing
810425553663085170,150,Home
157551023365577138,367,Electronics
226207813900687227,603,Home
197821202491170485,945,Electronics
378652816134801641,154,Electronics
872455234018781622,957,Electronics
131215443606877980,564,Beauty
529521272371518756,165,Home
493695218908723866,794,Clothing
436046816642591066,64,Electronics
251588919782356242,909,Electronics
137668184493111687,65,Electronics
168895069853968124,364,Clothing
763408070219049178,166,Electronics
455614800736929291,4,Electronics
265879792931562806,142,Beauty
446277875322149555,160,Electronics
27813842041825321,456,Clothing
146432612633092500,721,Home
104531766914366016,604,Home
301232896728367522,804,Books
207519159231783408,639,Beauty
1073325549354735722,75,Books
944993967405533282,183,Books
585937532630713871,420,Electronics
660781980305040901,211,Electronics
1105492500232292402,5,Books
698208179241048512,231,Beauty
653986813485104511,727,Beauty
106820514532574662,965,Sports
443640789929311818,630,Home
443282198874779010,329,Clothing
346401116579788064,84,Electronics
573902250614239469,569,Electronics
612613042181587253,976,Sports
112412133773237400,746,Home
504075903065064709,603,Sports
708720323370913075,90,Electronics
726638042692695244,760,Electronics
628186766328508998,149,Beauty
227800128346031571,203,Home
169399098084309451,311,Beauty
379604253592561421,278,Home
367872129553355890,53,Clothing
1087772020820737003,230,Sports
289903911911080169,270,Electronics
497573367008084726,223,Electronics
756576280830123957,593,Sports
192206083908949386,636,Beauty
815404705417607060,31,Clothing
32496316046222807,488,Electronics
490648319848028860,409,Books
1061862997366923841,580,Clothing
454459912361187957,548,Clothing
256442077412926159,763,Books
1096621162303888164,190,Beauty
97313743278566421,389,Home
16966080290843923,365,Electronics
334452129554036516,382,Home
60657744711046498,119,Sports
231418531626101664,330,Sports
503656177032399172,369,Beauty
205411044604795841,710,Sports
563506540498403735,886,Beauty
120069026816218224,185,Electronics
7094915699272527,343,Sports
269469392081218731,334,Electronics
460309176442595216,279,Books
592752926333303824,630,Sports
1046851147825979553,222,Electronics
1139169433965247232,594,Beauty
929437312036227190,231,Books
96746150544689635,195,Clothing
988039819082415206,885,Beauty
848427673091266307,697,Home
533981015675737157,864,Electronics
525702013809465228,259,Home
220183705509996171,672,Sports
338625702519854871,403,Electronics
1058669715518002573,838,Sports
442844811549511918,144,Sports
1016822664758282275,715,Clothing
75547869677188959,30,Books
961712316818401620,188,Beauty
652890573778188137,566,Electronics
817626652704912694,748,Books
180359571228035100,967,Books
107054416128076062,226,Clothing
297287262764255091,463,Beauty
626410168939750347,331,Beauty
187068626338213051,997,Electronics
528265306166184569,920,Electronics
1018796775404968455,384,Books
32340287149930574,463,Home
187125933011991635,602,Beauty
133706763787043339,632,Electronics
115472474658427978,104,Books
631082292570552632,887,Home
661124522955950478,312,Clothing
475121024189315322,647,Clothing
49594915857959184,70,Clothing
1103934462500267176,601,Books
743226143622661667,83,Electronics
37591989954635004,748,Sports
1073619547845861531,375,Clothing
833503784202143737,568,Sports
130960312611297921,835,Electronics
469691571200317633,546,Home
374434672982092566,204,Clothing
128123521980404078,804,Clothing
120013720281311478,740,Beauty
577656791661546923,163,Books
991298870786969407,171,Clothing
472767770480757415,246,Books
824312970430818459,244,Books
260809467489232552,562,Home
282400005822188069,707,Sports
152182364009217290,631,Clothing
369375600727530247,266,Books
922063897735753032,919,Clothing
983906808193918801,493,Electronics
599611185964864618,892,Electronics
686408220030058447,304,Sports
955525115728552426,164,Clothing
48406533405703566,822,Books
411242905514712178,247,Sports
223070536681622237,784,Books
136666349322738292,960,Books
304781359566252765,692,Electronics
711144097740406191,334,Sports
959705258261616876,281,Clothing
869263425832676016,15,Beauty
384918996839292853,95,Electronics
43913879130092685,248,Sports
615049868024291297,135,Clothing
343852232847099203,274,Electronics
970460323448031480,61,Books
237060577594322394,930,Clothing
533713574682474956,679,Books
196366337039361529,454,Beauty
287883548892926542,946,Clothing
853650691052137220,323,Electronics
460516751776820910,248,Beauty
1056741556465829083,557,Electronics
65629298521064474,701,Books
795792457607747935,486,Beauty
71474349175706792,471,Books
620129399938703361,858,Home
730418857202791692,326,Books
549719289292404337,613,Sports
125115037586993862,874,Books
448600849593115767,66,Sports
956996572456726706,469,Beauty
200902512402056254,780,Books
360635472681677494,637,Electronics
377658512056841780,733,Electronics
729653543280932259,666,Beauty
890309012090766287,927,Electronics
139552524394366649,66,Clothing
872234033042058973,135,Sports
828838813705558772,337,Electronics
103824851911000851,800,Home
956347410003354345,965,Clothing
206870750664034418,580,Home
520144378786151384,146,Clothing
398994596114722168,623,Beauty
1047203952501767644,176,Clothing
916526157329902765,489,Home
586638401519518318,28,Clothing
1047638576584997287,969,Home
1002003950824966939,239,Beauty
730013741281987981,330,Home
507941065176359646,775,Sports
443949405078098323,189,Books
713186147345176547,310,Home
928709997730546476,712,Clothing
292576114698073118,398,Books
657573983198777678,628,Beauty
823478291620641588,911,Clothing
197373403185335049,508,Home
937971058155053583,196,Books
619730715075450065,993,Home
313988911462237977,164,Home
670408014948366913,985,Books
649574211160544720,809,Sports
307886352308263917,365,Beauty
933117509883486122,412,Beauty
600497523480115000,436,Books
154223240347766998,546,Beauty
434945931939575470,405,Books
196517014985370803,296,Electronics
90519374457585947,559,Clothing
9747247330323731,921,Home
1114160530368379238,208,Home
828383784306249198,956,Sports
282302233319783645,68,Books
958029513987459887,186,Sports
968505457007940646,331,Books
397262421368833807,610,Sports
538757280215025881,829,Electronics
332052239418879147,726,Electronics
764777646908618079,693,Electronics
1008830566055759273,163,Electronics
712103177335738925,884,Beauty
1004196704199881112,291,Beauty
1093277759465436911,719,Electronics
961740214046528178,98,Beauty
538011667753359231,212,Clothing
619615192378988976,799,Beauty
208380978256233149,256,Beauty
283780166773616344,96,Clothing
1068126010729044950,962,Electronics
899460635813956298,823,Sports
881152424447230528,364,Electronics
361192470587923449,377,Home
271918577118411128,851,Electronics
1098760101970427321,51,Sports
650728636916822599,106,Sports
1060418399452773322,627,Books
200961252987631682,71,Electronics
1118691023874779643,668,Home
1089647204372831500,769,Clothing
761051394832546389,596,Books
1008531876316146560,54,Home
187173679386499892,813,Home
21473124350561512,156,Home
563686680704356144,659,Clothing
713600500340335116,385,Clothing
708420963176923735,698,Sports
573428819594387256,865,Electronics
511709270432431969,997,Beauty
352400085055074770,819,Books
875702943699527370,186,Books
707574624825874413,621,Sports
1068901430445061693,674,Beauty
563781607264994503,201,Electronics
789460650375684985,471,Sports
1102025694977148510,834,Sports
490539504291166561,532,Books
616822370319205736,510,Home
9767638822655807,217,Clothing
247820211974936397,815,Beauty
166914359055958348,631,Sports
110378201019274241,638,Books
1149838785369113465,636,Books
419007868388927910,382,Sports
800667068763661306,765,Books
397464036527288018,27,Home
59092553222359017,24,Electronics
511215016471830110,755,Home
847442708383436892,900,Beauty
574743345246461148,739,Beauty
1065688896094872029,411,Home
26252295717726943,975,Sports
67793671557606886,40,Beauty
317509452868761628,358,Sports
698394764862113891,417,Books
948866683527952285,674,Books
671091001187867304,317,Books
679189144587477423,771,Books
820936481991995358,19,Electronics
494184733469294177,220,Beauty
286571951802773583,988,Home
48118376155346888,871,Books
668829760155627638,953,Electronics
120515894082066795,340,Beauty
70691170429658145,60,Beauty
789269776521790486,853,Clothing
1058523810364258082,156,Electronics
271774646792555591,110,Sports
917542321694847088,285,Books
872211539355600828,130,Electronics
14991105500426542,35,Home
490594045087731833,283,Books
268618521077227091,304,Electronics
844714782866011541,637,Home
445144125320097649,966,Clothing
259218825374925392,816,Home
508160850472232024,387,Home
59467847251878318,484,Beauty
981877979473385840,442,Books
912718558799898473,703,Books
891681871758008049,510,Electronics
334798684622953929,618,Clothing
67490361853262728,265,Home
739818388694881618,604,Clothing
414455899062885789,640,Clothing
1075776172197700623,100,Clothing
1106804430169376915,389,Clothing
630023245176437295,907,Electronics
587567330294871541,193,Sports
169748775206994972,770,Electronics
953777191247526219,590,Home
1065229551549432446,352,Clothing
624246437947558567,757,Books
360577185387868049,137,Books
322662406272193764,737,Electronics
324778938819342527,551,Beauty
646315343664970367,194,Books
544058743019371311,707,Beauty
696324183311661384,685,Sports
1108118046330887203,185,Books
893311739256640438,39,Electronics
1113714751120811551,641,Beauty
694639398009643583,12,Home
662295325062107392,564,Books
123725386282129798,761,Home
1072302755170015618,197,Books
413391166012118747,788,Beauty
1004606720423178339,323,Sports
379372132641570842,404,Clothing
418337084442098525,191,Electronics
215502046833845710,613,Clothing
865394127949127663,23,Sports
787688712986150894,85,Clothing
735621132550542470,384,Clothing
1052605119592443505,241,Sports
967603770146941099,514,Clothing
410582936929503364,260,Beauty
264252139873490740,150,Beauty
914731466711328011,202,Electronics
114665687276728501,845,Home
1148501906444401996,490,Clothing
500405327282454874,584,Clothing
752431517367580571,640,Books
415893680001791460,650,Beauty
564990413421037111,476,Electronics
537747605629427441,510,Books
812807675060704057,462,Home
858800030490403305,424,Sports
29122421719348110,728,Home
954097407861666593,458,Electronics
849623610558884054,377,Beauty
93400550547735334,829,Clothing
418503985330330904,775,Books
741726308889585454,960,Beauty
158771978658866836,438,Home
763516535511824346,334,Beauty
240095058253207135,83,Sports
1028448806968706290,801,Electronics
395520891112692896,495,Books
601568041138209189,144,Books
705328097260024099,326,Clothing
488953348807726769,329,Beauty
108101200758543836,130,Beauty
1049973441852914584,68,Home
334617568681148211,770,Home
892417339756589040,611,Sports
867782933694014763,896,Home
1140976161689659138,460,Electronics
229145693622029355,547,Books
422823076846253949,821,Sports
637809774284106428,335,Clothing
266708477974457008,714,Electronics
863991228563298637,55,Clothing
451295315914563162,433,Books
614144141438257161,675,Books
242914929828648121,511,Home
141358513226912671,397,Home
1113507425853288816,439,Electronics
511328681747956019,907,Books
151063327917564372,416,Sports
406130850442798418,42,Beauty
187465791919856467,285,Home
158442065445964901,725,Books
716485636639532010,341,Sports
510282539077927329,8,Sports
235103206502487278,891,Home
123900713395346069,833,Beauty
491371520944981030,796,Clothing
1133889345952982455,788,Clothing
606025845693945299,584,Sports
7290606383425963,1,Home
111887805454027471,94,Home
849898264062170723,666,Clothing
275478197357686938,32,Clothing
847850949511792182,991,Books
1047466568438437471,241,Beauty
1149741305593814287,986,Sports
269696481508805453,632,Beauty
772822281197253392,549,Beauty
682975363545801746,914,Beauty
662590226031421950,965,Home
235044000868675054,619,Sports
1008721396185384282,181,Books
27809319101438584,653,Books
986184791834935033,529,Electronics
760802446892514415,798,Sports
700012980162194398,998,Home
970336975102553320,876,Home
22072488863824996,172,Sports
59308677365134112,89,Electronics
1000809492624161028,447,Beauty
1028094217100008486,141,Electronics
429516503230402262,88,Home
940348172284716842,413,Books
488728088316491329,442,Electronics
155111028235590324,941,Electronics
1087122225141713013,178,Sports
27929597078668170,810,Sports
863935230122290276,112,Sports
539945058133442892,199,Home
158332252187229580,121,Clothing
311932465611766265,205,Electronics
573577916722926070,633,Books
227701533892106527,828,Books
344710212749222467,812,Electronics
197137165422555244,654,Clothing
41777536838903770,951,Books
348702485632366836,622,Sports
302734908607734139,117,Books
654753409060925327,157,Clothing
788583769647138635,936,Beauty
661659380227936384,38,Electronics
21835498948745585,886,Sports
446264047823228136,445,Home
109040025537407810,475,Sports
1143765348127098821,190,Books
53389441207786485,125,Electronics
290973708695828249,930,Home
490846971270587897,314,Home
669620678826732870,345,Home
1134781340527320633,175,Clothing
529496474178045977,450,Sports
160262287838026380,196,Beauty
399848341618193582,344,Books
684111669266275006,265,Books
737821980712893537,434,Beauty
816023110290865596,362,Electronics
704098343788350391,680,Beauty
466959913182105946,518,Electronics
1077458802685146700,346,Electronics
1120787450093335526,910,Clothing
4934125748560763,385,Home
1068912886506988799,336,Electronics
978392824254982511,289,Books
994283235583165556,436,Beauty
303995576327547427,182,Home
863586834457272035,530,Beauty
15450752991389868,800,Books
470457346504445537,264,Beauty
462253117922746537,200,Electronics
290824242513075142,553,Home
280747653820711131,474,Electronics
619969772565890475,78,Electronics
577359036175663201,402,Electronics
105007472103942903,752,Clothing
779162343183113581,563,Books
373907147123905703,883,Clothing
109020133738355002,570,Books
472821958219275489,574,Sports
111941416705929742,23,Books
58965396162318643,552,Clothing
358767247330083106,538,Beauty
1085735615257710311,852,Sports
323394171789821164,725,Beauty
288794380764549341,683,Books
64389364857821108,607,Clothing
22613953798642798,351,Clothing
176175758923044110,203,Books
460002434063872192,836,Clothing
193074355719743098,689,Books
506715603874200526,658,Electronics
675227363294631178,707,Electronics
24331994775274865,127,Clothing
611611635519717706,360,Clothing
628922199621822332,179,Beauty
507017601251824214,198,Beauty
409008035139365593,135,Beauty
573300947937622296,970,Sports
515361116023436147,325,Sports
477033394120113243,677,Electronics
1140828469282798105,375,Home
719397326818631261,913,Books
956333089266733808,259,Beauty
786709553955888521,480,Electronics
894627001732939788,787,Books
482900083998373560,710,Clothing
228390269960005328,636,Home
1013891854375893063,599,Clothing
833151210295411950,236,Beauty
424845214715811568,568,Electronics
1022051141505365161,631,Electronics
594221234431146414,306,Electronics
901167453083747249,424,Books
235506851493308838,71,Beauty
401314982684346338,725,Clothing
478813790524696524,20,Beauty
794642626139453941,383,Beauty
1128148218862352824,701,Sports
865649159675369098,123,Home
45623822744852910,158,Sports
462084724459318530,836,Books
573284676323156028,856,Electronics
126577735839908537,528,Beauty
129757377750067220,410,Books
761422024261271772,924,Beauty
190939537991041116,199,Beauty
58844421403367816,969,Sports
140228714095383223,690,Books
796443349912098679,655,Books
402569763691872840,9,Home
796398482771658741,31,Books
1030009972944234734,164,Electronics
727989754737416344,306,Sports
322559406927680086,164,Books
524831672563895201,589,Sports
35012205030006327,9,Clothing
561165336697754631,460,Beauty
493957823650987862,406,Home
101495959119015022,176,Home
657810309386598084,534,Electronics
40526809866885876,139,Sports
903801639356411331,566,Home
948288684793817774,126,Home
813781013681011013,630,Books
135398292390505080,402,Home
767784480908452527,152,Books
820196420816231824,464,Clothing
355223894260871558,548,Home
984085123514447517,532,Beauty
189572332375424123,221,Beauty
168763318550242805,824,Sports
321508965784026681,778,Electronics
320317712401232492,574,Clothing
491954288131519155,955,Clothing
472534908106872875,6,Electronics
1149411291712773759,766,Home
1006545747500574946,226,Beauty
498814665637493631,146,Electronics
685912663655187587,782,Books
150058642240755921,149,Sports
48877074103512794,74,Electronics
533153843294169764,96,Electronics
1126834670844626114,948,Beauty
741925952307677010,477,Beauty
1114603840258647120,571,Home
747345677702415338,224,Books
1055235670373716763,504,Clothing
172853655290910377,678,Books
505050244048818553,238,Beauty
89579298596459305,240,Books
739392731289013947,434,Clothing
855714988149745824,436,Sports
944650412615070022,708,Sports
760263025422391489,628,Books
606540745973356299,624,Beauty
473068936503970086,975,Beauty
991565049627302059,99,Clothing
688369163983635237,276,Electronics
950124161091551828,267,Electronics
1049680453088767292,313,Home
661823992261583039,206,Books
851617352606992019,23,Electronics
52444836305317877,409,Home
905855547652752514,233,Clothing
1014729039665476797,107,Clothing
1574584719128532,754,Clothing
289825505294318531,470,Sports
756450317139056736,801,Beauty
537018341434756113,886,Clothing
732652938411466166,378,Home
289984496950377694,295,Beauty
708050220036138678,866,Beauty
808947122588739464,506,Books
319639317925275904,368,Electronics
460471916434029827,108,Books
704183777289168408,132,Books
592629403928504360,35,Electronics
552783873983968794,175,Electronics
345498954703640988,521,Clothing
610368244137368988,875,Beauty
235340358758491420,756,Electronics
1001118086889074658,128,Beauty
1015883470265261083,12,Electronics
603590952429924837,746,Books
1140136637653512253,926,Sports
607420811370612608,315,Electronics
919153983814591562,30,Beauty
1045844190937920820,164,Beauty
482701810766529399,965,Beauty
117952637890877434,492,Books
273157445595850497,772,Beauty
908723097085638466,504,Beauty
403322781054974830,355,Clothing
776981419076978189,452,Sports
81117759541567109,107,Home
775626326769082992,362,Sports
274461609698559910,961,Electronics
962831875077680692,475,Clothing
94958610695591111,867,Books
642433941995189446,418,Clothing
581984926140634422,560,Books
778684761871362634,394,Beauty
726457401667423516,255,Beauty
22241795868326371,847,Beauty
1084422069605375695,313,Clothing
683505818747373947,925,Clothing
701218890750310548,283,Sports
1086898305262106087,649,Home
164665416150793268,435,Clothing
420067622763164704,423,Electronics
233439048121076126,335,Books
792523197297650165,476,Books
311016921549815038,532,Clothing
142277756535854207,522,Books
830647367477454771,245,Sports
845678638148647953,961,Sports
912215284753398143,60,Books
354855938704243923,799,Electronics
799106329620572549,500,Home
1014260232052085144,169,Clothing
95686232070270146,929,Books
103032016841327473,58,Home
972981041282805770,118,Beauty
138668462609504352,760,Clothing
479644267273108604,571,Sports
74181269024947137,778,Clothing
818256340462663466,105,Sports
610763743817119919,416,Clothing
374024607783447969,284,Books
620628144975786922,273,Beauty
203910017256729333,561,Sports
780709274369809193,336,Sports
22947028669432805,47,Clothing
551309446727850533,984,Books
866151575072915326,735,Beauty
367303278668662581,535,Beauty
540902136175972357,869,Clothing
1139429483796990145,7,Clothing
54593128552724448,155,Books
42354716121147493,360,Sports
369005979903488892,512,Books
71970467261926083,850,Electronics
984360797280925698,700,Beauty
734907955839161358,878,Books
308137312569067945,986,Books
880517037580221379,110,Beauty
979018834358732621,560,Clothing
611147618524240516,574,Electronics
711019686179063566,663,Books
414250840259469506,301,Books
844561672720286310,981,Electronics
71744751354599871,664,Beauty
525448141740793545,338,Home
1132291560362067989,518,Home
43273846492697003,218,Beauty
98344097764638386,764,Home
772204343643552637,948,Electronics
1027279946383562550,514,Electronics
462789684817202882,240,Beauty
150715426452842868,601,Sports
634882876601875129,128,Electronics
1139898036060541938,635,Beauty
424364654677873851,558,Electronics
467292596292096598,727,Sports
521727077634408593,156,Beauty
235051302157700325,126,Books
230684184493577176,274,Home
970582049142136800,158,Clothing
507607712103973563,61,Clothing
661842798200687445,278,Books
1110691868612472210,820,Clothing
947048967620669760,451,Beauty
691813135518589770,711,Beauty
1029033953806338984,421,Electronics
505844727660541115,994,Sports
636909936377846260,293,Electronics
617697935889013079,950,Electronics
1100422449333966514,653,Beauty
444005204096511893,470,Clothing
1122637746626352504,3,Books
621524646071777539,261,Books
89558189036309949,774,Home
497588575691532590,856,Beauty
232066367877882134,772,Sports
976086734055408321,316,Beauty
98378100390914043,374,Clothing
1144485298370148129,74,Books
101139364704130955,580,Beauty
1051735775035555857,640,Sports
359517053384154312,94,Beauty
748232412912721995,892,Clothing
615380643629643373,103,Home
764861372091699363,632,Clothing
804911222569201822,420,Beauty
748535304308183722,186,Home
1094406793054970238,846,Clothing
636811991896439807,391,Clothing
584157622833385133,247,Books
449693290670357566,771,Beauty
994296661699368612,115,Beauty
12946455730458235,513,Clothing
794590195825624206,907,Home
858595122752095468,472,Home
1130639680478961928,505,Books
636924134033360135,40,Books
654270215462716746,22,Books
690695599794891927,622,Home
925408300628616063,930,Beauty
926207368437049526,35,Books
992783034528855315,466,Beauty
742835492127659770,397,Sports
569934624040494518,636,Electronics
1091198863291039329,267,Clothing
365690269654292327,904,Sports
660024612820995288,830,Clothing
328550502662910833,842,Home
1120069172790722338,807,Beauty
424669495911721862,299,Beauty
747961831286435576,685,Books
872156409697381419,195,Sports
651876654085187589,339,Sports
209341002187059483,853,Sports
225363313765921206,999,Home
707781773911092948,854,Home
116350381903929215,83,Beauty
236832725488310877,631,Beauty
749144173447979183,431,Books
1022268278906389248,604,Electronics
613503839862370518,675,Beauty
428668269459180001,641,Books
991834280452806029,305,Home
616663271280552599,77,Beauty
515540917312818469,777,Electronics
90427626184191218,347,Clothing
248167481428506077,377,Electronics
491724405285761432,47,Electronics
102815422788025040,13,Home
251209224104944624,662,Home
1135497700451062603,286,Clothing
342659721629191186,820,Electronics
1136726180456347699,154,Sports
579965451004671752,38,Books
811838946923028216,404,Beauty
1084637320456444920,386,Beauty
536624556555266172,21,Electronics
639093534649510118,71,Sports
382000132938761633,907,Sports
1078960112885357224,289,Sports
51061498632743771,628,Electronics
813825457671368303,174,Home
870370527996407859,619,Books
320090594205498873,616,Home
988050640534765781,109,Beauty
98244713043982175,534,Beauty
111300305522218116,933,Beauty
380068051336412379,681,Books
285259031363872888,345,Clothing
409897054654353931,610,Clothing
439400617810769936,837,Electronics
435292537424898303,611,Electronics
1118060905927769600,322,Home
390553654147590529,376,Clothing
969666324471628738,835,Beauty
661429328976641250,414,Beauty
185994024852700118,278,Beauty
892007155585759932,53,Home
1059688357139814980,868,Sports
1116408397478315872,830,Sports
864479337505189295,281,Beauty
297921912320042487,982,Electronics
396703088032641191,716,Sports
941321709412531903,218,Electronics
987271660129360306,455,Home
798664821779103162,461,Sports
342110542973567255,236,Clothing
372283010259966740,736,Electronics
589942703857447115,799,Sports
1005681907875489130,815,Clothing
235287925271223741,674,Electronics
676363672940520495,998,Books
574238105300011711,237,Electronics
356524440351683655,435,Books
70045803224580032,1,Electronics
709350102637288221,449,Clothing
322294054467539402,571,Beauty
791700827391459602,874,Clothing
1008843155219261172,269,Sports
924445506884211482,350,Clothing
715451801278526879,269,Home
865614536759605741,401,Clothing
902681660796468027,943,Books
437056564731895102,310,Books
88383884525334256,87,Beauty
648390310001812300,509,Electronics
402108126497924252,36,Home
585599904538828301,980,Beauty
330347160306253530,583,Home
306482662880284851,573,Electronics
909660994559698968,613,Home
644141696230205973,597,Beauty
924354182630314424,321,Sports
346177470509851097,684,Electronics
873343749758733023,928,Sports
265113325784969607,308,Clothing
46737636543191312,177,Electronics
424346163666624702,444,Home
553481668943112413,246,Beauty
420986905694589448,498,Beauty
1078373296391184686,976,Beauty
257992813161969254,45,Clothing
998007089603648889,261,Beauty
882181862354798574,448,Sports
294301789499652936,617,Books
3039222217185392,420,Books
879641312222912273,831,Clothing
805251927445176997,560,Electronics
783820175584969071,722,Sports
1058957914299339962,382,Books
428456767865345764,127,Electronics
504195090872391956,439,Home
813518975137737487,544,Clothing
367126621476197493,122,Sports
1112894761576559800,168,Clothing
261533567062112456,575,Books
1085925518142494785,905,Books
725647746218032879,254,Sports
746760772996661630,430,Home
331951224626467405,762,Sports
622273828268064207,335,Electronics
280977258439192227,88,Beauty
400723729976129006,968,Home
682459042660111213,61,Sports
1012308635826056808,43,Electronics
172164304861794708,190,Home
185289934227661223,569,Beauty
308909630378115119,140,Books
452425512164845580,517,Home
658460026538543198,340,Home
22698810810833989,709,Electronics
956638078408460970,885,Sports
329161790826092222,262,Home
1025518883375829916,181,Home
1071255503709073238,319,Books
577951065494781049,90,Home
882272427437735089,806,Clothing
474344180564841249,481,Sports
230163470031070299,428,Books
897463024794924212,841,Sports
999522016571695094,219,Clothing
697917935805875057,656,Clothing
353329059638439442,35,Sports
582549122860617274,406,Electronics
590582523392853024,713,Books
475048425709748659,234,Home
16369797852635183,32,Home
208636539324176186,941,Home
535328324370352413,882,Books
10947916204037841,904,Home
399102940211303713,812,Sports
204193382404968637,942,Clothing
505611352946189768,503,Sports
359377731272293799,459,Electronics
795557613729053861,696,Beauty
474282553025501722,678,Beauty
1137957226204012831,815,Sports
900453740442895321,701,Home
942575208635568561,687,Clothing
693238656571878872,698,Home
701624958276448621,536,Books
1104722144743165557,597,Books
229723748828281042,827,Beauty
93663263225008185,882,Beauty
80466513914207460,105,Home
153820087075263745,676,Sports
939470906649935292,841,Electronics
1050942336484928148,156,Clothing
377386657057108666,124,Clothing
1108640037735986640,988,Sports
301147984709711507,792,Home
140441223726044646,927,Beauty
258261617526258919,194,Sports
352051021551472969,11,Sports
100752862450172734,851,Home
47235665594817738,843,Beauty
1144834642893927403,252,Beauty
879144648517430648,529,Books
725497951807151349,916,Home
863070940975248167,753,Electronics
578897762023311908,741,Beauty
754153058725871606,378,Clothing
899061026728649415,123,Beauty
1139790473819554324,711,Clothing
717056678424199292,144,Home
289722293536717654,554,Books
434313506088585092,444,Beauty
922538481299617730,583,Clothing
273370732676871642,33,Clothing
201788105733190606,605,Clothing
144847146054711885,43,Home
784212352406877035,116,Beauty
926956509733146189,193,Home
224084593223488717,168,Electronics
425224864942425069,249,Clothing
1064044229664042870,7,Books
763118056663088781,272,Books
964219694531369070,396,Books
1048086406057352966,282,Sports
282925567617603384,754,Beauty
940447930824070634,506,Sports
369728878600902296,709,Beauty
55123904333702365,861,Clothing
495239435094310642,624,Books
1071481441007852912,211,Beauty
673877674614144550,944,Clothing
830691431992794088,624,Electronics
1122479451422110737,370,Beauty
168537515851036612,62,Clothing
498892972649489836,964,Books
471552433679454364,802,Electronics
477326236548191433,918,Beauty
907460205034435897,172,Beauty
362555590721738250,438,Books
816100169882420838,375,Electronics
1086428981186357108,497,Beauty
60673872532462198,78,Home
867191639321934984,50,Beauty
489913518212324429,777,Books
164767727256265812,383,Electronics
975717761446743537,721,Clothing
783764372913758546,508,Beauty
513928797170731864,359,Books
445705564883338807,979,Sports
165842567381024756,690,Beauty
670218121301302719,802,Clothing
330927703891747711,767,Beauty
310798255542796833,244,Home
744572933056101299,527,Electronics
314640818922405156,938,Sports
232469517747284998,456,Home
398996216719807878,879,Electronics
29996400628655079,989,Home
635346422337544228,419,Electronics
315093633036749273,528,Home
198736891053797369,726,Beauty
314528526365816812,116,Electronics
911231509509895162,292,Electronics
732767554360932283,272,Beauty
291434384636346828,842,Books
566307947536899153,550,Clothing
328833966560015412,111,Books
581037869863356384,233,Beauty
883529089702651650,290,Books
1050529359195838218,15,Books
516528845309382620,991,Home
1071336239721349973,772,Books
46289497580791839,687,Books
680793496777933283,423,Books
851697051102557483,897,Clothing
921255138712707860,356,Home
10581272012106090,732,Clothing
616819036761209437,558,Beauty
534712233816636283,953,Sports
480670324948251293,999,Clothing
323167925760895642,230,Electronics
169978471565652386,774,Electronics
644089928632970214,895,Beauty
762291266791697064,148,Books
668060499671929135,349,Beauty
829791327991555205,633,Home
513056595007398963,987,Books
306982286960136805,110,Clothing
337603135543954925,958,Books
303128398732433751,664,Home
11882470528494107,79,Clothing
550207254523483076,928,Clothing
942927016532876045,509,Sports
269122116795912783,383,Sports
441960763658141993,519,Books
368153742910772076,945,Home
842597623760665898,457,Beauty
383246189242262011,390,Beauty
7795565414127639,987,Home
1044773397344886814,543,Clothing
651982037852156751,727,Clothing
17919585305043491,780,Clothing
47710550070186291,960,Sports
485271050888986074,774,Books
1076464051852918511,33,Sports
460185907651338034,648,Beauty
278116634685066904,305,Beauty
777001887938291040,347,Sports
485376922341817742,88,Clothing
607642901416325861,276,Home
1112370088608982152,950,Home
720914032696178893,814,Beauty
1135213484843301624,972,Clothing
690502810817606452,654,Books
825144022303317452,673,Electronics
643760260460394674,223,Books
506586360845906278,958,Home
303395703527013218,932,Electronics
181043039053668345,857,Home
618253816318036556,356,Sports
982898410003358159,355,Books
626946103364170990,191,Sports
775005056493014902,990,Beauty
752205137605529285,420,Sports
1137259073173673455,263,Electronics
1104754486846265892,262,Books
332495227480934391,237,Clothing
654974764972630928,830,Electronics
439378490923819955,257,Electronics
39883601861436335,764,Beauty
180911904097386103,629,Beauty
837866297983499913,112,Beauty
586874950275082215,646,Electronics
1091415556493365293,593,Electronics
697879603551575001,306,Books
261024860473632559,70,Electronics
124337889458145595,967,Electronics
307235764185731461,129,Books
1055561528314900163,139,Clothing
367650424967933768,545,Books
652986746810991631,520,Home
786507000757225118,947,Beauty
486305470658695329,780,Beauty
447947377493375840,386,Clothing
978478085116934769,86,Home
809306912547221155,75,Electronics
1151126580180385412,11,Beauty
767613720465188250,733,Clothing
663829602500158865,645,Books
1042445974886366940,411,Beauty
788029995492048167,860,Beauty
445504606696292636,792,Sports
317360817326432957,878,Sports
100842040002827980,657,Clothing
998981867634588599,85,Sports
661380135461414721,712,Beauty
238391933776331035,828,Home
1068565602898603547,49,Sports
868595057170966006,466,Electronics
854869263723791356,806,Books
182756465064460165,895,Clothing
258235880971441786,59,Electronics
781482826459401738,356,Books
167149470199463975,255,Electronics
606517464825062458,351,Home
577273403944957894,57,Beauty
676987474645663189,895,Electronics
1107729486641624341,194,Home
1048669750337447447,824,Electronics
919761222242021305,717,Home
633562380780524057,889,Books
477950756227896335,495,Home
879679773074146822,181,Clothing
971034371316673721,471,Beauty
29657969939465299,215,Electronics
787669372367678614,669,Books
392180144429485443,196,Sports
229775900562842848,179,Books
230874049353031414,538,Home
1075137725291562322,75,Beauty
991377218068061678,787,Electronics
1119419378870226654,832,Electronics
802258969948499925,493,Home
970228364645102911,108,Clothing
122361217686549144,688,Clothing
748618168260193189,427,Home
952269950680580049,659,Home
949128935998308173,81,Home
803037961263903151,28,Sports
265311621873863222,857,Beauty
405404123205803766,537,Sports
158295367850120506,490,Books
1142495200563016375,124,Beauty
938129207857169520,586,Electronics
1062094774920193492,749,Books
1103822374659419163,873,Electronics
181232231879666363,736,Books
164964282129384973,231,Electronics
338207279486649732,728,Clothing
677354353250235636,548,Electronics
277625091656004531,169,Beauty
982536873063645291,803,Sports
504921142445758816,132,Beauty
924852915390865848,159,Electronics
679400603738084066,242,Beauty
926714358297145590,938,Beauty
61008312649514915,995,Books
713747816852195872,198,Home
774452059203999540,864,Clothing
741008279005807719,286,Home
488012039577091182,456,Sports
526983867769589462,435,Electronics
536795231427256216,600,Sports
791224293904579368,963,Sports
281202743135366052,393,Beauty
284038459711821690,328,Sports
684154055113841479,631,Home
747410924010674200,484,Electronics
359111125688632456,169,Books
297630781535760775,445,Sports
1111191041694215432,362,Home
27668042083806050,292,Books
30491730268162004,881,Clothing
1014583717560381607,993,Electronics
1016426479277452864,147,Home
759697000059382349,626,Electronics
414904475921221537,418,Beauty
1060150986995002230,477,Clothing
82113033062201936,314,Electronics
16558699096447854,375,Sports
641350442861627011,837,Books
386345814890139613,520,Sports
773805939067696980,575,Clothing
279742123527093647,662,Books
229470073268248996,161,Books
1021975024114450051,418,Books
288163119722816590,344,Electronics
310168372527238270,407,Sports
1055263088733776972,932,Clothing
579102217543176152,942,Books
509930796973601131,21,Home
556339262768202154,34,Books
911833582996229691,583,Electronics
360606603295037880,531,Beauty
813351270513763981,27,Beauty
231408866343136012,147,Sports
13185691397779388,692,Home
120611526372175147,809,Electronics
330163278072843111,606,Electronics
536159763990966599,567,Beauty
75419383636092366,371,Beauty
963043783712652347,14,Electronics
711822433660571906,622,Clothing
1123977763714948174,288,Clothing
1053431462107617176,442,Sports
821118351484959694,465,Electronics
13139921778428729,945,Sports
378011568223538203,230,Books
600625703165594979,131,Electronics
657984758188032317,242,Home
690169722255746045,464,Home
362011386760696079,525,Clothing
467214112964455867,249,Sports
39677978396147399,704,Home
17825466233894784,841,Clothing
376901361074659881,996,Clothing
695952219039872309,368,Home
275640903681217486,865,Books
934616933712742889,960,Electronics
1132423509470935006,588,Home
306594137205714189,606,Clothing
973515816452962221,533,Home
777132504448317074,615,Home
428430160849831641,906,Clothing
575772891964600381,168,Home
155024577763290800,196,Electronics
1053179635648744257,327,Clothing
220372523336832069,312,Books
427214021290518277,792,Clothing
566629335108123227,37,Electronics
1115871261398689549,333,Beauty
632294488612056239,542,Books
355306229062149120,560,Sports
212881438983283838,702,Home
265329375573434583,207,Electronics
156526868228373143,360,Electronics
1071267263552298474,937,Clothing
365848312559789861,305,Sports
946892536011959814,551,Electronics
304754012074032108,408,Home
191519896179856799,63,Home
1100635428149366037,241,Books
1122046722739498507,957,Sports
764404109610951761,359,Beauty
829228629431940841,438,Sports
898311944285487345,721,Electronics
228624092944029892,891,Clothing
1082356935555556766,920,Sports
267585716501748179,425,Sports
754567734619343442,836,Electronics
246518515436633968,95,Books
458931659144989389,79,Sports
267173442591676522,453,Clothing
788250744535657009,13,Electronics
707882573125279861,699,Books
28722232210521565,571,Electronics
1047519283033167654,47,Sports
106363155479424535,10,Beauty
1063379661128265818,271,Beauty
475023882918775479,46,Beauty
343272193840342225,287,Clothing
664868596933267108,380,Clothing
400521851367783501,520,Electronics
1011819372722644737,221,Clothing
654403630195371923,317,Home
259026155452675388,303,Sports
681907376394035401,836,Sports
523617682507006292,339,Home
471037476016758073,950,Beauty
968705161125716594,543,Beauty
494198897608020736,387,Beauty
804632034024414903,235,Clothing
177751094776873154,859,Books
61274297576838726,570,Home
934855734250756508,662,Clothing
636189402175625764,690,Sports
1136142385684852835,178,Home
273192811536114598,46,Sports
439551216312115638,872,Books
522273388456438146,911,Books
559025456569467010,26,Beauty
534854439788932219,990,Books
461060119353382456,671,Sports
755590096358100672,468,Clothing
548142806974665555,868,Home
1072502214245469619,130,Sports
992354838294418004,568,Clothing
922663794103478629,159,Books
196719963500448154,13,Sports
33546040305620818,292,Beauty
353929637494746040,830,Beauty
487530953392747867,352,Sports
1057576139666337266,646,Clothing
1150835438156252177,596,Sports
760435436718754125,315,Books
975983189540475842,88,Electronics
270101258121674240,657,Books
809254343391165813,365,Home
1062486388286861032,595,Electronics
744014483540010942,101,Electronics
360251998215141788,14,Clothing
278983656222088570,747,Books
783968993272676958,873,Home
805757769494276378,280,Home
168267155870349774,111,Beauty
968221877106327972,663,Electronics
292434148552594453,592,Clothing
783528259629032240,102,Clothing
380024634980709959,16,Books
354229588439519915,115,Clothing
925560752428242157,1,Clothing
1045660024102451307,676,Books
73024629634862968,273,Home
509652347711846507,30,Sports
1125842722972601194,282,Electronics
807100924216757062,8,Beauty
1050759016099673159,671,Clothing
761206187830022048,267,Sports
769140908492708336,848,Clothing
702358586287560067,299,Electronics
566123287375606202,365,Sports
814224947142052190,781,Home
48324474749788605,404,Books
1136885929331012789,962,Home
1046482189471219696,655,Beauty
569321995114957452,654,Sports
333046314594138366,621,Clothing
422986732474746612,255,Books
790992936286705886,606,Home
316436713153605238,207,Sports
781964271684688908,518,Beauty
433981221906035377,153,Electronics
592017748018199098,370,Clothing
822711097818644606,549,Books
577213413308594308,569,Books
754213903195678763,711,Books
350107525167387162,26,Clothing
206609410949578397,339,Beauty
681949725494749971,452,Clothing
22697952628589504,556,Home
701015127025490437,968,Sports
904527127053945393,41,Clothing
1014507760879643859,627,Home
944725982792140848,875,Home
998136430391198746,288,Home
146046647162608974,573,Clothing
606610852215330668,593,Beauty
190852500161567249,490,Sports
515692786033907732,315,Sports
939204027012331341,901,Books
983092505773229912,872,Home
768088760666468179,462,Clothing
1087066969392242125,159,Home
1114935527552103103,570,Electronics
917705026578535075,942,Sports
343185681191442824,150,Electronics
64038860412194142,402,Beauty
630021440871454979,342,Beauty
126529399769723777,458,Beauty
583479016420334241,429,Electronics
371038860729238176,848,Beauty
479135608981518422,903,Home
656550042336017620,761,Clothing
938379151704663272,727,Home
269990841220332857,628,Clothing
712074424483770299,398,Electronics
420620685622134891,793,Clothing
293957999157886976,136,Home
878127518957167672,855,Electronics
814354950695725871,975,Books
285901178688359197,805,Electronics
269822705253946010,447,Electronics
90852088437949108,644,Books
217626253852454482,330,Beauty
719790434431162313,95,Home
792079906572304778,903,Sports
844642360497137402,543,Books
862727538730428595,281,Books
88003853641351851,271,Home
40229989515660246,735,Electronics
8713876377570450,523,Home
230926983695569695,868,Books
1028708146508934606,195,Beauty
4208915083097177,345,Sports
1088739622185555092,310,Clothing
673968193449283001,463,Clothing
88493607229489842,572,Home
792541283624334191,997,Clothing
848972686895248625,426,Home
574305743100448433,241,Clothing
546459882473672526,405,Electronics
860556890912927559,959,Electronics
388549500108479268,226,Books
673931013108042197,627,Beauty
1054043147518197945,230,Home
406103343433600409,170,Home
369727469768384832,633,Sports
300881484879052944,537,Electronics
1075988090183621998,579,Home
222326628948706861,667,Books
903345415855342122,76,Beauty
556054834287028460,124,Sports
105383702345492991,377,Sports
1103722568797198239,933,Clothing
1044256701691042353,549,Home
119712741701932100,131,Books
721508319876591336,284,Beauty
957142643998040236,223,Home
763513637033178731,433,Home
229029674197756454,83,Clothing
674158197149619447,856,Home
306012547703777449,321,Home
365887521135543776,598,Electronics
525596562204274895,216,Books
6622074239252642,794,Electronics
1004446696454828901,778,Sports
232359525054920289,702,Sports
805803492524815411,910,Books
447529045203220686,150,Clothing
88839441836947354,394,Home
79943570485011678,138,Clothing
714000353228030041,36,Sports
1037508585167509331,395,Books
1735852998126011,867,Clothing
499385736403458048,419,Beauty
870613458654881408,925,Books
328947118606249429,407,Home
28987842614570525,89,Sports
788490403734993781,902,Books
717191288135616492,731,Beauty
1104899526532397909,868,Beauty
77277868760220906,819,Clothing
214519354301069360,302,Books
1007157502608634941,239,Sports
319969641549662949,455,Sports
953450800685583867,874,Home
558968844409985736,458,Clothing
313282725392351032,378,Beauty
466849199124120341,48,Beauty
419093255785031281,829,Beauty
433689328638121919,772,Clothing
880997351353076853,924,Books
904454781404132705,491,Clothing
17584397504353270,479,Sports
1070364268766710719,485,Sports
108568655001976803,350,Home
87750455553465026,487,Beauty
614888605955638175,791,Home
258032214698326070,99,Electronics
1089006930110473012,450,Clothing
952924430947450277,745,Clothing
1147175134487460295,575,Electronics
857633297070584925,681,Sports
944797506340046719,321,Beauty
627159111613682864,96,Beauty
11008994961298759,240,Electronics
186866454801991064,741,Clothing
1121494953457107715,982,Books
1117821115553333954,258,Books
678512529710969677,964,Beauty
1062254733013357052,508,Clothing
1083117237140148778,465,Clothing
655420526464404909,238,Electronics
701127042568940502,330,Books
615232161526764369,432,Electronics
1131061476144585316,757,Sports
260866802897179180,234,Books
650205219614223427,558,Home
619769129955245181,347,Books
1040233610701414037,123,Books
455765638464665470,699,Beauty
217815515095832316,293,Clothing
687063303577565239,560,Home
400943831037495319,579,Sports
940640888634829294,29,Books
250724867401882154,565,Home
339409552521903010,40,Clothing
1026233422339751426,25,Electronics
660810395994815428,369,Books
1062090388633199495,178,Electronics
93926841805903691,859,Beauty
765223956337435330,623,Sports
623414291969090359,137,Home
153315769272690584,869,Books
783080280903400430,797,Sports
135227307435082920,751,Beauty
513077059302469379,644,Beauty
426622876030394562,319,Beauty
359414696217798963,472,Clothing
857797748930108165,623,Electronics
749094103694914882,743,Home
1012830800989182477,934,Books
36532350575503522,525,Beauty
305623818993040472,966,Electronics
728832334074179918,922,Beauty
118509730590169798,789,Beauty
876589135105189277,443,Home
814964232438689298,227,Electronics
956143588687661501,814,Electronics
554094570353574496,988,Clothing
679894160224246216,899,Beauty
1152766763444007467,543,Home
8336343936108259,736,Beauty
526060657360953560,652,Home
551743052975260804,349,Electronics
357093656632195566,657,Home
136914574599902554,253,Sports
510824678807041059,411,Electronics
62637355446865638,413,Home
847672549567141072,673,Beauty
1102843954381472796,297,Beauty
388479883502436954,556,Electronics
642599619080501763,613,Books
790318613149467756,20,Home
876675339164893738,205,Home
313794055832065809,51,Beauty
673505698776262086,552,Home
452561449389529003,139,Books
348330791648475244,209,Sports
74939385975277030,330,Clothing
662570345143838232,931,Home
873806061792098097,522,Clothing
96970205795233888,102,Books
938142087932454476,75,Sports
720506248523692115,319,Electronics
22501442825854997,298,Sports
1122798454244223178,602,Electronics
733025960401598560,148,Home
1119518072044475411,796,Home
705960083821736376,468,Sports
1146120046769291392,337,Sports
1024855383774980553,175,Beauty
633684803978209327,104,Sports
288001741874947098,731,Clothing
143889885818820208,552,Sports
816000828088505603,958,Sports
481647082580140399,13,Beauty
28968336532352742,696,Books
321048838660862124,625,Electronics
796636766314332373,209,Electronics
366187103935812289,182,Sports
337048481529760108,521,Home
996967306810635174,595,Home
643380318278260059,19,Books
319595134987150612,421,Beauty
1118184987679928049,781,Beauty
9216235796935309,392,Sports
290485429524938751,803,Clothing
515763039817584541,715,Books
366921642907120748,837,Sports
413294887394034768,851,Books
9502566942219919,165,Sports
516201598920151590,582,Home
1091889489636671826,804,Sports
817329419025277237,734,Clothing
327600101915869571,271,Clothing
784370470177100348,293,Beauty
735096032004710167,708,Books
1005416170864454063,848,Electronics
447950615958900235,911,Beauty
734512064864698272,517,Electronics
522439263926423558,735,Home
1017719300229706713,79,Home
674328322970979203,633,Beauty
1119098137393766603,437,Beauty
1016987803551110483,370,Books
492365309325651285,608,Electronics
766660710360235148,152,Sports
73790857625881432,708,Electronics
308042439605149902,282,Books
1117455405435964996,250,Home
1025230672140228527,318,Beauty
393972943931850811,486,Books
865994775980539715,374,Beauty
808963554689510928,988,Books
253127002206666357,843,Sports
982092520748159710,119,Home
710663774028245160,413,Electronics
1060558714049869191,901,Electronics
46105810568307753,939,Electronics
409074356036307906,158,Beauty
244695869279528574,458,Home
316640773544662894,881,Books
164730061676275816,287,Home
250429510482532684,159,Clothing
1148118109426719394,5,Beauty
300068837650465134,412,Books
684531237066771799,2,Electronics
213702628224543023,775,Electronics
532534336885275841,185,Beauty
929453705229944883,215,Sports
101221915956584131,575,Beauty
170336439557912177,224,Sports
73480639593607668,467,Beauty
725999178418878294,315,Beauty
1048892146606218365,461,Books
882905085992071084,779,Books
5964735782806466,343,Electronics
937981985002376566,677,Sports
116397612706532147,372,Books
793141346136328318,87,Electronics
994350828167590265,602,Books
851726795892544224,596,Home
548919627929335130,624,Sports
757702957775130030,812,Beauty
1095070446396291001,694,Books
397542005412329617,547,Beauty
1106209568948990833,378,Electronics
1050307943012266440,301,Sports
346949023751094177,910,Home
278784298684123758,391,Sports
736259838653478108,579,Electronics
122814156344967461,675,Electronics
565032697881662323,489,Beauty
432687191416324040,427,Electronics
635027673627833250,125,Sports
578244359970025145,938,Clothing
769958257106303775,47,Books
360383065220777392,216,Sports
917622370973897180,238,Sports
318139231976474390,856,Sports
923800639837792314,768,Electronics
704524318769819797,367,Home
307660509683346315,104,Clothing
548245080967899934,671,Beauty
28463728990904435,610,Books
858430562915559224,30,Clothing
1127583168364985669,683,Sports
630162858360781520,524,Books
401639179550947168,582,Books
29867893763833167,839,Home
959064869720251657,314,Beauty
638489997464118715,113,Clothing
519065005102082655,77,Sports
488817401306617879,225,Books
1131023260156609960,18,Electronics
45044018254313786,229,Electronics
516863347701060500,726,Books
26975348815074504,826,Home
706832715358346563,157,Home
808742737767947377,845,Electronics
640855304960106051,362,Beauty
22162376464783286,159,Beauty
624285498124873076,929,Sports
624811988539971381,999,Electronics
127948070342714072,74,Beauty
1004057331305719786,7,Beauty
1136013230782179171,618,Books
567139207177663693,81,Books
1002437209245962911,839,Books
882118221029077672,84,Beauty
147618214789823812,886,Electronics
643753494528763401,129,Electronics
29762146406573002,184,Electronics
1071778088023833165,316,Books
326317668240298791,749,Home
195286840194477348,705,Clothing
444153837817551227,713,Clothing
76512135108247329,281,Sports
972806181801039990,424,Clothing
452681449446032354,183,Beauty
468691463480252087,684,Home
754085523364067730,793,Sports
157769743769829842,575,Home
803423283678500831,565,Clothing
289201214963058079,485,Clothing
917112833981550022,473,Sports
487275054409869572,632,Sports
291936739597344325,334,Clothing
1138182982540379854,888,Home
376942998524383530,41,Electronics
737230369404480425,337,Books
765308261107336856,511,Books
604440233923196241,698,Books
1127518023640084723,795,Books
308434259456851057,496,Electronics
432649449547073452,468,Beauty
221125119413631011,627,Electronics
472701932513216563,291,Sports
125707130725534197,517,Clothing
669072586551518987,790,Beauty
592759875611017215,536,Sports
319653803841299014,432,Home
761222409198746068,121,Books
967574625139695092,481,Clothing
672916072836421469,309,Clothing
856953420310430620,29,Home
630267737830782140,755,Electronics
332561539997667117,109,Books
746448067154736800,118,Electronics
1093576309833237977,745,Home
84476741955538246,855,Books
428014159460437070,66,Electronics
352852554214342932,943,Sports
443954690179081289,554,Electronics
149044281207799980,674,Home
100238348913614934,398,Beauty
688212660128437722,764,Books
1058786207027667828,959,Beauty
878495230106217911,186,Beauty
994152006467366486,339,Books
873052785237736575,720,Home
1078146210494479666,149,Electronics
54334992647344922,948,Books
85150621662345297,685,Clothing
1034675070249747424,108,Beauty
287505819493819870,148,Clothing
917554364147193603,227,Books
601654918013764284,686,Beauty
698025120609254972,122,Electronics
571682389840207241,34,Beauty
837532584293184387,862,Books
890268861574888168,477,Sports
1002978362221164862,713,Beauty
845171355302763474,615,Sports
988028222846532371,387,Sports
130478821411514887,348,Clothing
929101542324270138,312,Home
55887379870748293,934,Sports
880628931225803207,179,Clothing
258138834695573559,906,Home
71998490436486876,663,Beauty
1047071485445193206,193,Electronics
767303490783255805,843,Home
584807294405527214,466,Clothing
174019840762416717,45,Books
759673711195804461,381,Electronics
894607348240496046,592,Beauty
907088956116759056,984,Electronics
755938508445931324,28,Electronics
1100334229827351218,9,Books
1008797875218247192,169,Electronics
779299980371451908,371,Home
582786572902884686,473,Books
266820325052413735,108,Electronics
822513155470994817,523,Clothing
850983878524052294,526,Beauty
835341550649110525,25,Home
370004792129519093,148,Beauty
1097411632747785564,751,Books
388841364420885383,218,Sports
579021430763867613,32,Sports
653345780593286528,784,Sports
738642843404117696,308,Beauty
996645319592794126,751,Electronics
71459227997035597,469,Sports
13593062673605107,516,Home
967790475145112230,616,Clothing
922411118486162014,55,Home
825970964015348731,627,Sports
743084491102815062,667,Sports
38335299520149904,920,Beauty
890473932252308238,209,Home
539465768284873175,458,Books
915498593584329086,913,Home
261460182680520975,512,Electronics
180190155289561136,662,Electronics
1021189399611753209,978,Home
495183713124188485,851,Clothing
62386938634447893,271,Sports
964621313325770142,642,Clothing
234151266939613329,270,Home
630917233700613280,489,Clothing
1038544242441971975,546,Clothing
172039600631587551,388,Books
202153460878806886,893,Electronics
41072907707980159,221,Books
737405217977026587,162,Home
289485627432900231,564,Electronics
629576113931658986,332,Books
998162904664554306,86,Electronics
680349395544197515,544,Home
1103533303135511590,15,Sports
303946960451864817,111,Clothing
1127850672925999329,680,Clothing
720522766655853392,801,Sports
213586882457898073,714,Sports
841355859032135737,545,Electronics
1140481834588331334,19,Home
177034282383857509,970,Books
1150900853768268917,799,Clothing
159674007071964407,581,Electronics
885513649182818369,44,Books
459937740489401504,514,Home
22013008770577939,919,Home
731497828089723300,297,Home
994831899639958734,535,Home
738078667063000042,69,Electronics
1012854588424843920,668,Beauty
1006183935233282323,760,Beauty
795977438567202764,630,Beauty
1035710935127375726,324,Beauty
16559046540030395,366,Clothing
815412454077789186,515,Home
469384604993478637,556,Beauty
150595675391397356,438,Electronics
566384291973316374,333,Clothing
947287321200182157,187,Books
1057689658976636334,227,Beauty
944840905642708327,153,Home
351683891385014322,666,Sports
462280982248056963,652,Sports
110001633245761432,294,Home
422222173446523961,794,Sports
10684023453107039,549,Sports
216197831238781775,52,Sports
377526754245806977,150,Books
722741391369333491,586,Beauty
154978835353638287,564,Home
537986205401638550,720,Books
1045063121252046810,672,Electronics
879423963008156510,742,Clothing
398394420074271411,28,Home
737762651400348900,1,Beauty
850927211746979416,455,Books
726277283044134179,445,Electronics
962180583535274598,384,Beauty
433171395059847744,802,Home
301926456891173943,40,Sports
22885225616375400,697,Books
174174045387320296,391,Home
917853884133184397,917,Home
667868172422493676,256,Books
557908479774224378,298,Books
613043669083617259,200,Beauty
496973235254041114,235,Home
315572254358701462,80,Electronics
641581954539644127,82,Electronics
760874424340266496,599,Home
35535110345931015,812,Home
727500201218781024,733,Beauty
569562092485017856,971,Home
968484665158048057,157,Sports
457201012517041873,479,Electronics
340108444424831627,738,Home
845163370428541351,898,Clothing
925720762186192989,126,Beauty
1141947613268171247,235,Books
608517858883912854,609,Sports
390690448238314263,349,Sports
649956697964256089,588,Electronics
219677908001153907,758,Home
306779746705852684,268,Books
631126870945077235,660,Clothing
664943362872811282,729,Beauty
769484042347178393,938,Home
398505595413738860,704,Books
477820040562454690,898,Home
807260739940952742,390,Books
1079857820846122997,262,Clothing
734937931897301956,965,Books
474855609872207172,158,Books
844396287953076108,858,Clothing
910677339349875698,612,Home
1078601663972670626,246,Electronics
1103313613111127899,60,Sports
29471085742842617,503,Home
1081669047712978435,639,Sports
916727903894809689,6,Beauty
703738837857107139,500,Clothing
515398763267897659,766,Sports
705285044053016536,260,Sports
311156573257209665,923,Beauty
548446523040439417,764,Electronics
474137460591293820,953,Books
316841761997792746,405,Sports
495476059184551034,9,Electronics
160047828721951244,892,Beauty
86787222160368243,682,Home
745513679647620826,399,Home
819481084941655518,392,Electronics
251723603564348856,716,Clothing
1025265458691713294,449,Beauty
501523116655382949,353,Sports
847748370169479686,123,Electronics
846907874237720931,849,Beauty
433597954833829826,87,Home
602937797700232737,17,Electronics
371368487284609559,696,Sports
861478210401244868,323,Books
1140312739999027462,895,Sports
11269507672193638,871,Clothing
471101747998322952,405,Clothing
199076525867423515,873,Books
992632875641908725,649,Electronics
972562080340799482,490,Home
11541313183475581,285,Clothing
855952253500022298,4,Sports
743019807306866074,808,Home
1147126290529345071,207,Beauty
793876969103042083,747,Electronics
1069205350258706936,407,Books
374930564317078360,69,Clothing
674617801938528054,85,Books
872533308233881327,162,Electronics
639350929642079768,953,Beauty
228350904134438783,811,Electronics
493507318882113044,143,Home
640084269083201025,238,Clothing
463425418398322818,632,Home
314703896033080662,334,Home
90466297056018841,476,Home
1142765092919422323,585,Electronics
1136335387032813513,62,Books
791506762528035773,128,Sports
6388435244626769,81,Electronics
1009248549852784873,363,Sports
186296834123470689,806,Beauty
22689169916375109,534,Home
596849718439646358,901,Clothing
615346647490443090,885,Books
252723063006452661,671,Electronics
149395286952963687,683,Clothing
1132695297516796205,541,Electronics
156846742731987224,434,Home
1039626207222466434,237,Books
889616314807056085,932,Sports
708978292618287854,923,Books
1022987877468705046,636,Clothing
375602158345544914,751,Clothing
122882561545022324,771,Sports
973297646975857338,750,Books
588965760368631431,542,Sports
725648202081043044,722,Electronics
901872468559807211,61,Home
625424787699697242,951,Home
163500481985005223,432,Clothing
610302564409042043,280,Electronics
1088559875557969612,962,Beauty
587103499049435349,469,Books
417774663133230134,950,Books
697680766784280617,790,Electronics
902582659639571773,155,Electronics
582180849796623952,222,Clothing
370375078556301358,63,Electronics
631256984347294530,653,Sports
70686386682380744,803,Books
123221659738380640,823,Beauty
121269657354605462,21,Beauty
72540328292997038,353,Books
64895617614791066,459,Books
797215112715518138,868,Clothing
566763315785898559,586,Home
912278675587526446,805,Home
489406165952228408,74,Sports
553216815169106720,610,Electronics
974514021731999279,257,Sports
1067689763728485406,220,Books
538696852220497873,216,Beauty
768035376002581182,239,Clothing
21028904753025290,145,Beauty
680374754085510163,996,Electronics
1054179697314964336,446,Clothing
995102340302264240,698,Beauty
452366936846935329,567,Books
1064112422334963604,37,Home
75062736808612413,470,Home
302747187657718343,905,Home
74414598466977354,249,Home
943101627445686170,510,Sports
593249352881197335,345,Beauty
527971825229287704,754,Electronics
227794126917921666,226,Sports
914742036346664851,168,Beauty
463772209526597768,475,Home
1135559088401643175,619,Home
1048585428188947765,143,Clothing
636179787285276185,958,Clothing
470153555009147795,190,Electronics
466875560660988661,601,Clothing
609474826164609011,214,Electronics
40185944754883483,964,Clothing
638699480118856452,536,Electronics
599109560229367787,294,Clothing
455851321289072559,927,Clothing
554339149966095318,882,Electronics
254953373908345913,421,Sports
187585169508157438,3,Sports
254139387248289187,422,Books
634628766358261530,233,Electronics
703304487536274672,580,Sports
96409820437658418,501,Beauty
651744244750572954,955,Home
184295759132620172,933,Books
941800480063221935,75,Home
776001098913195336,437,Sports
64353371826191481,507,Books
641541019729541921,692,Beauty
253727742803944056,824,Books
835618809482749262,393,Sports
901131946954607916,756,Beauty
159035880275642235,936,Books
363584411007278627,303,Electronics
452638939780423351,174,Clothing
477555587207497315,160,Home
1041223515532317353,240,Home
1030480034005577423,140,Beauty
246272777057074255,25,Beauty
1036058967384840872,768,Books
97257190898837067,757,Electronics
855332178356842785,953,Home
836814032558973609,161,Electronics
6624468448901754,250,Sports
130565996925605937,587,Sports
10736177173191816,519,Sports
159220148773945671,60,Clothing
1108343449114440343,667,Clothing
248684356691837460,88,Sports
630105918804236405,110,Home
1147094183203972994,7,Sports
89879363591485742,536,Beauty
967186507890679904,711,Electronics
313631847892841234,267,Home
745932850097869207,992,Sports
804438750287879849,961,Beauty
562208209784897618,152,Electronics
53241192636016497,843,Electronics
664748662154569398,400,Beauty
768962925976948482,685,Electronics
946341362371816241,851,Beauty
811427933876442774,297,Sports
942058989980044656,49,Home
639189695920900467,944,Home
1054176290507662285,250,Electronics
491856374813516120,769,Books
861068044755425566,408,Beauty
493574289343803988,906,Books
821103669158796849,63,Sports
1129289940138113764,166,Beauty
1127391921037777609,219,Sports
172538131216860323,29,Beauty
125797195594461732,828,Beauty
709352238984714275,225,Electronics
133128702632611604,264,Clothing
109509704531058238,315,Home
486450594955739815,737,Home
409400426414116572,8,Clothing
759084455487990020,76,Books
686791846437872002,857,Electronics
15878001355759984,802,Sports
781657200607490917,606,Books
863986808946489718,604,Sports
449277310929968651,667,Beauty
292770648525469348,129,Home
996009834338455794,501,Clothing
927642066243915508,18,Sports
451822218179351934,194,Electronics
211874290398646056,795,Clothing
203696331919670754,779,Electronics
616334870207148867,847,Books
657117357397880939,858,Electronics
38042915411703236,815,Electronics
293264105610705228,202,Sports
669485997455626895,904,Books
773062023033890058,846,Books
398771813348236880,919,Beauty
549740174558126024,131,Clothing
256412922540504826,369,Sports
1103297737845309982,594,Sports
967882553880507841,637,Sports
1000573870365563883,141,Sports
83537778207973240,426,Clothing
37877251173399407,706,Electronics
137122440794612286,795,Sports
817965269971067559,98,Clothing
463482185563427995,154,Beauty
641644823967936746,478,Electronics
701428787355841816,207,Clothing
1126155641721707309,792,Beauty
914193086386547522,890,Books
658869406528092040,739,Home
51751321931608743,494,Beauty
350492102872234113,521,Beauty
844153369314322871,567,Sports
825231793322231513,995,Home
530524515287745172,33,Books
1033239275591524308,987,Electronics
109099931987527902,477,Electronics
394673137544041827,863,Electronics
927421686529943840,568,Books
358324658273539035,916,Clothing
1102225333605327801,639,Home
1124345008318651900,163,Sports
648882223491494504,344,Beauty
319849576015716198,985,Clothing
521617235314534693,591,Beauty
822977869414983681,12,Beauty
660362475312558507,756,Books
301221060401092109,99,Sports
288012318892957931,294,Beauty
1022232267294968948,718,Clothing
182726018099752045,133,Clothing
442758054769122051,742,Books
56747472930723488,503,Beauty
508469128053723164,92,Home
406546476902947586,712,Home
283313498452388085,693,Beauty
761578259839854401,204,Home
373529390437224821,870,Books
419156992987718287,176,Sports
535127595419481576,720,Beauty
94520943087107596,451,Books
766160684286078837,161,Home
811952264196031441,483,Clothing
346056462203822120,220,Home
428782499538942884,93,Clothing
1024315102321128486,875,Books
1031049121352682752,191,Home
478211420111810021,12,Books
179644105436896654,97,Books
398894054389927427,266,Electronics
902815251375628422,746,Sports
743170012276800926,840,Beauty
327927553937091565,375,Beauty
709815530360790335,650,Electronics
171709578598335174,720,Clothing
379966317204946896,189,Clothing
723163963085555539,702,Books
205962710730301772,202,Clothing
384328203441323710,380,Beauty
156401987756823676,405,Beauty
961023587305242332,897,Home
936846532723065311,212,Home
759143609191253160,286,Beauty
1120948068060859335,800,Sports
53263699174378255,796,Beauty
266647860869857910,765,Home
995638254064068530,817,Books
309529202752129922,252,Electronics
1108177537057983940,67,Beauty
140983657102451332,884,Books
1078731052581108149,526,Home
808171517775593142,351,Electronics
749306283590992623,339,Electronics
290851667131151984,910,Beauty
1014312762522487380,724,Books
278706919116606730,903,Electronics
652246681704683807,517,Sports
1109934244126987051,413,Beauty
711456573502997719,969,Clothing
506059795891661839,820,Books
724963718063042611,498,Home
91556978751778543,926,Home
658987368298610212,538,Books
85219773359489767,242,Clothing
285341665833551322,439,Beauty
790326492683395325,866,Clothing
30003130681477526,94,Clothing
786525914390672664,543,Electronics
72503749963077311,589,Home
454218976251799655,852,Books
885552071612080318,931,Sports
764844888031250697,234,Electronics
236289585413144695,714,Beauty
849623181346036315,354,Beauty
1028126938855293613,420,Clothing
870672356112461796,888,Electronics
1009182650924135625,685,Beauty
600368328394218981,460,Clothing
544927886617298152,729,Books
327571062142260655,646,Beauty
1101287474221809156,685,Home
783062703496568684,552,Electronics
912784647045887002,127,Beauty
296958138111731852,14,Sports
19090232219505136,528,Electronics
422330857386410469,457,Sports
371142084342464506,302,Sports
421743002003627880,691,Electronics
961916509959739529,714,Home
212453379135681526,783,Home
1107664988062535381,181,Beauty
300428527228419766,857,Clothing
368043330739285120,567,Electronics
779931152623262650,500,Electronics
897631109299412146,744,Sports
743277657350475439,219,Books
815910426446329382,615,Books
619448214434646530,371,Clothing
241650396695573553,582,Electronics
982921000221285010,573,Beauty
226762127213565950,17,Beauty
537291771423666260,423,Sports
642190784902761501,848,Home
1116377918846977619,391,Electronics
803588604049700900,311,Home
97415726816855471,210,Electronics
440344485718580152,125,Clothing
871153859215985614,905,Sports
603530415650609800,509,Books
905763810269201739,121,Electronics
684907187393206527,835,Books
1218749447156049,876,Books
372832822881865753,587,Books
828465600014943458,918,Books
132108886864364054,819,Home
32859105316628000,245,Home
139958629710186899,59,Sports
911375226271556449,541,Home
497647657361427455,84,Home
661636031330205411,988,Electronics
106854055863861620,341,Books
571050933753720922,229,Beauty
464639573899368573,325,Clothing
1045511741760722139,516,Books
779984677649953970,61,Beauty
731372582265859838,457,Home
30138360914180049,832,Clothing
71039541889437433,317,Beauty
1123158368958416384,381,Beauty
914027681400735086,554,Clothing
716988845367631692,863,Clothing
351781164805261573,155,Sports
206378729934372626,369,Clothing
1022397870032248152,333,Sports
363353040815404029,208,Electronics
370874383655417750,926,Clothing
994348729789976339,248,Home
143970784134876988,152,Beauty
959291238332261653,146,Sports
160307873531585568,136,Beauty
48550063334505653,508,Electronics
1041930135330423816,894,Books
162314362329057900,945,Beauty
886091147660332150,798,Home
958801643905888772,607,Beauty
575495456237200515,230,Beauty
448954749283082441,167,Clothing
506792708343934189,438,Beauty
97020276164744280,205,Clothing
459579166405181276,375,Books
520499302056730047,907,Clothing
151254911130006667,587,Home
1094213762737209699,781,Electronics
446618891002501092,654,Beauty
957396471248286320,723,Home
587211748554547834,883,Home
425888642562765486,142,Sports
480321322955438763,932,Home
1011675720438137608,161,Sports
1125385483384356821,976,Clothing
841182731740732032,620,Books
267115294916847486,251,Sports
778649711625567030,81,Sports
393739221839428255,808,Books
84055768234026958,69,Sports
841558287857401775,525,Sports
482298446032811239,210,Home
631949968957507517,449,Sports
773495533220413921,430,Clothing
121369593635149535,990,Clothing
917414007947629369,924,Electronics
1149213431905662102,888,Beauty
1109258737712013139,957,Beauty
912195106130761424,353,Beauty
558507463650608436,250,Clothing
1135803717712736854,358,Books
1065352853388126906,708,Beauty
669271836741651559,91,Sports
588657184756383687,937,Books
544519617499339196,956,Home
124429259858257473,918,Home
940957697275105894,1000,Sports
169897742150378830,64,Books
976924497662915223,242,Electronics
966443281662388558,882,Clothing
1102199817496003016,418,Home
47043850921500017,965,Electronics
430724703048105374,860,Electronics
1038480072815183391,986,Electronics
842308397528144119,95,Clothing
327984999720618554,862,Clothing
219268715313749591,341,Beauty
603068264939499246,599,Books
646347707772417946,703,Home
1063949659719040977,22,Electronics
223757223898158686,777,Clothing
756797652194012484,180,Sports
146005007581909777,494,Clothing
682714191912567865,850,Sports
1016555969195410805,894,Home
872008662400740217,303,Beauty
7491633205695546,546,Electronics
173755702766387219,399,Sports
818666493663559913,457,Electronics
1037321989342502939,324,Electronics
829104190064968917,272,Home
236366442009017562,506,Home
1008306798557018298,479,Home
556250868939075297,373,Clothing
309118533034337497,555,Clothing
472459028145066116,199,Electronics
315736347060277892,450,Home
1077076010758691026,797,Books
641213288805301106,495,Sports
353238342394501708,430,Sports
420390392158509057,291,Home
484828495088729550,810,Home
705495392801028425,708,Clothing
551521097892644814,41,Home
926601336314227165,415,Home
793629829176231960,907,Beauty
546413234112049973,214,Beauty
522735316262985815,760,Home
489359771179244398,417,Electronics
428292502327263308,368,Books
1044711490455865475,695,Home
543247799953681802,730,Home
1049749272167789558,211,Home
828418948054040559,997,Books
806300400993088778,719,Home
109475486363755341,939,Clothing
1256202787085011,893,Beauty
369148593847667106,6,Books
450970612469230911,395,Home
574568984898858232,18,Books
1007996343866551328,860,Sports
271436261499125691,950,Clothing
1085527309674786777,710,Electronics
241794975925842708,54,Books
16445946189460485,194,Clothing
671872253134084355,737,Sports
361194685652637203,320,Sports
1110814490991806489,681,Clothing
330956239449637306,640,Home
386284754607863630,99,Home
379813637049878895,374,Electronics
974016755008516648,896,Books
328716356932989644,859,Electronics
243748783950852049,385,Electronics
71861218598643618,979,Electronics
311466090221016354,37,Sports
1152278460160845421,963,Home
138029235322780358,516,Electronics
357215208032580952,806,Home
577572105640416944,173,Clothing
1025530999472292656,448,Books
723810440823460463,973,Books
283313857009832240,406,Beauty
975591268859947171,318,Sports
1127024889428714816,389,Sports
938886540508124082,243,Beauty
637988092533324625,929,Clothing
718892154406835221,308,Books
94038690676182124,777,Home
272145052594354869,117,Electronics
1010082267439564929,816,Books
1116115849714115085,536,Home
662046437863171966,992,Books
765726198709123864,520,Clothing
259954311754713680,29,Electronics
226411674085697682,187,Home
1109802245917831981,407,Electronics
1022016979327267505,526,Clothing
895756589483413923,348,Sports
640750013302594448,220,Sports
692730808319449123,488,Beauty
978949742479022441,814,Clothing
782002486523832061,376,Sports
270713867883685022,577,Beauty
400875120036822798,426,Electronics
33194297292982395,467,Sports
960375703040453198,566,Books
923910155862264354,997,Sports
800583978656488157,407,Beauty
1002072148264672810,968,Books
369470417628762777,563,Home
63757389922232762,512,Home
439865902369017645,502,Electronics
1121754448355743779,252,Home
1045996829555707021,774,Beauty
234739051492910201,651,Home
269741913694672852,396,Clothing
150051902593776680,912,Sports
1040091174852502989,116,Clothing
200635585850234201,777,Sports
38834504353751822,319,Home
1017173503532949513,921,Clothing
1089643107715659094,106,Books
477229757838995214,736,Sports
737563618951681421,852,Clothing
963548005296928749,966,Books
1070537038218970316,987,Clothing
749537443480983271,197,Electronics
1149055877982576364,998,Sports
932701568431321087,149,Clothing
101515427915628219,715,Sports
197686915785159644,649,Clothing
696180662029834177,16,Sports
611134142617990756,247,Clothing
640161482620646248,499,Sports
718690724831730212,773,Beauty
621982461580959651,468,Books
408663488428707028,435,Beauty
28291752659885492,320,Electronics
864478370633226370,237,Home
158170465744125956,283,Electronics
19546654951883182,383,Books
62196640769477736,586,Books
543974036575668736,287,Electronics
421765108175639145,14,Beauty
413357032120157821,38,Home
36862803388625874,281,Home
1019007614921899251,204,Sports
705980460977764762,15,Home
71480391774451636,133,Beauty
492594138005563817,667,Home
1087330838130359606,846,Home
226980032951666219,72,Clothing
533354352112443480,56,Sports
662533867079701543,890,Home
752130926164824032,786,Books
1107653271208255254,272,Electronics
1007470127832027880,22,Home
162743834366397245,182,Beauty
256382909659258287,873,Sports
896734719459684019,789,Electronics
370140432075205726,590,Books
960816703831371668,86,Beauty
380183203037488996,920,Books
685670728839693003,842,Clothing
753669951351745475,477,Books
30989834242499332,409,Beauty
268316468012260297,320,Home
723335378959961089,648,Books
532248578123023656,854,Books
385126876912588789,196,Home
348031224145865358,89,Beauty
14367611024736911,619,Beauty
248647088517263670,365,Books
51625487881505829,654,Home
760033817708549507,305,Electronics
693851292676449866,596,Clothing
874409406898708175,625,Beauty
373526766079319330,746,Clothing
292275324896613995,967,Beauty
45714793129167193,735,Clothing
23211504577765020,276,Beauty
108702866216955239,545,Clothing
292668671009221116,145,Books
75247725085537032,670,Sports
322662620506120337,169,Sports
82625067923084915,105,Beauty
65524996954902914,869,Home
27948583281159113,277,Beauty
222985496480869520,323,Clothing
497096374262244502,327,Beauty
775587401110946978,829,Home
131020665117767337,369,Electronics
45765968696876595,418,Electronics
349110722236821844,409,Clothing
402176441443534402,569,Home
594435000803866708,479,Clothing
839834585406916076,910,Electronics
1043221682975365806,216,Home
226035373596716523,407,Clothing
621356620987375299,535,Books
498928997282080555,909,Sports
79288903005855234,171,Electronics
726729918083390440,639,Books
758123861914449583,912,Books
276688764691286641,69,Home
400661132246759881,919,Sports
351103717048801341,739,Clothing
1056250235881321490,748,Electronics
664714479259485199,516,Clothing
949819688758046175,807,Sports
359248300074610339,629,Sports
537278190495985347,900,Sports
7223431608348891,279,Home
195749320971353500,896,Beauty
530391864272931600,372,Electronics
589832456725755882,844,Clothing
256440138945433770,672,Books
597897301417504236,343,Clothing
700302722150174648,411,Clothing
309088597852573797,209,Clothing
617999720144940191,741,Books
1070818415187976671,742,Home
758905952694042254,313,Electronics
999708995213721613,974,Beauty
973739161236989487,172,Home
203894649465414786,167,Beauty
385912285977554680,18,Home
903526280662677906,571,Clothing
245381321501652509,978,Beauty
111261841834539119,461,Home
1046856611125037355,443,Sports
338367029242797462,393,Books
142020255557454302,559,Electronics
312487991938031123,280,Beauty
567466881619391822,73,Books
720449976152811195,554,Sports
13050554713019157,827,Sports
174634585126605586,439,Books
640044109929766411,39,Books
877727825429337665,584,Electronics
573943746235880138,815,Books
1143651950705412462,741,Home
1129995922847007269,58,Beauty
941837487935495885,931,Clothing
407210372905501627,913,Electronics
233318797543118424,481,Electronics
498322287607799991,274,Beauty
542468943402778947,914,Home
761555497347067954,707,Books
103868899249370499,819,Beauty
334981318405337718,205,Books
69092955715904680,927,Home
706231703859962564,476,Beauty
644820384539545407,92,Beauty
938189693088340527,767,Home
856237972575402850,237,Beauty
123124614104945734,972,Sports
228501420144356159,829,Sports
955263551069458289,725,Sports
1090895406276861168,513,Books
961469947189861127,82,Beauty
567130855458777754,783,Electronics
1075334037734338930,1,Books
87059521835554341,432,Sports
1019957073548679027,406,Books
37315236023522859,87,Books
1151502519553875713,998,Clothing
516190087339369569,892,Home
730949963651671925,978,Clothing
392291447629480023,94,Books
400409312949572511,180,Electronics
229108956529978952,258,Home
143546106237149289,8,Home
326833527247179272,120,Electronics
519863932575127536,726,Sports
721353913992864945,850,Books
919082487496790390,544,Books
652995463173996981,849,Electronics
829790190846771899,201,Sports
250623171141504667,100,Beauty
516192012019801534,671,Books
1145552514978558218,81,Beauty
205576119912499900,474,Sports
695913871449570593,675,Sports
579993847952784811,177,Books
336814760305846818,605,Sports
235873078226076906,579,Clothing
120384178653092302,859,Sports
316583311754108221,173,Home
307274392200521668,695,Electronics
935776909972500295,102,Beauty
453531649739987419,395,Beauty
1117309867149264581,302,Beauty
235207508006798917,441,Home
1067146102988325161,577,Sports
687223084237399070,373,Beauty
1014894920716830138,431,Sports
695533175616607101,797,Beauty
666659308643291849,968,Electronics
471264840515794814,785,Beauty
1066109292996999314,326,Home
190581029421069647,828,Clothing
798420831595997631,570,Sports
235996542016078937,176,Beauty
550854112217753682,841,Beauty
605432822876349476,670,Clothing
890432439909845923,480,Home
840231015580475123,349,Home
865006373529136038,90,Beauty
416393048495675221,402,Books
202549250771543181,422,Clothing
265495452812116354,727,Electronics
136791980173587142,265,Sports
171873821403910240,157,Beauty
699418883386449315,447,Clothing
643251034131493154,14,Books
384087239709996800,56,Clothing
219004111893492685,258,Beauty
387219758135942320,260,Books
674243262754368357,126,Sports
394160221844947920,450,Beauty
1021846196870304763,864,Beauty
682572870980588655,961,Books
1135412595275577388,976,Home
627357847834589477,719,Sports
545913619235962244,486,Sports
726628281504716606,778,Home
386338730077659878,279,Sports
52962280098981699,262,Beauty
832016098449675002,535,Clothing
349161170953101451,39,Clothing
226467894462055966,789,Books
535922292322464623,195,Electronics
1079596122010734553,298,Clothing
375384498565479749,935,Books
709580024068780463,390,Electronics
452713751427979676,729,Clothing
333174686360734252,74,Home
46999235018772071,768,Clothing
1007940348509512335,682,Beauty
496725185119011190,992,Beauty
451881894262464671,680,Home
796460339419525577,678,Electronics
534935678268741482,127,Sports
633888694927399847,487,Clothing
546469897433259706,229,Books
1065292573781906418,901,Beauty
962159754964730051,617,Home
688524351497038783,723,Books
402779032351233596,822,Clothing
317629186977389324,917,Sports
443662420919071191,616,Books
158317433590307448,693,Books
480196446597142164,687,Beauty
102644928032940261,401,Home
948830576388986614,253,Books
432566666861050103,208,Books
777051110070044646,548,Sports
74941047102029519,52,Books
485391614561566525,72,Home
437394096220778766,540,Home
935351743683588540,26,Electronics
1096218425859715836,934,Home
132692623243936913,786,Clothing
971284016399707389,42,Home
571485845635214400,362,Books
1074968935537502522,234,Sports
58824524394345303,268,Home
1044877621296218944,27,Clothing
714670649652603145,875,Electronics
1113639572257199810,724,Sports
640986311366423781,528,Clothing
498479812395117126,202,Books
305362702452177856,556,Books
666297943628870462,356,Electronics
652184675705862536,922,Sports
551807967115482332,68,Beauty
923060562852278868,600,Home
43130386083916521,926,Beauty
390766091449993775,731,Home
529265651098127791,555,Home
447805223961471332,456,Beauty
347668153869222465,224,Clothing
174702429707989300,852,Home
722054261287646258,461,Beauty
850729974504341868,8,Electronics
228335956219650815,507,Home
640424520527119061,525,Electronics
93466101228997792,827,Books
578056944304293251,659,Electronics
944151382810276049,911,Home
619996464196731083,634,Home
147147095772852036,655,Home
1064536328850811184,121,Sports
880238965843097424,160,Sports
902073791779656408,466,Home
1033908450003764450,697,Sports
142716549944668853,758,Electronics
646832874419447555,993,Books
169500396026748738,504,Books
133384438858318028,555,Beauty
41693172197158937,941,Books
1115419306313348187,430,Electronics
314342081133359128,185,Sports
127679749738221550,578,Electronics
228363653524790140,874,Electronics
531138427494589771,204,Books
822516144291496341,539,Sports
652752480152280308,940,Sports
135506236726143888,665,Books
775200025853739829,981,Beauty
1010763956469509982,215,Clothing
265714515457249297,524,Home
988856785974178956,462,Books
147038705518498634,131,Sports
618564670224853901,245,Books
541138713930079114,301,Beauty
1092138542073818758,860,Books
370182203119761705,700,Home
509273454478082654,860,Clothing
180728768913254937,328,Home
622785161732197839,783,Books
171373689429568677,245,Beauty
333260750145220429,38,Beauty
383104228638455079,665,Sports
607306019145534252,385,Sports
921125088350279097,361,Sports
664933995513566967,291,Clothing
59932435328948596,367,Beauty
326187273567233123,164,Sports
572132225513352696,566,Clothing
376001673950404593,917,Beauty
766381211580747762,290,Beauty
253525732842400339,887,Clothing
1110094379128023094,462,Electronics
43464453665713367,950,Sports
375293825916667259,416,Books
1052932932971736696,312,Beauty
583558849767894308,788,Electronics
409376770800980415,496,Books
901702995541315855,400,Clothing
1499782358396320,247,Beauty
1139409633675072218,802,Books
73457694246627861,331,Electronics
980904950846980543,431,Home
182244500034866222,41,Beauty
58774981030002169,136,Books
419596899850714875,660,Books
481443245257144042,315,Clothing
790111007734020897,757,Home
487831658599611748,321,Books
310500257701759265,20,Clothing
113696151489269041,730,Clothing
1146069002226568318,695,Sports
284461438018976490,888,Books
178422052001558540,70,Home
194573207218314494,299,Books
297307728501343732,940,Electronics
525401394124927667,190,Sports
110499013765443567,143,Beauty
805688647439731859,358,Beauty
773983352426764107,227,Sports
513325927523393859,740,Electronics
601647833371810477,765,Clothing
807332027363447623,270,Beauty
1022560554777484359,65,Home
381635705425730931,557,Home
110232981916919660,808,Electronics
833822832171145845,423,Home
167730709461917759,997,Home
149565967427691533,193,Beauty
641023750796683394,642,Sports
144572766073945908,111,Electronics
633440079645637419,851,Sports
69123839330479682,316,Sports
1084826501805246450,689,Clothing
435098419210441809,912,Home
114593782598115617,266,Clothing
1112738240244344865,892,Books
709754602670256655,607,Home
508203328979681290,319,Clothing
375307458238872695,822,Home
928096625561868177,354,Sports
470780634553707718,591,Sports
465003012149150784,277,Home
847512913953312873,489,Electronics
526735109110906950,439,Clothing
164109090041872617,143,Books
29690858129466554,78,Clothing
55603246794707310,962,Sports
776632045955246046,911,Electronics
942666948624516834,767,Electronics
235921517490863196,524,Clothing
633457657173688368,261,Clothing
547467817255847608,798,Clothing
82821394010705452,509,Clothing
669825646197967078,273,Books
208173677035835003,612,Sports
210268557044977539,244,Electronics
212624183820514841,381,Books
932030404586554571,719,Books
593337765403194424,401,Books
693423105393082187,607,Sports
440774367914753990,919,Books
324815909190870424,78,Beauty
161880714172025625,546,Sports
380719095607554573,656,Home
1121612077377027564,553,Clothing
596208086020624198,338,Electronics
89231019371294476,780,Sports
446758339998390901,840,Books
285514974501302494,80,Sports
882827034402311448,399,Books
241950990279452947,214,Sports
226881675241084292,503,Books
715599081343926969,387,Electronics
670850799942541836,925,Home
595625443307534346,736,Clothing
563594527596663673,24,Beauty
252020786471490658,680,Books
385994425560903496,500,Books
874567387540425749,453,Sports
884596519906007776,789,Home
976235081047760312,340,Electronics
140974641367999825,982,Beauty
98363611264437535,887,Books
634024106274914480,395,Sports
1000801873861869905,248,Clothing
403407585578822476,419,Sports
429339582428528606,728,Sports
1010549875317948644,648,Clothing
37252024853253238,680,Sports
893145815999064752,424,Electronics
334841895106404120,134,Sports
547284415374481584,346,Clothing
375181385541181134,597,Clothing
488767858275030146,137,Clothing
1083018405312333093,584,Books
901271351678655246,373,Books
1100202877357986201,214,Books
237159052980096115,34,Home
484483880654086784,838,Electronics
406217290531716283,326,Sports
781941791301739292,980,Electronics
906330001942109374,513,Electronics
464610447896087568,33,Beauty
524102794922112828,756,Clothing
35300752116167681,283,Home
673845061321827396,350,Sports
979491830031607278,936,Sports
1063160705965463987,189,Home
245887967178882228,112,Home
733054738491176239,441,Books
739813501202235076,928,Home
697364897850287214,268,Clothing
33112764037685651,921,Electronics
423036508762153804,949,Home
901081993539326290,483,Beauty
919592543884112445,409,Sports
375493082056238176,549,Electronics
701093623646623740,712,Electronics
1121699735705477094,818,Books
1020110726485395585,268,Sports
1049061014869650188,325,Beauty
562433518577071354,807,Electronics
691665236330395345,604,Beauty
191794913121140805,651,Clothing
103678723744614043,62,Beauty
467877027213411040,4,Beauty
826811671159487414,41,Books
122553645918905430,669,Home
153634673786498567,518,Clothing
944398590789379619,481,Books
640785693616133009,342,Home
732451395178398778,938,Books
790020766878903202,363,Clothing
1094678125166673560,293,Sports
702029201524567460,949,Sports
334275891897753077,969,Books
162766494013272899,578,Clothing
192611353155191876,994,Beauty
60564302233624845,831,Electronics
1046081186481933686,625,Sports
1022589305675139862,698,Clothing
812942243624890622,149,Books
845354966643001342,669,Sports
31131009639954052,371,Sports
117108124533936559,301,Home
639602360005913515,966,Home
361914277090397348,249,Beauty
940571608148599197,21,Clothing
565348189573865406,285,Sports
759808330714707228,962,Clothing
329333826454549502,130,Books
824457172832614822,572,Books
839353343441289527,922,Books
338389104829149763,577,Books
576704681315429548,477,Home
914830553597843473,565,Sports
1003617427366545599,641,Clothing
483898157712472158,665,Beauty
997326233651301964,889,Home
1109577359879776882,840,Electronics
164882105232406423,417,Home
902748018440567114,617,Clothing
259358626493393562,196,Clothing
526412277954366405,263,Home
706016199977793345,589,Books
11644706506743648,897,Beauty
445181550297478763,658,Books
1052064417596004015,737,Clothing
577919140692791131,962,Books
641155285900252551,936,Home
989343797687362352,327,Books
619380300128990802,16,Beauty
638699088289198790,157,Electronics
90981053987112710,552,Beauty
162256909169778083,825,Sports
599985197217377633,393,Home
100931337886845534,897,Electronics
663225512370896642,656,Books
576423330705751066,535,Electronics
682770896797535635,376,Books
796428321693680353,694,Sports
451411081467956618,380,Books
497337168839200372,277,Clothing
772645963750858303,179,Home
386276386530300494,257,Books
53748283726838581,934,Electronics
66546939293243334,136,Clothing
101012013430193005,195,Books
566836998592203902,161,Beauty
1152266661330558848,130,Home
348452078773587482,408,Clothing
772216984252406089,101,Sports
575276179868179329,623,Books
121444057047089479,867,Beauty
727602180605253149,902,Beauty
596821755258684788,842,Electronics
80326099163925651,518,Books
877514071593619086,679,Sports
166689833160492691,213,Clothing
644043981588530735,583,Sports
875965651149606529,963,Books
157733001910329040,100,Sports
684065909633157897,382,Electronics
490676863150800149,223,Sports
5072129491667420,689,Home
390331224744462536,855,Home
751876050299650184,473,Beauty
72827763055237618,15,Clothing
770303756112889705,412,Electronics
718697283301765027,891,Electronics
702258785508398079,159,Sports
234083437608504531,595,Books
551834068688534439,117,Sports
529072406473388814,954,Clothing
8765348263525540,857,Books
109293062929027049,852,Beauty
648344665575779463,467,Home
875469905845173868,4,Clothing
247209191488669001,295,Electronics
618599430215144127,778,Books
821397556704711292,843,Books
105348173879048543,46,Home
589123665197897052,863,Sports
484421023081841257,894,Beauty
478081510238946187,309,Sports
905972134793695956,591,Electronics
833371209150363370,570,Beauty
551876996034648726,414,Books
667050063431401148,519,Electronics
523996288821376401,431,Beauty
246829973563424768,551,Books
991893755319279518,814,Books
285316679800263351,657,Electronics
591910075120965043,897,Books
745019358526696551,507,Beauty
34274432550352548,766,Electronics
842164420758774624,817,Sports
80822057364940954,460,Books
319630748646967537,290,Home
1063160458010144926,344,Clothing
504915734994716744,716,Books
274031148851905339,222,Sports
988366804143537218,547,Sports
111506487797170319,946,Books
900587362063242712,989,Clothing
968701767363799600,595,Beauty
865595430313766545,63,Books
419830622755688872,163,Clothing
172861227017989408,308,Electronics
264038719791519533,888,Sports
1126856130658906353,887,Electronics
611564870245429052,416,Beauty
1017177129240697955,363,Home
788815273482262784,436,Home
593499065873400890,545,Home
844258947461123100,20,Electronics
598074134778075911,28,Books
551014250829238626,424,Home
668482086902328323,615,Clothing
634652181039582490,96,Sports
721160229584579309,389,Beauty
422099868412272495,733,Home
435837319269554350,847,Home
553285547358151890,579,Beauty
841195006104564303,877,Beauty
729103646679508253,376,Beauty
273774027609077808,677,Home
402277150521477838,211,Books
959811689506643445,784,Clothing
715210579321554043,915,Electronics
941388022698473769,801,Home
535629425524798723,718,Beauty
246809998685096145,61,Electronics
100299702181965630,634,Beauty
179531876719069092,402,Clothing
219388342109981170,118,Clothing
654720952770530195,769,Beauty
396893161813734152,433,Electronics
408441398432721501,178,Clothing
219102922714393905,414,Electronics
543828397998146578,712,Sports
346571541409154739,858,Beauty
1011618632507076049,3,Home
304812172712485379,550,Beauty
568695610219075759,384,Electronics
988401754713814717,693,Clothing
882423085590981058,121,Home
1042191082934648666,758,Beauty
64231243794465549,668,Sports
1093831209726407813,759,Beauty
735709674090333992,664,Books
199015990391899751,17,Clothing
582399966699771769,603,Electronics
590478841338237338,634,Clothing
1139696177177951003,83,Books
1051036804210192332,67,Books
318613149307553295,199,Books
827556355558976185,770,Sports
782316068915517918,650,Books
1072629956087935863,5,Home
279351669178173025,52,Clothing
431304059298978537,745,Sports
86966505615827111,930,Books
667822345572407535,83,Home
140652698937230293,772,Home
1019665013299803838,576,Clothing
318825160911844456,31,Beauty
838819742375078699,661,Books
752444196712605467,258,Electronics
513276013637235332,737,Books
247542441594096886,807,Home
576749304060491986,347,Beauty
368853947918970468,770,Books
838936783936693547,256,Clothing
244746054939145634,223,Clothing
810826697980132521,558,Books
823341739940439520,737,Beauty
1037578521638345249,516,Beauty
108402232955351195,436,Clothing
959830050462190940,104,Home
214816297118364825,553,Electronics
8880131417530362,800,Electronics
1023858344008452180,270,Sports
884128735208021441,250,Books
1029710909019932544,915,Sports
765836867185039982,718,Electronics
382740293875570172,147,Electronics
103015342338614436,681,Beauty
316766272670797144,421,Home
521596115176162265,396,Electronics
832090286832962260,374,Books
659279635897826010,977,Books
619227049978924334,833,Books
289965078530014199,264,Electronics
366925418713730160,838,Books
1122294802250606340,224,Electronics
898951402471307434,569,Clothing
656108865661172041,447,Books
655549439601459341,832,Sports
101642650116539779,628,Home
331490553635380389,813,Beauty
151445510610260753,197,Sports
636116308315215836,234,Beauty
485831570454633536,487,Sports
476218679557658366,246,Clothing
1098769267023639408,324,Books
359653414857452435,238,Home
65761691413965707,101,Books
55670082812289282,261,Sports
197122456566098980,183,Home
175551313400578045,946,Beauty
1064975902573213013,143,Sports
64311419925236854,600,Books
977832590545122526,877,Home
176674136677966313,431,Electronics
343859477971411086,572,Beauty
13317979565380269,180,Home
1114870821810911462,502,Beauty
794572557175146831,753,Clothing
951463639100380303,877,Electronics
854596653944565771,357,Clothing
789211258964658589,594,Electronics
955487120036739930,217,Books
383404964178151541,861,Home
157598443741012086,446,Books
722376746977932802,103,Beauty
302578247332679352,660,Home
74908656045980636,311,Sports
1010463548512880279,816,Electronics
448271886128587525,62,Sports
1097431622647293101,763,Beauty
322894732957241714,877,Sports
7372826895522552,1000,Beauty
252646542121758728,387,Clothing
487183505745715703,254,Books
181421036034777424,653,Electronics
786695237741686715,455,Clothing
454946914430405252,587,Clothing
1007697160022280469,177,Beauty
9299062000826684,51,Electronics
139599452459798102,943,Electronics
904910894296130979,145,Clothing
279545743062432261,595,Clothing
804340846276321758,650,Home
155535622334153143,273,Sports
598143266476696692,777,Beauty
661780495253687763,812,Clothing
675812631820774833,450,Electronics
560033643538625648,683,Home
76093208743942521,186,Electronics
303673901800570950,167,Electronics
696472504551600735,752,Home
1023906688840495042,411,Books
1027349319334652559,735,Books
448066611323996462,753,Home
1076464339214140985,113,Beauty
182340045992921574,763,Home
267991933441148145,817,Beauty
446131591142281783,539,Home
227003361136867857,797,Clothing
344198073616407463,968,Clothing
681623252969808576,510,Clothing
796712402044044150,192,Clothing
880183469403545617,680,Electronics
396303249589867781,878,Home
598630241319538597,373,Home
919052100175979712,174,Books
1022123007049561405,421,Clothing
658144057339143786,187,Electronics
800283857903428851,86,Clothing
19133682846102918,949,Electronics
22898966755436266,432,Beauty
185217702232150112,313,Books
1570494095836606,648,Electronics
1054260684089773327,110,Electronics
241934857563468401,981,Sports
260808983881782218,130,Clothing
731115500277001733,221,Sports
1111817995388047681,791,Beauty
476875144354142041,999,Sports
927274222274338081,485,Electronics
506609800547546255,397,Books
237212188237827909,943,Home
80647834002931316,863,Beauty
739776727352732457,364,Sports
1152048900055910387,618,Sports
320951981123551675,661,Beauty
169155697257004993,370,Sports
676601184644266693,704,Beauty
517880889554256614,540,Books
282449103488401712,497,Clothing
1060985398163287431,346,Sports
440958641264275490,121,Beauty
812494452738231848,788,Sports
595602926122940038,598,Clothing
921079132978577510,573,Home
855078961963209167,206,Home
941203780277434211,555,Electronics
777645076644368983,761,Sports
609471443554968453,563,Beauty
660534803209962878,376,Home
11956162312182848,769,Electronics
1083212466523080581,869,Beauty
733623298260418338,614,Home
1010757967355603578,643,Electronics
220151033802341301,267,Beauty
228226422516160410,162,Clothing
1053189847523149864,576,Beauty
924139121497018267,847,Electronics
487818907213373642,469,Electronics
176392054358574569,470,Beauty
732152967680440322,219,Home
742811373505197241,855,Clothing
306218747558189265,200,Sports
987064927269878628,96,Books
635828824132084780,647,Beauty
646262350919497924,167,Sports
278594593644339520,948,Clothing
1018466755419021225,258,Clothing
980066709998982211,69,Beauty
134209647257773588,160,Books
71603980300690695,18,Beauty
299389058846970381,817,Electronics
1067637051514074437,826,Clothing
700363255138088364,880,Electronics
250110446866137311,749,Electronics
333098858224182612,498,Sports
562436525934913267,139,Electronics
690878296240438177,912,Beauty
286336792048224010,494,Books
730570332817614270,408,Electronics
652724495868553420,881,Beauty
89191358766641423,642,Home
1032762387657715844,620,Sports
182765730856916152,259,Books
464669766833269070,152,Home
1052062249112784264,844,Books
1088257218332216931,765,Beauty
159269077766679372,116,Books
883727511279175073,645,Beauty
967970772683380166,140,Clothing
781241914142647576,303,Home
683528602250013768,694,Clothing
763850373874046197,880,Sports
194963047879658954,687,Sports
94146492319176489,398,Home
1070509078188873514,512,Beauty
160693970311466704,257,Clothing
441103539243620703,24,Sports
104415286228671457,655,Sports
588932389356044532,146,Beauty
1148569393475343759,590,Electronics
579868100412963072,302,Home
697817580375637311,352,Beauty
249549808746061634,379,Clothing
615657543310846742,474,Beauty
105124595866132430,821,Electronics
1032763785124657811,713,Sports
410370140342800258,810,Clothing
804964391686449140,412,Sports
475991971518259242,831,Beauty
419382792875912686,368,Clothing
156120016119010549,343,Books
998853284280214898,319,Sports
710312005712379464,838,Home
409410253595273576,5,Electronics
468372446605866942,65,Sports
649493054023450646,980,Clothing
911143776853173263,609,Beauty
11451926514556304,140,Sports
185692836465009389,916,Sports
420889542528435170,729,Home
844552295457865360,995,Beauty
674280910268446788,729,Sports
698286051323221887,973,Electronics
991931104205852993,21,Sports
1126566292211144491,345,Books
429019988742525678,291,Electronics
918766700453580151,484,Sports
143072670422394839,38,Sports
579868762474788733,647,Electronics
259603254203915128,27,Books
126412997301561231,379,Electronics
838757660924741283,534,Books
1055063947599789449,26,Books
447723338347993389,751,Sports
372348696743622463,551,Clothing
552920649923103735,523,Electronics
442438141392912992,834,Beauty
426350958938035890,632,Books
448460925353319607,589,Clothing
832501627395045279,893,Books
473598697911999785,335,Beauty
874351107836351709,776,Clothing
979326206053083377,854,Electronics
664890554750755830,806,Electronics
207680433993344614,32,Beauty
1050654275989131597,738,Sports
902598866046004285,531,Electronics
150595282702059128,454,Clothing
218370591968576274,557,Beauty
679723286314376171,772,Electronics
54576031222615490,766,Beauty
612394751506411049,388,Home
744010859888455041,911,Sports
618565697342173603,556,Sports
26204443889165905,652,Electronics
206595094606048388,872,Electronics
831570592142215705,856,Clothing
9042325208512409,118,Books
869598913901210166,448,Electronics
112120339615043714,183,Clothing
747527992200304672,355,Beauty
204182444910712997,67,Home
473061510299840895,364,Home
1145201823703992392,415,Clothing
905870932749896587,993,Sports
899798308816872205,207,Home
568680917820503779,417,Clothing
666865385421316996,948,Home
639495158363668542,88,Books
555358060583132467,653,Clothing
803200918721638317,341,Home
146627318852448056,529,Home
938239186418613553,331,Sports
494363510904198319,111,Sports
597166969978159232,108,Home
346377537966576035,861,Electronics
712822385249923396,641,Electronics
683995771541620102,426,Beauty
364297006876034303,928,Books
729077137211871348,523,Sports
779997367794261544,589,Beauty
185327820705983389,300,Books
403458261831887373,346,Home
94895181004615495,947,Clothing
686995943385048862,212,Electronics
24587813619369332,170,Books
391964151249086749,935,Beauty
431519274527117454,449,Electronics
963088362704491643,575,Sports
1097472473133320535,929,Electronics
1039008386342968777,91,Home
631908356492712800,156,Books
229156587397528458,593,Clothing
1137088679652648467,590,Sports
578118031381824352,839,Clothing
452129262378602510,811,Sports
447534996994752097,405,Home
35339851286634199,532,Home
936970606919407502,699,Electronics
1037733850794128939,93,Home
774548768357793628,141,Home
273474732086561345,400,Electronics
822447906575914245,33,Home
731005803449212293,713,Home
933158706584059751,234,Clothing
155335182339263118,880,Books
906376647587307279,270,Clothing
755011955792076446,531,Clothing
355459341042651087,611,Clothing
220787317782021445,353,Electronics
519424938756731672,963,Electronics
31407367175099945,459,Clothing
6658767785805920,945,Clothing
512446220822684053,702,Clothing
705782781553030523,496,Home
101019968200034009,515,Books
477150491508077791,145,Sports
234828378549555916,65,Books
1105438476933373935,651,Sports
1002419089123082551,53,Books
578177822005744341,969,Beauty
1071236081974516494,989,Books
327053608887395013,605,Home
920767682102737370,892,Sports
892673453698930334,677,Books
718272169071148142,674,Sports
963907429431088274,310,Sports
979146097535889591,199,Clothing
20686148369459682,970,Home
472139795798052096,284,Electronics
492872483824064492,770,Beauty
1000826573580205025,63,Beauty
24462006612862947,661,Clothing
880297695442325049,299,Sports
779364884088642027,424,Beauty
778793100584396301,635,Clothing
1023968107123256375,716,Beauty
384728190674469153,217,Sports
605143067026142112,68,Sports
90445574532330019,883,Beauty
232657288652165451,149,Home
417212623498762699,104,Beauty
1090598236457112403,417,Beauty
547265004890156921,177,Clothing
186920215903454953,956,Clothing
672860526599141029,844,Beauty
631748032829799508,300,Beauty
139377699427077036,957,Books
560209126374179199,592,Electronics
758810419068859018,169,Home
122193273925404647,526,Electronics
316709706419766027,959,Sports
824363207982272388,233,Sports
1024225137945144890,67,Clothing
25724702650796260,161,Clothing
77359980578617876,884,Home
802088441739915518,32,Books
445655574295731687,381,Clothing
1069913736388721431,780,Home
558252069855137478,139,Beauty
638641929894038841,283,Beauty
898272278855506554,603,Beauty
729503014001005007,731,Electronics
584158599877210263,423,Clothing
791774151237095182,630,Clothing
284781458892311230,643,Home
47230507763025816,693,Sports
1036682213781820833,328,Electronics
907036587391967899,66,Books
144099613855051319,479,Beauty
838139528883291708,566,Beauty
110449963503949135,691,Home
869294401969178436,688,Home
353326140615159604,951,Sports
1004110258977063975,506,Electronics
1083212114559474569,497,Electronics
807126004001845013,311,Clothing
211210846348517936,545,Beauty
374882125427264933,431,Clothing
666907502329528664,300,Home
359599778235517864,55,Books
546026085747648785,57,Sports
317317159280946062,448,Home
705184441652538775,474,Books
806109214038989278,188,Clothing
54821774771842759,973,Clothing
96087188374837146,383,Home
29441599505436332,454,Sports
965423409918738825,623,Clothing
877592301835596199,562,Books
738102824514204417,983,Sports
1120340051671779927,338,Sports
495446186927837941,18,Clothing
729612559089352113,783,Clothing
203153444319057938,441,Electronics
260289229815711504,317,Clothing
593105701221071418,2,Books
605460645920994106,507,Sports
958011553623151244,298,Electronics
10645217873542664,823,Home
1098852727218306549,188,Electronics
248612790072499524,916,Beauty
522374965600819430,696,Clothing
390828053664467319,825,Clothing
677108692284992182,981,Home
472434358528502478,939,Books
570352828231009353,291,Books
979040580409370656,295,Home
1123921771987040108,43,Sports
564704242118834925,255,Home
338262492875370944,678,Sports
234059775827080426,982,Clothing
659942008139997901,958,Beauty
942574271894680939,855,Beauty
1037303317205417127,673,Books
824152857352080926,285,Electronics
689911477296466240,137,Electronics
1026772444448882164,180,Clothing
1085498238054633839,324,Clothing
1139302719336763601,804,Beauty
129886651531135408,474,Home
278483712539420954,540,Clothing
456181431697989814,722,Books
324058449076480896,600,Clothing
760061800830290835,135,Books
127606256528992911,163,Beauty
603659711563891576,176,Electronics
995324446010400759,213,Home
1102201455431113059,483,Electronics
924326575580818626,715,Home
486318272680044036,498,Books
240321854184397020,45,Beauty
642143427231741867,601,Beauty
518295214120664893,824,Home
156222465304989792,80,Clothing
660618590774402822,141,Beauty
909310117795384183,727,Books
92127268746722894,49,Electronics
326999308349841092,47,Beauty
560596458882536624,697,Beauty
1031050934590055389,567,Clothing
578557898027264826,637,Clothing
593433338343788583,371,Books
183710922145139915,782,Home
881407270951120216,943,Beauty
611478545075298209,853,Electronics
689601695640880584,45,Home
1055971323219930107,877,Clothing
568278143931459307,438,Clothing
198554033779241930,883,Books
652330490111533197,786,Home
240154330620881973,929,Beauty
103879102303606960,903,Clothing
424825661163592609,318,Clothing
1026795604859856570,500,Sports
775477935224811497,274,Sports
368196145188187399,4,Home
885521966796229840,446,Electronics
138631593709271028,392,Books
972542228742491272,151,Electronics
89619530283884974,886,Home
762767690441204335,863,Books
311610772682600334,5,Clothing
264798591345851673,825,Electronics
342856810779936045,128,Books
945992186240816946,490,Electronics
416699111728907485,742,Sports
623309086637818386,530,Electronics
375350168970126138,451,Home
472527989121147242,844,Electronics
260478077342187173,739,Sports
64641600954408412,793,Books
573215698481737346,261,Home
435476530002811519,11,Electronics
154699077638363321,56,Books
1018508672162889281,126,Clothing
884208123046757488,473,Electronics
1102763388484775945,823,Books
824323194211398999,58,Electronics
224828772915199614,547,Home
650573459422406573,153,Sports
655735202046230157,564,Sports
701640099288600636,470,Books
892556899051187923,991,Sports
209047134682427653,90,Sports
390123226242035655,563,Electronics
850125890653703402,859,Home
769542836424692428,304,Home
443238894141430598,956,Electronics
865690719930338032,429,Home
819773435019296424,921,Beauty
241079585514644091,89,Clothing
293659967946288103,598,Books
205472974822012488,862,Beauty
1117828021574702919,479,Books
587139761359336668,700,Electronics
474017271014141263,703,Clothing
219655803757405789,799,Home
965727255785134275,845,Sports
160761067960966940,511,Beauty
430577763161373431,241,Home
478522748226727113,274,Books
985192421806463376,782,Electronics
397186324640197624,216,Electronics
937924012646528189,603,Books
31978850787766246,645,Electronics
186628019086166801,245,Clothing
323529281310169068,498,Clothing
117940666086772652,451,Electronics
266154113804950662,942,Electronics
980653810564187145,410,Home
848827164765945352,313,Beauty
436872500975879928,800,Beauty
1097446146235435402,643,Beauty
964714297832265435,421,Books
427739836932536209,864,Books
1131533658517177568,670,Books
430090772478032666,246,Home
472428611279911424,733,Sports
660092234940008820,865,Home
85439672058783369,745,Books
1133187710650632455,134,Home
415114002424114529,889,Beauty
298672606073446444,285,Beauty
1027529073201481713,640,Electronics
622810885985513408,171,Sports
331815689732039211,515,Electronics
895710992487176223,858,Books
41709548652565315,119,Electronics
384888070829222908,626,Clothing
348634054956399173,195,Home
126730695291856438,955,Sports
456797957383600886,970,Electronics
764594069836457447,2,Clothing
129984545559807102,170,Beauty
329998139762243379,372,Home
289489078916510368,357,Sports
1141083846736370228,349,Books
140139723215929545,478,Beauty
108407406019762077,501,Home
811590825092747,743,Beauty
369856765185675534,698,Electronics
102986547874852749,692,Clothing
209618567573499346,64,Home
409896752417394965,699,Home
330922093430916857,871,Electronics
1089921460628059259,277,Electronics
580776022640474003,82,Books
920046928561308742,79,Beauty
793140375349237586,838,Beauty
349060054432845544,773,Home
198605750056747740,739,Electronics
879708596134765070,891,Sports
691350413975825059,815,Home
186041053616779677,808,Sports
144764910432351088,952,Sports
705911997677818001,482,Clothing
428182725052625956,723,Clothing
565488072603629042,760,Sports
183087718438197082,874,Sports
165540764452754,270,Books
301978603138408178,608,Beauty
616944602293446354,964,Sports
920354146685120095,85,Beauty
870985154983597415,534,Clothing
205477637607634435,848,Books
187468503431934120,841,Home
205213375262314162,106,Clothing
1079971156076475353,644,Electronics
753423501089278419,320,Clothing
274256236152139576,883,Electronics
431697095933330462,942,Home
685543882438030656,743,Electronics
43158825655359313,478,Home
245071495205781132,927,Books
158881773468854874,348,Books
68554071689871532,342,Electronics
950495875568589378,205,Beauty
139523524537500289,718,Books
828661977208834047,734,Sports
708999739161216943,80,Books
118263706470586047,849,Books
1081737875907544379,350,Books
1039444685600515649,480,Clothing
813280375834300384,908,Books
812204806354417010,259,Sports
173288860375929954,990,Home
224729856187974311,457,Books
914474044708433767,73,Beauty
970592061075730496,879,Home
296959321727963447,374,Home
1059495125793076092,252,Books
643341898177711749,216,Clothing
1131483105589768940,6,Sports
473672103972391235,116,Home
918654456073666890,23,Clothing
823944262325359880,296,Beauty
542575553080791919,530,Sports
498722469405262823,119,Beauty
642164229768997311,31,Home
944856269007910254,611,Books
1073319637076802447,818,Home
254665443101768785,890,Beauty
162737597349625764,238,Books
113861809349385571,979,Home
749136461803074547,275,Books
167928143664920668,849,Clothing
628389926454900943,391,Beauty
709030888493901177,917,Electronics
510778912408979543,706,Home
231293331022170289,235,Sports
532511425273873305,243,Clothing
287183711887036765,591,Clothing
296343348016085700,372,Sports
471329206119105040,348,Home
1023959892650318964,328,Clothing
443453204462152168,532,Electronics
812649750211504333,984,Clothing
1085110401684482587,45,Electronics
500593833505286920,714,Clothing
115145293734801352,828,Electronics
284705627410962643,686,Sports
388466205480482083,252,Sports
554056583357549286,129,Sports
503990885267578338,50,Home
55356966540961319,902,Home
585102286953851507,326,Beauty
238670394795147727,689,Beauty
370663209683346628,577,Clothing
915329140047732569,773,Books
14992079594786691,667,Electronics
530971882953792681,971,Sports
610055507286727151,366,Sports
1015875529237564058,771,Home
320501998933030529,878,Beauty
781340248529805909,34,Sports
343067984805810837,127,Home
778045123421218462,282,Home
439829864349964787,952,Clothing
29898954344417839,384,Sports
1151953914703344465,39,Sports
702554753339302606,664,Electronics
375028427301856913,961,Clothing
824661875191597249,239,Electronics
346227369135325114,269,Clothing
1073025616204333916,428,Home
541296301284258240,268,Beauty
1056191881680539012,229,Clothing
604071049839768933,51,Home
229689842644749623,903,Beauty
315393548642602789,634,Sports
1068135111832983652,573,Books
878207695750158780,755,Sports
1024786417861059568,207,Books
586474143366974049,914,Books
331401460168196643,369,Home
405407394340146194,527,Home
747443986421400058,440,Books
441197525141979274,181,Electronics
526434452830377917,660,Sports
754892237902114486,170,Sports
17779778390237610,86,Books
577145556407522276,533,Beauty
942919323221016951,710,Beauty
412318731679345037,427,Clothing
1050214029589866527,21,Books
435083144636698574,871,Beauty
342288180750078393,652,Beauty
672519502178246115,46,Books
164758943654834506,449,Home
117730665381183449,576,Sports
513067781868263687,102,Electronics
917047638425204772,155,Beauty
1110671276497544621,818,Beauty
20112804706666391,682,Electronics
996670089583797274,501,Electronics
81123862170371666,300,Clothing
626546312816245259,461,Clothing
419649342516765205,995,Sports
1010463000524419685,583,Books
527008894183873684,263,Books
1063343604228267357,265,Clothing
440214454008333469,676,Beauty
323260029391125162,466,Sports
881634609529622428,622,Books
621491548471828236,993,Clothing
416076765126770148,454,Books
414738847135701218,899,Books
353874290791355820,810,Books
936218176259169517,70,Sports
1116051959317050828,990,Sports
730677662353176758,215,Books
559727616505115624,994,Home
461514496189745624,50,Books
905509904805945345,809,Home
973390650485075050,776,Sports
298008895956108508,700,Books
1094161328271729481,629,Electronics
1007564508369204666,750,Sports
77642287410241114,672,Beauty
14075920944713684,262,Sports
977300322120849747,791,Electronics
1049181011707773037,171,Books
49266796918634030,390,Clothing
282331638578401034,973,Home
811326199724485037,939,Beauty
850369469901693223,340,Clothing
933154467874710678,758,Books
887009806673250113,759,Sports
86104691770008273,115,Home
341596229608438930,694,Electronics
110545785266018653,939,Home
907508623054378974,446,Home
145674640191946777,677,Beauty
609924971485369113,2,Beauty
846423238961994775,204,Beauty
950453873029572333,422,Beauty
639902285406169144,293,Books
992625869156002867,947,Books
305522946828963506,529,Sports
686440176578819007,167,Books
945426201647156018,147,Beauty
576133272840946458,905,Beauty
651698202163350967,107,Electronics
158048669711689380,663,Sports
872192023433752014,225,Clothing
778744592621713747,322,Books
10635584383931837,805,Clothing
430245091388560472,798,Beauty
808439070629414840,705,Home
1011989261562732127,84,Clothing
68183828917784997,840,Home
414325812863464460,749,Beauty
472387530070262431,704,Clothing
903353563298554154,363,Books
479108458633122442,297,Clothing
1110701513275065036,109,Sports
904531135059961652,57,Home
410420869690055617,231,Home
1004653444348910559,706,Beauty
693311792951409676,177,Sports
426049707689199428,15,Electronics
34920080407305868,277,Sports
496692485896265924,325,Home
841211410958181367,972,Beauty
793457498017819010,113,Sports
232340791977398111,960,Clothing
1047716798238049179,574,Books
416116547085696877,642,Electronics
404263449395664778,844,Home
1148838338926987207,784,Beauty
407611061828085438,854,Sports
135904993225691563,585,Sports
741126997176210741,290,Clothing
410882673123093249,635,Books
528001472621773537,539,Beauty
679085393773474356,383,Clothing
905099759368620781,738,Books
396833331795910572,51,Clothing
209060114229148607,541,Books
938360299379764028,503,Clothing
1038567583342869611,458,Sports
712345416864820492,701,Clothing
135750576388574005,499,Home
78025889046113556,184,Sports
455044913718560657,485,Home
11776972109771602,724,Electronics
393620330139132823,155,Home
427412308683402680,62,Electronics
135778901858541524,97,Clothing
540221155351712245,360,Beauty
323381611834301034,818,Electronics
58173839065883689,72,Sports
112310162220643723,585,Clothing
642738807460932798,330,Electronics
863727580217037506,795,Electronics
601130248778508247,930,Electronics
426325358718498121,558,Sports
600309592512260265,524,Beauty
505059484146032924,925,Sports
126604812901667461,488,Sports
553790748712716126,644,Home
1088958766377418473,819,Electronics
357419527685441670,468,Electronics
927210356198895703,650,Sports
124608724387585900,29,Sports
566659575856040163,679,Home
313416114408174425,63,Clothing
617987418962688500,493,Sports
686694718981768584,476,Sports
151963188748288941,248,Electronics
779679243226633230,422,Home
293184757970818752,1000,Books
154064898074369183,832,Beauty
601193821202669491,179,Electronics
1008499543971707212,82,Clothing
429975339623964277,854,Clothing
1148945410312396917,481,Home
83428219945653767,363,Electronics
1074929411486500939,266,Sports
1102121991848625100,72,Electronics
682523964271342829,225,Home
346437988209531771,236,Home
887717955184522874,862,Home
40871557328731090,649,Beauty
443671834862790568,476,Clothing
675259470118217225,138,Beauty
9175147583628678,419,Clothing
644904200195301973,1000,Electronics
883028460505906765,44,Clothing
173003411721942002,256,Sports
338801435449223599,182,Clothing
271061663508334682,462,Sports
748901227889683558,721,Sports
48580675018599072,730,Books
431147247665143551,705,Sports
816427379912640290,8,Books
174079844817721627,812,Books
132119172772467271,555,Books
926677341064768674,493,Clothing
255953719039712013,844,Sports
1060577116260301519,391,Books
997287059389675997,282,Beauty
956024356785491945,138,Sports
247496262013942048,60,Home
86431785459294832,256,Electronics
5319938355780216,823,Clothing
387186719006996167,17,Sports
896469028631779540,976,Electronics
227557719157657181,244,Beauty
538318980873280932,578,Home
867822649616185770,95,Beauty
629727971875846951,887,Sports
504623374855312612,986,Home
1022238880710735809,614,Sports
182435022950788346,544,Electronics
392594239059008314,497,Home
266080385143294070,540,Sports
720432055065761770,192,Books
562610666990842418,931,Electronics
237333936977671791,759,Books
150054437070934297,784,Electronics
228669396253210489,785,Clothing
703110469173260875,77,Home
909663465255027933,350,Electronics
1090322313829415139,833,Home
153931734128757466,956,Books
967018437807391597,276,Books
56386036728621087,869,Electronics
769638502397783163,200,Home
465083155672068113,493,Books
529681011897525299,695,Clothing
1149105522854098607,178,Beauty
649908534145212427,118,Sports
333360423979909643,108,Sports
402432254139822678,176,Books
1052957563715463858,587,Beauty
340653568458282313,144,Clothing
538842227120025789,353,Home
817330491498480468,822,Electronics
643283328413124555,626,Sports
-1,-1,Unknown
