promotion_id,campaign_name,promo_type,discount_value,min_order_value,start_date,end_date,campaign_duration_days,target_segment,campaign_channel,campaign_objective,target_category,expected_response_rate,total_orders,total_customers,total_revenue,total_items_sold,avg_order_value,attributed_orders,attributed_revenue,budget_allocated,cost_per_acquisition,estimated_cpa,revenue_per_budget,campaign_status,invalid_date_range_flag,negative_discount_flag,invalid_expected_response_rate_flag,invalid_budget_flag
1,Cross_Sell_Fixed_Amount_1,Fixed_Amount,86.29,,2025-03-03,2025-02-13,18,Medium_Value,Social,Cross_Sell,Unknown,0.117,0,0,0.0,0,,0,0.0,31654.2,48.03,,0.0,Completed,True,False,False,False
2,Reactivation_Percentage_Discount_2,Percentage_Discount,,24.66,2024-07-29,2024-09-05,38,Medium_Value,Social,Reactivation,Unknown,0.091,9,9,1923.91,35,213.76777777777778,9,1923.91,49169.82,25.67,5463.31,0.0391,Completed,False,True,False,False
3,Acquisition_BOGO_3,BOGO,0.0,92.54,2024-07-29,2024-08-19,21,Medium_Value,SMS,Acquisition,Home,0.241,3,3,602.47,14,200.82333333333332,3,602.47,35889.11,28.1,11963.04,0.0168,Completed,False,False,False,False
4,Reactivation_Percentage_Discount_4,Percentage_Discount,41.6,85.76,2025-06-06,2025-07-11,35,Low_Value,Website_Banner,Reactivation,Unknown,0.214,0,0,0.0,0,,0,0.0,11973.4,33.1,,0.0,Completed,False,False,False,False
5,Retention_Fixed_Amount_5,Fixed_Amount,16.55,0.0,2025-04-06,2025-04-25,19,Lapsed,Email,Retention,Unknown,0.17,0,0,0.0,0,,0,0.0,9236.54,39.82,,0.0,Completed,False,False,False,False
6,Acquisition_BOGO_6,BOGO,0.0,18.42,2025-03-04,2025-03-20,16,High_Value,Push,Acquisition,Unknown,0.086,0,0,0.0,0,,0,0.0,21303.04,23.08,,0.0,Completed,False,False,False,False
7,Retention_Percentage_Discount_7,Percentage_Discount,14.3,24.08,2024-10-30,2024-11-20,21,High_Value,Email,Retention,Home,0.186,1,1,285.87,9,285.87,1,285.87,24577.81,45.94,24577.81,0.0116,Completed,False,False,False,False
8,Cross_Sell_Free_Shipping_8,Free_Shipping,0.0,67.03,2024-08-27,2024-09-07,11,New_Customer,SMS,Cross_Sell,Unknown,0.088,0,0,0.0,0,,0,0.0,21719.17,28.24,,0.0,Completed,False,False,False,False
9,Acquisition_BOGO_9,BOGO,0.0,0.0,2025-04-20,2025-05-20,30,Low_Value,Email,Acquisition,Sports,0.059,3,3,281.76,23,93.92,3,281.76,11103.46,24.68,3701.15,0.0254,Completed,False,False,False,False
10,Upsell_Percentage_Discount_10,Percentage_Discount,10.4,71.58,2025-08-24,2025-08-09,15,Medium_Value,Social,Upsell,Electronics,0.235,0,0,0.0,0,,0,0.0,6661.58,44.55,,0.0,Completed,True,False,False,False
11,Reactivation_Free_Shipping_11,Free_Shipping,0.0,20.08,2025-06-27,2025-08-13,47,Low_Value,Website_Banner,Reactivation,Unknown,0.07,0,0,0.0,0,,0,0.0,22533.28,38.8,,0.0,Completed,False,False,False,False
12,Acquisition_BOGO_12,BOGO,0.0,14.01,2024-08-03,2024-09-11,39,Low_Value,In_App,Acquisition,Clothing,0.059,4,4,295.63,20,73.9075,4,295.63,1148.11,12.03,287.03,0.2575,Completed,False,False,False,False
13,Acquisition_Percentage_Discount_13,Percentage_Discount,43.1,86.05,2024-09-06,2024-09-26,20,Low_Value,SMS,Acquisition,Home,0.225,6,5,533.19,44,88.865,6,533.19,29445.68,9.93,5889.14,0.0181,Completed,False,False,False,False
14,Retention_Fixed_Amount_14,Fixed_Amount,5.74,14.53,2025-03-24,2025-04-02,9,All_Customers,Website_Banner,Retention,Unknown,0.16,1,1,228.6,4,228.6,1,228.6,26121.37,23.48,26121.37,0.0088,Completed,False,False,False,False
15,Reactivation_Percentage_Discount_15,Percentage_Discount,20.7,23.41,2024-12-14,2025-02-09,57,High_Value,Push,Reactivation,Unknown,0.236,3,3,913.31,13,304.43666666666667,3,913.31,12534.48,22.73,4178.16,0.0729,Completed,False,False,False,False
16,Retention_BOGO_16,BOGO,0.0,27.49,2025-06-11,2025-06-17,6,New_Customer,In_App,Retention,Beauty,0.078,0,0,0.0,0,,0,0.0,9797.02,25.3,,0.0,Completed,False,False,False,False
17,Upsell_Free_Shipping_17,Free_Shipping,0.0,0.0,2024-10-08,2024-10-19,11,Low_Value,In_App,Upsell,Unknown,0.107,3,3,263.11,4,87.70333333333333,3,263.11,26418.79,37.96,8806.26,0.01,Completed,False,False,False,False
18,Acquisition_BOGO_18,BOGO,0.0,5.98,2025-03-30,2025-05-18,49,All_Customers,Website_Banner,Acquisition,Unknown,0.076,10,10,1589.01,51,158.901,10,1589.01,26929.89,11.12,2692.99,0.059,Completed,False,False,False,False
19,Upsell_Fixed_Amount_19,Fixed_Amount,61.24,0.0,2024-08-23,2024-09-05,13,Lapsed,Social,Upsell,Beauty,0.206,0,0,0.0,0,,0,0.0,16491.99,45.86,,0.0,Completed,False,False,False,False
20,Reactivation_Free_Shipping_20,Free_Shipping,0.0,75.47,2025-04-24,2025-05-19,25,Low_Value,Push,Reactivation,Unknown,0.185,3,3,275.49,23,91.83,3,275.49,14737.63,22.4,4912.54,0.0187,Completed,False,False,False,False
21,Cross_Sell_Fixed_Amount_21,Fixed_Amount,94.41,21.09,2025-07-15,2025-07-30,15,Lapsed,Social,Cross_Sell,Unknown,0.053,0,0,0.0,0,,0,0.0,6746.57,12.78,,0.0,Completed,False,False,False,False
22,Upsell_Percentage_Discount_22,Percentage_Discount,9.4,89.68,2024-10-13,2024-09-27,16,Medium_Value,Email,Upsell,Sports,0.175,0,0,0.0,0,,0,0.0,4319.59,28.25,,0.0,Completed,True,False,False,False
23,Cross_Sell_Free_Shipping_23,Free_Shipping,0.0,0.0,2025-05-20,2025-05-27,7,Medium_Value,SMS,Cross_Sell,Unknown,0.175,0,0,0.0,0,,0,0.0,10522.37,39.89,,0.0,Completed,False,False,False,False
24,Reactivation_BOGO_24,BOGO,0.0,45.9,2025-02-15,2025-03-31,44,New_Customer,Website_Banner,Reactivation,Unknown,0.09,0,0,0.0,0,,0,0.0,28716.68,11.64,,0.0,Completed,False,False,False,False
25,Retention_Fixed_Amount_25,Fixed_Amount,36.5,81.97,2024-07-27,2024-08-09,13,Lapsed,Social,Retention,Unknown,0.151,0,0,0.0,0,,0,0.0,23891.71,12.88,,0.0,Completed,False,False,False,False
26,Cross_Sell_BOGO_26,BOGO,0.0,0.0,2025-02-15,2025-03-07,20,All_Customers,In_App,Cross_Sell,Unknown,0.135,1,1,117.69,3,117.69,1,117.69,21631.93,38.65,21631.93,0.0054,Completed,False,False,False,False
27,Acquisition_Percentage_Discount_27,Percentage_Discount,31.5,91.26,2024-12-12,2025-01-25,44,Lapsed,Email,Acquisition,Unknown,0.093,0,0,0.0,0,,0,0.0,21305.11,31.54,,0.0,Completed,False,False,False,False
28,Cross_Sell_BOGO_28,BOGO,0.0,48.97,2025-05-22,2025-06-02,11,High_Value,Website_Banner,Cross_Sell,Unknown,0.214,0,0,0.0,0,,0,0.0,28114.43,21.86,,0.0,Completed,False,False,False,False
29,Cross_Sell_Free_Shipping_29,Free_Shipping,0.0,87.56,2024-12-02,2024-12-05,3,Low_Value,Email,Cross_Sell,Unknown,0.147,0,0,0.0,0,,0,0.0,20830.77,36.5,,0.0,Completed,False,False,False,False
30,Acquisition_BOGO_30,BOGO,0.0,0.0,2025-01-25,2025-03-12,46,Low_Value,Email,Acquisition,Books,0.181,4,4,349.93,32,87.4825,4,349.93,31269.1,31.5,7817.28,0.0112,Completed,False,False,False,False
31,Acquisition_BOGO_31,BOGO,0.0,80.24,2025-06-08,2025-06-25,17,Low_Value,Email,Acquisition,Unknown,0.168,3,3,317.85,13,105.95,3,317.85,6506.19,45.98,2168.73,0.0489,Completed,False,False,False,False
32,Cross_Sell_Fixed_Amount_32,Fixed_Amount,65.83,39.09,2025-07-14,2025-07-21,7,Low_Value,Email,Cross_Sell,Unknown,0.129,0,0,0.0,0,,0,0.0,10808.96,49.34,,0.0,Completed,False,False,False,False
33,Acquisition_BOGO_33,BOGO,0.0,19.49,2025-07-15,2025-08-22,38,Low_Value,Social,Acquisition,Unknown,0.24,0,0,0.0,0,,0,0.0,27798.45,15.25,,0.0,Completed,False,False,False,False
34,Retention_Free_Shipping_34,Free_Shipping,0.0,50.39,2025-05-13,2025-06-03,21,New_Customer,In_App,Retention,Unknown,0.191,1,1,105.16,4,105.16,1,105.16,46576.82,14.26,46576.82,0.0023,Completed,False,False,False,False
35,Retention_BOGO_35,BOGO,0.0,45.98,2025-07-17,2025-07-25,8,New_Customer,Social,Retention,Books,0.065,0,0,0.0,0,,0,0.0,49446.03,36.2,,0.0,Completed,False,False,False,False
36,Upsell_BOGO_36,BOGO,0.0,69.69,2025-02-23,2025-03-14,19,High_Value,Social,Upsell,Home,0.099,0,0,0.0,4,,0,0.0,32357.75,25.95,,0.0,Completed,False,False,False,False
37,Retention_Free_Shipping_37,Free_Shipping,0.0,0.0,2024-08-25,2024-09-10,16,Lapsed,Push,Retention,Unknown,0.05,0,0,0.0,0,,0,0.0,49619.67,9.25,,0.0,Completed,False,False,False,False
38,Upsell_Fixed_Amount_38,Fixed_Amount,61.49,0.0,2024-12-28,2025-01-14,17,New_Customer,Social,Upsell,Unknown,0.1,3,3,438.92,9,146.30666666666667,3,438.92,24494.99,10.94,8165.0,0.0179,Completed,False,False,False,False
39,Upsell_BOGO_39,BOGO,0.0,,2025-09-26,2025-10-01,5,All_Customers,SMS,Upsell,Books,0.164,0,0,0.0,0,,0,0.0,4788.7,6.95,,0.0,Completed,False,False,False,False
40,Retention_Fixed_Amount_40,Fixed_Amount,41.62,79.32,2024-08-22,2024-09-12,21,All_Customers,Email,Retention,Unknown,0.099,9,9,1843.39,72,204.82111111111112,9,1843.39,6368.77,5.96,707.64,0.2894,Completed,False,False,False,False
41,Retention_Free_Shipping_41,Free_Shipping,0.0,0.0,2025-06-21,2025-07-04,13,High_Value,Push,Retention,Home,0.071,2,2,481.05,4,240.525,2,481.05,9540.99,27.54,4770.5,0.0504,Completed,False,False,False,False
42,Reactivation_Free_Shipping_42,Free_Shipping,0.0,0.0,2025-03-02,2025-04-08,37,High_Value,Push,Reactivation,Unknown,0.232,0,0,0.0,1,,0,0.0,19098.62,46.22,,0.0,Completed,False,False,False,False
43,Retention_Percentage_Discount_43,Percentage_Discount,31.5,0.0,2024-10-11,2024-10-30,19,New_Customer,Email,Retention,Books,0.213,5,5,817.38,36,163.476,5,817.38,26986.23,6.7,5397.25,0.0303,Completed,False,False,False,False
44,Cross_Sell_Fixed_Amount_44,Fixed_Amount,46.79,79.18,2025-06-01,2025-06-06,5,New_Customer,Social,Cross_Sell,Home,0.141,0,0,0.0,0,,0,0.0,36751.53,27.19,,0.0,Completed,False,False,False,False
45,Retention_Free_Shipping_45,Free_Shipping,0.0,0.0,2025-07-06,2025-07-16,10,Lapsed,Push,Retention,Unknown,0.198,0,0,0.0,0,,0,0.0,35920.92,42.46,,0.0,Completed,False,False,False,False
46,Reactivation_Fixed_Amount_46,Fixed_Amount,24.51,91.4,2025-06-14,2025-07-04,20,Low_Value,SMS,Reactivation,Books,0.105,3,3,232.24,18,77.41333333333333,3,232.24,6258.46,15.0,2086.15,0.0371,Completed,False,False,False,False
47,Acquisition_Percentage_Discount_47,Percentage_Discount,9.1,0.0,2024-10-24,2024-11-15,22,High_Value,SMS,Acquisition,Unknown,0.176,0,0,0.0,4,,0,0.0,15355.08,34.0,,0.0,Completed,False,False,False,False
48,Upsell_Fixed_Amount_48,Fixed_Amount,99.65,4.87,2024-09-17,2024-09-28,11,New_Customer,Push,Upsell,Books,0.183,3,3,454.44,20,151.48,3,454.44,26762.18,26.6,8920.73,0.017,Completed,False,False,False,False
49,Reactivation_Percentage_Discount_49,Percentage_Discount,7.2,0.0,2024-10-20,2024-11-21,32,Lapsed,Email,Reactivation,Unknown,0.068,0,0,0.0,0,,0,0.0,14376.42,5.28,,0.0,Completed,False,False,False,False
50,Acquisition_Fixed_Amount_50,Fixed_Amount,44.72,26.23,2024-12-04,2025-01-29,56,Lapsed,Email,Acquisition,Books,0.213,0,0,0.0,0,,0,0.0,41484.73,36.46,,0.0,Completed,False,False,False,False
51,Reactivation_BOGO_51,BOGO,0.0,75.49,2025-02-27,2025-03-22,23,New_Customer,SMS,Reactivation,Home,0.074,2,2,403.29,13,201.645,2,403.29,39601.4,8.63,19800.7,0.0102,Completed,False,False,False,False
52,Reactivation_Fixed_Amount_52,Fixed_Amount,7.16,36.12,2024-10-15,2024-12-11,57,New_Customer,Social,Reactivation,Unknown,0.097,12,12,1573.19,46,131.09916666666666,12,1573.19,17608.17,8.51,1467.35,0.0893,Completed,False,False,False,False
53,Upsell_BOGO_53,BOGO,0.0,76.62,2024-12-24,2024-12-27,3,High_Value,Website_Banner,Upsell,Unknown,0.052,0,0,0.0,0,,0,0.0,16268.16,19.07,,0.0,Completed,False,False,False,False
54,Upsell_BOGO_54,BOGO,0.0,59.14,2024-10-13,2024-11-02,20,New_Customer,Email,Upsell,Electronics,0.128,1,1,84.91,3,84.91,1,84.91,7878.22,21.59,7878.22,0.0108,Completed,False,False,False,False
55,Upsell_Fixed_Amount_55,Fixed_Amount,75.41,15.62,2024-08-14,2024-09-02,19,Low_Value,Social,Upsell,Unknown,0.058,0,0,0.0,0,,0,0.0,20902.62,15.97,,0.0,Completed,False,False,False,False
56,Reactivation_BOGO_56,BOGO,0.0,0.0,2024-08-25,2024-10-10,46,Low_Value,Push,Reactivation,Sports,0.221,5,5,456.96,28,91.392,5,456.96,2511.57,30.97,502.31,0.1819,Completed,False,False,False,False
57,Acquisition_Free_Shipping_57,Free_Shipping,0.0,12.85,2025-03-16,2025-04-13,28,Medium_Value,Social,Acquisition,Unknown,0.155,3,3,626.53,19,208.84333333333333,3,626.53,19109.03,25.62,6369.68,0.0328,Completed,False,False,False,False
58,Cross_Sell_BOGO_58,BOGO,0.0,0.0,2025-06-06,2025-06-15,9,New_Customer,In_App,Cross_Sell,Beauty,0.074,1,1,83.75,1,83.75,1,83.75,4773.34,5.45,4773.34,0.0175,Completed,False,False,False,False
59,Retention_BOGO_59,BOGO,0.0,0.0,2025-07-17,2025-07-21,4,All_Customers,SMS,Retention,Unknown,0.196,0,0,0.0,0,,0,0.0,39702.58,20.65,,0.0,Completed,False,False,False,False
60,Reactivation_Percentage_Discount_60,Percentage_Discount,9.1,56.51,2024-12-07,2024-12-26,19,Lapsed,Email,Reactivation,Unknown,0.174,0,0,0.0,0,,0,0.0,17106.01,11.74,,0.0,Completed,False,False,False,False
61,Upsell_Fixed_Amount_61,Fixed_Amount,33.46,11.56,2025-05-25,2025-06-02,8,Medium_Value,Social,Upsell,Unknown,0.098,0,0,0.0,0,,0,0.0,44068.24,28.27,,0.0,Completed,False,False,False,False
62,Cross_Sell_Fixed_Amount_62,Fixed_Amount,6.36,24.63,2024-11-28,2024-12-16,18,All_Customers,Push,Cross_Sell,Unknown,0.118,3,3,657.59,27,219.19666666666666,3,657.59,1371.5,41.59,457.17,0.4795,Completed,False,False,False,False
63,Cross_Sell_Fixed_Amount_63,Fixed_Amount,66.27,65.23,2025-06-20,2025-07-06,16,Low_Value,Website_Banner,Cross_Sell,Unknown,0.216,2,2,184.47,5,92.235,2,184.47,11599.16,21.09,5799.58,0.0159,Completed,False,False,False,False
64,Cross_Sell_Percentage_Discount_64,Percentage_Discount,43.9,34.89,2024-10-07,2024-10-28,21,Medium_Value,Website_Banner,Cross_Sell,Electronics,0.198,2,2,453.5,5,226.75,2,453.5,5982.76,19.22,2991.38,0.0758,Completed,False,False,False,False
65,Reactivation_BOGO_65,BOGO,0.0,98.37,2024-07-17,2024-08-19,33,Low_Value,Push,Reactivation,Unknown,0.11,8,8,764.06,50,95.5075,8,764.06,18178.99,49.88,2272.37,0.042,Completed,False,False,False,False
66,Retention_BOGO_66,BOGO,0.0,89.22,2024-12-04,2024-12-14,10,High_Value,Push,Retention,Home,0.089,0,0,0.0,0,,0,0.0,43412.34,41.78,,0.0,Completed,False,False,False,False
67,Upsell_Fixed_Amount_67,Fixed_Amount,33.13,85.48,2025-03-15,2025-04-01,17,Low_Value,Website_Banner,Upsell,Beauty,0.091,1,1,54.69,2,54.69,1,54.69,11253.22,29.88,11253.22,0.0049,Completed,False,False,False,False
68,Reactivation_Fixed_Amount_68,Fixed_Amount,58.06,77.27,2025-05-15,2025-07-02,48,All_Customers,Email,Reactivation,Beauty,0.108,23,21,5339.5,139,232.15217391304347,23,5339.5,48125.01,15.16,2291.67,0.111,Completed,False,False,False,False
69,Reactivation_Free_Shipping_69,Free_Shipping,0.0,0.0,2025-03-18,2025-04-22,35,Low_Value,SMS,Reactivation,Electronics,0.106,3,3,322.86,26,107.62,3,322.86,5626.91,25.08,1875.64,0.0574,Completed,False,False,False,False
70,Cross_Sell_Fixed_Amount_70,Fixed_Amount,36.69,78.53,2025-07-04,2025-07-19,15,Medium_Value,Push,Cross_Sell,Unknown,0.171,0,0,0.0,0,,0,0.0,45565.38,33.28,,0.0,Completed,False,False,False,False
71,Reactivation_Fixed_Amount_71,Fixed_Amount,9.8,51.87,2025-02-14,2025-01-14,31,Lapsed,In_App,Reactivation,Unknown,0.211,0,0,0.0,0,,0,0.0,10570.74,7.91,,0.0,Completed,True,False,False,False
72,Reactivation_Free_Shipping_72,Free_Shipping,0.0,75.76,2024-11-26,2025-01-04,39,New_Customer,SMS,Reactivation,Unknown,0.117,3,3,358.96,16,119.65333333333334,3,358.96,21840.01,35.81,7280.0,0.0164,Completed,False,False,False,False
73,Upsell_Fixed_Amount_73,Fixed_Amount,32.01,,2025-02-09,2025-02-27,18,Medium_Value,Social,Upsell,Unknown,0.064,2,2,377.46,9,188.73,2,377.46,25785.55,40.06,12892.78,0.0146,Completed,False,False,False,False
74,Retention_Fixed_Amount_74,Fixed_Amount,43.09,51.12,2024-08-25,2024-09-01,7,Lapsed,Website_Banner,Retention,Unknown,0.201,0,0,0.0,0,,0,0.0,4855.81,18.82,,0.0,Completed,False,False,False,False
75,Cross_Sell_Free_Shipping_75,Free_Shipping,0.0,92.68,2024-10-28,2024-11-06,9,Low_Value,In_App,Cross_Sell,Unknown,0.242,0,0,0.0,0,,0,0.0,14556.37,40.2,,0.0,Completed,False,False,False,False
76,Acquisition_Free_Shipping_76,Free_Shipping,0.0,50.26,2025-01-10,2025-02-17,38,Medium_Value,Email,Acquisition,Books,0.077,4,4,686.1,15,171.525,4,686.1,41328.43,38.72,10332.11,0.0166,Completed,False,False,False,False
77,Acquisition_Free_Shipping_77,Free_Shipping,0.0,27.63,2024-07-23,2024-09-13,52,All_Customers,SMS,Acquisition,Clothing,0.202,15,15,2298.28,78,153.21866666666668,15,2298.28,8416.79,46.96,561.12,0.2731,Completed,False,False,False,False
78,Reactivation_BOGO_78,BOGO,0.0,97.5,2025-05-14,2025-07-11,58,Lapsed,Email,Reactivation,Sports,0.078,0,0,0.0,0,,0,0.0,14945.83,26.82,,0.0,Completed,False,False,False,False
79,Reactivation_Free_Shipping_79,Free_Shipping,0.0,0.0,2025-08-18,2025-09-10,23,Low_Value,SMS,Reactivation,Unknown,0.131,0,0,0.0,0,,0,0.0,21501.44,13.64,,0.0,Completed,False,False,False,False
80,Cross_Sell_BOGO_80,BOGO,0.0,10.54,2025-04-19,2025-05-08,19,All_Customers,Push,Cross_Sell,Unknown,0.189,4,4,398.63,21,99.6575,4,398.63,45866.95,39.74,11466.74,0.0087,Completed,False,False,False,False
81,Upsell_BOGO_81,BOGO,0.0,0.0,2024-11-11,2024-11-27,16,Low_Value,Email,Upsell,Home,0.17,1,1,72.17,6,72.17,1,72.17,20669.45,27.45,20669.45,0.0035,Completed,False,False,False,False
82,Reactivation_Percentage_Discount_82,Percentage_Discount,46.7,56.47,2024-10-30,2024-12-16,47,All_Customers,Website_Banner,Reactivation,Unknown,0.078,6,6,1805.86,32,300.9766666666667,6,1805.86,16079.87,22.32,2679.98,0.1123,Completed,False,False,False,False
83,Reactivation_Fixed_Amount_83,Fixed_Amount,79.4,0.0,2024-10-22,2024-12-06,45,Low_Value,Social,Reactivation,Clothing,0.175,4,4,470.49,14,117.6225,4,470.49,15086.65,20.78,3771.66,0.0312,Completed,False,False,False,False
84,Cross_Sell_Percentage_Discount_84,Percentage_Discount,5.4,86.5,2024-09-30,2024-10-12,12,All_Customers,SMS,Cross_Sell,Clothing,0.206,8,8,1303.07,34,162.88375,8,1303.07,8064.75,24.27,1008.09,0.1616,Completed,False,False,False,False
85,Retention_Fixed_Amount_85,Fixed_Amount,34.43,28.5,2025-07-15,2025-08-05,21,Lapsed,Social,Retention,Beauty,0.103,0,0,0.0,0,,0,0.0,42621.87,43.11,,0.0,Completed,False,False,False,False
86,Cross_Sell_Free_Shipping_86,Free_Shipping,0.0,87.54,2025-04-28,2025-05-14,16,All_Customers,Email,Cross_Sell,Books,0.24,5,5,731.17,40,146.234,5,731.17,21392.09,29.07,4278.42,0.0342,Completed,False,False,False,False
87,Upsell_Free_Shipping_87,Free_Shipping,0.0,52.39,2024-10-06,2024-10-18,12,All_Customers,Website_Banner,Upsell,Unknown,0.235,2,2,465.49,13,232.745,2,465.49,19121.5,11.09,9560.75,0.0243,Completed,False,False,False,False
88,Reactivation_Fixed_Amount_88,Fixed_Amount,73.88,97.18,2025-04-17,2025-06-09,53,Low_Value,SMS,Reactivation,Electronics,0.091,4,4,414.44,20,103.61,4,414.44,2794.71,24.34,698.68,0.1483,Completed,False,False,False,False
89,Acquisition_Free_Shipping_89,Free_Shipping,0.0,0.0,2024-10-20,2024-11-13,24,High_Value,SMS,Acquisition,Unknown,0.081,2,2,1390.3,8,695.15,2,1390.3,23254.25,19.91,11627.13,0.0598,Completed,False,False,False,False
90,Upsell_Fixed_Amount_90,Fixed_Amount,21.91,52.63,2025-04-16,2025-05-01,15,Medium_Value,Website_Banner,Upsell,Beauty,0.198,0,0,0.0,0,,0,0.0,28620.47,37.22,,0.0,Completed,False,False,False,False
91,Retention_Free_Shipping_91,Free_Shipping,0.0,65.44,2024-11-13,2024-11-23,10,Medium_Value,Website_Banner,Retention,Unknown,0.136,0,0,0.0,0,,0,0.0,12150.75,10.8,,0.0,Completed,False,False,False,False
92,Acquisition_Fixed_Amount_92,Fixed_Amount,25.24,0.0,2025-05-13,2025-06-29,47,Lapsed,Social,Acquisition,Unknown,0.153,0,0,0.0,0,,0,0.0,17605.65,46.75,,0.0,Completed,False,False,False,False
93,Reactivation_BOGO_93,BOGO,0.0,55.8,2025-02-17,2025-03-03,14,Lapsed,Push,Reactivation,Clothing,0.164,0,0,0.0,0,,0,0.0,36325.3,42.34,,0.0,Completed,False,False,False,False
94,Upsell_Fixed_Amount_94,Fixed_Amount,73.42,11.35,2025-01-31,2025-02-10,10,New_Customer,Email,Upsell,Unknown,0.223,2,2,283.24,6,141.62,2,283.24,8055.02,15.34,4027.51,0.0352,Completed,False,False,False,False
95,Reactivation_Percentage_Discount_95,Percentage_Discount,24.1,32.93,2024-10-08,2024-11-26,49,Low_Value,In_App,Reactivation,Sports,0.182,4,4,433.9,21,108.475,4,433.9,1322.85,19.67,330.71,0.328,Completed,False,False,False,False
96,Reactivation_Fixed_Amount_96,Fixed_Amount,95.81,20.02,2024-11-19,2024-12-08,19,Low_Value,SMS,Reactivation,Unknown,0.25,1,1,38.38,9,38.38,1,38.38,18605.29,42.96,18605.29,0.0021,Completed,False,False,False,False
97,Reactivation_BOGO_97,BOGO,0.0,77.39,2025-02-27,2025-03-19,20,Lapsed,Social,Reactivation,Unknown,0.178,0,0,0.0,0,,0,0.0,7539.65,16.22,,0.0,Completed,False,False,False,False
98,Reactivation_BOGO_98,BOGO,0.0,81.88,2025-05-25,2025-07-18,54,Low_Value,SMS,Reactivation,Unknown,0.245,2,2,132.23,10,66.115,2,132.23,25793.99,31.95,12897.0,0.0051,Completed,False,False,False,False
99,Reactivation_Percentage_Discount_99,Percentage_Discount,6.5,9.17,2024-08-10,2024-09-26,47,Low_Value,In_App,Reactivation,Unknown,0.236,1,1,92.09,5,92.09,1,92.09,19631.17,19.51,19631.17,0.0047,Completed,False,False,False,False
100,Reactivation_BOGO_100,BOGO,0.0,23.22,2025-07-03,2025-08-03,31,Low_Value,Social,Reactivation,Electronics,0.105,0,0,0.0,0,,0,0.0,34801.19,6.69,,0.0,Completed,False,False,False,False
101,Retention_BOGO_101,BOGO,0.0,24.94,2024-09-02,2024-09-17,15,All_Customers,In_App,Retention,Beauty,0.216,1,1,88.02,7,88.02,1,88.02,5234.13,20.27,5234.13,0.0168,Completed,False,False,False,False
102,Cross_Sell_Free_Shipping_102,Free_Shipping,0.0,0.0,2025-02-16,2025-03-03,15,Lapsed,SMS,Cross_Sell,Unknown,0.191,0,0,0.0,0,,0,0.0,1868.43,10.87,,0.0,Completed,False,False,False,False
103,Reactivation_Percentage_Discount_103,Percentage_Discount,11.9,45.66,2024-08-07,2024-09-11,35,Lapsed,SMS,Reactivation,Unknown,0.233,0,0,0.0,0,,0,0.0,41158.42,36.33,,0.0,Completed,False,False,False,False
104,Retention_BOGO_104,BOGO,0.0,16.54,2024-12-30,2025-01-05,6,Low_Value,Social,Retention,Books,0.148,2,2,155.89,21,77.945,2,155.89,48487.2,38.86,24243.6,0.0032,Completed,False,False,False,False
105,Reactivation_Free_Shipping_105,Free_Shipping,0.0,0.0,2024-08-12,2024-09-17,36,Low_Value,Email,Reactivation,Beauty,0.115,4,4,355.57,27,88.8925,4,355.57,32561.12,8.05,8140.28,0.0109,Completed,False,False,False,False
106,Acquisition_BOGO_106,BOGO,0.0,,2024-12-30,2025-01-23,24,Lapsed,SMS,Acquisition,Beauty,0.087,0,0,0.0,0,,0,0.0,15814.98,43.66,,0.0,Completed,False,False,False,False
107,Cross_Sell_Fixed_Amount_107,Fixed_Amount,13.87,,2025-07-03,2025-07-24,21,All_Customers,Website_Banner,Cross_Sell,Home,0.213,0,0,0.0,0,,0,0.0,7571.21,17.16,,0.0,Completed,False,False,False,False
108,Upsell_Fixed_Amount_108,Fixed_Amount,57.8,17.96,2025-01-02,2025-01-05,3,Medium_Value,In_App,Upsell,Beauty,0.243,0,0,0.0,0,,0,0.0,38022.59,17.22,,0.0,Completed,False,False,False,False
109,Acquisition_Free_Shipping_109,Free_Shipping,0.0,31.24,2025-04-02,2025-03-05,28,Lapsed,Email,Acquisition,Home,0.207,0,0,0.0,0,,0,0.0,48258.49,17.31,,0.0,Completed,True,False,False,False
110,Reactivation_Fixed_Amount_110,Fixed_Amount,58.99,15.93,2024-11-29,2024-12-22,23,High_Value,SMS,Reactivation,Unknown,0.183,2,2,498.71,10,249.355,2,498.71,42377.14,21.0,21188.57,0.0118,Completed,False,False,False,False
111,Retention_BOGO_111,BOGO,0.0,0.0,2024-08-22,2024-09-10,19,Lapsed,Website_Banner,Retention,Unknown,0.099,0,0,0.0,0,,0,0.0,32250.2,44.27,,0.0,Completed,False,False,False,False
112,Acquisition_Free_Shipping_112,Free_Shipping,0.0,80.22,2025-02-05,2025-02-28,23,High_Value,SMS,Acquisition,Unknown,0.128,2,2,1109.46,6,554.73,2,1109.46,32244.3,7.61,16122.15,0.0344,Completed,False,False,False,False
113,Acquisition_Percentage_Discount_113,Percentage_Discount,39.4,99.52,2025-02-04,2025-03-24,48,All_Customers,Social,Acquisition,Beauty,0.187,16,16,3299.59,114,206.224375,16,3299.59,27909.02,48.36,1744.31,0.1182,Completed,False,False,False,False
114,Reactivation_Fixed_Amount_114,Fixed_Amount,49.59,40.44,2024-08-25,2024-10-04,40,Lapsed,Email,Reactivation,Clothing,0.196,0,0,0.0,0,,0,0.0,29464.52,18.52,,0.0,Completed,False,False,False,False
115,Reactivation_BOGO_115,BOGO,0.0,28.66,2025-06-24,2025-07-16,22,New_Customer,Social,Reactivation,Unknown,0.063,3,3,404.62,22,134.87333333333333,3,404.62,24870.74,10.35,8290.25,0.0163,Completed,False,False,False,False
116,Upsell_BOGO_116,BOGO,0.0,20.11,2024-08-03,2024-08-18,15,New_Customer,In_App,Upsell,Unknown,0.169,0,0,0.0,0,,0,0.0,45485.65,8.96,,0.0,Completed,False,False,False,False
117,Reactivation_Free_Shipping_117,Free_Shipping,0.0,15.35,2025-06-16,2025-08-01,46,All_Customers,Push,Reactivation,Home,0.116,1,1,283.84,9,283.84,1,283.84,47226.65,15.92,47226.65,0.006,Completed,False,False,False,False
118,Retention_BOGO_118,BOGO,0.0,82.47,2024-08-13,2024-08-22,9,High_Value,In_App,Retention,Electronics,0.239,1,1,324.56,5,324.56,1,324.56,42428.97,28.8,42428.97,0.0076,Completed,False,False,False,False
119,Acquisition_Percentage_Discount_119,Percentage_Discount,41.0,21.15,2025-01-09,2025-02-28,50,All_Customers,Website_Banner,Acquisition,Unknown,0.174,12,11,3086.92,60,257.24333333333334,12,3086.92,29944.76,44.56,2722.25,0.1031,Completed,False,False,False,False
120,Acquisition_Free_Shipping_120,Free_Shipping,0.0,41.6,2024-07-22,2024-09-02,42,Low_Value,Push,Acquisition,Home,0.12,7,7,788.33,33,112.61857142857143,7,788.33,7003.87,36.27,1000.55,0.1126,Completed,False,False,False,False
121,Cross_Sell_Free_Shipping_121,Free_Shipping,0.0,7.32,2025-05-20,2025-06-05,16,Lapsed,Website_Banner,Cross_Sell,Unknown,0.106,0,0,0.0,0,,0,0.0,22201.25,31.45,,0.0,Completed,False,False,False,False
122,Cross_Sell_Percentage_Discount_122,Percentage_Discount,43.0,66.43,2025-03-14,2025-04-04,21,Low_Value,Social,Cross_Sell,Unknown,0.209,0,0,0.0,0,,0,0.0,9350.71,33.13,,0.0,Completed,False,False,False,False
123,Upsell_BOGO_123,BOGO,0.0,88.14,2024-07-20,2024-07-24,4,New_Customer,Push,Upsell,Electronics,0.219,0,0,0.0,0,,0,0.0,7710.95,47.06,,0.0,Completed,False,False,False,False
124,Upsell_Free_Shipping_124,Free_Shipping,0.0,58.62,2025-06-01,2025-06-18,17,Medium_Value,Website_Banner,Upsell,Unknown,0.214,0,0,0.0,0,,0,0.0,4386.1,16.75,,0.0,Completed,False,False,False,False
125,Reactivation_BOGO_125,BOGO,0.0,70.09,2024-12-08,2025-02-04,58,All_Customers,Email,Reactivation,Sports,0.137,27,26,4046.61,144,149.87444444444444,27,4046.61,46805.89,37.73,1800.23,0.0865,Completed,False,False,False,False
126,Cross_Sell_Percentage_Discount_126,Percentage_Discount,13.8,0.0,2024-07-28,2024-08-14,17,High_Value,Email,Cross_Sell,Unknown,0.193,1,1,580.98,7,580.98,1,580.98,39101.58,27.88,39101.58,0.0149,Completed,False,False,False,False
127,Retention_Fixed_Amount_127,Fixed_Amount,82.17,0.0,2024-09-13,2024-09-23,10,High_Value,In_App,Retention,Unknown,0.112,0,0,0.0,0,,0,0.0,18831.77,15.39,,0.0,Completed,False,False,False,False
128,Cross_Sell_Free_Shipping_128,Free_Shipping,0.0,0.0,2025-02-26,2025-03-16,18,All_Customers,SMS,Cross_Sell,Books,0.182,5,5,1058.72,52,211.744,5,1058.72,2767.16,27.52,553.43,0.3826,Completed,False,False,False,False
129,Reactivation_Fixed_Amount_129,Fixed_Amount,80.63,83.41,2024-10-15,2024-11-23,39,High_Value,In_App,Reactivation,Sports,0.203,0,0,0.0,0,,0,0.0,47305.96,28.35,,0.0,Completed,False,False,False,False
130,Acquisition_Percentage_Discount_130,Percentage_Discount,23.3,7.19,2024-11-08,2024-12-29,51,Medium_Value,Website_Banner,Acquisition,Unknown,0.187,0,0,0.0,11,,0,0.0,27607.31,39.62,,0.0,Completed,False,False,False,False
131,Upsell_Fixed_Amount_131,Fixed_Amount,60.44,34.58,2025-05-27,2025-06-08,12,New_Customer,SMS,Upsell,Unknown,0.057,1,1,128.74,4,128.74,1,128.74,31407.69,46.99,31407.69,0.0041,Completed,False,False,False,False
132,Reactivation_Percentage_Discount_132,Percentage_Discount,20.6,60.82,2024-08-18,2024-10-06,49,Medium_Value,Website_Banner,Reactivation,Unknown,0.064,0,0,0.0,0,,0,0.0,6509.21,16.22,,0.0,Completed,False,False,False,False
133,Cross_Sell_Free_Shipping_133,Free_Shipping,0.0,15.08,2024-10-26,2024-10-31,5,All_Customers,In_App,Cross_Sell,Books,0.093,0,0,0.0,0,,0,0.0,33789.44,14.77,,0.0,Completed,False,False,False,False
134,Upsell_Percentage_Discount_134,Percentage_Discount,18.8,58.06,2024-12-24,2025-01-01,8,New_Customer,Social,Upsell,Unknown,0.213,1,1,96.1,3,96.1,1,96.1,48291.23,42.79,48291.23,0.002,Completed,False,False,False,False
135,Retention_Free_Shipping_135,Free_Shipping,0.0,0.0,2024-10-25,2024-11-01,7,Low_Value,Push,Retention,Electronics,0.207,2,2,264.87,9,132.435,2,264.87,20748.69,27.81,10374.35,0.0128,Completed,False,False,False,False
136,Acquisition_Free_Shipping_136,Free_Shipping,0.0,0.0,2025-03-04,2025-03-23,19,New_Customer,Social,Acquisition,Unknown,0.149,0,0,0.0,0,,0,0.0,25574.86,26.58,,0.0,Completed,False,False,False,False
137,Upsell_Fixed_Amount_137,Fixed_Amount,48.3,15.01,2025-08-24,2025-09-10,17,High_Value,Email,Upsell,Unknown,0.092,0,0,0.0,0,,0,0.0,18233.76,29.67,,0.0,Completed,False,False,False,False
138,Upsell_Free_Shipping_138,Free_Shipping,0.0,8.8,2025-05-24,2025-06-12,19,Low_Value,Email,Upsell,Unknown,0.051,1,1,150.07,8,150.07,1,150.07,47915.72,38.86,47915.72,0.0031,Completed,False,False,False,False
139,Retention_BOGO_139,BOGO,0.0,45.28,2024-07-14,2024-07-29,15,New_Customer,Push,Retention,Sports,0.216,7,7,1058.69,61,151.24142857142857,7,1058.69,3807.73,7.09,543.96,0.278,Completed,False,False,False,False
140,Upsell_BOGO_140,BOGO,0.0,55.25,2025-04-04,2025-04-07,3,Lapsed,Email,Upsell,Unknown,0.168,0,0,0.0,0,,0,0.0,26753.16,36.17,,0.0,Completed,False,False,False,False
141,Acquisition_BOGO_141,BOGO,0.0,,2025-03-31,2025-05-14,44,Low_Value,Email,Acquisition,Unknown,0.105,1,1,144.65,5,144.65,1,144.65,45837.01,11.81,45837.01,0.0032,Completed,False,False,False,False
142,Cross_Sell_Percentage_Discount_142,Percentage_Discount,15.3,34.65,2025-01-16,2025-01-20,4,Medium_Value,Push,Cross_Sell,Home,0.124,0,0,0.0,0,,0,0.0,14317.82,29.54,,0.0,Completed,False,False,False,False
143,Reactivation_Percentage_Discount_143,Percentage_Discount,22.1,66.65,2024-07-21,2024-09-06,47,New_Customer,Email,Reactivation,Clothing,0.205,3,3,438.56,16,146.18666666666667,3,438.56,12179.9,33.52,4059.97,0.036,Completed,False,False,False,False
144,Upsell_Free_Shipping_144,Free_Shipping,0.0,80.19,2024-09-06,2024-09-18,12,All_Customers,In_App,Upsell,Beauty,0.201,3,3,415.81,19,138.60333333333332,3,415.81,41439.63,15.26,13813.21,0.01,Completed,False,False,False,False
145,Reactivation_Fixed_Amount_145,Fixed_Amount,23.22,0.0,2024-09-13,2024-10-10,27,Lapsed,In_App,Reactivation,Electronics,0.229,0,0,0.0,0,,0,0.0,2679.19,17.85,,0.0,Completed,False,False,False,False
146,Reactivation_BOGO_146,BOGO,0.0,2.92,2025-06-02,2025-07-19,47,Medium_Value,Social,Reactivation,Unknown,0.237,3,3,570.21,15,190.07,3,570.21,10853.56,33.37,3617.85,0.0525,Completed,False,False,False,False
147,Upsell_Fixed_Amount_147,Fixed_Amount,77.54,0.0,2025-04-08,2025-04-17,9,Low_Value,Email,Upsell,Unknown,0.25,0,0,0.0,0,,0,0.0,33464.35,28.42,,0.0,Completed,False,False,False,False
148,Reactivation_Percentage_Discount_148,Percentage_Discount,45.6,,2024-09-24,2024-10-27,33,High_Value,Email,Reactivation,Unknown,0.133,4,4,2031.85,15,507.9625,4,2031.85,1541.01,46.2,385.25,1.3185,Completed,False,False,False,False
149,Reactivation_Free_Shipping_149,Free_Shipping,0.0,87.56,2025-06-17,2025-08-10,54,Low_Value,Push,Reactivation,Unknown,0.225,3,3,391.38,9,130.46,3,391.38,24128.82,47.8,8042.94,0.0162,Completed,False,False,False,False
150,Retention_Percentage_Discount_150,Percentage_Discount,14.5,84.76,2025-02-25,2025-03-10,13,High_Value,SMS,Retention,Books,0.172,0,0,0.0,0,,0,0.0,7273.77,11.64,,0.0,Completed,False,False,False,False
151,Reactivation_BOGO_151,BOGO,0.0,8.94,2025-07-26,2025-08-17,22,Lapsed,In_App,Reactivation,Books,0.118,0,0,0.0,0,,0,0.0,4966.23,5.82,,0.0,Completed,False,False,False,False
152,Retention_Free_Shipping_152,Free_Shipping,0.0,10.8,2024-08-10,2024-08-29,19,High_Value,Email,Retention,Unknown,0.073,1,1,275.56,5,275.56,1,275.56,22742.01,37.64,22742.01,0.0121,Completed,False,False,False,False
153,Reactivation_Percentage_Discount_153,Percentage_Discount,5.8,85.77,2024-07-23,2024-09-15,54,All_Customers,SMS,Reactivation,Sports,0.193,18,18,4548.07,87,252.67055555555555,18,4548.07,2050.88,22.67,113.94,2.2176,Completed,False,False,False,False
154,Reactivation_BOGO_154,BOGO,0.0,22.91,2024-09-24,2024-10-24,30,New_Customer,Push,Reactivation,Clothing,0.216,7,7,1020.47,45,145.78142857142856,7,1020.47,29388.36,33.96,4198.34,0.0347,Completed,False,False,False,False
155,Retention_Fixed_Amount_155,Fixed_Amount,77.08,81.48,2024-12-07,2024-12-13,6,All_Customers,Email,Retention,Unknown,0.073,2,2,268.09,9,134.045,2,268.09,19909.9,48.2,9954.95,0.0135,Completed,False,False,False,False
156,Cross_Sell_Free_Shipping_156,Free_Shipping,0.0,56.43,2025-08-04,2025-08-09,5,New_Customer,SMS,Cross_Sell,Electronics,0.172,0,0,0.0,0,,0,0.0,46617.65,17.99,,0.0,Completed,False,False,False,False
157,Reactivation_Percentage_Discount_157,Percentage_Discount,7.1,0.0,2025-05-06,2025-05-26,20,Low_Value,Push,Reactivation,Books,0.18,3,3,205.72,17,68.57333333333334,3,205.72,31484.35,46.86,10494.78,0.0065,Completed,False,False,False,False
158,Acquisition_Percentage_Discount_158,Percentage_Discount,,0.0,2025-03-17,2025-04-15,29,All_Customers,Push,Acquisition,Books,0.077,10,10,1736.01,55,173.601,10,1736.01,29058.45,41.39,2905.85,0.0597,Completed,False,True,False,False
159,Cross_Sell_BOGO_159,BOGO,0.0,81.5,2025-03-02,2025-03-21,19,High_Value,SMS,Cross_Sell,Unknown,0.084,0,0,0.0,0,,0,0.0,39942.69,6.23,,0.0,Completed,False,False,False,False
160,Acquisition_Free_Shipping_160,Free_Shipping,0.0,86.81,2025-01-31,2025-03-02,30,Medium_Value,Social,Acquisition,Clothing,0.133,0,0,0.0,12,,0,0.0,37199.32,7.83,,0.0,Completed,False,False,False,False
161,Retention_Free_Shipping_161,Free_Shipping,0.0,0.0,2025-05-09,2025-05-24,15,High_Value,Website_Banner,Retention,Unknown,0.24,0,0,0.0,0,,0,0.0,29643.86,34.43,,0.0,Completed,False,False,False,False
162,Acquisition_Fixed_Amount_162,Fixed_Amount,7.95,0.0,2025-02-08,2025-03-16,36,Medium_Value,Social,Acquisition,Unknown,0.113,2,2,405.79,9,202.895,2,405.79,4233.73,28.76,2116.87,0.0958,Completed,False,False,False,False
163,Upsell_Percentage_Discount_163,Percentage_Discount,36.5,87.84,2025-04-09,2025-04-24,15,Low_Value,SMS,Upsell,Unknown,0.191,4,4,452.61,22,113.1525,4,452.61,5512.89,28.26,1378.22,0.0821,Completed,False,False,False,False
164,Cross_Sell_Fixed_Amount_164,Fixed_Amount,99.16,13.47,2024-12-28,2025-01-03,6,New_Customer,SMS,Cross_Sell,Clothing,0.112,0,0,0.0,0,,0,0.0,41469.73,5.53,,0.0,Completed,False,False,False,False
165,Upsell_Free_Shipping_165,Free_Shipping,0.0,80.37,2025-03-22,2025-03-28,6,Low_Value,Website_Banner,Upsell,Unknown,0.1,0,0,0.0,0,,0,0.0,43998.39,15.64,,0.0,Completed,False,False,False,False
166,Reactivation_BOGO_166,BOGO,0.0,0.0,2025-06-27,2025-07-11,14,Lapsed,Push,Reactivation,Clothing,0.086,0,0,0.0,0,,0,0.0,7683.67,44.91,,0.0,Completed,False,False,False,False
167,Cross_Sell_Percentage_Discount_167,Percentage_Discount,49.6,0.0,2025-01-27,2025-02-04,8,High_Value,Website_Banner,Cross_Sell,Sports,0.205,0,0,0.0,0,,0,0.0,20534.66,38.17,,0.0,Completed,False,False,False,False
168,Acquisition_BOGO_168,BOGO,0.0,25.15,2025-05-26,2025-07-22,57,Medium_Value,Email,Acquisition,Books,0.215,7,7,1397.82,46,199.68857142857144,7,1397.82,25438.4,41.14,3634.06,0.0549,Completed,False,False,False,False
169,Upsell_BOGO_169,BOGO,0.0,14.05,2025-09-03,2025-09-20,17,Low_Value,In_App,Upsell,Unknown,0.224,0,0,0.0,0,,0,0.0,21165.33,19.51,,0.0,Completed,False,False,False,False
170,Cross_Sell_Fixed_Amount_170,Fixed_Amount,19.8,40.19,2025-08-26,2025-09-12,17,Medium_Value,Social,Cross_Sell,Beauty,0.247,0,0,0.0,0,,0,0.0,4250.46,22.62,,0.0,Completed,False,False,False,False
171,Cross_Sell_Fixed_Amount_171,Fixed_Amount,80.09,14.04,2025-08-01,2025-08-14,13,New_Customer,Push,Cross_Sell,Unknown,0.067,0,0,0.0,0,,0,0.0,46717.09,7.65,,0.0,Completed,False,False,False,False
172,Cross_Sell_Fixed_Amount_172,Fixed_Amount,48.84,90.61,2025-03-13,2025-04-02,20,Low_Value,SMS,Cross_Sell,Unknown,0.124,2,2,191.99,9,95.995,2,191.99,6200.87,25.76,3100.44,0.031,Completed,False,False,False,False
173,Retention_Fixed_Amount_173,Fixed_Amount,43.16,84.81,2024-11-17,2024-11-22,5,Low_Value,Push,Retention,Books,0.118,1,1,135.74,10,135.74,1,135.74,21533.53,7.49,21533.53,0.0063,Completed,False,False,False,False
174,Cross_Sell_Percentage_Discount_174,Percentage_Discount,48.0,22.99,2025-07-03,2025-07-18,15,Medium_Value,SMS,Cross_Sell,Clothing,0.098,0,0,0.0,0,,0,0.0,3257.06,21.45,,0.0,Completed,False,False,False,False
175,Reactivation_Percentage_Discount_175,Percentage_Discount,17.1,11.16,2024-10-27,2024-12-26,60,High_Value,Email,Reactivation,Unknown,0.074,2,2,1133.49,8,566.745,2,1133.49,16373.88,12.38,8186.94,0.0692,Completed,False,False,False,False
176,Upsell_Fixed_Amount_176,Fixed_Amount,78.96,0.0,2025-05-30,2025-06-06,7,All_Customers,Social,Upsell,Clothing,0.071,2,2,496.64,12,248.32,2,496.64,7154.64,16.0,3577.32,0.0694,Completed,False,False,False,False
177,Acquisition_Free_Shipping_177,Free_Shipping,0.0,53.86,2024-07-26,2024-08-30,35,High_Value,Push,Acquisition,Unknown,0.215,0,0,0.0,0,,0,0.0,17566.08,11.7,,0.0,Completed,False,False,False,False
178,Upsell_Free_Shipping_178,Free_Shipping,0.0,0.0,2025-06-30,2025-07-04,4,All_Customers,Social,Upsell,Unknown,0.157,0,0,0.0,5,,0,0.0,12434.37,46.28,,0.0,Completed,False,False,False,False
179,Acquisition_Percentage_Discount_179,Percentage_Discount,21.3,63.29,2025-07-04,2025-08-10,37,Low_Value,Social,Acquisition,Unknown,0.077,0,0,0.0,0,,0,0.0,21350.79,18.6,,0.0,Completed,False,False,False,False
180,Cross_Sell_Free_Shipping_180,Free_Shipping,0.0,0.0,2025-01-30,2025-02-05,6,All_Customers,Social,Cross_Sell,Books,0.184,5,5,763.18,24,152.636,5,763.18,6830.39,19.23,1366.08,0.1117,Completed,False,False,False,False
181,Acquisition_BOGO_181,BOGO,0.0,,2024-12-12,2025-01-25,44,New_Customer,SMS,Acquisition,Home,0.073,8,8,916.09,31,114.51125,8,916.09,17117.9,42.59,2139.74,0.0535,Completed,False,False,False,False
182,Acquisition_Free_Shipping_182,Free_Shipping,0.0,0.0,2025-07-10,2025-08-08,29,Lapsed,SMS,Acquisition,Unknown,0.096,0,0,0.0,0,,0,0.0,45572.78,30.68,,0.0,Completed,False,False,False,False
183,Acquisition_BOGO_183,BOGO,0.0,95.0,2024-08-14,2024-10-04,51,High_Value,In_App,Acquisition,Unknown,0.097,0,0,0.0,0,,0,0.0,49079.52,9.27,,0.0,Completed,False,False,False,False
184,Retention_Fixed_Amount_184,Fixed_Amount,50.8,98.22,2024-09-15,2024-09-19,4,High_Value,In_App,Retention,Home,0.224,0,0,0.0,0,,0,0.0,44268.04,26.21,,0.0,Completed,False,False,False,False
185,Upsell_Fixed_Amount_185,Fixed_Amount,94.54,0.71,2025-07-12,2025-07-19,7,Low_Value,Push,Upsell,Unknown,0.127,0,0,0.0,0,,0,0.0,20991.56,16.64,,0.0,Completed,False,False,False,False
186,Upsell_Free_Shipping_186,Free_Shipping,0.0,0.0,2025-04-25,2025-05-12,17,Low_Value,SMS,Upsell,Unknown,0.212,2,2,236.54,12,118.27,2,236.54,41486.07,10.48,20743.04,0.0057,Completed,False,False,False,False
187,Reactivation_Percentage_Discount_187,Percentage_Discount,31.9,54.14,2025-06-25,2025-07-28,33,Medium_Value,Push,Reactivation,Unknown,0.24,1,1,173.57,9,173.57,1,173.57,48689.6,22.22,48689.6,0.0036,Completed,False,False,False,False
188,Retention_Fixed_Amount_188,Fixed_Amount,46.76,0.0,2025-07-13,2025-07-16,3,All_Customers,In_App,Retention,Electronics,0.207,0,0,0.0,0,,0,0.0,14638.98,37.58,,0.0,Completed,False,False,False,False
189,Cross_Sell_Fixed_Amount_189,Fixed_Amount,54.44,59.82,2024-11-21,2024-12-06,15,Medium_Value,Email,Cross_Sell,Beauty,0.147,2,2,318.47,11,159.235,2,318.47,30098.16,18.65,15049.08,0.0106,Completed,False,False,False,False
190,Cross_Sell_Percentage_Discount_190,Percentage_Discount,36.9,90.78,2024-08-18,2024-09-07,20,Low_Value,SMS,Cross_Sell,Unknown,0.208,5,4,542.62,41,108.524,5,542.62,9804.34,13.55,2451.09,0.0553,Completed,False,False,False,False
191,Cross_Sell_Fixed_Amount_191,Fixed_Amount,54.54,44.71,2024-11-12,2024-11-19,7,Low_Value,Website_Banner,Cross_Sell,Unknown,0.079,1,1,106.59,5,106.59,1,106.59,25354.97,38.77,25354.97,0.0042,Completed,False,False,False,False
192,Upsell_Percentage_Discount_192,Percentage_Discount,45.5,0.0,2025-08-14,2025-09-04,21,All_Customers,In_App,Upsell,Unknown,0.181,0,0,0.0,0,,0,0.0,2974.1,27.31,,0.0,Completed,False,False,False,False
193,Reactivation_Free_Shipping_193,Free_Shipping,0.0,0.0,2024-10-04,2024-11-10,37,High_Value,Social,Reactivation,Unknown,0.112,1,1,332.29,3,332.29,1,332.29,49548.13,8.05,49548.13,0.0067,Completed,False,False,False,False
194,Upsell_Percentage_Discount_194,Percentage_Discount,32.8,,2025-04-06,2025-04-22,16,Lapsed,Push,Upsell,Clothing,0.106,0,0,0.0,0,,0,0.0,30624.62,44.36,,0.0,Completed,False,False,False,False
195,Acquisition_BOGO_195,BOGO,0.0,97.28,2024-09-03,2024-09-29,26,High_Value,Social,Acquisition,Unknown,0.16,2,2,673.18,13,336.59,2,673.18,37440.0,45.33,18720.0,0.018,Completed,False,False,False,False
196,Cross_Sell_Fixed_Amount_196,Fixed_Amount,40.54,7.11,2024-11-02,2024-11-19,17,Medium_Value,SMS,Cross_Sell,Sports,0.064,1,1,327.41,5,327.41,1,327.41,39497.46,25.59,39497.46,0.0083,Completed,False,False,False,False
197,Retention_Percentage_Discount_197,Percentage_Discount,33.6,66.38,2025-09-20,2025-10-01,11,Low_Value,SMS,Retention,Beauty,0.207,0,0,0.0,0,,0,0.0,22044.68,21.53,,0.0,Completed,False,False,False,False
198,Upsell_Free_Shipping_198,Free_Shipping,0.0,53.31,2025-02-15,2025-02-21,6,All_Customers,In_App,Upsell,Unknown,0.182,0,0,0.0,0,,0,0.0,43591.33,39.31,,0.0,Completed,False,False,False,False
199,Cross_Sell_Free_Shipping_199,Free_Shipping,0.0,0.0,2024-10-15,2024-10-25,10,Lapsed,Social,Cross_Sell,Beauty,0.184,0,0,0.0,0,,0,0.0,5794.83,16.01,,0.0,Completed,False,False,False,False
200,Upsell_Fixed_Amount_200,Fixed_Amount,,6.32,2025-03-21,2025-04-07,17,All_Customers,Website_Banner,Upsell,Sports,0.233,0,0,0.0,0,,0,0.0,37160.6,46.25,,0.0,Completed,False,True,False,False
201,Reactivation_BOGO_201,BOGO,0.0,47.61,2025-05-12,2025-06-27,46,Medium_Value,In_App,Reactivation,Unknown,0.162,0,0,0.0,0,,0,0.0,31799.57,5.63,,0.0,Completed,False,False,False,False
202,Cross_Sell_Fixed_Amount_202,Fixed_Amount,94.49,19.4,2024-07-16,2024-08-05,20,High_Value,SMS,Cross_Sell,Sports,0.131,1,1,312.9,5,312.9,1,312.9,34045.5,45.6,34045.5,0.0092,Completed,False,False,False,False
203,Retention_Percentage_Discount_203,Percentage_Discount,10.0,13.68,2025-05-01,2025-05-07,6,All_Customers,In_App,Retention,Unknown,0.053,1,1,198.26,8,198.26,1,198.26,35270.63,25.75,35270.63,0.0056,Completed,False,False,False,False
204,Upsell_Percentage_Discount_204,Percentage_Discount,49.0,0.0,2024-11-03,2024-11-06,3,Low_Value,Push,Upsell,Unknown,0.241,1,1,47.12,2,47.12,1,47.12,37741.28,6.02,37741.28,0.0012,Completed,False,False,False,False
205,Reactivation_Percentage_Discount_205,Percentage_Discount,34.2,71.32,2025-07-27,2025-09-01,36,New_Customer,Social,Reactivation,Electronics,0.173,0,0,0.0,0,,0,0.0,48582.76,31.43,,0.0,Completed,False,False,False,False
206,Upsell_Free_Shipping_206,Free_Shipping,0.0,10.42,2025-02-25,2025-03-13,16,High_Value,Website_Banner,Upsell,Beauty,0.222,0,0,0.0,0,,0,0.0,5998.22,8.44,,0.0,Completed,False,False,False,False
207,Acquisition_Free_Shipping_207,Free_Shipping,0.0,24.56,2025-07-07,2025-08-07,31,Medium_Value,Email,Acquisition,Unknown,0.109,0,0,0.0,0,,0,0.0,4579.44,18.97,,0.0,Completed,False,False,False,False
208,Reactivation_Free_Shipping_208,Free_Shipping,0.0,33.21,2025-06-08,2025-07-31,53,Lapsed,Email,Reactivation,Unknown,0.169,0,0,0.0,0,,0,0.0,47018.3,10.59,,0.0,Completed,False,False,False,False
209,Reactivation_Fixed_Amount_209,Fixed_Amount,98.82,,2024-11-09,2024-12-13,34,Medium_Value,SMS,Reactivation,Books,0.164,5,5,789.86,35,157.972,5,789.86,15556.91,19.24,3111.38,0.0508,Completed,False,False,False,False
210,Reactivation_BOGO_210,BOGO,0.0,19.47,2024-09-18,2024-11-15,58,Low_Value,SMS,Reactivation,Electronics,0.175,4,4,163.95,25,40.9875,4,163.95,10239.13,45.95,2559.78,0.016,Completed,False,False,False,False
211,Acquisition_BOGO_211,BOGO,0.0,,2024-09-30,2024-11-10,41,Low_Value,Social,Acquisition,Unknown,0.081,6,6,709.6,32,118.26666666666667,6,709.6,17821.68,37.99,2970.28,0.0398,Completed,False,False,False,False
212,Retention_Fixed_Amount_212,Fixed_Amount,76.57,0.0,2025-08-18,2025-09-03,16,All_Customers,In_App,Retention,Unknown,0.07,0,0,0.0,0,,0,0.0,34746.99,5.53,,0.0,Completed,False,False,False,False
213,Upsell_Percentage_Discount_213,Percentage_Discount,31.6,0.0,2025-04-18,2025-04-26,8,Low_Value,Push,Upsell,Unknown,0.241,0,0,0.0,0,,0,0.0,14261.46,41.52,,0.0,Completed,False,False,False,False
214,Reactivation_BOGO_214,BOGO,0.0,81.72,2024-07-26,2024-09-17,53,High_Value,Website_Banner,Reactivation,Unknown,0.239,1,1,359.38,5,359.38,1,359.38,30855.0,34.69,30855.0,0.0116,Completed,False,False,False,False
215,Retention_Percentage_Discount_215,Percentage_Discount,15.6,63.42,2025-08-11,2025-08-29,18,All_Customers,Email,Retention,Unknown,0.231,0,0,0.0,0,,0,0.0,44950.43,14.39,,0.0,Completed,False,False,False,False
216,Reactivation_Percentage_Discount_216,Percentage_Discount,24.8,0.0,2025-04-28,2025-05-18,20,New_Customer,Push,Reactivation,Beauty,0.12,2,2,281.33,10,140.665,2,281.33,27208.53,44.31,13604.27,0.0103,Completed,False,False,False,False
217,Retention_Percentage_Discount_217,Percentage_Discount,26.8,94.61,2025-02-09,2025-02-13,4,Medium_Value,In_App,Retention,Books,0.211,0,0,0.0,0,,0,0.0,31900.54,46.57,,0.0,Completed,False,False,False,False
218,Reactivation_Fixed_Amount_218,Fixed_Amount,57.07,0.0,2025-09-03,2025-09-25,22,All_Customers,Push,Reactivation,Electronics,0.169,0,0,0.0,0,,0,0.0,16086.96,14.35,,0.0,Completed,False,False,False,False
219,Retention_BOGO_219,BOGO,0.0,0.0,2024-08-05,2024-08-25,20,Medium_Value,Website_Banner,Retention,Electronics,0.208,2,2,338.97,15,169.485,2,338.97,20871.66,41.76,10435.83,0.0162,Completed,False,False,False,False
220,Upsell_Free_Shipping_220,Free_Shipping,0.0,32.19,2025-06-29,2025-07-02,3,All_Customers,In_App,Upsell,Unknown,0.153,0,0,0.0,0,,0,0.0,49191.24,32.99,,0.0,Completed,False,False,False,False
221,Acquisition_Fixed_Amount_221,Fixed_Amount,10.41,87.58,2025-08-03,2025-09-17,45,Lapsed,Email,Acquisition,Unknown,0.189,0,0,0.0,0,,0,0.0,19531.53,19.92,,0.0,Completed,False,False,False,False
222,Cross_Sell_Free_Shipping_222,Free_Shipping,0.0,64.54,2025-02-22,2025-03-07,13,New_Customer,In_App,Cross_Sell,Unknown,0.112,0,0,0.0,0,,0,0.0,47920.68,25.98,,0.0,Completed,False,False,False,False
223,Upsell_Fixed_Amount_223,Fixed_Amount,62.64,26.21,2024-11-30,2024-12-08,8,All_Customers,SMS,Upsell,Sports,0.121,1,1,188.02,6,188.02,1,188.02,36179.99,31.37,36179.99,0.0052,Completed,False,False,False,False
224,Upsell_Fixed_Amount_224,Fixed_Amount,47.9,0.0,2024-11-02,2024-11-08,6,New_Customer,SMS,Upsell,Unknown,0.151,0,0,0.0,0,,0,0.0,21128.08,44.89,,0.0,Completed,False,False,False,False
225,Retention_Fixed_Amount_225,Fixed_Amount,29.74,81.7,2025-05-08,2025-05-20,12,Low_Value,Email,Retention,Unknown,0.134,3,3,257.5,22,85.83333333333333,3,257.5,16929.18,46.69,5643.06,0.0152,Completed,False,False,False,False
226,Reactivation_Percentage_Discount_226,Percentage_Discount,49.1,0.0,2024-10-31,2024-12-02,32,Medium_Value,SMS,Reactivation,Unknown,0.207,1,1,164.4,2,164.4,1,164.4,27276.11,19.86,27276.11,0.006,Completed,False,False,False,False
227,Upsell_Percentage_Discount_227,Percentage_Discount,26.5,43.52,2025-07-17,2025-07-23,6,Lapsed,Push,Upsell,Unknown,0.237,0,0,0.0,0,,0,0.0,13829.34,36.85,,0.0,Completed,False,False,False,False
228,Reactivation_Percentage_Discount_228,Percentage_Discount,42.4,41.93,2024-12-29,2025-01-14,16,Medium_Value,In_App,Reactivation,Unknown,0.193,0,0,0.0,0,,0,0.0,35880.48,40.95,,0.0,Completed,False,False,False,False
229,Upsell_Free_Shipping_229,Free_Shipping,0.0,89.32,2025-02-24,2025-03-12,16,All_Customers,Website_Banner,Upsell,Unknown,0.199,1,1,50.94,1,50.94,1,50.94,8025.44,45.86,8025.44,0.0063,Completed,False,False,False,False
230,Upsell_BOGO_230,BOGO,0.0,,2025-08-15,2025-09-04,20,New_Customer,In_App,Upsell,Beauty,0.184,0,0,0.0,0,,0,0.0,44241.82,15.08,,0.0,Completed,False,False,False,False
231,Retention_Fixed_Amount_231,Fixed_Amount,76.34,61.72,2024-10-21,2024-11-08,18,All_Customers,SMS,Retention,Home,0.064,8,8,2002.82,37,250.3525,8,2002.82,42180.42,18.44,5272.55,0.0475,Completed,False,False,False,False
232,Upsell_Free_Shipping_232,Free_Shipping,0.0,74.08,2024-07-26,2024-08-14,19,All_Customers,Website_Banner,Upsell,Home,0.081,1,1,211.02,6,211.02,1,211.02,39188.02,30.78,39188.02,0.0054,Completed,False,False,False,False
233,Upsell_Fixed_Amount_233,Fixed_Amount,95.86,34.83,2025-04-23,2025-04-30,7,Lapsed,SMS,Upsell,Clothing,0.066,0,0,0.0,0,,0,0.0,41955.59,26.22,,0.0,Completed,False,False,False,False
234,Acquisition_BOGO_234,BOGO,0.0,91.28,2025-05-09,2025-06-17,39,Low_Value,Email,Acquisition,Home,0.238,3,3,239.38,14,79.79333333333334,3,239.38,27328.15,17.47,9109.38,0.0088,Completed,False,False,False,False
235,Reactivation_Percentage_Discount_235,Percentage_Discount,42.3,59.26,2025-04-17,2025-05-15,28,New_Customer,Website_Banner,Reactivation,Unknown,0.224,1,1,88.35,7,88.35,1,88.35,27832.06,5.41,27832.06,0.0032,Completed,False,False,False,False
236,Reactivation_BOGO_236,BOGO,0.0,12.39,2024-12-31,2025-03-01,60,Lapsed,Website_Banner,Reactivation,Unknown,0.108,0,0,0.0,0,,0,0.0,42130.98,25.01,,0.0,Completed,False,False,False,False
237,Cross_Sell_Free_Shipping_237,Free_Shipping,0.0,75.16,2025-03-01,2025-03-15,14,High_Value,Email,Cross_Sell,Unknown,0.073,0,0,0.0,0,,0,0.0,32317.38,25.08,,0.0,Completed,False,False,False,False
238,Cross_Sell_Fixed_Amount_238,Fixed_Amount,39.56,0.0,2024-08-24,2024-09-13,20,Lapsed,Website_Banner,Cross_Sell,Beauty,0.104,0,0,0.0,0,,0,0.0,23812.85,9.5,,0.0,Completed,False,False,False,False
239,Cross_Sell_BOGO_239,BOGO,0.0,35.53,2025-07-02,2025-07-06,4,Low_Value,In_App,Cross_Sell,Electronics,0.204,0,0,0.0,0,,0,0.0,14829.96,33.16,,0.0,Completed,False,False,False,False
240,Cross_Sell_Free_Shipping_240,Free_Shipping,0.0,0.0,2024-10-19,2024-11-04,16,Medium_Value,SMS,Cross_Sell,Unknown,0.06,1,1,204.38,10,204.38,1,204.38,7487.67,36.59,7487.67,0.0273,Completed,False,False,False,False
241,Retention_Percentage_Discount_241,Percentage_Discount,22.8,75.74,2025-07-09,2025-07-16,7,All_Customers,In_App,Retention,Unknown,0.174,0,0,0.0,0,,0,0.0,18711.82,40.8,,0.0,Completed,False,False,False,False
242,Reactivation_BOGO_242,BOGO,0.0,3.74,2025-04-08,2025-06-02,55,Medium_Value,In_App,Reactivation,Unknown,0.248,4,4,903.66,16,225.915,4,903.66,41172.08,25.55,10293.02,0.0219,Completed,False,False,False,False
243,Upsell_Percentage_Discount_243,Percentage_Discount,45.7,69.81,2025-07-08,2025-07-12,4,Medium_Value,Push,Upsell,Unknown,0.104,0,0,0.0,0,,0,0.0,9817.12,36.08,,0.0,Completed,False,False,False,False
244,Acquisition_BOGO_244,BOGO,0.0,59.44,2024-11-25,2025-01-12,48,Low_Value,Push,Acquisition,Unknown,0.112,9,9,789.26,60,87.69555555555556,9,789.26,31465.01,22.23,3496.11,0.0251,Completed,False,False,False,False
245,Retention_BOGO_245,BOGO,0.0,39.33,2025-07-29,2025-08-14,16,New_Customer,Push,Retention,Clothing,0.228,0,0,0.0,0,,0,0.0,14626.83,17.35,,0.0,Completed,False,False,False,False
246,Upsell_BOGO_246,BOGO,0.0,0.0,2025-07-21,2025-08-08,18,Medium_Value,SMS,Upsell,Clothing,0.112,0,0,0.0,0,,0,0.0,11340.85,34.82,,0.0,Completed,False,False,False,False
247,Cross_Sell_Free_Shipping_247,Free_Shipping,0.0,52.58,2024-07-08,2024-07-14,6,Low_Value,In_App,Cross_Sell,Books,0.204,2,2,155.56,5,77.78,2,155.56,22278.05,26.47,11139.03,0.007,Completed,False,False,False,False
248,Acquisition_Fixed_Amount_248,Fixed_Amount,13.34,0.0,2025-06-26,2025-08-10,45,All_Customers,SMS,Acquisition,Unknown,0.07,5,5,659.77,31,131.954,5,659.77,15307.74,48.75,3061.55,0.0431,Completed,False,False,False,False
249,Upsell_BOGO_249,BOGO,0.0,17.84,2025-03-13,2025-03-26,13,All_Customers,Social,Upsell,Unknown,0.069,3,3,381.47,13,127.15666666666667,3,381.47,13267.16,46.59,4422.39,0.0288,Completed,False,False,False,False
250,Retention_Percentage_Discount_250,Percentage_Discount,9.3,,2025-08-03,2025-08-07,4,Lapsed,Social,Retention,Unknown,0.076,0,0,0.0,0,,0,0.0,47298.5,28.15,,0.0,Completed,False,False,False,False
251,Reactivation_Percentage_Discount_251,Percentage_Discount,39.2,0.0,2024-08-11,2024-09-24,44,New_Customer,In_App,Reactivation,Unknown,0.205,1,1,188.02,9,188.02,1,188.02,10004.74,17.41,10004.74,0.0188,Completed,False,False,False,False
252,Cross_Sell_BOGO_252,BOGO,0.0,25.31,2025-06-13,2025-06-20,7,Lapsed,Website_Banner,Cross_Sell,Clothing,0.088,0,0,0.0,0,,0,0.0,36400.46,38.76,,0.0,Completed,False,False,False,False
253,Retention_BOGO_253,BOGO,0.0,19.13,2025-02-11,2025-02-18,7,All_Customers,Push,Retention,Books,0.13,1,1,102.48,5,102.48,1,102.48,48979.97,8.46,48979.97,0.0021,Completed,False,False,False,False
254,Retention_Fixed_Amount_254,Fixed_Amount,13.52,16.22,2025-02-02,2025-02-08,6,Low_Value,Website_Banner,Retention,Unknown,0.144,0,0,0.0,0,,0,0.0,21053.69,45.41,,0.0,Completed,False,False,False,False
255,Reactivation_Free_Shipping_255,Free_Shipping,0.0,35.88,2025-04-04,2025-05-16,42,Low_Value,Push,Reactivation,Unknown,0.074,4,4,346.65,24,86.6625,4,346.65,17697.97,22.36,4424.49,0.0196,Completed,False,False,False,False
256,Retention_BOGO_256,BOGO,0.0,0.0,2024-11-27,2024-12-01,4,New_Customer,Website_Banner,Retention,Unknown,0.124,0,0,0.0,0,,0,0.0,38568.44,42.85,,0.0,Completed,False,False,False,False
257,Retention_Free_Shipping_257,Free_Shipping,0.0,19.99,2025-07-31,2025-08-09,9,Medium_Value,Website_Banner,Retention,Unknown,0.118,0,0,0.0,0,,0,0.0,40589.7,14.62,,0.0,Completed,False,False,False,False
258,Retention_BOGO_258,BOGO,0.0,57.76,2024-11-26,2024-12-15,19,All_Customers,Email,Retention,Unknown,0.202,6,6,813.09,32,135.515,6,813.09,33494.23,44.25,5582.37,0.0243,Completed,False,False,False,False
259,Retention_Free_Shipping_259,Free_Shipping,0.0,32.78,2025-06-11,2025-07-02,21,Lapsed,SMS,Retention,Sports,0.063,0,0,0.0,0,,0,0.0,41942.95,24.01,,0.0,Completed,False,False,False,False
260,Reactivation_BOGO_260,BOGO,0.0,0.0,2025-05-13,2025-07-04,52,High_Value,Push,Reactivation,Electronics,0.099,2,2,1344.19,10,672.095,2,1344.19,6210.97,38.5,3105.49,0.2164,Completed,False,False,False,False
261,Upsell_Percentage_Discount_261,Percentage_Discount,5.4,51.03,2025-09-25,2025-10-01,6,Low_Value,Website_Banner,Upsell,Unknown,0.182,0,0,0.0,0,,0,0.0,31831.74,21.92,,0.0,Completed,False,False,False,False
262,Retention_Fixed_Amount_262,Fixed_Amount,44.66,0.0,2025-09-18,2025-09-29,11,High_Value,Social,Retention,Unknown,0.137,0,0,0.0,0,,0,0.0,40788.27,19.63,,0.0,Completed,False,False,False,False
263,Acquisition_Fixed_Amount_263,Fixed_Amount,19.24,55.02,2024-09-10,2024-10-30,50,Medium_Value,Website_Banner,Acquisition,Unknown,0.182,4,4,839.14,25,209.785,4,839.14,46498.43,13.95,11624.61,0.018,Completed,False,False,False,False
264,Upsell_Free_Shipping_264,Free_Shipping,0.0,20.36,2025-04-07,2025-04-18,11,Medium_Value,Push,Upsell,Electronics,0.207,1,1,232.72,1,232.72,1,232.72,2537.82,33.92,2537.82,0.0917,Completed,False,False,False,False
265,Retention_Fixed_Amount_265,Fixed_Amount,26.55,23.46,2025-08-27,2025-09-15,19,New_Customer,SMS,Retention,Books,0.072,0,0,0.0,0,,0,0.0,46665.29,28.71,,0.0,Completed,False,False,False,False
266,Acquisition_Fixed_Amount_266,Fixed_Amount,66.34,67.92,2024-12-26,2025-02-15,51,Lapsed,Website_Banner,Acquisition,Beauty,0.177,0,0,0.0,0,,0,0.0,37517.12,36.44,,0.0,Completed,False,False,False,False
267,Acquisition_Fixed_Amount_267,Fixed_Amount,88.63,0.0,2024-11-30,2024-12-27,27,High_Value,Email,Acquisition,Unknown,0.229,1,1,582.08,7,582.08,1,582.08,15465.81,46.36,15465.81,0.0376,Completed,False,False,False,False
268,Acquisition_Percentage_Discount_268,Percentage_Discount,10.3,15.55,2024-07-14,2024-08-18,35,Lapsed,Email,Acquisition,Clothing,0.168,0,0,0.0,0,,0,0.0,44465.11,36.09,,0.0,Completed,False,False,False,False
269,Acquisition_BOGO_269,BOGO,0.0,92.85,2025-09-13,2025-09-28,15,All_Customers,In_App,Acquisition,Unknown,0.231,0,0,0.0,0,,0,0.0,33755.31,40.1,,0.0,Completed,False,False,False,False
270,Cross_Sell_Free_Shipping_270,Free_Shipping,0.0,81.31,2024-09-17,2024-10-06,19,Low_Value,Email,Cross_Sell,Unknown,0.181,3,3,313.46,9,104.48666666666666,3,313.46,31009.91,21.47,10336.64,0.0101,Completed,False,False,False,False
271,Reactivation_Percentage_Discount_271,Percentage_Discount,26.9,55.19,2025-01-01,2025-02-07,37,Lapsed,Email,Reactivation,Unknown,0.077,0,0,0.0,0,,0,0.0,46726.42,32.29,,0.0,Completed,False,False,False,False
272,Acquisition_Free_Shipping_272,Free_Shipping,0.0,65.34,2024-12-11,2025-01-16,36,Medium_Value,SMS,Acquisition,Beauty,0.089,4,4,708.63,19,177.1575,4,708.63,36468.05,49.88,9117.01,0.0194,Completed,False,False,False,False
273,Acquisition_Fixed_Amount_273,Fixed_Amount,44.38,,2025-06-11,2025-07-14,33,High_Value,Website_Banner,Acquisition,Unknown,0.15,0,0,0.0,0,,0,0.0,48025.88,36.92,,0.0,Completed,False,False,False,False
274,Cross_Sell_Fixed_Amount_274,Fixed_Amount,79.38,44.63,2025-08-20,2025-08-25,5,High_Value,SMS,Cross_Sell,Unknown,0.202,0,0,0.0,0,,0,0.0,4412.28,23.24,,0.0,Completed,False,False,False,False
275,Reactivation_Fixed_Amount_275,Fixed_Amount,14.2,85.23,2025-04-09,2025-05-07,28,New_Customer,Push,Reactivation,Unknown,0.105,0,0,0.0,0,,0,0.0,30586.37,10.86,,0.0,Completed,False,False,False,False
276,Cross_Sell_Free_Shipping_276,Free_Shipping,0.0,0.0,2025-01-02,2025-01-19,17,Low_Value,In_App,Cross_Sell,Unknown,0.17,0,0,0.0,0,,0,0.0,36615.67,21.2,,0.0,Completed,False,False,False,False
277,Upsell_Percentage_Discount_277,Percentage_Discount,21.2,60.26,2025-06-01,2025-06-10,9,High_Value,Email,Upsell,Unknown,0.22,2,2,764.57,9,382.285,2,764.57,6965.78,37.6,3482.89,0.1098,Completed,False,False,False,False
278,Retention_Fixed_Amount_278,Fixed_Amount,8.83,0.0,2025-07-14,2025-07-29,15,Low_Value,SMS,Retention,Unknown,0.078,0,0,0.0,0,,0,0.0,46182.98,25.22,,0.0,Completed,False,False,False,False
279,Retention_Percentage_Discount_279,Percentage_Discount,40.2,0.0,2025-04-19,2025-05-06,17,All_Customers,Website_Banner,Retention,Unknown,0.14,3,3,590.1,13,196.7,3,590.1,28647.53,37.56,9549.18,0.0206,Completed,False,False,False,False
280,Reactivation_Fixed_Amount_280,Fixed_Amount,62.75,2.44,2025-04-05,2025-05-20,45,High_Value,Push,Reactivation,Clothing,0.051,1,1,545.51,4,545.51,1,545.51,15348.74,15.04,15348.74,0.0355,Completed,False,False,False,False
281,Acquisition_Free_Shipping_281,Free_Shipping,0.0,0.0,2025-04-25,2025-05-10,15,Low_Value,Website_Banner,Acquisition,Unknown,0.142,0,0,0.0,0,,0,0.0,12510.5,42.08,,0.0,Completed,False,False,False,False
282,Reactivation_Free_Shipping_282,Free_Shipping,0.0,47.47,2024-12-30,2025-02-10,42,Low_Value,Push,Reactivation,Unknown,0.227,0,0,0.0,10,,0,0.0,29985.95,8.66,,0.0,Completed,False,False,False,False
283,Upsell_BOGO_283,BOGO,0.0,85.46,2025-07-02,2025-07-08,6,Low_Value,SMS,Upsell,Unknown,0.095,0,0,0.0,0,,0,0.0,26215.5,7.55,,0.0,Completed,False,False,False,False
284,Acquisition_Free_Shipping_284,Free_Shipping,0.0,0.0,2025-01-17,2025-03-06,48,Low_Value,SMS,Acquisition,Unknown,0.128,3,3,281.12,23,93.70666666666666,3,281.12,14381.78,10.83,4793.93,0.0195,Completed,False,False,False,False
285,Retention_Fixed_Amount_285,Fixed_Amount,35.81,33.24,2025-03-03,2025-03-13,10,All_Customers,Social,Retention,Unknown,0.157,3,3,817.24,10,272.41333333333336,3,817.24,29098.2,37.4,9699.4,0.0281,Completed,False,False,False,False
286,Upsell_Fixed_Amount_286,Fixed_Amount,64.22,11.51,2024-08-05,2024-08-09,4,New_Customer,Website_Banner,Upsell,Unknown,0.135,0,0,0.0,0,,0,0.0,41419.99,30.71,,0.0,Completed,False,False,False,False
287,Cross_Sell_Fixed_Amount_287,Fixed_Amount,31.05,0.0,2025-01-02,2025-01-22,20,Low_Value,Push,Cross_Sell,Beauty,0.19,1,1,78.43,4,78.43,1,78.43,38531.66,34.22,38531.66,0.002,Completed,False,False,False,False
288,Retention_BOGO_288,BOGO,0.0,,2025-09-07,2025-09-19,12,Low_Value,SMS,Retention,Unknown,0.057,0,0,0.0,0,,0,0.0,8917.58,14.18,,0.0,Completed,False,False,False,False
289,Cross_Sell_Free_Shipping_289,Free_Shipping,0.0,0.0,2024-12-16,2025-01-03,18,New_Customer,SMS,Cross_Sell,Beauty,0.078,2,2,378.91,17,189.455,2,378.91,24122.59,38.95,12061.3,0.0157,Completed,False,False,False,False
290,Cross_Sell_Percentage_Discount_290,Percentage_Discount,24.2,0.0,2025-05-08,2025-05-28,20,Medium_Value,Social,Cross_Sell,Electronics,0.143,2,2,513.25,7,256.625,2,513.25,42340.36,30.43,21170.18,0.0121,Completed,False,False,False,False
291,Acquisition_Percentage_Discount_291,Percentage_Discount,20.4,51.55,2024-11-22,2024-12-26,34,Low_Value,Push,Acquisition,Unknown,0.097,2,2,156.02,10,78.01,2,156.02,6946.35,17.71,3473.18,0.0225,Completed,False,False,False,False
292,Retention_Free_Shipping_292,Free_Shipping,0.0,0.0,2025-05-01,2025-05-06,5,High_Value,Email,Retention,Electronics,0.149,0,0,0.0,0,,0,0.0,38493.73,27.54,,0.0,Completed,False,False,False,False
293,Reactivation_BOGO_293,BOGO,0.0,35.33,2025-08-04,2025-09-29,56,Medium_Value,SMS,Reactivation,Unknown,0.126,0,0,0.0,0,,0,0.0,19812.69,8.23,,0.0,Completed,False,False,False,False
294,Reactivation_BOGO_294,BOGO,0.0,0.0,2025-04-20,2025-05-07,17,New_Customer,In_App,Reactivation,Unknown,0.054,1,1,160.81,15,160.81,1,160.81,7033.74,9.67,7033.74,0.0229,Completed,False,False,False,False
295,Upsell_Free_Shipping_295,Free_Shipping,0.0,30.63,2025-03-24,2025-04-03,10,All_Customers,SMS,Upsell,Unknown,0.157,1,1,45.41,9,45.41,1,45.41,42215.6,40.85,42215.6,0.0011,Completed,False,False,False,False
296,Cross_Sell_Free_Shipping_296,Free_Shipping,0.0,82.05,2025-04-28,2025-05-16,18,New_Customer,Push,Cross_Sell,Home,0.188,4,4,456.38,23,114.095,4,456.38,41788.09,28.8,10447.02,0.0109,Completed,False,False,False,False
297,Cross_Sell_Percentage_Discount_297,Percentage_Discount,36.0,67.83,2025-08-01,2025-08-17,16,Low_Value,Social,Cross_Sell,Unknown,0.082,0,0,0.0,0,,0,0.0,8970.08,26.71,,0.0,Completed,False,False,False,False
298,Reactivation_Percentage_Discount_298,Percentage_Discount,15.7,0.0,2025-05-04,2025-06-27,54,Low_Value,Website_Banner,Reactivation,Beauty,0.061,5,5,574.05,27,114.81,5,574.05,45078.66,24.34,9015.73,0.0127,Completed,False,False,False,False
299,Retention_Fixed_Amount_299,Fixed_Amount,43.03,0.0,2025-03-15,2025-03-30,15,All_Customers,SMS,Retention,Unknown,0.152,4,4,676.69,25,169.1725,4,676.69,14111.05,6.6,3527.76,0.048,Completed,False,False,False,False
300,Retention_Fixed_Amount_300,Fixed_Amount,31.4,,2025-03-01,2025-03-09,8,Lapsed,Email,Retention,Unknown,0.075,0,0,0.0,0,,0,0.0,49976.38,7.42,,0.0,Completed,False,False,False,False
301,Upsell_BOGO_301,BOGO,0.0,24.71,2024-07-07,2024-07-25,18,High_Value,Social,Upsell,Beauty,0.074,1,1,359.6,12,359.6,1,359.6,13682.06,38.29,13682.06,0.0263,Completed,False,False,False,False
302,Upsell_BOGO_302,BOGO,0.0,26.71,2025-08-05,2025-08-20,15,New_Customer,SMS,Upsell,Beauty,0.236,0,0,0.0,0,,0,0.0,26750.13,25.05,,0.0,Completed,False,False,False,False
303,Cross_Sell_Fixed_Amount_303,Fixed_Amount,17.58,38.56,2024-08-04,2024-08-25,21,All_Customers,Push,Cross_Sell,Electronics,0.209,6,6,1446.21,20,241.035,6,1446.21,16086.33,47.24,2681.06,0.0899,Completed,False,False,False,False
304,Reactivation_Fixed_Amount_304,Fixed_Amount,55.74,6.65,2025-04-10,2025-05-08,28,Lapsed,In_App,Reactivation,Unknown,0.102,0,0,0.0,0,,0,0.0,16621.37,17.49,,0.0,Completed,False,False,False,False
305,Retention_BOGO_305,BOGO,0.0,25.2,2024-12-27,2025-01-05,9,Low_Value,Website_Banner,Retention,Unknown,0.217,1,1,52.44,6,52.44,1,52.44,14879.22,38.9,14879.22,0.0035,Completed,False,False,False,False
306,Cross_Sell_Fixed_Amount_306,Fixed_Amount,62.89,28.27,2025-07-10,2025-07-13,3,All_Customers,In_App,Cross_Sell,Sports,0.081,0,0,0.0,0,,0,0.0,39951.75,33.31,,0.0,Completed,False,False,False,False
307,Cross_Sell_Percentage_Discount_307,Percentage_Discount,35.7,14.64,2025-07-07,2025-07-24,17,High_Value,SMS,Cross_Sell,Unknown,0.126,0,0,0.0,0,,0,0.0,7072.1,20.59,,0.0,Completed,False,False,False,False
308,Cross_Sell_Fixed_Amount_308,Fixed_Amount,12.93,6.08,2024-11-11,2024-11-27,16,Low_Value,Push,Cross_Sell,Beauty,0.186,2,2,242.89,10,121.445,2,242.89,23521.29,28.89,11760.65,0.0103,Completed,False,False,False,False
309,Reactivation_BOGO_309,BOGO,0.0,10.76,2025-04-12,2025-05-27,45,New_Customer,Push,Reactivation,Unknown,0.109,6,6,1159.19,40,193.19833333333332,6,1159.19,10816.01,41.46,1802.67,0.1072,Completed,False,False,False,False
310,Reactivation_Percentage_Discount_310,Percentage_Discount,9.8,78.59,2025-06-09,2025-08-06,58,Lapsed,In_App,Reactivation,Home,0.199,0,0,0.0,0,,0,0.0,41635.73,32.49,,0.0,Completed,False,False,False,False
311,Reactivation_Percentage_Discount_311,Percentage_Discount,48.3,0.0,2025-01-01,2025-02-17,47,All_Customers,SMS,Reactivation,Electronics,0.141,25,25,4037.25,119,161.49,25,4037.25,29207.14,49.58,1168.29,0.1382,Completed,False,False,False,False
312,Acquisition_Percentage_Discount_312,Percentage_Discount,27.9,71.14,2025-05-18,2025-07-05,48,Low_Value,SMS,Acquisition,Unknown,0.05,9,9,1009.15,57,112.12777777777778,9,1009.15,49703.85,6.2,5522.65,0.0203,Completed,False,False,False,False
313,Retention_BOGO_313,BOGO,0.0,2.82,2025-07-18,2025-08-04,17,All_Customers,Social,Retention,Unknown,0.088,0,0,0.0,0,,0,0.0,39179.27,28.52,,0.0,Completed,False,False,False,False
314,Upsell_Free_Shipping_314,Free_Shipping,0.0,37.44,2024-08-05,2024-08-23,18,All_Customers,Push,Upsell,Sports,0.058,10,9,1816.94,62,181.694,10,1816.94,37418.87,26.6,4157.65,0.0486,Completed,False,False,False,False
315,Retention_Free_Shipping_315,Free_Shipping,0.0,0.0,2025-06-30,2025-07-03,3,High_Value,Website_Banner,Retention,Unknown,0.23,0,0,0.0,0,,0,0.0,26600.97,47.75,,0.0,Completed,False,False,False,False
316,Reactivation_Percentage_Discount_316,Percentage_Discount,14.1,76.61,2025-06-06,2025-07-27,51,Medium_Value,Website_Banner,Reactivation,Unknown,0.227,1,1,334.84,10,334.84,1,334.84,21927.64,16.01,21927.64,0.0153,Completed,False,False,False,False
317,Acquisition_Fixed_Amount_317,Fixed_Amount,37.6,40.21,2025-05-14,2025-07-12,59,All_Customers,Push,Acquisition,Unknown,0.154,13,13,2319.17,95,178.3976923076923,13,2319.17,20384.53,11.41,1568.04,0.1138,Completed,False,False,False,False
318,Cross_Sell_Free_Shipping_318,Free_Shipping,0.0,31.14,2025-05-22,2025-06-08,17,New_Customer,Email,Cross_Sell,Unknown,0.142,3,3,260.98,13,86.99333333333334,3,260.98,14853.87,14.58,4951.29,0.0176,Completed,False,False,False,False
319,Acquisition_Percentage_Discount_319,Percentage_Discount,20.1,63.67,2024-10-15,2024-11-22,38,All_Customers,SMS,Acquisition,Books,0.213,10,10,2458.33,66,245.833,10,2458.33,42565.68,39.01,4256.57,0.0578,Completed,False,False,False,False
320,Retention_BOGO_320,BOGO,0.0,71.71,2025-06-27,2025-07-10,13,Medium_Value,Push,Retention,Sports,0.245,0,0,0.0,0,,0,0.0,36501.04,39.94,,0.0,Completed,False,False,False,False
321,Reactivation_Free_Shipping_321,Free_Shipping,0.0,6.1,2025-03-08,2025-04-16,39,New_Customer,Push,Reactivation,Unknown,0.106,9,9,1271.93,53,141.32555555555555,9,1271.93,3526.85,9.09,391.87,0.3606,Completed,False,False,False,False
322,Cross_Sell_Percentage_Discount_322,Percentage_Discount,15.1,66.57,2025-07-01,2025-07-09,8,Medium_Value,Social,Cross_Sell,Unknown,0.095,1,1,201.67,14,201.67,1,201.67,11481.75,27.67,11481.75,0.0176,Completed,False,False,False,False
323,Cross_Sell_Fixed_Amount_323,Fixed_Amount,66.64,10.57,2025-09-08,2025-09-22,14,High_Value,Website_Banner,Cross_Sell,Beauty,0.142,0,0,0.0,0,,0,0.0,41839.36,46.09,,0.0,Completed,False,False,False,False
324,Reactivation_Percentage_Discount_324,Percentage_Discount,36.4,0.0,2025-03-03,2025-03-18,15,High_Value,Website_Banner,Reactivation,Electronics,0.208,0,0,0.0,0,,0,0.0,24374.26,47.79,,0.0,Completed,False,False,False,False
325,Cross_Sell_Percentage_Discount_325,Percentage_Discount,32.7,0.0,2025-03-30,2025-04-10,11,Low_Value,Push,Cross_Sell,Home,0.077,1,1,62.86,2,62.86,1,62.86,20532.5,35.27,20532.5,0.0031,Completed,False,False,False,False
326,Retention_Percentage_Discount_326,Percentage_Discount,24.9,14.87,2024-11-09,2024-11-23,14,Low_Value,Website_Banner,Retention,Sports,0.112,0,0,0.0,0,,0,0.0,48419.48,12.36,,0.0,Completed,False,False,False,False
327,Reactivation_BOGO_327,BOGO,0.0,,2024-11-21,2024-12-18,27,Lapsed,Email,Reactivation,Sports,0.052,0,0,0.0,0,,0,0.0,31849.9,34.37,,0.0,Completed,False,False,False,False
328,Retention_Fixed_Amount_328,Fixed_Amount,49.02,53.27,2025-03-26,2025-03-31,5,Lapsed,Website_Banner,Retention,Books,0.066,0,0,0.0,0,,0,0.0,26180.43,28.65,,0.0,Completed,False,False,False,False
329,Upsell_Percentage_Discount_329,Percentage_Discount,11.6,10.92,2024-08-21,2024-09-01,11,Low_Value,Push,Upsell,Unknown,0.161,3,3,316.42,22,105.47333333333333,3,316.42,28730.9,10.79,9576.97,0.011,Completed,False,False,False,False
330,Retention_BOGO_330,BOGO,0.0,0.0,2025-07-28,2025-08-07,10,New_Customer,SMS,Retention,Unknown,0.214,0,0,0.0,0,,0,0.0,13243.93,49.14,,0.0,Completed,False,False,False,False
331,Cross_Sell_BOGO_331,BOGO,0.0,1.62,2025-05-20,2025-05-30,10,Low_Value,Push,Cross_Sell,Beauty,0.214,1,1,84.33,2,84.33,1,84.33,2621.44,44.73,2621.44,0.0322,Completed,False,False,False,False
332,Upsell_Fixed_Amount_332,Fixed_Amount,62.65,0.0,2024-11-10,2024-11-19,9,All_Customers,In_App,Upsell,Electronics,0.096,0,0,0.0,0,,0,0.0,7230.78,12.26,,0.0,Completed,False,False,False,False
333,Cross_Sell_BOGO_333,BOGO,0.0,79.18,2025-08-26,2025-09-06,11,Lapsed,In_App,Cross_Sell,Unknown,0.091,0,0,0.0,0,,0,0.0,16507.86,29.33,,0.0,Completed,False,False,False,False
334,Upsell_Percentage_Discount_334,Percentage_Discount,25.5,0.0,2025-09-11,2025-09-14,3,Medium_Value,Email,Upsell,Electronics,0.199,0,0,0.0,0,,0,0.0,5880.3,6.94,,0.0,Completed,False,False,False,False
335,Cross_Sell_Free_Shipping_335,Free_Shipping,0.0,73.06,2025-07-18,2025-07-23,5,All_Customers,Email,Cross_Sell,Books,0.095,0,0,0.0,0,,0,0.0,45212.02,27.31,,0.0,Completed,False,False,False,False
336,Reactivation_Percentage_Discount_336,Percentage_Discount,41.3,31.2,2024-07-26,2024-08-10,15,New_Customer,Website_Banner,Reactivation,Unknown,0.107,0,0,0.0,0,,0,0.0,21340.5,36.49,,0.0,Completed,False,False,False,False
337,Retention_BOGO_337,BOGO,0.0,0.0,2024-08-13,2024-08-22,9,Low_Value,SMS,Retention,Unknown,0.222,0,0,0.0,0,,0,0.0,23279.25,34.58,,0.0,Completed,False,False,False,False
338,Upsell_Fixed_Amount_338,Fixed_Amount,21.39,61.21,2024-07-19,2024-07-29,10,Lapsed,In_App,Upsell,Books,0.063,0,0,0.0,0,,0,0.0,14940.27,44.89,,0.0,Completed,False,False,False,False
339,Retention_Free_Shipping_339,Free_Shipping,0.0,64.79,2025-03-23,2025-04-11,19,Medium_Value,In_App,Retention,Unknown,0.209,0,0,0.0,0,,0,0.0,26884.01,5.69,,0.0,Completed,False,False,False,False
340,Cross_Sell_BOGO_340,BOGO,0.0,25.02,2024-07-13,2024-07-24,11,High_Value,In_App,Cross_Sell,Books,0.232,2,2,892.78,8,446.39,2,892.78,9546.87,33.15,4773.44,0.0935,Completed,False,False,False,False
341,Upsell_Free_Shipping_341,Free_Shipping,0.0,9.63,2024-07-29,2024-08-18,20,Medium_Value,In_App,Upsell,Clothing,0.172,1,1,277.69,12,277.69,1,277.69,32020.39,45.38,32020.39,0.0087,Completed,False,False,False,False
342,Retention_Percentage_Discount_342,Percentage_Discount,11.4,0.0,2025-06-04,2025-06-13,9,Low_Value,In_App,Retention,Unknown,0.115,0,0,0.0,11,,0,0.0,9500.39,5.72,,0.0,Completed,False,False,False,False
343,Reactivation_Free_Shipping_343,Free_Shipping,0.0,20.27,2024-08-01,2024-09-27,57,High_Value,Email,Reactivation,Beauty,0.194,2,2,1056.94,12,528.47,2,1056.94,28928.24,33.74,14464.12,0.0365,Completed,False,False,False,False
344,Upsell_Percentage_Discount_344,Percentage_Discount,19.4,0.0,2025-08-16,2025-08-31,15,Low_Value,Website_Banner,Upsell,Unknown,0.231,0,0,0.0,0,,0,0.0,42676.64,49.37,,0.0,Completed,False,False,False,False
345,Cross_Sell_Percentage_Discount_345,Percentage_Discount,45.9,84.77,2025-05-14,2025-05-19,5,High_Value,Social,Cross_Sell,Clothing,0.208,0,0,0.0,0,,0,0.0,5132.58,44.65,,0.0,Completed,False,False,False,False
346,Retention_Fixed_Amount_346,Fixed_Amount,92.22,0.0,2025-07-08,2025-07-22,14,Medium_Value,In_App,Retention,Unknown,0.124,0,0,0.0,0,,0,0.0,28682.14,21.64,,0.0,Completed,False,False,False,False
347,Reactivation_Percentage_Discount_347,Percentage_Discount,41.3,49.82,2024-12-10,2025-01-22,43,New_Customer,Social,Reactivation,Beauty,0.084,4,4,437.04,33,109.26,4,437.04,39297.12,31.89,9824.28,0.0111,Completed,False,False,False,False
348,Acquisition_Fixed_Amount_348,Fixed_Amount,95.73,23.94,2024-12-25,2025-01-22,28,Lapsed,Push,Acquisition,Clothing,0.153,0,0,0.0,0,,0,0.0,38190.91,14.45,,0.0,Completed,False,False,False,False
349,Acquisition_BOGO_349,BOGO,0.0,91.32,2024-07-27,2024-09-17,52,New_Customer,Email,Acquisition,Home,0.211,10,10,1505.25,50,150.525,10,1505.25,23303.7,21.55,2330.37,0.0646,Completed,False,False,False,False
350,Acquisition_Fixed_Amount_350,Fixed_Amount,75.78,69.41,2024-07-16,2024-08-05,20,High_Value,SMS,Acquisition,Unknown,0.198,2,2,1057.44,11,528.72,2,1057.44,27210.21,20.6,13605.11,0.0389,Completed,False,False,False,False
351,Cross_Sell_BOGO_351,BOGO,0.0,0.0,2024-10-04,2024-10-18,14,New_Customer,Push,Cross_Sell,Sports,0.241,0,0,0.0,0,,0,0.0,43223.09,21.19,,0.0,Completed,False,False,False,False
352,Reactivation_BOGO_352,BOGO,0.0,0.0,2024-07-05,2024-08-31,57,Low_Value,SMS,Reactivation,Clothing,0.181,16,16,1353.26,63,84.57875,16,1353.26,34068.95,33.63,2129.31,0.0397,Completed,False,False,False,False
353,Cross_Sell_BOGO_353,BOGO,0.0,80.93,2025-01-17,2025-01-23,6,All_Customers,Social,Cross_Sell,Unknown,0.113,3,3,466.42,9,155.47333333333333,3,466.42,37668.07,41.62,12556.02,0.0124,Completed,False,False,False,False
354,Acquisition_Free_Shipping_354,Free_Shipping,0.0,0.0,2024-10-05,2024-11-09,35,High_Value,Social,Acquisition,Unknown,0.248,5,5,3340.05,23,668.01,5,3340.05,10083.82,29.11,2016.76,0.3312,Completed,False,False,False,False
355,Reactivation_Fixed_Amount_355,Fixed_Amount,95.99,69.33,2025-07-13,2025-09-08,57,All_Customers,Email,Reactivation,Unknown,0.148,0,0,0.0,0,,0,0.0,14539.83,16.62,,0.0,Completed,False,False,False,False
356,Retention_Free_Shipping_356,Free_Shipping,0.0,0.0,2024-12-28,2025-01-17,20,Lapsed,SMS,Retention,Unknown,0.195,0,0,0.0,0,,0,0.0,47468.73,15.16,,0.0,Completed,False,False,False,False
357,Acquisition_Percentage_Discount_357,Percentage_Discount,29.9,89.41,2024-08-03,2024-09-29,57,Lapsed,SMS,Acquisition,Sports,0.225,0,0,0.0,0,,0,0.0,41839.27,6.66,,0.0,Completed,False,False,False,False
358,Upsell_BOGO_358,BOGO,0.0,,2025-06-06,2025-06-19,13,All_Customers,Social,Upsell,Unknown,0.193,3,3,856.91,34,285.63666666666666,3,856.91,13320.0,10.45,4440.0,0.0643,Completed,False,False,False,False
359,Cross_Sell_Fixed_Amount_359,Fixed_Amount,9.51,,2024-10-30,2024-11-12,13,All_Customers,In_App,Cross_Sell,Unknown,0.154,0,0,0.0,0,,0,0.0,33698.11,26.03,,0.0,Completed,False,False,False,False
360,Reactivation_Fixed_Amount_360,Fixed_Amount,48.14,0.0,2025-07-11,2025-07-25,14,Lapsed,Push,Reactivation,Unknown,0.06,0,0,0.0,0,,0,0.0,43577.68,37.78,,0.0,Completed,False,False,False,False
361,Acquisition_BOGO_361,BOGO,0.0,0.0,2025-03-24,2025-05-06,43,High_Value,Push,Acquisition,Unknown,0.127,1,1,545.18,1,545.18,1,545.18,44167.01,44.78,44167.01,0.0123,Completed,False,False,False,False
362,Upsell_BOGO_362,BOGO,0.0,82.86,2025-01-11,2025-01-31,20,Low_Value,SMS,Upsell,Unknown,0.062,2,2,145.38,13,72.69,2,145.38,30190.52,42.4,15095.26,0.0048,Completed,False,False,False,False
363,Retention_Free_Shipping_363,Free_Shipping,0.0,0.0,2025-07-11,2025-07-24,13,Lapsed,Email,Retention,Sports,0.137,0,0,0.0,0,,0,0.0,10579.68,22.72,,0.0,Completed,False,False,False,False
364,Reactivation_BOGO_364,BOGO,0.0,72.84,2025-04-11,2025-05-20,39,New_Customer,In_App,Reactivation,Beauty,0.206,2,2,122.63,9,61.315,2,122.63,28559.65,7.07,14279.83,0.0043,Completed,False,False,False,False
365,Retention_Percentage_Discount_365,Percentage_Discount,22.8,0.0,2024-09-15,2024-09-28,13,New_Customer,Social,Retention,Home,0.198,2,2,213.17,32,106.585,2,213.17,33489.52,36.01,16744.76,0.0064,Completed,False,False,False,False
366,Acquisition_Percentage_Discount_366,Percentage_Discount,32.1,91.65,2024-11-06,2024-12-29,53,Low_Value,Email,Acquisition,Unknown,0.139,6,6,617.46,40,102.91,6,617.46,9023.75,11.21,1503.96,0.0684,Completed,False,False,False,False
367,Retention_Percentage_Discount_367,Percentage_Discount,11.7,16.61,2024-07-31,2024-08-06,6,All_Customers,Website_Banner,Retention,Unknown,0.246,2,2,497.62,12,248.81,2,497.62,39570.72,5.27,19785.36,0.0126,Completed,False,False,False,False
368,Upsell_Fixed_Amount_368,Fixed_Amount,20.45,34.17,2025-06-24,2025-07-02,8,All_Customers,Website_Banner,Upsell,Unknown,0.106,4,4,741.43,22,185.3575,4,741.43,9263.34,30.71,2315.84,0.08,Completed,False,False,False,False
369,Upsell_BOGO_369,BOGO,0.0,40.45,2025-04-25,2025-05-14,19,Medium_Value,Website_Banner,Upsell,Sports,0.197,1,1,197.77,10,197.77,1,197.77,33342.61,36.83,33342.61,0.0059,Completed,False,False,False,False
370,Reactivation_Fixed_Amount_370,Fixed_Amount,27.63,0.0,2025-06-09,2025-07-27,48,All_Customers,Email,Reactivation,Unknown,0.078,9,9,1615.52,73,179.50222222222223,9,1615.52,15832.77,16.58,1759.2,0.102,Completed,False,False,False,False
371,Acquisition_Fixed_Amount_371,Fixed_Amount,27.8,0.0,2025-03-15,2025-05-02,48,High_Value,In_App,Acquisition,Books,0.209,0,0,0.0,0,,0,0.0,20664.4,47.43,,0.0,Completed,False,False,False,False
372,Reactivation_Free_Shipping_372,Free_Shipping,0.0,52.23,2025-01-02,2025-02-28,57,High_Value,Push,Reactivation,Electronics,0.212,2,2,700.56,9,350.28,2,700.56,13088.98,43.82,6544.49,0.0535,Completed,False,False,False,False
373,Retention_Fixed_Amount_373,Fixed_Amount,76.46,0.0,2025-08-14,2025-09-02,19,Medium_Value,Social,Retention,Unknown,0.16,0,0,0.0,0,,0,0.0,1916.75,10.42,,0.0,Completed,False,False,False,False
374,Reactivation_Free_Shipping_374,Free_Shipping,0.0,76.91,2025-05-02,2025-06-03,32,Low_Value,Website_Banner,Reactivation,Unknown,0.108,1,1,126.84,4,126.84,1,126.84,11646.43,49.79,11646.43,0.0109,Completed,False,False,False,False
375,Upsell_Free_Shipping_375,Free_Shipping,0.0,28.53,2025-03-12,2025-03-29,17,Low_Value,Website_Banner,Upsell,Beauty,0.077,1,1,104.14,1,104.14,1,104.14,22279.3,28.9,22279.3,0.0047,Completed,False,False,False,False
376,Reactivation_Percentage_Discount_376,Percentage_Discount,23.9,74.9,2025-02-25,2025-04-08,42,Medium_Value,Email,Reactivation,Books,0.105,5,5,1181.36,24,236.272,5,1181.36,40514.39,13.54,8102.88,0.0292,Completed,False,False,False,False
377,Upsell_BOGO_377,BOGO,0.0,0.0,2024-07-19,2024-08-02,14,New_Customer,In_App,Upsell,Unknown,0.18,0,0,0.0,0,,0,0.0,21166.98,24.09,,0.0,Completed,False,False,False,False
378,Upsell_Fixed_Amount_378,Fixed_Amount,93.26,30.73,2025-06-27,2025-07-13,16,All_Customers,Website_Banner,Upsell,Home,0.053,0,0,0.0,0,,0,0.0,48182.62,19.93,,0.0,Completed,False,False,False,False
379,Cross_Sell_Percentage_Discount_379,Percentage_Discount,42.1,66.88,2025-02-11,2025-02-14,3,Medium_Value,Email,Cross_Sell,Unknown,0.088,0,0,0.0,0,,0,0.0,25362.71,30.14,,0.0,Completed,False,False,False,False
380,Upsell_Percentage_Discount_380,Percentage_Discount,30.8,57.52,2025-06-09,2025-06-23,14,New_Customer,Social,Upsell,Unknown,0.084,2,2,206.75,8,103.375,2,206.75,9777.9,32.57,4888.95,0.0211,Completed,False,False,False,False
381,Acquisition_Free_Shipping_381,Free_Shipping,0.0,26.9,2024-10-02,2024-10-18,16,Lapsed,SMS,Acquisition,Unknown,0.102,0,0,0.0,0,,0,0.0,49830.33,14.57,,0.0,Completed,False,False,False,False
382,Cross_Sell_BOGO_382,BOGO,0.0,0.0,2025-01-03,2025-01-08,5,All_Customers,In_App,Cross_Sell,Unknown,0.213,2,2,374.14,6,187.07,2,374.14,27876.93,38.37,13938.47,0.0134,Completed,False,False,False,False
383,Acquisition_Fixed_Amount_383,Fixed_Amount,,0.0,2025-01-17,2025-02-25,39,New_Customer,Social,Acquisition,Home,0.191,6,6,620.5,34,103.41666666666667,6,620.5,6032.86,27.76,1005.48,0.1029,Completed,False,True,False,False
384,Acquisition_Free_Shipping_384,Free_Shipping,0.0,31.92,2024-08-10,2024-09-08,29,Medium_Value,Push,Acquisition,Unknown,0.077,5,5,999.91,18,199.982,5,999.91,5879.48,37.31,1175.9,0.1701,Completed,False,False,False,False
385,Retention_Free_Shipping_385,Free_Shipping,0.0,,2024-11-05,2024-11-15,10,Low_Value,Email,Retention,Unknown,0.192,1,1,60.57,3,60.57,1,60.57,21003.75,6.66,21003.75,0.0029,Completed,False,False,False,False
386,Upsell_BOGO_386,BOGO,0.0,0.0,2024-12-19,2025-01-06,18,Low_Value,Email,Upsell,Sports,0.083,3,3,243.3,37,81.1,3,243.3,7697.58,19.53,2565.86,0.0316,Completed,False,False,False,False
387,Cross_Sell_Percentage_Discount_387,Percentage_Discount,29.6,0.0,2024-10-07,2024-10-14,7,Low_Value,SMS,Cross_Sell,Unknown,0.071,0,0,0.0,0,,0,0.0,23450.33,18.9,,0.0,Completed,False,False,False,False
388,Acquisition_Free_Shipping_388,Free_Shipping,0.0,57.92,2024-12-31,2025-02-07,38,High_Value,SMS,Acquisition,Beauty,0.225,2,2,868.36,16,434.18,2,868.36,7393.76,6.16,3696.88,0.1174,Completed,False,False,False,False
389,Cross_Sell_Free_Shipping_389,Free_Shipping,0.0,0.0,2024-07-14,2024-07-23,9,High_Value,Email,Cross_Sell,Books,0.181,1,1,572.55,1,572.55,1,572.55,14442.98,48.1,14442.98,0.0396,Completed,False,False,False,False
390,Retention_Free_Shipping_390,Free_Shipping,0.0,0.0,2024-09-17,2024-10-02,15,New_Customer,Push,Retention,Unknown,0.236,3,3,401.39,21,133.79666666666665,3,401.39,36817.7,37.32,12272.57,0.0109,Completed,False,False,False,False
391,Retention_Free_Shipping_391,Free_Shipping,0.0,0.0,2024-07-07,2024-07-24,17,Lapsed,In_App,Retention,Unknown,0.24,0,0,0.0,0,,0,0.0,14840.57,13.22,,0.0,Completed,False,False,False,False
392,Upsell_Free_Shipping_392,Free_Shipping,0.0,24.53,2024-07-28,2024-08-15,18,Low_Value,In_App,Upsell,Electronics,0.22,0,0,0.0,0,,0,0.0,40511.35,45.49,,0.0,Completed,False,False,False,False
393,Retention_BOGO_393,BOGO,0.0,0.0,2025-01-03,2025-01-22,19,New_Customer,Website_Banner,Retention,Unknown,0.192,1,1,186.4,7,186.4,1,186.4,27088.74,32.3,27088.74,0.0069,Completed,False,False,False,False
394,Cross_Sell_BOGO_394,BOGO,0.0,0.0,2025-04-10,2025-04-21,11,Lapsed,Social,Cross_Sell,Unknown,0.16,0,0,0.0,0,,0,0.0,13612.95,23.99,,0.0,Completed,False,False,False,False
395,Upsell_Fixed_Amount_395,Fixed_Amount,16.78,65.17,2025-07-19,2025-08-05,17,Lapsed,Push,Upsell,Unknown,0.053,0,0,0.0,0,,0,0.0,13506.33,13.36,,0.0,Completed,False,False,False,False
396,Retention_Free_Shipping_396,Free_Shipping,0.0,0.0,2024-11-03,2024-11-07,4,Medium_Value,Email,Retention,Unknown,0.09,0,0,0.0,0,,0,0.0,26916.07,20.31,,0.0,Completed,False,False,False,False
397,Reactivation_BOGO_397,BOGO,0.0,63.47,2024-08-20,2024-10-02,43,Low_Value,Social,Reactivation,Books,0.246,5,5,589.85,28,117.97,5,589.85,11257.26,35.3,2251.45,0.0524,Completed,False,False,False,False
398,Retention_Fixed_Amount_398,Fixed_Amount,12.42,0.0,2025-02-19,2025-03-11,20,New_Customer,SMS,Retention,Unknown,0.127,1,1,105.15,6,105.15,1,105.15,10480.81,11.14,10480.81,0.01,Completed,False,False,False,False
399,Cross_Sell_Percentage_Discount_399,Percentage_Discount,10.9,65.24,2025-02-25,2025-03-06,9,All_Customers,Website_Banner,Cross_Sell,Unknown,0.074,1,1,184.7,14,184.7,1,184.7,31831.58,38.96,31831.58,0.0058,Completed,False,False,False,False
400,Reactivation_BOGO_400,BOGO,0.0,0.0,2024-07-16,2024-08-03,18,Low_Value,Social,Reactivation,Clothing,0.238,2,2,176.13,13,88.065,2,176.13,25375.82,31.59,12687.91,0.0069,Completed,False,False,False,False
401,Upsell_Fixed_Amount_401,Fixed_Amount,7.96,0.0,2024-10-29,2024-11-18,20,Low_Value,Social,Upsell,Unknown,0.131,0,0,0.0,0,,0,0.0,34673.13,42.42,,0.0,Completed,False,False,False,False
402,Cross_Sell_Fixed_Amount_402,Fixed_Amount,63.51,8.98,2025-07-28,2025-08-16,19,High_Value,Website_Banner,Cross_Sell,Sports,0.217,0,0,0.0,0,,0,0.0,32459.9,31.0,,0.0,Completed,False,False,False,False
403,Cross_Sell_Free_Shipping_403,Free_Shipping,0.0,1.09,2024-10-07,2024-10-28,21,High_Value,Website_Banner,Cross_Sell,Unknown,0.088,0,0,0.0,0,,0,0.0,8447.53,44.73,,0.0,Completed,False,False,False,False
404,Cross_Sell_BOGO_404,BOGO,0.0,6.66,2024-07-17,2024-07-21,4,All_Customers,SMS,Cross_Sell,Unknown,0.091,3,3,512.33,15,170.77666666666667,3,512.33,42387.19,15.26,14129.06,0.0121,Completed,False,False,False,False
405,Acquisition_Free_Shipping_405,Free_Shipping,0.0,0.0,2024-08-19,2024-10-04,46,New_Customer,Email,Acquisition,Unknown,0.211,15,14,1871.28,105,124.752,15,1871.28,24834.57,33.86,1773.9,0.0753,Completed,False,False,False,False
406,Acquisition_BOGO_406,BOGO,0.0,11.74,2025-07-06,2025-07-24,18,Medium_Value,SMS,Acquisition,Unknown,0.21,0,0,0.0,0,,0,0.0,37639.46,45.44,,0.0,Completed,False,False,False,False
407,Retention_BOGO_407,BOGO,0.0,4.87,2024-11-25,2024-12-08,13,Low_Value,Push,Retention,Beauty,0.116,0,0,0.0,0,,0,0.0,1291.28,48.65,,0.0,Completed,False,False,False,False
408,Acquisition_Percentage_Discount_408,Percentage_Discount,26.1,0.0,2024-08-06,2024-09-03,28,New_Customer,In_App,Acquisition,Clothing,0.231,2,2,373.88,9,186.94,2,373.88,7261.23,33.66,3630.62,0.0515,Completed,False,False,False,False
409,Reactivation_Percentage_Discount_409,Percentage_Discount,34.9,30.47,2025-07-03,2025-07-25,22,All_Customers,SMS,Reactivation,Unknown,0.134,0,0,0.0,0,,0,0.0,17339.65,44.32,,0.0,Completed,False,False,False,False
410,Reactivation_BOGO_410,BOGO,0.0,71.38,2025-07-30,2025-09-23,55,Low_Value,Website_Banner,Reactivation,Unknown,0.09,0,0,0.0,0,,0,0.0,30267.9,34.18,,0.0,Completed,False,False,False,False
411,Reactivation_BOGO_411,BOGO,0.0,8.86,2025-07-22,2025-09-10,50,Low_Value,In_App,Reactivation,Unknown,0.086,0,0,0.0,0,,0,0.0,12093.73,19.41,,0.0,Completed,False,False,False,False
412,Cross_Sell_Fixed_Amount_412,Fixed_Amount,74.42,97.37,2024-10-10,2024-10-27,17,Low_Value,Push,Cross_Sell,Unknown,0.148,4,4,415.46,19,103.865,4,415.46,7362.54,27.26,1840.64,0.0564,Completed,False,False,False,False
413,Retention_Percentage_Discount_413,Percentage_Discount,38.6,63.82,2024-12-01,2024-12-10,9,Low_Value,Social,Retention,Beauty,0.208,1,1,100.66,6,100.66,1,100.66,47277.68,48.84,47277.68,0.0021,Completed,False,False,False,False
414,Upsell_Fixed_Amount_414,Fixed_Amount,68.88,32.1,2025-01-01,2025-01-20,19,New_Customer,Website_Banner,Upsell,Unknown,0.052,1,1,179.87,14,179.87,1,179.87,23634.92,34.88,23634.92,0.0076,Completed,False,False,False,False
415,Reactivation_BOGO_415,BOGO,0.0,5.88,2025-09-06,2025-09-22,16,Low_Value,SMS,Reactivation,Unknown,0.171,0,0,0.0,0,,0,0.0,40051.81,49.81,,0.0,Completed,False,False,False,False
416,Retention_BOGO_416,BOGO,0.0,0.0,2025-09-20,2025-09-28,8,High_Value,Push,Retention,Unknown,0.167,0,0,0.0,0,,0,0.0,9118.86,22.75,,0.0,Completed,False,False,False,False
417,Acquisition_BOGO_417,BOGO,0.0,82.73,2024-09-14,2024-10-16,32,High_Value,Website_Banner,Acquisition,Unknown,0.073,1,1,439.39,20,439.39,1,439.39,42605.33,22.48,42605.33,0.0103,Completed,False,False,False,False
418,Acquisition_BOGO_418,BOGO,0.0,0.0,2025-03-27,2025-05-15,49,Medium_Value,Website_Banner,Acquisition,Unknown,0.084,3,3,468.11,17,156.03666666666666,3,468.11,45293.17,18.61,15097.72,0.0103,Completed,False,False,False,False
419,Upsell_Percentage_Discount_419,Percentage_Discount,22.1,99.83,2024-12-28,2025-01-05,8,Medium_Value,Email,Upsell,Unknown,0.199,0,0,0.0,4,,0,0.0,7634.01,30.58,,0.0,Completed,False,False,False,False
420,Upsell_BOGO_420,BOGO,0.0,0.0,2025-03-29,2025-04-15,17,Lapsed,In_App,Upsell,Clothing,0.224,0,0,0.0,0,,0,0.0,39424.86,25.09,,0.0,Completed,False,False,False,False
421,Upsell_BOGO_421,BOGO,0.0,66.56,2024-12-16,2024-12-03,13,Medium_Value,Website_Banner,Upsell,Unknown,0.101,0,0,0.0,0,,0,0.0,1719.32,29.96,,0.0,Completed,True,False,False,False
422,Acquisition_Fixed_Amount_422,Fixed_Amount,87.9,0.0,2025-08-07,2025-09-07,31,New_Customer,In_App,Acquisition,Books,0.185,0,0,0.0,0,,0,0.0,37057.02,21.4,,0.0,Completed,False,False,False,False
423,Acquisition_Free_Shipping_423,Free_Shipping,0.0,78.49,2024-08-21,2024-09-29,39,High_Value,Website_Banner,Acquisition,Unknown,0.062,1,1,428.11,11,428.11,1,428.11,1093.06,39.9,1093.06,0.3917,Completed,False,False,False,False
424,Cross_Sell_Fixed_Amount_424,Fixed_Amount,14.95,92.26,2025-07-25,2025-08-14,20,New_Customer,SMS,Cross_Sell,Unknown,0.106,0,0,0.0,0,,0,0.0,1901.86,29.01,,0.0,Completed,False,False,False,False
425,Retention_BOGO_425,BOGO,0.0,54.49,2025-01-29,2025-02-11,13,All_Customers,Push,Retention,Electronics,0.138,7,7,1225.73,38,175.1042857142857,7,1225.73,3592.86,7.03,513.27,0.3412,Completed,False,False,False,False
426,Retention_Percentage_Discount_426,Percentage_Discount,23.6,53.09,2025-04-18,2025-05-01,13,High_Value,SMS,Retention,Home,0.1,1,1,419.21,7,419.21,1,419.21,36799.43,48.21,36799.43,0.0114,Completed,False,False,False,False
427,Upsell_Fixed_Amount_427,Fixed_Amount,96.05,11.52,2025-02-08,2025-02-16,8,All_Customers,Push,Upsell,Home,0.105,0,0,0.0,0,,0,0.0,13041.6,47.07,,0.0,Completed,False,False,False,False
428,Upsell_Free_Shipping_428,Free_Shipping,0.0,24.82,2025-05-03,2025-05-09,6,Medium_Value,Social,Upsell,Clothing,0.138,1,1,283.32,6,283.32,1,283.32,14510.72,44.55,14510.72,0.0195,Completed,False,False,False,False
429,Retention_BOGO_429,BOGO,0.0,33.46,2024-09-30,2024-10-14,14,New_Customer,Website_Banner,Retention,Unknown,0.116,0,0,0.0,5,,0,0.0,37088.01,7.24,,0.0,Completed,False,False,False,False
430,Retention_Percentage_Discount_430,Percentage_Discount,26.8,27.45,2025-02-08,2025-02-17,9,High_Value,In_App,Retention,Unknown,0.106,0,0,0.0,0,,0,0.0,37468.48,18.16,,0.0,Completed,False,False,False,False
431,Acquisition_Fixed_Amount_431,Fixed_Amount,8.46,0.0,2024-08-02,2024-09-13,42,Lapsed,Email,Acquisition,Clothing,0.066,0,0,0.0,0,,0,0.0,16871.05,17.99,,0.0,Completed,False,False,False,False
432,Acquisition_BOGO_432,BOGO,0.0,95.67,2024-10-08,2024-11-27,50,New_Customer,In_App,Acquisition,Beauty,0.115,1,1,52.24,4,52.24,1,52.24,47972.8,39.48,47972.8,0.0011,Completed,False,False,False,False
433,Retention_BOGO_433,BOGO,0.0,43.09,2024-08-23,2024-09-10,18,Medium_Value,Email,Retention,Clothing,0.101,2,2,410.11,8,205.055,2,410.11,43467.37,25.88,21733.69,0.0094,Completed,False,False,False,False
434,Upsell_Percentage_Discount_434,Percentage_Discount,8.7,0.0,2024-12-06,2024-12-20,14,Medium_Value,Website_Banner,Upsell,Books,0.206,1,1,289.28,3,289.28,1,289.28,7950.95,42.26,7950.95,0.0364,Completed,False,False,False,False
435,Acquisition_Free_Shipping_435,Free_Shipping,0.0,36.44,2025-07-24,2025-08-09,16,Low_Value,In_App,Acquisition,Sports,0.208,0,0,0.0,0,,0,0.0,34591.75,17.29,,0.0,Completed,False,False,False,False
436,Acquisition_BOGO_436,BOGO,0.0,89.83,2024-07-29,2024-09-01,34,High_Value,SMS,Acquisition,Home,0.083,1,1,377.9,2,377.9,1,377.9,30303.24,24.41,30303.24,0.0125,Completed,False,False,False,False
437,Retention_BOGO_437,BOGO,0.0,0.0,2025-02-22,2025-02-27,5,New_Customer,In_App,Retention,Electronics,0.109,0,0,0.0,0,,0,0.0,34139.64,24.41,,0.0,Completed,False,False,False,False
438,Upsell_Free_Shipping_438,Free_Shipping,0.0,77.5,2025-08-11,2025-08-26,15,Lapsed,Website_Banner,Upsell,Beauty,0.068,0,0,0.0,0,,0,0.0,20023.36,26.89,,0.0,Completed,False,False,False,False
439,Retention_Free_Shipping_439,Free_Shipping,0.0,67.59,2025-01-23,2025-02-07,15,New_Customer,Push,Retention,Unknown,0.199,1,1,129.8,5,129.8,1,129.8,5605.84,5.73,5605.84,0.0232,Completed,False,False,False,False
440,Cross_Sell_Fixed_Amount_440,Fixed_Amount,82.6,0.0,2025-03-17,2025-04-01,15,New_Customer,Social,Cross_Sell,Electronics,0.22,1,1,225.4,3,225.4,1,225.4,35771.13,11.26,35771.13,0.0063,Completed,False,False,False,False
441,Upsell_Percentage_Discount_441,Percentage_Discount,23.6,92.12,2024-08-24,2024-09-08,15,New_Customer,Social,Upsell,Unknown,0.091,2,2,270.35,2,135.175,2,270.35,11634.07,28.34,5817.04,0.0232,Completed,False,False,False,False
442,Reactivation_Fixed_Amount_442,Fixed_Amount,79.56,0.0,2025-06-07,2025-07-22,45,Low_Value,In_App,Reactivation,Unknown,0.152,0,0,0.0,0,,0,0.0,9733.35,31.89,,0.0,Completed,False,False,False,False
443,Acquisition_Fixed_Amount_443,Fixed_Amount,91.16,28.67,2024-07-12,2024-08-27,46,New_Customer,Website_Banner,Acquisition,Unknown,0.08,3,3,151.43,22,50.47666666666667,3,151.43,18620.08,29.29,6206.69,0.0081,Completed,False,False,False,False
444,Reactivation_Free_Shipping_444,Free_Shipping,0.0,77.55,2025-03-04,2025-04-08,35,Medium_Value,Push,Reactivation,Home,0.248,7,7,1457.24,41,208.17714285714285,7,1457.24,48197.22,5.16,6885.32,0.0302,Completed,False,False,False,False
445,Upsell_BOGO_445,BOGO,,28.84,2025-02-19,2025-02-25,6,High_Value,Website_Banner,Upsell,Beauty,0.173,0,0,0.0,0,,0,0.0,37280.15,45.25,,0.0,Completed,False,True,False,False
446,Cross_Sell_BOGO_446,BOGO,0.0,16.66,2025-03-05,2025-03-24,19,Low_Value,Website_Banner,Cross_Sell,Unknown,0.171,0,0,0.0,0,,0,0.0,22835.92,34.35,,0.0,Completed,False,False,False,False
447,Acquisition_Percentage_Discount_447,Percentage_Discount,28.4,26.01,2025-07-03,2025-08-28,56,Medium_Value,Email,Acquisition,Electronics,0.187,0,0,0.0,0,,0,0.0,14973.04,32.77,,0.0,Completed,False,False,False,False
448,Acquisition_Fixed_Amount_448,Fixed_Amount,34.04,58.86,2025-04-26,2025-06-09,44,Medium_Value,In_App,Acquisition,Home,0.141,1,1,136.73,2,136.73,1,136.73,20696.19,6.17,20696.19,0.0066,Completed,False,False,False,False
449,Reactivation_Fixed_Amount_449,Fixed_Amount,69.46,0.0,2025-07-23,2025-08-09,17,All_Customers,Website_Banner,Reactivation,Clothing,0.082,0,0,0.0,0,,0,0.0,41754.53,41.89,,0.0,Completed,False,False,False,False
450,Acquisition_BOGO_450,BOGO,0.0,39.34,2025-02-23,2025-03-17,22,Lapsed,Email,Acquisition,Home,0.224,0,0,0.0,0,,0,0.0,8909.65,6.36,,0.0,Completed,False,False,False,False
451,Reactivation_Fixed_Amount_451,Fixed_Amount,63.03,0.0,2025-07-09,2025-08-17,39,Low_Value,Social,Reactivation,Unknown,0.095,0,0,0.0,0,,0,0.0,18335.73,46.45,,0.0,Completed,False,False,False,False
452,Retention_BOGO_452,BOGO,0.0,44.76,2024-08-29,2024-09-02,4,High_Value,SMS,Retention,Unknown,0.147,2,2,1095.17,3,547.585,2,1095.17,10637.87,29.34,5318.94,0.103,Completed,False,False,False,False
453,Upsell_Free_Shipping_453,Free_Shipping,0.0,68.57,2025-01-31,2025-02-21,21,All_Customers,In_App,Upsell,Unknown,0.085,3,3,271.26,29,90.42,3,271.26,15730.84,12.6,5243.61,0.0172,Completed,False,False,False,False
454,Retention_Free_Shipping_454,Free_Shipping,0.0,0.0,2024-10-08,2024-10-25,17,New_Customer,Email,Retention,Unknown,0.05,3,3,399.73,35,133.24333333333334,3,399.73,21679.21,19.8,7226.4,0.0184,Completed,False,False,False,False
455,Cross_Sell_BOGO_455,BOGO,0.0,,2025-07-08,2025-07-27,19,Medium_Value,Social,Cross_Sell,Unknown,0.244,0,0,0.0,0,,0,0.0,28664.26,22.34,,0.0,Completed,False,False,False,False
456,Cross_Sell_Free_Shipping_456,Free_Shipping,0.0,90.34,2024-11-07,2024-11-17,10,High_Value,SMS,Cross_Sell,Books,0.151,0,0,0.0,7,,0,0.0,48644.98,42.79,,0.0,Completed,False,False,False,False
457,Upsell_Fixed_Amount_457,Fixed_Amount,88.22,30.77,2024-10-17,2024-10-23,6,Lapsed,Email,Upsell,Home,0.134,0,0,0.0,0,,0,0.0,17377.43,45.46,,0.0,Completed,False,False,False,False
458,Acquisition_Fixed_Amount_458,Fixed_Amount,30.86,0.0,2025-07-21,2025-09-13,54,Lapsed,SMS,Acquisition,Beauty,0.144,0,0,0.0,0,,0,0.0,10347.6,22.89,,0.0,Completed,False,False,False,False
459,Retention_Percentage_Discount_459,Percentage_Discount,34.8,0.0,2024-09-01,2024-09-14,13,Low_Value,Push,Retention,Unknown,0.096,3,3,290.16,9,96.72,3,290.16,13013.71,36.95,4337.9,0.0223,Completed,False,False,False,False
460,Reactivation_Free_Shipping_460,Free_Shipping,0.0,98.66,2024-09-20,2024-11-03,44,New_Customer,Push,Reactivation,Beauty,0.225,5,5,466.1,24,93.22,5,466.1,49511.87,12.29,9902.37,0.0094,Completed,False,False,False,False
461,Reactivation_Percentage_Discount_461,Percentage_Discount,34.0,34.0,2025-01-08,2025-03-05,56,Lapsed,In_App,Reactivation,Electronics,0.236,0,0,0.0,0,,0,0.0,43109.26,38.58,,0.0,Completed,False,False,False,False
462,Reactivation_BOGO_462,BOGO,0.0,0.0,2024-11-13,2024-11-27,14,High_Value,Website_Banner,Reactivation,Home,0.124,0,0,0.0,0,,0,0.0,9680.89,18.19,,0.0,Completed,False,False,False,False
463,Retention_Percentage_Discount_463,Percentage_Discount,11.9,15.38,2025-05-25,2025-06-01,7,New_Customer,SMS,Retention,Unknown,0.126,1,1,122.56,5,122.56,1,122.56,18082.92,33.3,18082.92,0.0068,Completed,False,False,False,False
464,Retention_Free_Shipping_464,Free_Shipping,0.0,21.77,2024-07-18,2024-08-06,19,High_Value,In_App,Retention,Books,0.061,0,0,0.0,0,,0,0.0,10877.88,23.38,,0.0,Completed,False,False,False,False
465,Retention_BOGO_465,BOGO,0.0,5.04,2025-03-16,2025-03-24,8,All_Customers,SMS,Retention,Books,0.054,3,3,325.48,15,108.49333333333334,3,325.48,33972.65,16.87,11324.22,0.0096,Completed,False,False,False,False
466,Upsell_Free_Shipping_466,Free_Shipping,0.0,0.0,2025-04-20,2025-05-01,11,Low_Value,SMS,Upsell,Unknown,0.2,1,1,53.23,1,53.23,1,53.23,28451.92,42.48,28451.92,0.0019,Completed,False,False,False,False
467,Cross_Sell_Free_Shipping_467,Free_Shipping,0.0,2.42,2024-12-01,2024-12-06,5,New_Customer,Push,Cross_Sell,Unknown,0.136,0,0,0.0,0,,0,0.0,48885.39,34.12,,0.0,Completed,False,False,False,False
468,Acquisition_Fixed_Amount_468,Fixed_Amount,89.99,0.0,2025-01-18,2025-03-10,51,Low_Value,In_App,Acquisition,Unknown,0.246,1,1,73.55,7,73.55,1,73.55,32344.76,6.34,32344.76,0.0023,Completed,False,False,False,False
469,Acquisition_Free_Shipping_469,Free_Shipping,0.0,13.74,2024-10-20,2024-12-02,43,New_Customer,SMS,Acquisition,Unknown,0.057,5,4,730.57,25,146.114,5,730.57,46463.3,28.91,11615.83,0.0157,Completed,False,False,False,False
470,Retention_Fixed_Amount_470,Fixed_Amount,13.32,0.0,2025-02-21,2025-03-07,14,All_Customers,Website_Banner,Retention,Sports,0.149,1,1,274.59,7,274.59,1,274.59,23051.1,47.38,23051.1,0.0119,Completed,False,False,False,False
471,Acquisition_Free_Shipping_471,Free_Shipping,0.0,70.14,2025-01-18,2025-03-03,44,Low_Value,Website_Banner,Acquisition,Home,0.054,2,2,178.09,3,89.045,2,178.09,46424.12,26.33,23212.06,0.0038,Completed,False,False,False,False
472,Reactivation_BOGO_472,BOGO,0.0,97.02,2024-12-30,2025-02-12,44,Low_Value,In_App,Reactivation,Unknown,0.112,3,3,217.12,29,72.37333333333333,3,217.12,47905.73,22.5,15968.58,0.0045,Completed,False,False,False,False
473,Acquisition_Percentage_Discount_473,Percentage_Discount,7.6,,2024-07-27,2024-08-18,22,New_Customer,Push,Acquisition,Unknown,0.232,1,1,105.65,13,105.65,1,105.65,10040.34,29.47,10040.34,0.0105,Completed,False,False,False,False
474,Retention_BOGO_474,BOGO,0.0,27.56,2025-06-04,2025-06-23,19,New_Customer,Email,Retention,Unknown,0.211,3,3,410.12,18,136.70666666666668,3,410.12,16424.14,40.9,5474.71,0.025,Completed,False,False,False,False
475,Upsell_Free_Shipping_475,Free_Shipping,0.0,40.41,2024-08-24,2024-09-05,12,High_Value,Push,Upsell,Unknown,0.128,1,1,419.79,1,419.79,1,419.79,19331.01,8.82,19331.01,0.0217,Completed,False,False,False,False
476,Upsell_Percentage_Discount_476,Percentage_Discount,24.6,66.59,2024-11-29,2024-12-15,16,Medium_Value,Push,Upsell,Unknown,0.178,1,1,294.28,20,294.28,1,294.28,10541.49,39.76,10541.49,0.0279,Completed,False,False,False,False
477,Upsell_Free_Shipping_477,Free_Shipping,0.0,1.95,2024-11-11,2024-11-15,4,High_Value,Website_Banner,Upsell,Unknown,0.23,0,0,0.0,0,,0,0.0,8043.58,43.86,,0.0,Completed,False,False,False,False
478,Upsell_Fixed_Amount_478,Fixed_Amount,57.76,0.0,2024-10-29,2024-11-12,14,High_Value,SMS,Upsell,Beauty,0.196,1,1,390.22,6,390.22,1,390.22,12625.02,37.18,12625.02,0.0309,Completed,False,False,False,False
479,Cross_Sell_BOGO_479,BOGO,0.0,1.06,2024-12-07,2024-12-16,9,High_Value,Website_Banner,Cross_Sell,Unknown,0.114,1,1,643.67,2,643.67,1,643.67,49661.52,44.29,49661.52,0.013,Completed,False,False,False,False
480,Acquisition_Percentage_Discount_480,Percentage_Discount,20.1,0.0,2025-01-30,2025-03-29,58,Medium_Value,Push,Acquisition,Beauty,0.126,2,2,460.09,12,230.045,2,460.09,24929.79,23.01,12464.9,0.0185,Completed,False,False,False,False
481,Retention_Percentage_Discount_481,Percentage_Discount,15.9,,2025-02-06,2025-02-21,15,Low_Value,Social,Retention,Electronics,0.129,1,1,34.04,10,34.04,1,34.04,11422.19,26.29,11422.19,0.003,Completed,False,False,False,False
482,Retention_BOGO_482,BOGO,0.0,87.77,2025-08-08,2025-08-17,9,Medium_Value,Push,Retention,Unknown,0.223,0,0,0.0,0,,0,0.0,30817.89,38.62,,0.0,Completed,False,False,False,False
483,Upsell_Free_Shipping_483,Free_Shipping,0.0,98.27,2025-06-09,2025-06-29,20,All_Customers,In_App,Upsell,Electronics,0.128,1,1,83.96,6,83.96,1,83.96,30027.48,23.02,30027.48,0.0028,Completed,False,False,False,False
484,Cross_Sell_Percentage_Discount_484,Percentage_Discount,22.2,92.68,2025-09-04,2025-09-08,4,Lapsed,SMS,Cross_Sell,Unknown,0.172,0,0,0.0,0,,0,0.0,45416.17,36.61,,0.0,Completed,False,False,False,False
485,Reactivation_Free_Shipping_485,Free_Shipping,0.0,,2024-08-06,2024-08-25,19,Lapsed,Email,Reactivation,Unknown,0.057,0,0,0.0,0,,0,0.0,10479.62,27.95,,0.0,Completed,False,False,False,False
486,Cross_Sell_Fixed_Amount_486,Fixed_Amount,65.71,75.51,2024-11-16,2024-11-30,14,High_Value,Push,Cross_Sell,Clothing,0.109,0,0,0.0,6,,0,0.0,22555.97,25.91,,0.0,Completed,False,False,False,False
487,Retention_Fixed_Amount_487,Fixed_Amount,59.67,0.0,2025-07-13,2025-08-02,20,Medium_Value,Email,Retention,Unknown,0.198,0,0,0.0,0,,0,0.0,10212.3,43.84,,0.0,Completed,False,False,False,False
488,Upsell_BOGO_488,BOGO,0.0,0.0,2024-08-31,2024-09-08,8,Low_Value,Push,Upsell,Unknown,0.11,0,0,0.0,0,,0,0.0,36214.82,39.42,,0.0,Completed,False,False,False,False
489,Retention_Free_Shipping_489,Free_Shipping,0.0,0.0,2024-12-21,2025-01-01,11,Medium_Value,Push,Retention,Sports,0.151,0,0,0.0,1,,0,0.0,17330.81,13.95,,0.0,Completed,False,False,False,False
490,Retention_Fixed_Amount_490,Fixed_Amount,63.42,3.23,2025-08-31,2025-09-09,9,New_Customer,Push,Retention,Unknown,0.134,0,0,0.0,0,,0,0.0,30156.37,39.67,,0.0,Completed,False,False,False,False
491,Cross_Sell_BOGO_491,BOGO,0.0,14.3,2025-01-20,2025-02-07,18,Low_Value,Push,Cross_Sell,Clothing,0.134,2,2,105.89,5,52.945,2,105.89,35655.77,25.38,17827.89,0.003,Completed,False,False,False,False
492,Cross_Sell_Percentage_Discount_492,Percentage_Discount,17.7,0.0,2025-02-01,2025-02-14,13,New_Customer,Website_Banner,Cross_Sell,Unknown,0.064,0,0,0.0,0,,0,0.0,27729.0,7.83,,0.0,Completed,False,False,False,False
493,Acquisition_BOGO_493,BOGO,0.0,0.0,2025-04-22,2025-05-20,28,All_Customers,Push,Acquisition,Unknown,0.243,8,8,1854.66,42,231.8325,8,1854.66,37072.45,32.6,4634.06,0.05,Completed,False,False,False,False
494,Cross_Sell_BOGO_494,BOGO,0.0,0.0,2024-11-17,2024-11-25,8,High_Value,Email,Cross_Sell,Home,0.188,1,1,279.05,4,279.05,1,279.05,10948.33,7.06,10948.33,0.0255,Completed,False,False,False,False
495,Cross_Sell_Fixed_Amount_495,Fixed_Amount,93.56,24.25,2025-07-19,2025-08-04,16,Low_Value,In_App,Cross_Sell,Electronics,0.091,0,0,0.0,0,,0,0.0,43009.87,12.21,,0.0,Completed,False,False,False,False
496,Upsell_Free_Shipping_496,Free_Shipping,0.0,16.8,2025-07-03,2025-07-06,3,High_Value,Push,Upsell,Books,0.126,0,0,0.0,0,,0,0.0,43402.77,22.01,,0.0,Completed,False,False,False,False
497,Acquisition_BOGO_497,BOGO,0.0,0.0,2025-06-04,2025-07-17,43,All_Customers,Push,Acquisition,Electronics,0.201,8,8,1459.02,79,182.3775,8,1459.02,21299.56,9.02,2662.45,0.0685,Completed,False,False,False,False
498,Cross_Sell_BOGO_498,BOGO,0.0,31.59,2025-06-27,2025-07-18,21,All_Customers,Push,Cross_Sell,Unknown,0.21,1,1,129.08,3,129.08,1,129.08,4734.13,12.5,4734.13,0.0273,Completed,False,False,False,False
499,Retention_Free_Shipping_499,Free_Shipping,0.0,86.02,2025-05-20,2025-05-31,11,High_Value,Email,Retention,Home,0.133,2,2,1183.28,16,591.64,2,1183.28,13492.48,35.05,6746.24,0.0877,Completed,False,False,False,False
500,Retention_Fixed_Amount_500,Fixed_Amount,76.48,19.78,2024-07-17,2024-07-27,10,New_Customer,SMS,Retention,Unknown,0.247,1,1,112.92,6,112.92,1,112.92,22788.32,25.56,22788.32,0.005,Completed,False,False,False,False
501,Acquisition_BOGO_501,BOGO,0.0,0.0,2025-04-10,2025-05-13,33,Medium_Value,Push,Acquisition,Unknown,0.168,3,3,617.05,24,205.68333333333334,3,617.05,15291.41,29.89,5097.14,0.0404,Completed,False,False,False,False
502,Upsell_Percentage_Discount_502,Percentage_Discount,23.7,0.0,2025-05-09,2025-05-15,6,All_Customers,SMS,Upsell,Unknown,0.217,1,1,85.34,3,85.34,1,85.34,8678.85,32.42,8678.85,0.0098,Completed,False,False,False,False
503,Reactivation_Fixed_Amount_503,Fixed_Amount,70.21,48.78,2025-02-21,2025-04-05,43,Lapsed,Push,Reactivation,Unknown,0.17,0,0,0.0,0,,0,0.0,36584.84,49.81,,0.0,Completed,False,False,False,False
504,Acquisition_BOGO_504,BOGO,0.0,0.0,2024-08-02,2024-08-21,19,Medium_Value,In_App,Acquisition,Unknown,0.15,0,0,0.0,0,,0,0.0,17667.03,15.65,,0.0,Completed,False,False,False,False
505,Upsell_BOGO_505,BOGO,0.0,56.83,2025-07-17,2025-07-29,12,Lapsed,Push,Upsell,Home,0.056,0,0,0.0,0,,0,0.0,31664.44,20.85,,0.0,Completed,False,False,False,False
506,Acquisition_Percentage_Discount_506,Percentage_Discount,6.5,84.78,2025-06-09,2025-08-07,59,High_Value,Email,Acquisition,Beauty,0.213,1,1,374.56,6,374.56,1,374.56,49675.68,33.18,49675.68,0.0075,Completed,False,False,False,False
507,Cross_Sell_Percentage_Discount_507,Percentage_Discount,44.0,90.3,2025-08-03,2025-08-19,16,Lapsed,In_App,Cross_Sell,Home,0.219,0,0,0.0,0,,0,0.0,13926.42,15.43,,0.0,Completed,False,False,False,False
508,Retention_Percentage_Discount_508,Percentage_Discount,19.8,8.48,2024-09-25,2024-10-07,12,Medium_Value,Website_Banner,Retention,Unknown,0.14,1,1,197.47,1,197.47,1,197.47,39886.55,43.57,39886.55,0.005,Completed,False,False,False,False
509,Upsell_Percentage_Discount_509,Percentage_Discount,41.0,23.35,2025-09-18,2025-09-29,11,Low_Value,SMS,Upsell,Unknown,0.218,0,0,0.0,0,,0,0.0,19913.09,15.82,,0.0,Completed,False,False,False,False
510,Acquisition_Free_Shipping_510,Free_Shipping,0.0,35.28,2024-12-16,2025-02-11,57,All_Customers,Push,Acquisition,Sports,0.25,30,29,5562.9,177,185.43,30,5562.9,29163.83,31.03,1005.65,0.1907,Completed,False,False,False,False
511,Acquisition_Free_Shipping_511,Free_Shipping,0.0,17.76,2025-01-26,2025-02-17,22,High_Value,In_App,Acquisition,Unknown,0.168,0,0,0.0,0,,0,0.0,48343.69,23.79,,0.0,Completed,False,False,False,False
512,Upsell_Percentage_Discount_512,Percentage_Discount,43.0,83.33,2025-07-10,2025-07-28,18,High_Value,Social,Upsell,Sports,0.082,0,0,0.0,0,,0,0.0,31287.34,26.27,,0.0,Completed,False,False,False,False
513,Cross_Sell_Percentage_Discount_513,Percentage_Discount,45.3,40.64,2025-08-12,2025-08-17,5,Low_Value,Email,Cross_Sell,Beauty,0.238,0,0,0.0,0,,0,0.0,45561.28,30.41,,0.0,Completed,False,False,False,False
514,Acquisition_BOGO_514,BOGO,0.0,27.21,2024-12-12,2025-01-11,30,High_Value,SMS,Acquisition,Unknown,0.205,1,1,256.54,5,256.54,1,256.54,7690.28,39.09,7690.28,0.0334,Completed,False,False,False,False
515,Cross_Sell_Fixed_Amount_515,Fixed_Amount,28.87,77.47,2025-03-21,2025-03-30,9,High_Value,Push,Cross_Sell,Unknown,0.236,1,1,579.52,3,579.52,1,579.52,10141.17,22.16,10141.17,0.0571,Completed,False,False,False,False
516,Acquisition_Free_Shipping_516,Free_Shipping,0.0,48.73,2025-02-18,2025-04-04,45,Low_Value,Social,Acquisition,Unknown,0.109,11,11,1120.6,36,101.87272727272727,11,1120.6,32090.32,26.37,2917.3,0.0349,Completed,False,False,False,False
517,Retention_Fixed_Amount_517,Fixed_Amount,36.07,22.18,2025-04-03,2025-04-12,9,All_Customers,Push,Retention,Unknown,0.148,1,1,190.24,4,190.24,1,190.24,15330.01,16.0,15330.01,0.0124,Completed,False,False,False,False
518,Retention_Fixed_Amount_518,Fixed_Amount,65.16,6.14,2024-12-08,2024-12-25,17,Medium_Value,Email,Retention,Unknown,0.079,3,3,579.75,15,193.25,3,579.75,24356.56,27.52,8118.85,0.0238,Completed,False,False,False,False
519,Upsell_Free_Shipping_519,Free_Shipping,0.0,0.0,2025-09-14,2025-09-24,10,New_Customer,SMS,Upsell,Electronics,0.06,0,0,0.0,0,,0,0.0,13821.75,23.18,,0.0,Completed,False,False,False,False
520,Reactivation_BOGO_520,BOGO,0.0,0.0,2024-12-20,2025-02-15,57,Medium_Value,Social,Reactivation,Unknown,0.05,6,6,1203.34,22,200.55666666666667,6,1203.34,1592.1,43.45,265.35,0.7558,Completed,False,False,False,False
521,Upsell_Free_Shipping_521,Free_Shipping,0.0,,2024-12-30,2025-01-05,6,New_Customer,Push,Upsell,Electronics,0.248,0,0,0.0,0,,0,0.0,17696.09,5.67,,0.0,Completed,False,False,False,False
522,Acquisition_Fixed_Amount_522,Fixed_Amount,81.33,94.83,2024-11-25,2025-01-22,58,Lapsed,Website_Banner,Acquisition,Beauty,0.106,0,0,0.0,0,,0,0.0,28629.85,45.48,,0.0,Completed,False,False,False,False
523,Reactivation_Fixed_Amount_523,Fixed_Amount,19.5,0.0,2025-03-03,2025-01-11,51,Medium_Value,Push,Reactivation,Unknown,0.116,0,0,0.0,0,,0,0.0,23034.82,44.1,,0.0,Completed,True,False,False,False
524,Cross_Sell_BOGO_524,BOGO,0.0,85.87,2025-08-21,2025-09-06,16,Low_Value,Push,Cross_Sell,Electronics,0.082,0,0,0.0,0,,0,0.0,24455.47,8.83,,0.0,Completed,False,False,False,False
525,Cross_Sell_Free_Shipping_525,Free_Shipping,0.0,0.0,2025-09-16,2025-09-21,5,Low_Value,Email,Cross_Sell,Clothing,0.065,0,0,0.0,0,,0,0.0,4098.55,17.9,,0.0,Completed,False,False,False,False
526,Cross_Sell_Fixed_Amount_526,Fixed_Amount,78.75,0.0,2025-03-09,2025-03-29,20,Medium_Value,In_App,Cross_Sell,Electronics,0.054,0,0,0.0,0,,0,0.0,13474.89,5.2,,0.0,Completed,False,False,False,False
527,Reactivation_Fixed_Amount_527,Fixed_Amount,44.77,77.14,2025-04-08,2025-05-24,46,New_Customer,Website_Banner,Reactivation,Books,0.11,1,1,171.59,6,171.59,1,171.59,47796.43,9.4,47796.43,0.0036,Completed,False,False,False,False
528,Retention_Percentage_Discount_528,Percentage_Discount,15.5,99.95,2025-05-31,2025-06-08,8,New_Customer,Social,Retention,Unknown,0.204,3,3,474.09,12,158.03,3,474.09,42732.97,46.05,14244.32,0.0111,Completed,False,False,False,False
529,Upsell_Free_Shipping_529,Free_Shipping,0.0,0.0,2024-07-25,2024-08-02,8,Lapsed,Website_Banner,Upsell,Unknown,0.132,0,0,0.0,0,,0,0.0,46257.71,23.65,,0.0,Completed,False,False,False,False
530,Upsell_BOGO_530,BOGO,0.0,51.98,2025-02-15,2025-02-22,7,Lapsed,Email,Upsell,Unknown,0.212,0,0,0.0,0,,0,0.0,30030.4,31.04,,0.0,Completed,False,False,False,False
531,Cross_Sell_Free_Shipping_531,Free_Shipping,0.0,0.0,2025-08-26,2025-09-01,6,New_Customer,Email,Cross_Sell,Beauty,0.118,0,0,0.0,0,,0,0.0,20244.31,41.33,,0.0,Completed,False,False,False,False
532,Cross_Sell_Percentage_Discount_532,Percentage_Discount,24.1,75.9,2025-03-18,2025-04-07,20,Medium_Value,Push,Cross_Sell,Beauty,0.11,0,0,0.0,0,,0,0.0,28883.95,40.78,,0.0,Completed,False,False,False,False
533,Retention_Free_Shipping_533,Free_Shipping,0.0,48.86,2025-07-08,2025-07-25,17,Lapsed,SMS,Retention,Unknown,0.123,0,0,0.0,0,,0,0.0,2420.58,23.58,,0.0,Completed,False,False,False,False
534,Retention_BOGO_534,BOGO,0.0,0.0,2025-02-11,2025-02-22,11,Medium_Value,In_App,Retention,Unknown,0.207,0,0,0.0,0,,0,0.0,15419.85,16.69,,0.0,Completed,False,False,False,False
535,Acquisition_BOGO_535,BOGO,0.0,0.0,2025-02-23,2025-04-01,37,All_Customers,Website_Banner,Acquisition,Books,0.239,5,5,580.88,28,116.176,5,580.88,27205.45,24.62,5441.09,0.0214,Completed,False,False,False,False
536,Retention_Fixed_Amount_536,Fixed_Amount,75.35,59.95,2024-09-14,2024-10-02,18,High_Value,SMS,Retention,Unknown,0.069,1,1,244.82,5,244.82,1,244.82,25437.01,45.76,25437.01,0.0096,Completed,False,False,False,False
537,Upsell_Free_Shipping_537,Free_Shipping,0.0,,2024-11-07,2024-11-20,13,High_Value,In_App,Upsell,Unknown,0.193,1,1,666.77,2,666.77,1,666.77,41020.29,14.95,41020.29,0.0163,Completed,False,False,False,False
538,Acquisition_Fixed_Amount_538,Fixed_Amount,65.42,44.48,2025-06-21,2025-08-01,41,All_Customers,Website_Banner,Acquisition,Sports,0.185,4,4,721.65,27,180.4125,4,721.65,24220.73,10.26,6055.18,0.0298,Completed,False,False,False,False
539,Upsell_Percentage_Discount_539,Percentage_Discount,33.8,89.33,2025-03-12,2025-03-27,15,All_Customers,Social,Upsell,Home,0.142,4,4,229.66,16,57.415,4,229.66,23654.61,48.53,5913.65,0.0097,Completed,False,False,False,False
540,Upsell_Free_Shipping_540,Free_Shipping,0.0,81.58,2024-12-28,2025-01-16,19,Low_Value,SMS,Upsell,Unknown,0.201,4,3,288.8,20,72.2,4,288.8,30035.31,23.07,10011.77,0.0096,Completed,False,False,False,False
541,Cross_Sell_BOGO_541,BOGO,0.0,5.98,2024-07-09,2024-07-30,21,Medium_Value,SMS,Cross_Sell,Unknown,0.242,7,7,1188.44,24,169.77714285714285,7,1188.44,23092.29,15.54,3298.9,0.0515,Completed,False,False,False,False
542,Cross_Sell_Free_Shipping_542,Free_Shipping,0.0,18.28,2024-07-20,2024-08-03,14,Medium_Value,Email,Cross_Sell,Sports,0.111,3,3,573.26,8,191.08666666666667,3,573.26,39470.59,46.44,13156.86,0.0145,Completed,False,False,False,False
543,Acquisition_Percentage_Discount_543,Percentage_Discount,29.0,73.8,2024-09-01,2024-09-20,19,Lapsed,Social,Acquisition,Unknown,0.085,0,0,0.0,0,,0,0.0,16385.29,36.35,,0.0,Completed,False,False,False,False
544,Reactivation_Percentage_Discount_544,Percentage_Discount,8.3,57.64,2024-09-02,2024-10-19,47,High_Value,Website_Banner,Reactivation,Unknown,0.123,4,4,2135.59,14,533.8975,4,2135.59,41392.86,25.44,10348.22,0.0516,Completed,False,False,False,False
545,Cross_Sell_Free_Shipping_545,Free_Shipping,0.0,0.0,2024-11-17,2024-10-31,17,High_Value,Website_Banner,Cross_Sell,Unknown,0.145,0,0,0.0,0,,0,0.0,48035.39,36.05,,0.0,Completed,True,False,False,False
546,Retention_BOGO_546,BOGO,0.0,20.42,2024-11-13,2024-11-26,13,New_Customer,Website_Banner,Retention,Electronics,0.146,1,1,56.22,4,56.22,1,56.22,7892.27,34.94,7892.27,0.0071,Completed,False,False,False,False
547,Upsell_BOGO_547,BOGO,0.0,10.54,2025-02-01,2025-02-10,9,Lapsed,Push,Upsell,Unknown,0.101,0,0,0.0,0,,0,0.0,38989.48,15.16,,0.0,Completed,False,False,False,False
548,Cross_Sell_Free_Shipping_548,Free_Shipping,0.0,53.41,2024-09-23,2024-10-07,14,Low_Value,Email,Cross_Sell,Unknown,0.216,2,2,131.92,12,65.96,2,131.92,47906.84,37.47,23953.42,0.0028,Completed,False,False,False,False
549,Reactivation_BOGO_549,BOGO,0.0,0.0,2024-12-13,2025-01-01,19,Lapsed,Website_Banner,Reactivation,Unknown,0.199,0,0,0.0,0,,0,0.0,31662.92,48.62,,0.0,Completed,False,False,False,False
550,Retention_Fixed_Amount_550,Fixed_Amount,35.96,19.84,2025-02-17,2025-02-21,4,High_Value,SMS,Retention,Unknown,0.101,0,0,0.0,0,,0,0.0,8468.85,45.94,,0.0,Completed,False,False,False,False
551,Acquisition_Percentage_Discount_551,Percentage_Discount,32.5,0.0,2024-12-04,2024-12-31,27,Lapsed,Push,Acquisition,Unknown,0.065,0,0,0.0,0,,0,0.0,20619.45,41.3,,0.0,Completed,False,False,False,False
552,Retention_Fixed_Amount_552,Fixed_Amount,93.9,62.21,2025-06-25,2025-07-12,17,New_Customer,Email,Retention,Electronics,0.15,2,2,176.62,5,88.31,2,176.62,27786.56,32.02,13893.28,0.0064,Completed,False,False,False,False
553,Retention_BOGO_553,BOGO,0.0,45.45,2025-05-06,2025-05-19,13,Medium_Value,In_App,Retention,Unknown,0.077,1,1,165.0,7,165.0,1,165.0,28875.54,18.6,28875.54,0.0057,Completed,False,False,False,False
554,Reactivation_BOGO_554,BOGO,0.0,0.0,2024-08-26,2024-10-16,51,Medium_Value,SMS,Reactivation,Beauty,0.055,9,9,1469.42,36,163.26888888888888,9,1469.42,21141.26,6.48,2349.03,0.0695,Completed,False,False,False,False
555,Cross_Sell_Free_Shipping_555,Free_Shipping,0.0,80.02,2024-08-31,2024-09-21,21,Low_Value,In_App,Cross_Sell,Unknown,0.131,3,3,339.36,12,113.12,3,339.36,11417.41,23.07,3805.8,0.0297,Completed,False,False,False,False
556,Acquisition_Free_Shipping_556,Free_Shipping,0.0,6.38,2025-04-18,2025-05-26,38,Medium_Value,In_App,Acquisition,Sports,0.052,2,2,432.73,12,216.365,2,432.73,7381.8,20.77,3690.9,0.0586,Completed,False,False,False,False
557,Retention_Free_Shipping_557,Free_Shipping,0.0,73.19,2024-10-23,2024-11-12,20,All_Customers,Email,Retention,Unknown,0.22,10,10,1506.56,48,150.656,10,1506.56,13080.9,7.5,1308.09,0.1152,Completed,False,False,False,False
558,Cross_Sell_Free_Shipping_558,Free_Shipping,0.0,67.55,2024-11-30,2024-12-08,8,All_Customers,Website_Banner,Cross_Sell,Clothing,0.167,0,0,0.0,4,,0,0.0,10953.19,10.24,,0.0,Completed,False,False,False,False
559,Acquisition_Percentage_Discount_559,Percentage_Discount,26.6,72.18,2025-07-25,2025-09-16,53,Medium_Value,Social,Acquisition,Books,0.123,0,0,0.0,0,,0,0.0,24686.49,39.21,,0.0,Completed,False,False,False,False
560,Reactivation_BOGO_560,BOGO,0.0,2.87,2024-10-10,2024-11-09,30,All_Customers,Social,Reactivation,Unknown,0.218,15,15,2935.99,67,195.73266666666666,15,2935.99,14842.4,10.68,989.49,0.1978,Completed,False,False,False,False
561,Retention_BOGO_561,BOGO,0.0,66.78,2025-07-06,2025-07-24,18,High_Value,Social,Retention,Home,0.134,0,0,0.0,0,,0,0.0,35956.01,16.36,,0.0,Completed,False,False,False,False
562,Reactivation_BOGO_562,BOGO,0.0,38.58,2025-07-09,2025-08-05,27,Lapsed,Website_Banner,Reactivation,Beauty,0.075,0,0,0.0,0,,0,0.0,18517.52,38.86,,0.0,Completed,False,False,False,False
563,Upsell_Fixed_Amount_563,Fixed_Amount,73.77,49.68,2025-07-24,2025-08-05,12,New_Customer,SMS,Upsell,Home,0.129,0,0,0.0,0,,0,0.0,4540.77,15.83,,0.0,Completed,False,False,False,False
564,Reactivation_Fixed_Amount_564,Fixed_Amount,36.05,0.0,2025-02-18,2025-03-23,33,High_Value,Website_Banner,Reactivation,Unknown,0.171,1,1,245.67,3,245.67,1,245.67,46440.9,34.71,46440.9,0.0053,Completed,False,False,False,False
565,Cross_Sell_BOGO_565,BOGO,0.0,60.27,2024-12-11,2024-12-18,7,All_Customers,Social,Cross_Sell,Beauty,0.186,2,2,565.29,7,282.645,2,565.29,25511.37,42.12,12755.69,0.0222,Completed,False,False,False,False
566,Upsell_BOGO_566,BOGO,0.0,73.77,2025-05-12,2025-05-22,10,Medium_Value,In_App,Upsell,Unknown,0.189,0,0,0.0,0,,0,0.0,7309.54,21.09,,0.0,Completed,False,False,False,False
567,Reactivation_Free_Shipping_567,Free_Shipping,0.0,26.37,2025-04-16,2025-06-08,53,New_Customer,In_App,Reactivation,Unknown,0.145,3,3,358.96,6,119.65333333333334,3,358.96,18338.64,19.74,6112.88,0.0196,Completed,False,False,False,False
568,Reactivation_Free_Shipping_568,Free_Shipping,0.0,19.6,2024-11-06,2025-01-01,56,Low_Value,SMS,Reactivation,Sports,0.083,4,4,356.63,18,89.1575,4,356.63,20737.16,45.83,5184.29,0.0172,Completed,False,False,False,False
569,Upsell_Fixed_Amount_569,Fixed_Amount,46.03,86.36,2025-04-08,2025-04-24,16,Medium_Value,Email,Upsell,Unknown,0.204,2,2,496.63,6,248.315,2,496.63,5765.81,40.6,2882.91,0.0861,Completed,False,False,False,False
570,Cross_Sell_BOGO_570,BOGO,0.0,45.81,2025-01-25,2025-01-29,4,Lapsed,Website_Banner,Cross_Sell,Electronics,0.236,0,0,0.0,0,,0,0.0,26082.18,32.23,,0.0,Completed,False,False,False,False
571,Retention_Fixed_Amount_571,Fixed_Amount,,53.14,2024-10-05,2024-10-26,21,Medium_Value,Email,Retention,Sports,0.231,2,2,389.34,16,194.67,2,389.34,46835.14,21.06,23417.57,0.0083,Completed,False,True,False,False
572,Reactivation_Percentage_Discount_572,Percentage_Discount,37.8,7.34,2025-03-25,2025-05-09,45,Lapsed,Email,Reactivation,Clothing,0.219,0,0,0.0,0,,0,0.0,47277.26,43.4,,0.0,Completed,False,False,False,False
573,Retention_Fixed_Amount_573,Fixed_Amount,8.97,53.86,2024-07-13,2024-07-17,4,New_Customer,Website_Banner,Retention,Home,0.238,0,0,0.0,0,,0,0.0,36711.36,17.64,,0.0,Completed,False,False,False,False
574,Retention_Free_Shipping_574,Free_Shipping,0.0,0.0,2025-02-06,2025-02-14,8,Low_Value,Push,Retention,Books,0.076,1,1,91.16,13,91.16,1,91.16,48203.36,40.63,48203.36,0.0019,Completed,False,False,False,False
575,Reactivation_Fixed_Amount_575,Fixed_Amount,41.1,96.31,2024-12-07,2024-12-23,16,All_Customers,Push,Reactivation,Unknown,0.159,6,5,909.45,39,151.575,6,909.45,22441.84,42.11,4488.37,0.0405,Completed,False,False,False,False
576,Retention_Free_Shipping_576,Free_Shipping,0.0,94.5,2025-08-26,2025-09-06,11,Medium_Value,Email,Retention,Clothing,0.232,0,0,0.0,0,,0,0.0,19405.45,17.69,,0.0,Completed,False,False,False,False
577,Retention_Percentage_Discount_577,Percentage_Discount,,0.0,2025-01-20,2025-02-09,20,All_Customers,Push,Retention,Sports,0.155,7,7,739.35,34,105.62142857142857,7,739.35,39079.44,24.1,5582.78,0.0189,Completed,False,True,False,False
578,Retention_BOGO_578,BOGO,0.0,89.83,2024-12-30,2025-01-14,15,Lapsed,Email,Retention,Unknown,0.248,0,0,0.0,0,,0,0.0,39341.31,37.75,,0.0,Completed,False,False,False,False
579,Acquisition_Free_Shipping_579,Free_Shipping,0.0,52.47,2024-12-18,2025-01-11,24,High_Value,Push,Acquisition,Unknown,0.126,0,0,0.0,0,,0,0.0,2953.02,31.29,,0.0,Completed,False,False,False,False
580,Acquisition_Free_Shipping_580,Free_Shipping,0.0,19.7,2025-06-29,2025-08-26,58,New_Customer,Push,Acquisition,Unknown,0.181,0,0,0.0,0,,0,0.0,29595.37,49.64,,0.0,Completed,False,False,False,False
581,Retention_BOGO_581,BOGO,0.0,10.57,2025-09-17,2025-09-27,10,Lapsed,Social,Retention,Unknown,0.151,0,0,0.0,0,,0,0.0,24996.97,8.33,,0.0,Completed,False,False,False,False
582,Retention_Percentage_Discount_582,Percentage_Discount,31.9,21.87,2025-08-06,2025-08-10,4,Medium_Value,SMS,Retention,Beauty,0.181,0,0,0.0,0,,0,0.0,26560.0,25.04,,0.0,Completed,False,False,False,False
583,Upsell_Fixed_Amount_583,Fixed_Amount,59.91,67.37,2024-11-27,2024-12-17,20,Medium_Value,SMS,Upsell,Electronics,0.178,1,1,189.65,5,189.65,1,189.65,4389.37,31.01,4389.37,0.0432,Completed,False,False,False,False
584,Retention_Percentage_Discount_584,Percentage_Discount,34.3,45.08,2025-01-06,2025-01-26,20,Medium_Value,Email,Retention,Unknown,0.165,0,0,0.0,0,,0,0.0,3907.8,42.74,,0.0,Completed,False,False,False,False
585,Acquisition_BOGO_585,BOGO,0.0,81.67,2024-12-14,2025-02-04,52,Medium_Value,SMS,Acquisition,Unknown,0.103,4,4,819.09,20,204.7725,4,819.09,31471.1,42.78,7867.78,0.026,Completed,False,False,False,False
586,Retention_Percentage_Discount_586,Percentage_Discount,42.8,14.06,2025-01-25,2025-02-09,15,Lapsed,Email,Retention,Unknown,0.108,0,0,0.0,0,,0,0.0,23626.08,19.99,,0.0,Completed,False,False,False,False
587,Upsell_BOGO_587,BOGO,0.0,0.0,2025-06-04,2025-06-21,17,Low_Value,SMS,Upsell,Unknown,0.22,0,0,0.0,4,,0,0.0,26009.77,12.38,,0.0,Completed,False,False,False,False
588,Retention_BOGO_588,BOGO,0.0,59.48,2025-04-18,2025-05-05,17,Lapsed,In_App,Retention,Books,0.141,0,0,0.0,0,,0,0.0,4919.42,5.23,,0.0,Completed,False,False,False,False
589,Cross_Sell_Free_Shipping_589,Free_Shipping,0.0,0.0,2025-01-31,2025-02-15,15,All_Customers,In_App,Cross_Sell,Clothing,0.155,4,4,1163.06,16,290.765,4,1163.06,45658.0,8.23,11414.5,0.0255,Completed,False,False,False,False
590,Acquisition_Free_Shipping_590,Free_Shipping,0.0,25.75,2025-03-01,2025-04-23,53,Lapsed,SMS,Acquisition,Unknown,0.25,0,0,0.0,0,,0,0.0,35190.97,38.68,,0.0,Completed,False,False,False,False
591,Cross_Sell_BOGO_591,BOGO,0.0,89.56,2024-11-27,2024-12-05,8,High_Value,In_App,Cross_Sell,Unknown,0.089,0,0,0.0,0,,0,0.0,15952.99,26.11,,0.0,Completed,False,False,False,False
592,Reactivation_Percentage_Discount_592,Percentage_Discount,34.2,0.0,2025-03-18,2025-05-14,57,Lapsed,Push,Reactivation,Unknown,0.141,0,0,0.0,0,,0,0.0,16072.88,39.22,,0.0,Completed,False,False,False,False
593,Reactivation_Fixed_Amount_593,Fixed_Amount,13.71,16.0,2024-08-25,2024-09-27,33,High_Value,Social,Reactivation,Unknown,0.114,2,2,817.94,10,408.97,2,817.94,42703.34,29.67,21351.67,0.0192,Completed,False,False,False,False
594,Acquisition_Percentage_Discount_594,Percentage_Discount,11.1,81.54,2025-01-17,2025-02-03,17,All_Customers,Social,Acquisition,Sports,0.142,3,3,333.96,12,111.32,3,333.96,31023.1,5.98,10341.03,0.0108,Completed,False,False,False,False
595,Upsell_BOGO_595,BOGO,0.0,65.26,2024-10-15,2024-10-20,5,All_Customers,Email,Upsell,Clothing,0.144,4,4,405.87,17,101.4675,4,405.87,21547.7,25.14,5386.93,0.0188,Completed,False,False,False,False
596,Acquisition_Fixed_Amount_596,Fixed_Amount,31.03,78.75,2024-12-06,2025-01-28,53,Medium_Value,Social,Acquisition,Beauty,0.185,7,7,1435.28,35,205.04,7,1435.28,24351.69,34.76,3478.81,0.0589,Completed,False,False,False,False
597,Upsell_BOGO_597,BOGO,0.0,0.0,2024-09-13,2024-09-27,14,Lapsed,SMS,Upsell,Beauty,0.065,0,0,0.0,0,,0,0.0,4121.78,23.62,,0.0,Completed,False,False,False,False
598,Reactivation_Free_Shipping_598,Free_Shipping,0.0,6.56,2024-09-01,2024-10-11,40,Low_Value,Social,Reactivation,Unknown,0.143,5,5,456.9,30,91.38,5,456.9,6924.96,5.37,1384.99,0.066,Completed,False,False,False,False
599,Retention_Percentage_Discount_599,Percentage_Discount,28.8,49.19,2024-11-25,2024-12-15,20,High_Value,In_App,Retention,Unknown,0.216,0,0,0.0,0,,0,0.0,30127.44,37.26,,0.0,Completed,False,False,False,False
600,Upsell_BOGO_600,BOGO,0.0,37.31,2025-04-04,2025-04-17,13,Lapsed,Social,Upsell,Unknown,0.142,0,0,0.0,0,,0,0.0,45459.48,39.72,,0.0,Completed,False,False,False,False
601,Acquisition_Fixed_Amount_601,Fixed_Amount,74.86,55.35,2025-01-28,2025-02-12,15,Medium_Value,Website_Banner,Acquisition,Sports,0.197,1,1,179.2,3,179.2,1,179.2,25396.74,34.39,25396.74,0.0071,Completed,False,False,False,False
602,Cross_Sell_BOGO_602,BOGO,0.0,53.22,2024-07-22,2024-08-12,21,Lapsed,Social,Cross_Sell,Unknown,0.184,0,0,0.0,0,,0,0.0,34412.47,26.63,,0.0,Completed,False,False,False,False
603,Cross_Sell_BOGO_603,BOGO,0.0,97.47,2025-01-26,2025-02-07,12,New_Customer,Social,Cross_Sell,Sports,0.072,1,1,82.65,11,82.65,1,82.65,25505.65,15.61,25505.65,0.0032,Completed,False,False,False,False
604,Reactivation_Fixed_Amount_604,Fixed_Amount,63.71,0.0,2025-03-16,2025-04-24,39,Medium_Value,Push,Reactivation,Books,0.248,3,3,674.47,35,224.82333333333332,3,674.47,35499.2,43.69,11833.07,0.019,Completed,False,False,False,False
605,Upsell_Fixed_Amount_605,Fixed_Amount,87.13,96.37,2024-09-29,2024-10-20,21,Lapsed,In_App,Upsell,Unknown,0.091,0,0,0.0,0,,0,0.0,44065.86,41.44,,0.0,Completed,False,False,False,False
606,Cross_Sell_Free_Shipping_606,Free_Shipping,0.0,79.71,2025-05-21,2025-05-29,8,Medium_Value,In_App,Cross_Sell,Unknown,0.069,0,0,0.0,0,,0,0.0,21776.57,35.35,,0.0,Completed,False,False,False,False
607,Upsell_Free_Shipping_607,Free_Shipping,0.0,79.52,2025-05-31,2025-06-18,18,Lapsed,Website_Banner,Upsell,Unknown,0.188,0,0,0.0,0,,0,0.0,28613.93,10.95,,0.0,Completed,False,False,False,False
608,Cross_Sell_Percentage_Discount_608,Percentage_Discount,39.6,42.16,2024-12-17,2024-12-22,5,Low_Value,In_App,Cross_Sell,Beauty,0.239,0,0,0.0,0,,0,0.0,47553.89,45.57,,0.0,Completed,False,False,False,False
609,Cross_Sell_BOGO_609,BOGO,0.0,28.66,2024-10-25,2024-11-04,10,New_Customer,Email,Cross_Sell,Unknown,0.094,2,2,128.47,10,64.235,2,128.47,4117.6,38.51,2058.8,0.0312,Completed,False,False,False,False
610,Retention_Free_Shipping_610,Free_Shipping,0.0,23.44,2025-02-09,2025-02-15,6,Low_Value,Email,Retention,Sports,0.162,1,1,53.33,6,53.33,1,53.33,16122.02,49.72,16122.02,0.0033,Completed,False,False,False,False
611,Cross_Sell_Fixed_Amount_611,Fixed_Amount,97.58,80.32,2025-05-24,2025-06-10,17,Low_Value,Social,Cross_Sell,Unknown,0.241,3,3,221.07,7,73.69,3,221.07,25517.36,16.33,8505.79,0.0087,Completed,False,False,False,False
612,Reactivation_Percentage_Discount_612,Percentage_Discount,48.2,96.09,2025-06-22,2025-07-27,35,All_Customers,In_App,Reactivation,Unknown,0.23,3,3,420.76,28,140.25333333333333,3,420.76,20119.78,35.97,6706.59,0.0209,Completed,False,False,False,False
613,Reactivation_Fixed_Amount_613,Fixed_Amount,31.82,32.05,2025-04-26,2025-06-16,51,New_Customer,In_App,Reactivation,Unknown,0.13,1,1,131.0,3,131.0,1,131.0,19806.51,27.53,19806.51,0.0066,Completed,False,False,False,False
614,Retention_Fixed_Amount_614,Fixed_Amount,16.87,81.3,2025-05-21,2025-05-27,6,All_Customers,Email,Retention,Unknown,0.21,3,3,402.26,9,134.08666666666667,3,402.26,23799.01,41.96,7933.0,0.0169,Completed,False,False,False,False
615,Upsell_Percentage_Discount_615,Percentage_Discount,10.5,0.0,2024-11-03,2024-11-22,19,New_Customer,SMS,Upsell,Unknown,0.075,1,1,153.35,6,153.35,1,153.35,7244.96,49.23,7244.96,0.0212,Completed,False,False,False,False
616,Cross_Sell_Fixed_Amount_616,Fixed_Amount,93.41,60.3,2024-08-29,2024-09-05,7,High_Value,Push,Cross_Sell,Unknown,0.226,0,0,0.0,0,,0,0.0,40575.51,16.3,,0.0,Completed,False,False,False,False
617,Retention_Free_Shipping_617,Free_Shipping,0.0,55.84,2025-05-01,2025-05-06,5,All_Customers,Email,Retention,Books,0.191,1,1,79.24,10,79.24,1,79.24,15352.3,47.43,15352.3,0.0052,Completed,False,False,False,False
618,Reactivation_Free_Shipping_618,Free_Shipping,0.0,74.72,2025-08-27,2025-09-19,23,Lapsed,In_App,Reactivation,Unknown,0.214,0,0,0.0,0,,0,0.0,19565.5,27.03,,0.0,Completed,False,False,False,False
619,Cross_Sell_Percentage_Discount_619,Percentage_Discount,27.5,59.92,2025-02-04,2025-02-21,17,High_Value,In_App,Cross_Sell,Unknown,0.173,0,0,0.0,0,,0,0.0,35456.86,46.44,,0.0,Completed,False,False,False,False
620,Upsell_BOGO_620,BOGO,0.0,44.73,2025-05-20,2025-05-30,10,New_Customer,Push,Upsell,Unknown,0.166,1,1,117.78,3,117.78,1,117.78,11110.59,43.05,11110.59,0.0106,Completed,False,False,False,False
621,Cross_Sell_Percentage_Discount_621,Percentage_Discount,34.2,29.2,2025-08-29,2025-09-06,8,New_Customer,Social,Cross_Sell,Beauty,0.121,0,0,0.0,0,,0,0.0,28165.0,35.74,,0.0,Completed,False,False,False,False
622,Cross_Sell_Percentage_Discount_622,Percentage_Discount,44.2,52.3,2024-09-18,2024-10-07,19,Medium_Value,Social,Cross_Sell,Unknown,0.125,1,1,160.8,4,160.8,1,160.8,40014.75,18.09,40014.75,0.004,Completed,False,False,False,False
623,Reactivation_Percentage_Discount_623,Percentage_Discount,21.8,32.1,2025-06-28,2025-08-13,46,All_Customers,SMS,Reactivation,Unknown,0.099,3,3,225.29,13,75.09666666666666,3,225.29,6550.03,42.32,2183.34,0.0344,Completed,False,False,False,False
624,Retention_Fixed_Amount_624,Fixed_Amount,90.03,69.65,2025-02-17,2025-02-21,4,High_Value,In_App,Retention,Electronics,0.183,0,0,0.0,0,,0,0.0,10122.8,48.28,,0.0,Completed,False,False,False,False
625,Retention_Percentage_Discount_625,Percentage_Discount,8.6,,2025-04-09,2025-04-21,12,High_Value,In_App,Retention,Unknown,0.21,1,1,569.86,3,569.86,1,569.86,7676.07,9.17,7676.07,0.0742,Completed,False,False,False,False
626,Retention_BOGO_626,BOGO,0.0,94.05,2024-08-05,2024-08-17,12,Medium_Value,In_App,Retention,Sports,0.163,0,0,0.0,0,,0,0.0,2138.04,26.33,,0.0,Completed,False,False,False,False
627,Cross_Sell_BOGO_627,BOGO,0.0,82.87,2024-12-25,2024-12-28,3,Medium_Value,In_App,Cross_Sell,Sports,0.156,0,0,0.0,0,,0,0.0,49858.13,16.39,,0.0,Completed,False,False,False,False
628,Reactivation_Percentage_Discount_628,Percentage_Discount,5.3,94.48,2024-11-09,2024-12-20,41,Medium_Value,SMS,Reactivation,Unknown,0.164,3,3,600.56,14,200.18666666666667,3,600.56,23603.01,22.17,7867.67,0.0254,Completed,False,False,False,False
629,Retention_BOGO_629,BOGO,0.0,37.77,2024-12-16,2024-12-01,15,New_Customer,SMS,Retention,Unknown,0.164,0,0,0.0,0,,0,0.0,37724.71,36.94,,0.0,Completed,True,False,False,False
630,Acquisition_Fixed_Amount_630,Fixed_Amount,67.62,75.77,2024-07-11,2024-09-06,57,High_Value,Email,Acquisition,Unknown,0.096,4,4,2025.73,21,506.4325,4,2025.73,14528.67,15.87,3632.17,0.1394,Completed,False,False,False,False
631,Acquisition_Percentage_Discount_631,Percentage_Discount,6.1,38.54,2024-08-31,2024-10-30,60,Lapsed,Website_Banner,Acquisition,Unknown,0.221,0,0,0.0,0,,0,0.0,18656.34,38.44,,0.0,Completed,False,False,False,False
632,Upsell_Free_Shipping_632,Free_Shipping,0.0,11.87,2025-02-20,2025-02-27,7,New_Customer,Website_Banner,Upsell,Unknown,0.209,0,0,0.0,0,,0,0.0,21571.85,45.24,,0.0,Completed,False,False,False,False
633,Reactivation_Percentage_Discount_633,Percentage_Discount,44.9,8.01,2025-01-31,2025-03-29,57,High_Value,Website_Banner,Reactivation,Unknown,0.236,0,0,0.0,0,,0,0.0,48507.05,39.29,,0.0,Completed,False,False,False,False
634,Cross_Sell_Percentage_Discount_634,Percentage_Discount,42.5,0.0,2024-11-29,2024-12-06,7,Lapsed,Website_Banner,Cross_Sell,Unknown,0.147,0,0,0.0,0,,0,0.0,29630.41,21.46,,0.0,Completed,False,False,False,False
635,Cross_Sell_Percentage_Discount_635,Percentage_Discount,25.5,0.0,2024-08-13,2024-08-28,15,High_Value,Social,Cross_Sell,Home,0.222,0,0,0.0,0,,0,0.0,24710.87,5.72,,0.0,Completed,False,False,False,False
636,Upsell_Free_Shipping_636,Free_Shipping,0.0,0.0,2024-08-18,2024-08-27,9,Lapsed,Social,Upsell,Unknown,0.183,0,0,0.0,0,,0,0.0,27022.99,25.74,,0.0,Completed,False,False,False,False
637,Cross_Sell_Percentage_Discount_637,Percentage_Discount,11.2,92.03,2025-04-18,2025-05-06,18,High_Value,Push,Cross_Sell,Unknown,0.194,0,0,0.0,0,,0,0.0,40257.17,49.29,,0.0,Completed,False,False,False,False
638,Retention_Fixed_Amount_638,Fixed_Amount,71.57,0.0,2025-07-09,2025-07-15,6,All_Customers,Social,Retention,Unknown,0.237,0,0,0.0,0,,0,0.0,3572.59,12.95,,0.0,Completed,False,False,False,False
639,Retention_BOGO_639,BOGO,0.0,0.0,2024-12-06,2024-12-16,10,High_Value,SMS,Retention,Clothing,0.136,0,0,0.0,3,,0,0.0,5877.62,9.67,,0.0,Completed,False,False,False,False
640,Cross_Sell_BOGO_640,BOGO,0.0,0.0,2024-12-04,2024-12-17,13,Low_Value,Push,Cross_Sell,Unknown,0.162,0,0,0.0,0,,0,0.0,48783.35,47.78,,0.0,Completed,False,False,False,False
641,Acquisition_Free_Shipping_641,Free_Shipping,0.0,48.84,2025-04-03,2025-04-24,21,New_Customer,In_App,Acquisition,Unknown,0.113,0,0,0.0,0,,0,0.0,24091.55,46.24,,0.0,Completed,False,False,False,False
642,Retention_Fixed_Amount_642,Fixed_Amount,34.83,75.99,2025-01-11,2025-01-19,8,Lapsed,SMS,Retention,Unknown,0.156,0,0,0.0,0,,0,0.0,49639.97,15.87,,0.0,Completed,False,False,False,False
643,Retention_Fixed_Amount_643,Fixed_Amount,87.24,4.99,2024-12-11,2024-12-25,14,High_Value,Website_Banner,Retention,Electronics,0.153,0,0,0.0,0,,0,0.0,30304.68,14.84,,0.0,Completed,False,False,False,False
644,Retention_Free_Shipping_644,Free_Shipping,0.0,0.0,2024-12-26,2025-01-10,15,New_Customer,Push,Retention,Unknown,0.202,2,2,318.07,11,159.035,2,318.07,35234.14,48.62,17617.07,0.009,Completed,False,False,False,False
645,Upsell_BOGO_645,BOGO,0.0,0.0,2024-12-12,2024-12-26,14,Low_Value,SMS,Upsell,Unknown,0.092,1,1,90.39,3,90.39,1,90.39,30177.17,20.2,30177.17,0.003,Completed,False,False,False,False
646,Upsell_Percentage_Discount_646,Percentage_Discount,42.2,0.0,2025-06-17,2025-06-30,13,Medium_Value,In_App,Upsell,Books,0.075,2,2,367.2,4,183.6,2,367.2,7020.93,26.62,3510.47,0.0523,Completed,False,False,False,False
647,Upsell_Free_Shipping_647,Free_Shipping,0.0,0.0,2024-11-12,2024-12-02,20,Lapsed,Push,Upsell,Unknown,0.074,0,0,0.0,0,,0,0.0,29049.4,8.39,,0.0,Completed,False,False,False,False
648,Acquisition_BOGO_648,BOGO,0.0,13.03,2025-02-13,2025-04-05,51,All_Customers,Website_Banner,Acquisition,Electronics,0.21,2,2,492.6,13,246.3,2,492.6,13717.08,40.71,6858.54,0.0359,Completed,False,False,False,False
649,Reactivation_Percentage_Discount_649,Percentage_Discount,24.4,70.28,2024-08-09,2024-09-10,32,High_Value,Social,Reactivation,Unknown,0.067,4,4,1921.12,31,480.28,4,1921.12,25187.89,49.35,6296.97,0.0763,Completed,False,False,False,False
650,Reactivation_Percentage_Discount_650,Percentage_Discount,11.9,92.53,2025-02-28,2025-04-20,51,Low_Value,Email,Reactivation,Unknown,0.167,7,7,580.95,30,82.99285714285715,7,580.95,12125.35,31.24,1732.19,0.0479,Completed,False,False,False,False
651,Cross_Sell_BOGO_651,BOGO,0.0,,2025-04-23,2025-04-29,6,Lapsed,Push,Cross_Sell,Clothing,0.074,0,0,0.0,0,,0,0.0,47757.98,28.02,,0.0,Completed,False,False,False,False
652,Reactivation_Free_Shipping_652,Free_Shipping,0.0,95.7,2024-07-13,2024-08-04,22,All_Customers,Website_Banner,Reactivation,Books,0.183,11,10,1898.66,51,172.60545454545453,11,1898.66,2264.96,6.11,226.5,0.8383,Completed,False,False,False,False
653,Cross_Sell_Free_Shipping_653,Free_Shipping,0.0,0.0,2025-07-25,2025-07-31,6,All_Customers,Email,Cross_Sell,Beauty,0.067,0,0,0.0,0,,0,0.0,22712.04,14.36,,0.0,Completed,False,False,False,False
654,Upsell_BOGO_654,BOGO,0.0,0.0,2024-11-23,2024-12-07,14,Lapsed,SMS,Upsell,Unknown,0.082,0,0,0.0,0,,0,0.0,18390.52,15.71,,0.0,Completed,False,False,False,False
655,Upsell_Percentage_Discount_655,Percentage_Discount,46.8,51.29,2025-05-16,2025-06-06,21,New_Customer,Push,Upsell,Unknown,0.201,4,4,436.66,10,109.165,4,436.66,40123.54,30.38,10030.89,0.0109,Completed,False,False,False,False
656,Cross_Sell_BOGO_656,BOGO,0.0,90.46,2024-09-13,2024-08-25,19,Low_Value,SMS,Cross_Sell,Unknown,0.217,0,0,0.0,0,,0,0.0,20417.38,30.23,,0.0,Completed,True,False,False,False
657,Reactivation_Free_Shipping_657,Free_Shipping,0.0,50.14,2025-07-19,2025-08-16,28,New_Customer,Social,Reactivation,Unknown,0.219,0,0,0.0,0,,0,0.0,8022.63,13.76,,0.0,Completed,False,False,False,False
658,Acquisition_Percentage_Discount_658,Percentage_Discount,35.3,0.0,2025-07-06,2025-07-28,22,Lapsed,Website_Banner,Acquisition,Home,0.197,0,0,0.0,0,,0,0.0,25082.49,33.69,,0.0,Completed,False,False,False,False
659,Reactivation_Fixed_Amount_659,Fixed_Amount,74.79,,2024-12-01,2025-01-07,37,All_Customers,In_App,Reactivation,Unknown,0.13,10,10,2457.88,52,245.788,10,2457.88,8307.45,19.33,830.75,0.2959,Completed,False,False,False,False
660,Cross_Sell_Fixed_Amount_660,Fixed_Amount,64.6,52.78,2024-11-10,2024-11-25,15,High_Value,In_App,Cross_Sell,Sports,0.181,0,0,0.0,0,,0,0.0,35404.67,24.72,,0.0,Completed,False,False,False,False
661,Reactivation_Fixed_Amount_661,Fixed_Amount,18.16,,2024-07-23,2024-08-26,34,Medium_Value,Website_Banner,Reactivation,Electronics,0.142,0,0,0.0,0,,0,0.0,7337.56,27.2,,0.0,Completed,False,False,False,False
662,Upsell_Fixed_Amount_662,Fixed_Amount,81.43,48.28,2025-02-27,2025-03-05,6,New_Customer,Push,Upsell,Unknown,0.174,1,1,132.1,6,132.1,1,132.1,6590.17,49.92,6590.17,0.02,Completed,False,False,False,False
663,Upsell_Fixed_Amount_663,Fixed_Amount,10.72,45.13,2025-03-17,2025-04-07,21,Low_Value,SMS,Upsell,Books,0.146,2,2,182.79,10,91.395,2,182.79,31851.63,14.55,15925.82,0.0057,Completed,False,False,False,False
664,Retention_Fixed_Amount_664,Fixed_Amount,58.05,0.0,2025-05-22,2025-06-12,21,Low_Value,SMS,Retention,Unknown,0.074,2,2,164.09,10,82.045,2,164.09,8086.79,10.35,4043.4,0.0203,Completed,False,False,False,False
665,Acquisition_BOGO_665,BOGO,0.0,53.75,2025-08-31,2025-09-25,25,All_Customers,In_App,Acquisition,Unknown,0.077,0,0,0.0,0,,0,0.0,46423.5,41.44,,0.0,Completed,False,False,False,False
666,Retention_BOGO_666,BOGO,0.0,21.21,2025-01-10,2025-01-16,6,Low_Value,Email,Retention,Clothing,0.107,1,1,81.16,14,81.16,1,81.16,3627.14,30.6,3627.14,0.0224,Completed,False,False,False,False
667,Upsell_Free_Shipping_667,Free_Shipping,0.0,31.23,2025-09-03,2025-09-09,6,New_Customer,Email,Upsell,Unknown,0.058,0,0,0.0,0,,0,0.0,18308.51,40.31,,0.0,Completed,False,False,False,False
668,Upsell_BOGO_668,BOGO,0.0,0.0,2025-01-05,2025-01-09,4,New_Customer,Social,Upsell,Books,0.239,0,0,0.0,0,,0,0.0,11031.15,14.34,,0.0,Completed,False,False,False,False
669,Cross_Sell_Percentage_Discount_669,Percentage_Discount,42.2,80.41,2025-06-19,2025-07-06,17,Medium_Value,Email,Cross_Sell,Home,0.226,1,1,202.26,5,202.26,1,202.26,24444.2,7.46,24444.2,0.0083,Completed,False,False,False,False
670,Upsell_BOGO_670,BOGO,0.0,41.58,2025-05-13,2025-05-28,15,New_Customer,In_App,Upsell,Sports,0.122,0,0,0.0,0,,0,0.0,47362.53,26.12,,0.0,Completed,False,False,False,False
671,Cross_Sell_BOGO_671,BOGO,0.0,41.06,2024-10-28,2024-11-05,8,Medium_Value,Push,Cross_Sell,Unknown,0.169,0,0,0.0,3,,0,0.0,29362.17,14.98,,0.0,Completed,False,False,False,False
672,Retention_Free_Shipping_672,Free_Shipping,0.0,0.0,2025-02-07,2025-02-18,11,Lapsed,In_App,Retention,Home,0.1,0,0,0.0,0,,0,0.0,32612.52,36.66,,0.0,Completed,False,False,False,False
673,Reactivation_BOGO_673,BOGO,0.0,34.05,2025-03-03,2025-04-07,35,New_Customer,Social,Reactivation,Unknown,0.09,1,1,149.0,10,149.0,1,149.0,16683.16,17.87,16683.16,0.0089,Completed,False,False,False,False
674,Retention_Fixed_Amount_674,Fixed_Amount,80.02,72.62,2025-05-20,2025-06-01,12,Lapsed,Social,Retention,Books,0.065,0,0,0.0,0,,0,0.0,33515.52,18.15,,0.0,Completed,False,False,False,False
675,Retention_BOGO_675,BOGO,0.0,58.75,2025-07-22,2025-08-12,21,Medium_Value,Email,Retention,Sports,0.141,0,0,0.0,0,,0,0.0,47558.38,25.57,,0.0,Completed,False,False,False,False
676,Acquisition_Free_Shipping_676,Free_Shipping,0.0,65.39,2024-08-26,2024-09-19,24,All_Customers,Website_Banner,Acquisition,Clothing,0.174,1,1,35.39,10,35.39,1,35.39,31622.05,38.92,31622.05,0.0011,Completed,False,False,False,False
677,Acquisition_Fixed_Amount_677,Fixed_Amount,95.68,69.46,2024-07-15,2024-08-15,31,All_Customers,SMS,Acquisition,Home,0.208,14,14,1759.62,87,125.68714285714286,14,1759.62,25299.57,9.31,1807.11,0.0696,Completed,False,False,False,False
678,Acquisition_Free_Shipping_678,Free_Shipping,0.0,87.31,2024-08-29,2024-10-16,48,Medium_Value,In_App,Acquisition,Unknown,0.111,0,0,0.0,0,,0,0.0,12414.32,12.35,,0.0,Completed,False,False,False,False
679,Retention_Free_Shipping_679,Free_Shipping,0.0,0.2,2025-03-14,2025-03-18,4,Lapsed,Email,Retention,Electronics,0.053,0,0,0.0,0,,0,0.0,9300.94,39.02,,0.0,Completed,False,False,False,False
680,Acquisition_Fixed_Amount_680,Fixed_Amount,99.85,23.26,2024-10-05,2024-11-16,42,All_Customers,In_App,Acquisition,Electronics,0.22,5,5,907.05,52,181.41,5,907.05,7265.16,21.98,1453.03,0.1248,Completed,False,False,False,False
681,Acquisition_Free_Shipping_681,Free_Shipping,0.0,47.71,2025-01-21,2025-03-10,48,High_Value,SMS,Acquisition,Sports,0.109,4,4,2217.02,27,554.255,4,2217.02,25240.23,42.98,6310.06,0.0878,Completed,False,False,False,False
682,Cross_Sell_Free_Shipping_682,Free_Shipping,0.0,50.78,2024-10-25,2024-10-29,4,Low_Value,Email,Cross_Sell,Unknown,0.222,0,0,0.0,0,,0,0.0,3233.12,32.08,,0.0,Completed,False,False,False,False
683,Reactivation_Fixed_Amount_683,Fixed_Amount,99.42,0.0,2025-08-06,2025-09-20,45,Medium_Value,Email,Reactivation,Unknown,0.161,0,0,0.0,0,,0,0.0,6688.52,12.23,,0.0,Completed,False,False,False,False
684,Upsell_Fixed_Amount_684,Fixed_Amount,28.39,26.84,2024-11-21,2024-11-27,6,All_Customers,In_App,Upsell,Books,0.215,0,0,0.0,0,,0,0.0,25796.41,19.17,,0.0,Completed,False,False,False,False
685,Reactivation_BOGO_685,BOGO,0.0,58.38,2025-04-16,2025-05-16,30,High_Value,Email,Reactivation,Unknown,0.175,2,2,824.96,11,412.48,2,824.96,26280.87,18.08,13140.44,0.0314,Completed,False,False,False,False
686,Upsell_BOGO_686,BOGO,0.0,94.65,2025-03-06,2025-03-23,17,Lapsed,Website_Banner,Upsell,Clothing,0.169,0,0,0.0,0,,0,0.0,40642.57,39.05,,0.0,Completed,False,False,False,False
687,Retention_Free_Shipping_687,Free_Shipping,0.0,49.77,2024-10-19,2024-11-01,13,Low_Value,Push,Retention,Sports,0.201,0,0,0.0,0,,0,0.0,16561.76,33.94,,0.0,Completed,False,False,False,False
688,Acquisition_BOGO_688,BOGO,0.0,51.84,2025-01-10,2025-02-08,29,Medium_Value,SMS,Acquisition,Unknown,0.179,5,5,948.58,19,189.716,5,948.58,43935.42,35.41,8787.08,0.0216,Completed,False,False,False,False
689,Acquisition_BOGO_689,BOGO,0.0,0.0,2025-03-22,2025-04-09,18,Medium_Value,Email,Acquisition,Unknown,0.205,5,5,1086.76,14,217.352,5,1086.76,11628.0,43.44,2325.6,0.0935,Completed,False,False,False,False
690,Upsell_BOGO_690,BOGO,0.0,18.28,2025-02-24,2025-03-15,19,New_Customer,Social,Upsell,Unknown,0.196,0,0,0.0,5,,0,0.0,13721.73,45.84,,0.0,Completed,False,False,False,False
691,Acquisition_Fixed_Amount_691,Fixed_Amount,84.18,98.32,2025-03-27,2025-04-27,31,Low_Value,SMS,Acquisition,Unknown,0.065,3,3,275.2,16,91.73333333333333,3,275.2,2901.51,20.65,967.17,0.0948,Completed,False,False,False,False
692,Retention_BOGO_692,BOGO,0.0,14.17,2025-01-04,2025-01-17,13,Low_Value,Website_Banner,Retention,Unknown,0.246,1,1,48.48,1,48.48,1,48.48,3034.63,8.12,3034.63,0.016,Completed,False,False,False,False
693,Upsell_Percentage_Discount_693,Percentage_Discount,45.9,75.59,2025-05-15,2025-05-28,13,High_Value,SMS,Upsell,Clothing,0.132,0,0,0.0,0,,0,0.0,29796.11,36.28,,0.0,Completed,False,False,False,False
694,Retention_Percentage_Discount_694,Percentage_Discount,12.3,50.63,2025-07-22,2025-07-31,9,All_Customers,Social,Retention,Unknown,0.086,0,0,0.0,0,,0,0.0,44165.99,31.21,,0.0,Completed,False,False,False,False
695,Retention_Fixed_Amount_695,Fixed_Amount,21.43,86.07,2024-10-04,2024-10-22,18,High_Value,Website_Banner,Retention,Unknown,0.236,0,0,0.0,0,,0,0.0,10415.04,44.53,,0.0,Completed,False,False,False,False
696,Retention_Fixed_Amount_696,Fixed_Amount,58.0,0.0,2024-10-08,2024-10-19,11,High_Value,Push,Retention,Beauty,0.167,0,0,0.0,0,,0,0.0,30048.94,6.75,,0.0,Completed,False,False,False,False
697,Acquisition_Fixed_Amount_697,Fixed_Amount,19.37,0.0,2025-05-10,2025-05-29,19,Low_Value,In_App,Acquisition,Unknown,0.122,1,1,51.74,11,51.74,1,51.74,7611.3,11.0,7611.3,0.0068,Completed,False,False,False,False
698,Upsell_Free_Shipping_698,Free_Shipping,0.0,89.1,2024-07-31,2024-08-08,8,New_Customer,Push,Upsell,Unknown,0.135,1,1,160.42,8,160.42,1,160.42,34297.78,21.07,34297.78,0.0047,Completed,False,False,False,False
699,Cross_Sell_BOGO_699,BOGO,0.0,0.0,2024-10-14,2024-10-22,8,Low_Value,SMS,Cross_Sell,Home,0.169,1,1,38.19,9,38.19,1,38.19,28578.81,19.24,28578.81,0.0013,Completed,False,False,False,False
700,Upsell_Free_Shipping_700,Free_Shipping,0.0,,2025-09-18,2025-09-24,6,High_Value,Push,Upsell,Unknown,0.124,0,0,0.0,0,,0,0.0,4823.56,21.81,,0.0,Completed,False,False,False,False
701,Retention_BOGO_701,BOGO,0.0,15.17,2025-03-03,2025-03-15,12,All_Customers,Email,Retention,Unknown,0.216,6,6,1601.93,29,266.98833333333334,6,1601.93,13219.53,10.71,2203.26,0.1212,Completed,False,False,False,False
702,Cross_Sell_Percentage_Discount_702,Percentage_Discount,5.7,0.0,2025-05-13,2025-05-18,5,Medium_Value,SMS,Cross_Sell,Unknown,0.209,0,0,0.0,1,,0,0.0,34191.09,26.1,,0.0,Completed,False,False,False,False
703,Acquisition_Fixed_Amount_703,Fixed_Amount,57.85,0.0,2025-06-08,2025-08-02,55,High_Value,Push,Acquisition,Home,0.128,0,0,0.0,0,,0,0.0,33376.45,23.09,,0.0,Completed,False,False,False,False
704,Acquisition_Percentage_Discount_704,Percentage_Discount,30.4,77.1,2024-12-15,2025-01-31,47,High_Value,SMS,Acquisition,Unknown,0.133,7,7,2483.51,34,354.78714285714284,7,2483.51,9699.99,29.09,1385.71,0.256,Completed,False,False,False,False
705,Acquisition_Percentage_Discount_705,Percentage_Discount,15.7,85.53,2024-10-10,2024-11-02,23,All_Customers,Push,Acquisition,Beauty,0.225,3,3,380.64,10,126.88,3,380.64,40797.62,12.72,13599.21,0.0093,Completed,False,False,False,False
706,Retention_Fixed_Amount_706,Fixed_Amount,81.49,34.37,2025-03-13,2025-03-25,12,Medium_Value,In_App,Retention,Home,0.174,1,1,144.34,13,144.34,1,144.34,22493.35,26.77,22493.35,0.0064,Completed,False,False,False,False
707,Acquisition_Free_Shipping_707,Free_Shipping,0.0,,2025-05-11,2025-06-06,26,High_Value,Social,Acquisition,Unknown,0.172,1,1,687.88,13,687.88,1,687.88,27540.42,45.33,27540.42,0.025,Completed,False,False,False,False
708,Acquisition_Free_Shipping_708,Free_Shipping,0.0,84.8,2025-08-08,2025-09-29,52,All_Customers,Social,Acquisition,Books,0.246,0,0,0.0,0,,0,0.0,45731.16,29.77,,0.0,Completed,False,False,False,False
709,Retention_Fixed_Amount_709,Fixed_Amount,74.48,0.0,2025-04-12,2025-04-18,6,High_Value,Email,Retention,Unknown,0.102,0,0,0.0,0,,0,0.0,49648.67,29.24,,0.0,Completed,False,False,False,False
710,Upsell_BOGO_710,BOGO,0.0,16.64,2024-12-08,2024-12-20,12,Lapsed,In_App,Upsell,Unknown,0.21,0,0,0.0,0,,0,0.0,8412.29,6.54,,0.0,Completed,False,False,False,False
711,Cross_Sell_Percentage_Discount_711,Percentage_Discount,25.7,0.0,2024-11-08,2024-11-27,19,Medium_Value,Website_Banner,Cross_Sell,Unknown,0.184,2,2,295.83,13,147.915,2,295.83,7754.03,11.85,3877.02,0.0382,Completed,False,False,False,False
712,Upsell_BOGO_712,BOGO,0.0,50.65,2024-11-18,2024-11-29,11,Lapsed,Social,Upsell,Clothing,0.19,0,0,0.0,0,,0,0.0,44350.89,21.64,,0.0,Completed,False,False,False,False
713,Acquisition_Percentage_Discount_713,Percentage_Discount,5.2,6.19,2024-08-10,2024-09-12,33,New_Customer,Email,Acquisition,Clothing,0.239,1,1,222.04,1,222.04,1,222.04,44358.29,18.55,44358.29,0.005,Completed,False,False,False,False
714,Upsell_Free_Shipping_714,Free_Shipping,0.0,0.0,2024-07-31,2024-08-08,8,High_Value,Email,Upsell,Clothing,0.212,1,1,597.7,7,597.7,1,597.7,38202.49,43.31,38202.49,0.0156,Completed,False,False,False,False
715,Upsell_Free_Shipping_715,Free_Shipping,0.0,0.0,2024-11-08,2024-10-19,20,Low_Value,Website_Banner,Upsell,Unknown,0.242,0,0,0.0,0,,0,0.0,34634.48,21.68,,0.0,Completed,True,False,False,False
716,Upsell_BOGO_716,BOGO,0.0,0.0,2025-07-11,2025-07-30,19,Medium_Value,In_App,Upsell,Unknown,0.191,0,0,0.0,0,,0,0.0,34118.38,28.85,,0.0,Completed,False,False,False,False
717,Reactivation_Free_Shipping_717,Free_Shipping,0.0,43.51,2025-09-02,2025-09-27,25,High_Value,Website_Banner,Reactivation,Unknown,0.205,0,0,0.0,0,,0,0.0,39796.94,34.74,,0.0,Completed,False,False,False,False
718,Upsell_Fixed_Amount_718,Fixed_Amount,6.7,0.0,2025-04-26,2025-05-01,5,New_Customer,Website_Banner,Upsell,Clothing,0.23,0,0,0.0,0,,0,0.0,41848.08,34.34,,0.0,Completed,False,False,False,False
719,Reactivation_Free_Shipping_719,Free_Shipping,0.0,0.0,2025-08-13,2025-09-29,47,Lapsed,SMS,Reactivation,Unknown,0.115,0,0,0.0,0,,0,0.0,46725.88,47.54,,0.0,Completed,False,False,False,False
720,Retention_Free_Shipping_720,Free_Shipping,0.0,0.0,2024-12-01,2024-12-12,11,All_Customers,Email,Retention,Unknown,0.072,5,5,1825.54,11,365.108,5,1825.54,42130.99,16.48,8426.2,0.0433,Completed,False,False,False,False
721,Retention_Percentage_Discount_721,Percentage_Discount,36.4,68.64,2024-11-13,2024-11-22,9,Medium_Value,Social,Retention,Sports,0.218,0,0,0.0,0,,0,0.0,13224.69,12.84,,0.0,Completed,False,False,False,False
722,Upsell_Percentage_Discount_722,Percentage_Discount,5.5,61.95,2025-02-06,2025-02-21,15,High_Value,Push,Upsell,Unknown,0.108,0,0,0.0,0,,0,0.0,22901.63,29.06,,0.0,Completed,False,False,False,False
723,Retention_BOGO_723,BOGO,0.0,81.67,2025-01-18,2025-01-23,5,New_Customer,Push,Retention,Sports,0.245,1,1,127.22,13,127.22,1,127.22,5858.91,38.17,5858.91,0.0217,Completed,False,False,False,False
724,Retention_BOGO_724,BOGO,0.0,51.3,2025-02-27,2025-03-09,10,All_Customers,SMS,Retention,Beauty,0.154,1,1,226.63,8,226.63,1,226.63,26866.84,37.73,26866.84,0.0084,Completed,False,False,False,False
725,Reactivation_Free_Shipping_725,Free_Shipping,0.0,97.74,2025-06-15,2025-07-14,29,Lapsed,Social,Reactivation,Sports,0.135,0,0,0.0,0,,0,0.0,1976.85,35.25,,0.0,Completed,False,False,False,False
726,Reactivation_Fixed_Amount_726,Fixed_Amount,60.88,0.0,2024-09-03,2024-10-06,33,High_Value,SMS,Reactivation,Unknown,0.138,5,5,1602.97,33,320.594,5,1602.97,26845.98,32.16,5369.2,0.0597,Completed,False,False,False,False
727,Acquisition_Free_Shipping_727,Free_Shipping,0.0,92.9,2024-09-02,2024-07-31,33,High_Value,Push,Acquisition,Unknown,0.179,0,0,0.0,0,,0,0.0,22792.8,10.97,,0.0,Completed,True,False,False,False
728,Upsell_Fixed_Amount_728,Fixed_Amount,35.89,81.11,2025-04-29,2025-05-10,11,Medium_Value,Website_Banner,Upsell,Unknown,0.153,0,0,0.0,0,,0,0.0,49346.13,42.85,,0.0,Completed,False,False,False,False
729,Upsell_Percentage_Discount_729,Percentage_Discount,33.2,0.0,2025-05-17,2025-05-31,14,All_Customers,In_App,Upsell,Unknown,0.238,6,6,1271.05,29,211.84166666666667,6,1271.05,25689.71,5.9,4281.62,0.0495,Completed,False,False,False,False
730,Acquisition_Fixed_Amount_730,Fixed_Amount,78.38,40.14,2025-08-03,2025-08-21,18,Medium_Value,Social,Acquisition,Unknown,0.158,0,0,0.0,0,,0,0.0,27873.21,44.79,,0.0,Completed,False,False,False,False
731,Cross_Sell_Percentage_Discount_731,Percentage_Discount,5.1,2.63,2024-09-10,2024-09-23,13,Lapsed,Push,Cross_Sell,Unknown,0.096,0,0,0.0,0,,0,0.0,7934.58,27.22,,0.0,Completed,False,False,False,False
732,Acquisition_BOGO_732,BOGO,0.0,37.03,2025-01-01,2025-02-26,56,Medium_Value,Website_Banner,Acquisition,Unknown,0.153,1,1,286.02,8,286.02,1,286.02,31324.23,9.43,31324.23,0.0091,Completed,False,False,False,False
733,Acquisition_Free_Shipping_733,Free_Shipping,0.0,74.67,2024-12-24,2025-02-15,53,Medium_Value,Email,Acquisition,Electronics,0.059,3,3,459.8,29,153.26666666666668,3,459.8,20350.13,11.9,6783.38,0.0226,Completed,False,False,False,False
734,Cross_Sell_Percentage_Discount_734,Percentage_Discount,9.4,0.0,2024-12-22,2024-12-25,3,Medium_Value,SMS,Cross_Sell,Books,0.068,0,0,0.0,0,,0,0.0,27814.29,28.34,,0.0,Completed,False,False,False,False
735,Retention_BOGO_735,BOGO,0.0,97.79,2025-09-15,2025-09-21,6,Medium_Value,Website_Banner,Retention,Clothing,0.106,0,0,0.0,0,,0,0.0,6664.16,9.5,,0.0,Completed,False,False,False,False
736,Upsell_Percentage_Discount_736,Percentage_Discount,45.6,0.0,2025-01-03,2025-01-09,6,Medium_Value,SMS,Upsell,Unknown,0.213,0,0,0.0,0,,0,0.0,32231.94,12.47,,0.0,Completed,False,False,False,False
737,Upsell_Percentage_Discount_737,Percentage_Discount,13.5,12.78,2025-04-25,2025-05-09,14,High_Value,Website_Banner,Upsell,Beauty,0.213,1,1,531.75,2,531.75,1,531.75,27230.38,19.94,27230.38,0.0195,Completed,False,False,False,False
738,Acquisition_Free_Shipping_738,Free_Shipping,0.0,0.0,2024-10-25,2024-09-30,25,All_Customers,In_App,Acquisition,Unknown,0.235,0,0,0.0,0,,0,0.0,13938.65,28.33,,0.0,Completed,True,False,False,False
739,Cross_Sell_Fixed_Amount_739,Fixed_Amount,83.56,82.42,2025-05-29,2025-06-04,6,Low_Value,Push,Cross_Sell,Unknown,0.083,0,0,0.0,0,,0,0.0,32599.34,21.74,,0.0,Completed,False,False,False,False
740,Retention_Fixed_Amount_740,Fixed_Amount,64.0,0.0,2024-10-17,2024-11-02,16,Medium_Value,Social,Retention,Unknown,0.126,1,1,230.93,4,230.93,1,230.93,31501.72,31.61,31501.72,0.0073,Completed,False,False,False,False
741,Cross_Sell_BOGO_741,BOGO,0.0,0.0,2025-01-21,2025-02-11,21,Low_Value,Email,Cross_Sell,Unknown,0.121,2,2,242.09,14,121.045,2,242.09,40285.73,20.55,20142.87,0.006,Completed,False,False,False,False
742,Cross_Sell_BOGO_742,BOGO,0.0,0.0,2025-07-15,2025-08-01,17,Low_Value,In_App,Cross_Sell,Sports,0.178,0,0,0.0,0,,0,0.0,9245.61,33.23,,0.0,Completed,False,False,False,False
743,Upsell_Free_Shipping_743,Free_Shipping,0.0,65.28,2025-01-24,2025-02-01,8,New_Customer,SMS,Upsell,Electronics,0.165,2,2,277.17,16,138.585,2,277.17,48671.55,48.1,24335.78,0.0057,Completed,False,False,False,False
744,Cross_Sell_Free_Shipping_744,Free_Shipping,0.0,94.16,2025-05-04,2025-05-20,16,Low_Value,SMS,Cross_Sell,Home,0.152,0,0,0.0,0,,0,0.0,22078.4,44.54,,0.0,Completed,False,False,False,False
745,Reactivation_Percentage_Discount_745,Percentage_Discount,31.6,78.24,2024-12-18,2025-02-16,60,Lapsed,Social,Reactivation,Unknown,0.23,0,0,0.0,0,,0,0.0,2462.62,35.32,,0.0,Completed,False,False,False,False
746,Acquisition_BOGO_746,BOGO,0.0,0.0,2025-02-15,2025-04-13,57,Medium_Value,Social,Acquisition,Unknown,0.059,3,3,669.02,27,223.00666666666666,3,669.02,1504.01,23.85,501.34,0.4448,Completed,False,False,False,False
747,Cross_Sell_Percentage_Discount_747,Percentage_Discount,47.5,0.0,2024-11-06,2024-11-27,21,High_Value,Social,Cross_Sell,Sports,0.112,2,2,883.34,7,441.67,2,883.34,16735.19,39.37,8367.6,0.0528,Completed,False,False,False,False
748,Retention_Fixed_Amount_748,Fixed_Amount,85.28,,2024-07-24,2024-08-06,13,High_Value,SMS,Retention,Unknown,0.246,0,0,0.0,0,,0,0.0,17091.67,35.39,,0.0,Completed,False,False,False,False
749,Upsell_Percentage_Discount_749,Percentage_Discount,35.5,14.47,2025-01-17,2025-02-06,20,High_Value,Push,Upsell,Unknown,0.174,0,0,0.0,0,,0,0.0,38639.13,24.34,,0.0,Completed,False,False,False,False
750,Cross_Sell_Fixed_Amount_750,Fixed_Amount,91.66,0.0,2025-01-14,2025-01-22,8,Medium_Value,Push,Cross_Sell,Unknown,0.12,0,0,0.0,0,,0,0.0,5242.84,25.46,,0.0,Completed,False,False,False,False
751,Reactivation_BOGO_751,BOGO,0.0,34.03,2024-11-01,2024-11-15,14,Low_Value,Social,Reactivation,Home,0.082,0,0,0.0,3,,0,0.0,14643.82,39.13,,0.0,Completed,False,False,False,False
752,Retention_Fixed_Amount_752,Fixed_Amount,87.46,58.27,2025-06-17,2025-06-24,7,Low_Value,Email,Retention,Unknown,0.153,0,0,0.0,0,,0,0.0,3541.84,33.55,,0.0,Completed,False,False,False,False
753,Reactivation_Free_Shipping_753,Free_Shipping,0.0,0.0,2025-03-10,2025-04-20,41,Low_Value,Push,Reactivation,Unknown,0.237,3,3,323.44,23,107.81333333333333,3,323.44,31626.29,14.1,10542.1,0.0102,Completed,False,False,False,False
754,Retention_BOGO_754,BOGO,0.0,72.05,2025-06-13,2025-06-19,6,New_Customer,Website_Banner,Retention,Unknown,0.075,1,1,95.71,2,95.71,1,95.71,42935.69,9.15,42935.69,0.0022,Completed,False,False,False,False
755,Acquisition_Free_Shipping_755,Free_Shipping,0.0,11.37,2025-05-25,2025-07-16,52,Lapsed,Push,Acquisition,Unknown,0.162,0,0,0.0,0,,0,0.0,39840.63,24.62,,0.0,Completed,False,False,False,False
756,Acquisition_Free_Shipping_756,Free_Shipping,0.0,74.87,2024-07-31,2024-09-15,46,New_Customer,Social,Acquisition,Unknown,0.067,5,5,800.76,22,160.152,5,800.76,4512.99,34.49,902.6,0.1774,Completed,False,False,False,False
757,Acquisition_Percentage_Discount_757,Percentage_Discount,10.6,3.3,2024-07-29,2024-08-12,14,All_Customers,SMS,Acquisition,Beauty,0.112,8,8,1788.34,41,223.5425,8,1788.34,46502.13,37.61,5812.77,0.0385,Completed,False,False,False,False
758,Upsell_Percentage_Discount_758,Percentage_Discount,36.9,84.25,2025-06-01,2025-06-11,10,Medium_Value,Push,Upsell,Unknown,0.23,1,1,109.85,1,109.85,1,109.85,19916.34,46.99,19916.34,0.0055,Completed,False,False,False,False
759,Upsell_Fixed_Amount_759,Fixed_Amount,36.68,11.38,2025-09-12,2025-09-30,18,Lapsed,Email,Upsell,Unknown,0.182,0,0,0.0,0,,0,0.0,39590.71,6.57,,0.0,Completed,False,False,False,False
760,Retention_Free_Shipping_760,Free_Shipping,0.0,1.76,2024-11-01,2024-11-18,17,All_Customers,Website_Banner,Retention,Books,0.238,1,1,154.98,9,154.98,1,154.98,26838.53,7.28,26838.53,0.0058,Completed,False,False,False,False
761,Upsell_Percentage_Discount_761,Percentage_Discount,17.9,88.83,2024-08-13,2024-08-16,3,Lapsed,Email,Upsell,Electronics,0.247,0,0,0.0,0,,0,0.0,11293.02,30.51,,0.0,Completed,False,False,False,False
762,Upsell_BOGO_762,BOGO,0.0,0.0,2025-08-10,2025-08-15,5,Medium_Value,Social,Upsell,Unknown,0.127,0,0,0.0,0,,0,0.0,44300.06,33.09,,0.0,Completed,False,False,False,False
763,Cross_Sell_BOGO_763,BOGO,0.0,93.19,2025-04-02,2025-03-12,21,Low_Value,Email,Cross_Sell,Beauty,0.237,0,0,0.0,0,,0,0.0,1393.13,38.94,,0.0,Completed,True,False,False,False
764,Retention_Fixed_Amount_764,Fixed_Amount,71.27,57.27,2024-07-17,2024-07-27,10,New_Customer,Email,Retention,Unknown,0.077,1,1,162.29,8,162.29,1,162.29,6966.16,14.38,6966.16,0.0233,Completed,False,False,False,False
765,Acquisition_BOGO_765,BOGO,0.0,87.4,2025-08-01,2025-09-12,42,New_Customer,Push,Acquisition,Unknown,0.178,0,0,0.0,0,,0,0.0,8694.93,32.43,,0.0,Completed,False,False,False,False
766,Upsell_Free_Shipping_766,Free_Shipping,0.0,44.26,2025-05-24,2025-06-13,20,New_Customer,In_App,Upsell,Books,0.201,2,2,311.67,10,155.835,2,311.67,48948.46,16.9,24474.23,0.0064,Completed,False,False,False,False
767,Reactivation_Fixed_Amount_767,Fixed_Amount,71.13,99.56,2024-07-06,2024-08-21,46,New_Customer,Social,Reactivation,Unknown,0.127,9,9,1221.28,52,135.6977777777778,9,1221.28,22336.74,26.0,2481.86,0.0547,Completed,False,False,False,False
768,Cross_Sell_Fixed_Amount_768,Fixed_Amount,85.94,6.69,2024-07-07,2024-07-16,9,Low_Value,Push,Cross_Sell,Unknown,0.067,9,9,873.21,58,97.02333333333333,9,873.21,20211.74,19.33,2245.75,0.0432,Completed,False,False,False,False
769,Cross_Sell_Percentage_Discount_769,Percentage_Discount,11.8,48.37,2024-10-28,2024-11-11,14,All_Customers,Website_Banner,Cross_Sell,Unknown,0.224,1,1,45.05,6,45.05,1,45.05,20604.74,34.46,20604.74,0.0022,Completed,False,False,False,False
770,Acquisition_Free_Shipping_770,Free_Shipping,0.0,0.0,2024-10-08,2024-08-22,47,New_Customer,Push,Acquisition,Beauty,0.062,0,0,0.0,0,,0,0.0,24729.36,23.87,,0.0,Completed,True,False,False,False
771,Reactivation_BOGO_771,BOGO,0.0,,2025-01-27,2025-03-19,51,Medium_Value,Website_Banner,Reactivation,Unknown,0.182,0,0,0.0,4,,0,0.0,40517.01,44.24,,0.0,Completed,False,False,False,False
772,Cross_Sell_Percentage_Discount_772,Percentage_Discount,14.2,33.5,2024-10-01,2024-09-15,16,All_Customers,Social,Cross_Sell,Clothing,0.119,0,0,0.0,0,,0,0.0,42370.91,15.17,,0.0,Completed,True,False,False,False
773,Cross_Sell_Free_Shipping_773,Free_Shipping,0.0,4.75,2025-01-28,2025-01-31,3,Lapsed,Push,Cross_Sell,Clothing,0.147,0,0,0.0,0,,0,0.0,8743.01,43.92,,0.0,Completed,False,False,False,False
774,Cross_Sell_Percentage_Discount_774,Percentage_Discount,19.8,25.17,2025-02-08,2025-02-18,10,High_Value,SMS,Cross_Sell,Unknown,0.133,0,0,0.0,0,,0,0.0,28226.61,9.21,,0.0,Completed,False,False,False,False
775,Reactivation_Percentage_Discount_775,Percentage_Discount,31.2,87.97,2024-11-08,2024-12-11,33,Low_Value,Push,Reactivation,Clothing,0.083,0,0,0.0,2,,0,0.0,40860.38,22.28,,0.0,Completed,False,False,False,False
776,Retention_Percentage_Discount_776,Percentage_Discount,6.4,59.59,2025-08-15,2025-08-27,12,Medium_Value,Website_Banner,Retention,Books,0.181,0,0,0.0,0,,0,0.0,12619.89,24.35,,0.0,Completed,False,False,False,False
777,Cross_Sell_Fixed_Amount_777,Fixed_Amount,95.02,4.7,2024-08-01,2024-08-07,6,Lapsed,SMS,Cross_Sell,Unknown,0.221,0,0,0.0,0,,0,0.0,3287.97,47.58,,0.0,Completed,False,False,False,False
778,Reactivation_Free_Shipping_778,Free_Shipping,0.0,33.94,2025-05-21,2025-06-05,15,Medium_Value,Push,Reactivation,Unknown,0.081,3,3,681.18,13,227.06,3,681.18,26860.06,9.32,8953.35,0.0254,Completed,False,False,False,False
779,Upsell_Fixed_Amount_779,Fixed_Amount,89.02,25.13,2025-01-20,2025-01-30,10,Lapsed,Social,Upsell,Unknown,0.141,0,0,0.0,0,,0,0.0,27043.93,6.59,,0.0,Completed,False,False,False,False
780,Reactivation_Percentage_Discount_780,Percentage_Discount,10.1,90.53,2024-12-28,2025-02-02,36,Lapsed,SMS,Reactivation,Unknown,0.235,0,0,0.0,0,,0,0.0,28370.49,8.98,,0.0,Completed,False,False,False,False
781,Acquisition_Free_Shipping_781,Free_Shipping,0.0,47.55,2025-03-29,2025-05-11,43,Low_Value,In_App,Acquisition,Unknown,0.126,3,3,218.23,17,72.74333333333334,3,218.23,11120.92,35.46,3706.97,0.0196,Completed,False,False,False,False
782,Cross_Sell_Fixed_Amount_782,Fixed_Amount,30.74,99.41,2025-03-12,2025-04-02,21,High_Value,Push,Cross_Sell,Unknown,0.124,0,0,0.0,0,,0,0.0,23448.9,18.34,,0.0,Completed,False,False,False,False
783,Upsell_BOGO_783,BOGO,0.0,40.23,2024-08-05,2024-08-13,8,Low_Value,In_App,Upsell,Sports,0.204,0,0,0.0,0,,0,0.0,5533.75,7.38,,0.0,Completed,False,False,False,False
784,Cross_Sell_Free_Shipping_784,Free_Shipping,0.0,0.0,2025-03-06,2025-03-13,7,All_Customers,Website_Banner,Cross_Sell,Unknown,0.15,1,1,143.41,2,143.41,1,143.41,43890.93,12.04,43890.93,0.0033,Completed,False,False,False,False
785,Acquisition_Percentage_Discount_785,Percentage_Discount,29.3,55.61,2025-07-18,2025-08-22,35,New_Customer,In_App,Acquisition,Unknown,0.239,0,0,0.0,0,,0,0.0,37852.95,7.8,,0.0,Completed,False,False,False,False
786,Cross_Sell_BOGO_786,BOGO,0.0,10.53,2025-07-27,2025-08-16,20,Medium_Value,Social,Cross_Sell,Unknown,0.233,0,0,0.0,0,,0,0.0,17450.29,39.62,,0.0,Completed,False,False,False,False
787,Acquisition_Percentage_Discount_787,Percentage_Discount,33.7,0.0,2024-11-09,2024-12-12,33,New_Customer,Email,Acquisition,Unknown,0.231,5,5,616.94,23,123.388,5,616.94,46580.77,36.67,9316.15,0.0132,Completed,False,False,False,False
788,Cross_Sell_Percentage_Discount_788,Percentage_Discount,33.4,85.17,2024-12-21,2024-12-25,4,Lapsed,In_App,Cross_Sell,Home,0.063,0,0,0.0,0,,0,0.0,15325.5,7.43,,0.0,Completed,False,False,False,False
789,Retention_Free_Shipping_789,Free_Shipping,0.0,59.34,2025-07-03,2025-07-20,17,Low_Value,In_App,Retention,Sports,0.217,0,0,0.0,0,,0,0.0,4097.02,36.87,,0.0,Completed,False,False,False,False
790,Upsell_BOGO_790,BOGO,0.0,42.3,2024-07-19,2024-07-30,11,New_Customer,Social,Upsell,Home,0.057,4,4,358.97,10,89.7425,4,358.97,7832.1,49.16,1958.03,0.0458,Completed,False,False,False,False
791,Cross_Sell_Percentage_Discount_791,Percentage_Discount,22.1,62.75,2025-04-27,2025-05-03,6,High_Value,Social,Cross_Sell,Unknown,0.066,0,0,0.0,0,,0,0.0,4540.85,43.33,,0.0,Completed,False,False,False,False
792,Acquisition_Free_Shipping_792,Free_Shipping,0.0,8.2,2025-01-07,2025-03-03,55,Low_Value,Social,Acquisition,Unknown,0.077,3,3,245.66,13,81.88666666666667,3,245.66,17499.75,48.2,5833.25,0.014,Completed,False,False,False,False
793,Upsell_Fixed_Amount_793,Fixed_Amount,43.58,64.18,2025-05-11,2025-05-31,20,New_Customer,Social,Upsell,Electronics,0.191,2,2,288.88,10,144.44,2,288.88,32925.52,44.19,16462.76,0.0088,Completed,False,False,False,False
794,Acquisition_Fixed_Amount_794,Fixed_Amount,97.85,33.43,2024-10-28,2024-12-19,52,New_Customer,Push,Acquisition,Unknown,0.13,6,6,792.54,32,132.09,6,792.54,2792.61,47.35,465.44,0.2838,Completed,False,False,False,False
795,Reactivation_Fixed_Amount_795,Fixed_Amount,73.57,86.48,2025-02-10,2025-03-21,39,Low_Value,In_App,Reactivation,Unknown,0.116,0,0,0.0,0,,0,0.0,5132.6,42.37,,0.0,Completed,False,False,False,False
796,Retention_Percentage_Discount_796,Percentage_Discount,33.9,0.0,2025-01-07,2025-01-17,10,High_Value,Social,Retention,Unknown,0.168,0,0,0.0,0,,0,0.0,28621.14,43.44,,0.0,Completed,False,False,False,False
797,Acquisition_BOGO_797,BOGO,0.0,0.0,2025-01-31,2025-03-06,34,Low_Value,Push,Acquisition,Beauty,0.052,1,1,98.7,4,98.7,1,98.7,2484.04,42.49,2484.04,0.0397,Completed,False,False,False,False
798,Retention_BOGO_798,BOGO,0.0,5.77,2025-01-10,2025-01-30,20,Lapsed,Push,Retention,Home,0.168,0,0,0.0,0,,0,0.0,2864.84,29.96,,0.0,Completed,False,False,False,False
799,Cross_Sell_BOGO_799,BOGO,0.0,66.46,2025-07-13,2025-07-20,7,All_Customers,SMS,Cross_Sell,Unknown,0.233,0,0,0.0,0,,0,0.0,27591.46,48.3,,0.0,Completed,False,False,False,False
800,Upsell_Free_Shipping_800,Free_Shipping,0.0,22.77,2025-01-05,2025-01-21,16,Medium_Value,SMS,Upsell,Unknown,0.055,1,1,146.46,7,146.46,1,146.46,37651.49,17.67,37651.49,0.0039,Completed,False,False,False,False
801,Upsell_Percentage_Discount_801,Percentage_Discount,24.1,0.0,2025-06-29,2025-07-02,3,New_Customer,Push,Upsell,Beauty,0.205,0,0,0.0,0,,0,0.0,45783.29,25.5,,0.0,Completed,False,False,False,False
802,Upsell_BOGO_802,BOGO,0.0,22.37,2024-08-31,2024-09-12,12,Lapsed,SMS,Upsell,Unknown,0.094,0,0,0.0,0,,0,0.0,26407.67,40.91,,0.0,Completed,False,False,False,False
803,Reactivation_Percentage_Discount_803,Percentage_Discount,41.7,0.0,2024-08-22,2024-10-12,51,Low_Value,Social,Reactivation,Unknown,0.068,4,4,374.89,19,93.7225,4,374.89,11977.12,36.32,2994.28,0.0313,Completed,False,False,False,False
804,Acquisition_Free_Shipping_804,Free_Shipping,0.0,13.67,2024-11-04,2024-12-19,45,Low_Value,Push,Acquisition,Unknown,0.241,6,6,453.17,24,75.52833333333334,6,453.17,40613.32,19.78,6768.89,0.0112,Completed,False,False,False,False
805,Reactivation_BOGO_805,BOGO,0.0,44.19,2025-05-07,2025-06-20,44,High_Value,SMS,Reactivation,Unknown,0.23,4,4,2226.15,17,556.5375,4,2226.15,11350.65,32.72,2837.66,0.1961,Completed,False,False,False,False
806,Retention_Free_Shipping_806,Free_Shipping,0.0,38.26,2025-01-30,2025-02-06,7,Lapsed,Social,Retention,Unknown,0.124,0,0,0.0,0,,0,0.0,33048.71,34.87,,0.0,Completed,False,False,False,False
807,Reactivation_Fixed_Amount_807,Fixed_Amount,81.22,12.93,2025-06-30,2025-08-03,34,High_Value,In_App,Reactivation,Clothing,0.161,1,1,388.8,6,388.8,1,388.8,15229.18,42.61,15229.18,0.0255,Completed,False,False,False,False
808,Upsell_Percentage_Discount_808,Percentage_Discount,23.2,0.0,2024-09-30,2024-10-04,4,High_Value,Email,Upsell,Home,0.054,0,0,0.0,0,,0,0.0,17366.61,24.1,,0.0,Completed,False,False,False,False
809,Retention_Fixed_Amount_809,Fixed_Amount,41.64,63.15,2025-06-02,2025-06-12,10,High_Value,In_App,Retention,Home,0.217,0,0,0.0,0,,0,0.0,12578.55,11.38,,0.0,Completed,False,False,False,False
810,Retention_BOGO_810,BOGO,0.0,27.15,2025-01-21,2025-02-06,16,High_Value,In_App,Retention,Unknown,0.104,0,0,0.0,0,,0,0.0,37348.77,22.59,,0.0,Completed,False,False,False,False
811,Retention_BOGO_811,BOGO,0.0,14.62,2024-09-16,2024-10-06,20,Low_Value,Website_Banner,Retention,Books,0.149,3,3,175.75,16,58.583333333333336,3,175.75,6493.65,6.0,2164.55,0.0271,Completed,False,False,False,False
812,Upsell_Fixed_Amount_812,Fixed_Amount,95.13,29.35,2025-09-18,2025-09-29,11,New_Customer,Push,Upsell,Unknown,0.146,0,0,0.0,0,,0,0.0,36219.65,12.77,,0.0,Completed,False,False,False,False
813,Upsell_Percentage_Discount_813,Percentage_Discount,30.7,1.74,2025-05-19,2025-06-06,18,All_Customers,Social,Upsell,Books,0.16,7,7,939.93,29,134.2757142857143,7,939.93,45818.61,10.73,6545.52,0.0205,Completed,False,False,False,False
814,Acquisition_BOGO_814,BOGO,0.0,0.0,2025-01-11,2025-01-28,17,All_Customers,Social,Acquisition,Unknown,0.081,10,10,1855.08,32,185.508,10,1855.08,39626.2,34.9,3962.62,0.0468,Completed,False,False,False,False
815,Retention_Percentage_Discount_815,Percentage_Discount,7.6,17.02,2025-01-25,2025-02-07,13,Low_Value,SMS,Retention,Unknown,0.068,2,2,127.83,19,63.915,2,127.83,10606.41,29.81,5303.21,0.0121,Completed,False,False,False,False
816,Acquisition_BOGO_816,BOGO,0.0,21.26,2024-08-11,2024-08-27,16,All_Customers,Website_Banner,Acquisition,Unknown,0.154,4,4,1079.12,17,269.78,4,1079.12,23084.25,23.84,5771.06,0.0467,Completed,False,False,False,False
817,Upsell_BOGO_817,BOGO,0.0,0.0,2025-08-15,2025-08-20,5,All_Customers,SMS,Upsell,Electronics,0.091,0,0,0.0,0,,0,0.0,14580.5,48.79,,0.0,Completed,False,False,False,False
818,Reactivation_BOGO_818,BOGO,0.0,92.48,2024-09-15,2024-10-19,34,Medium_Value,Social,Reactivation,Unknown,0.104,4,4,657.07,30,164.2675,4,657.07,47071.68,45.35,11767.92,0.014,Completed,False,False,False,False
819,Reactivation_Percentage_Discount_819,Percentage_Discount,6.2,13.07,2024-07-07,2024-08-11,35,Lapsed,Social,Reactivation,Unknown,0.231,0,0,0.0,0,,0,0.0,26666.1,12.31,,0.0,Completed,False,False,False,False
820,Upsell_Percentage_Discount_820,Percentage_Discount,16.3,7.09,2024-11-07,2024-11-18,11,High_Value,In_App,Upsell,Clothing,0.161,1,1,439.83,5,439.83,1,439.83,49308.22,11.66,49308.22,0.0089,Completed,False,False,False,False
821,Upsell_BOGO_821,BOGO,0.0,0.13,2024-11-06,2024-11-23,17,Low_Value,Social,Upsell,Beauty,0.154,4,4,338.3,22,84.575,4,338.3,8697.45,29.27,2174.36,0.0389,Completed,False,False,False,False
822,Cross_Sell_BOGO_822,BOGO,0.0,72.32,2025-04-01,2025-04-10,9,New_Customer,Email,Cross_Sell,Electronics,0.166,0,0,0.0,0,,0,0.0,35528.06,10.99,,0.0,Completed,False,False,False,False
823,Upsell_Free_Shipping_823,Free_Shipping,0.0,34.34,2025-01-26,2025-02-10,15,High_Value,SMS,Upsell,Clothing,0.217,0,0,0.0,0,,0,0.0,28556.95,42.32,,0.0,Completed,False,False,False,False
824,Reactivation_Free_Shipping_824,Free_Shipping,0.0,99.32,2024-07-29,2024-08-23,25,New_Customer,Social,Reactivation,Unknown,0.2,2,2,350.4,14,175.2,2,350.4,1900.84,10.92,950.42,0.1843,Completed,False,False,False,False
825,Reactivation_Percentage_Discount_825,Percentage_Discount,36.5,42.54,2024-10-10,2024-11-29,50,All_Customers,SMS,Reactivation,Electronics,0.109,20,20,3727.94,125,186.397,20,3727.94,11609.32,37.52,580.47,0.3211,Completed,False,False,False,False
826,Retention_Free_Shipping_826,Free_Shipping,0.0,6.0,2025-01-05,2025-01-20,15,All_Customers,SMS,Retention,Beauty,0.183,3,3,492.74,31,164.24666666666667,3,492.74,17677.52,33.28,5892.51,0.0279,Completed,False,False,False,False
827,Cross_Sell_Fixed_Amount_827,Fixed_Amount,37.27,18.7,2025-04-18,2025-04-29,11,Lapsed,Push,Cross_Sell,Sports,0.1,0,0,0.0,0,,0,0.0,16051.83,7.72,,0.0,Completed,False,False,False,False
828,Acquisition_Percentage_Discount_828,Percentage_Discount,8.2,0.0,2025-01-10,2025-03-08,57,Low_Value,Email,Acquisition,Unknown,0.114,6,6,638.14,16,106.35666666666667,6,638.14,23506.76,25.8,3917.79,0.0271,Completed,False,False,False,False
829,Retention_Fixed_Amount_829,Fixed_Amount,90.99,56.62,2025-03-25,2025-03-29,4,New_Customer,In_App,Retention,Books,0.16,0,0,0.0,0,,0,0.0,44025.19,40.56,,0.0,Completed,False,False,False,False
830,Retention_Percentage_Discount_830,Percentage_Discount,35.1,37.05,2025-06-11,2025-06-23,12,High_Value,SMS,Retention,Unknown,0.12,1,1,531.28,2,531.28,1,531.28,49933.29,8.36,49933.29,0.0106,Completed,False,False,False,False
831,Upsell_Percentage_Discount_831,Percentage_Discount,16.9,37.55,2025-06-01,2025-06-20,19,High_Value,Social,Upsell,Unknown,0.173,1,1,456.34,16,456.34,1,456.34,46402.45,30.82,46402.45,0.0098,Completed,False,False,False,False
832,Upsell_Fixed_Amount_832,Fixed_Amount,82.66,1.25,2024-10-02,2024-10-23,21,Low_Value,Website_Banner,Upsell,Electronics,0.132,1,1,107.34,9,107.34,1,107.34,35906.23,48.93,35906.23,0.003,Completed,False,False,False,False
833,Upsell_BOGO_833,BOGO,0.0,0.0,2025-01-23,2025-02-07,15,All_Customers,Website_Banner,Upsell,Unknown,0.194,2,2,412.17,16,206.085,2,412.17,3723.17,32.54,1861.59,0.1107,Completed,False,False,False,False
834,Acquisition_Fixed_Amount_834,Fixed_Amount,98.17,0.0,2025-01-28,2025-03-17,48,New_Customer,Social,Acquisition,Unknown,0.146,7,7,833.82,41,119.11714285714285,7,833.82,34222.25,8.66,4888.89,0.0244,Completed,False,False,False,False
835,Acquisition_BOGO_835,BOGO,0.0,11.85,2024-10-09,2024-11-03,25,All_Customers,Website_Banner,Acquisition,Electronics,0.227,4,4,390.77,25,97.6925,4,390.77,27030.64,10.11,6757.66,0.0145,Completed,False,False,False,False
836,Reactivation_Fixed_Amount_836,Fixed_Amount,75.69,73.66,2025-07-10,2025-05-16,55,New_Customer,Push,Reactivation,Beauty,0.212,0,0,0.0,0,,0,0.0,26745.93,28.37,,0.0,Completed,True,False,False,False
837,Upsell_Free_Shipping_837,Free_Shipping,0.0,0.0,2024-12-20,2025-01-07,18,High_Value,SMS,Upsell,Sports,0.139,0,0,0.0,0,,0,0.0,16216.39,26.68,,0.0,Completed,False,False,False,False
838,Retention_Free_Shipping_838,Free_Shipping,0.0,71.68,2025-02-21,2025-03-05,12,All_Customers,Social,Retention,Home,0.141,3,3,293.3,13,97.76666666666667,3,293.3,2093.27,44.0,697.76,0.1401,Completed,False,False,False,False
839,Cross_Sell_Free_Shipping_839,Free_Shipping,0.0,0.0,2025-06-22,2025-07-06,14,Lapsed,Social,Cross_Sell,Unknown,0.101,0,0,0.0,0,,0,0.0,26600.22,18.62,,0.0,Completed,False,False,False,False
840,Retention_BOGO_840,BOGO,0.0,49.2,2024-10-11,2024-10-16,5,Low_Value,In_App,Retention,Unknown,0.055,0,0,0.0,0,,0,0.0,46232.81,31.68,,0.0,Completed,False,False,False,False
841,Acquisition_Free_Shipping_841,Free_Shipping,0.0,69.74,2025-07-29,2025-08-29,31,Lapsed,Push,Acquisition,Books,0.054,0,0,0.0,0,,0,0.0,2849.77,12.63,,0.0,Completed,False,False,False,False
842,Retention_Free_Shipping_842,Free_Shipping,0.0,0.0,2025-06-19,2025-06-25,6,Lapsed,In_App,Retention,Unknown,0.192,0,0,0.0,0,,0,0.0,29425.14,6.5,,0.0,Completed,False,False,False,False
843,Upsell_Percentage_Discount_843,Percentage_Discount,47.3,0.0,2025-02-28,2025-03-14,14,High_Value,SMS,Upsell,Unknown,0.176,3,3,1016.35,10,338.78333333333336,3,1016.35,9748.06,36.19,3249.35,0.1043,Completed,False,False,False,False
844,Acquisition_BOGO_844,BOGO,0.0,92.85,2025-04-21,2025-06-09,49,High_Value,Social,Acquisition,Unknown,0.177,5,5,1790.21,37,358.042,5,1790.21,46825.38,25.59,9365.08,0.0382,Completed,False,False,False,False
845,Retention_Fixed_Amount_845,Fixed_Amount,18.57,0.0,2025-04-10,2025-04-16,6,Medium_Value,Website_Banner,Retention,Unknown,0.073,1,1,271.24,3,271.24,1,271.24,15185.65,45.51,15185.65,0.0179,Completed,False,False,False,False
846,Acquisition_BOGO_846,BOGO,0.0,0.0,2024-08-28,2024-10-13,46,New_Customer,SMS,Acquisition,Unknown,0.057,11,10,1722.2,39,156.56363636363636,11,1722.2,31965.73,39.91,3196.57,0.0539,Completed,False,False,False,False
847,Upsell_Fixed_Amount_847,Fixed_Amount,55.15,68.46,2024-12-18,2024-12-26,8,Low_Value,Push,Upsell,Unknown,0.088,0,0,0.0,0,,0,0.0,31522.45,47.02,,0.0,Completed,False,False,False,False
848,Retention_BOGO_848,BOGO,0.0,,2025-06-30,2025-07-04,4,Lapsed,Website_Banner,Retention,Unknown,0.142,0,0,0.0,0,,0,0.0,29146.54,15.24,,0.0,Completed,False,False,False,False
849,Cross_Sell_Fixed_Amount_849,Fixed_Amount,22.23,3.62,2025-09-07,2025-09-28,21,High_Value,Email,Cross_Sell,Home,0.071,0,0,0.0,0,,0,0.0,37184.23,44.78,,0.0,Completed,False,False,False,False
850,Acquisition_Fixed_Amount_850,Fixed_Amount,37.99,78.47,2024-12-10,2024-12-26,16,Low_Value,Social,Acquisition,Unknown,0.064,3,3,284.75,11,94.91666666666667,3,284.75,11513.64,18.2,3837.88,0.0247,Completed,False,False,False,False
851,Retention_Free_Shipping_851,Free_Shipping,0.0,31.43,2024-08-20,2024-09-01,12,New_Customer,SMS,Retention,Home,0.085,2,2,373.27,16,186.635,2,373.27,23873.0,17.45,11936.5,0.0156,Completed,False,False,False,False
852,Retention_Fixed_Amount_852,Fixed_Amount,73.96,82.29,2025-04-18,2025-05-09,21,All_Customers,In_App,Retention,Unknown,0.065,5,5,550.46,34,110.092,5,550.46,29524.32,48.29,5904.86,0.0186,Completed,False,False,False,False
853,Upsell_Fixed_Amount_853,Fixed_Amount,41.87,0.0,2024-11-14,2024-12-04,20,Lapsed,Website_Banner,Upsell,Unknown,0.182,0,0,0.0,0,,0,0.0,42521.77,14.27,,0.0,Completed,False,False,False,False
854,Reactivation_Free_Shipping_854,Free_Shipping,0.0,96.38,2024-07-12,2024-08-18,37,Low_Value,SMS,Reactivation,Unknown,0.169,5,5,612.66,22,122.532,5,612.66,16658.74,7.55,3331.75,0.0368,Completed,False,False,False,False
855,Upsell_Percentage_Discount_855,Percentage_Discount,21.2,3.38,2025-03-27,2025-03-31,4,High_Value,Social,Upsell,Unknown,0.098,0,0,0.0,0,,0,0.0,24520.95,27.3,,0.0,Completed,False,False,False,False
856,Reactivation_BOGO_856,BOGO,0.0,,2025-07-08,2025-08-11,34,New_Customer,In_App,Reactivation,Beauty,0.202,0,0,0.0,0,,0,0.0,23046.69,6.84,,0.0,Completed,False,False,False,False
857,Reactivation_Fixed_Amount_857,Fixed_Amount,24.26,0.0,2024-08-06,2024-09-07,32,New_Customer,SMS,Reactivation,Books,0.199,5,5,544.63,16,108.926,5,544.63,49453.44,12.91,9890.69,0.011,Completed,False,False,False,False
858,Cross_Sell_Percentage_Discount_858,Percentage_Discount,16.9,94.23,2024-09-29,2024-10-14,15,New_Customer,Push,Cross_Sell,Unknown,0.064,3,3,399.02,12,133.00666666666666,3,399.02,37850.67,10.55,12616.89,0.0105,Completed,False,False,False,False
859,Cross_Sell_Fixed_Amount_859,Fixed_Amount,47.74,28.87,2024-08-23,2024-09-09,17,Low_Value,Website_Banner,Cross_Sell,Books,0.205,1,1,34.76,7,34.76,1,34.76,22513.37,5.5,22513.37,0.0015,Completed,False,False,False,False
860,Cross_Sell_Fixed_Amount_860,Fixed_Amount,79.12,0.0,2025-08-12,2025-08-15,3,Low_Value,SMS,Cross_Sell,Electronics,0.197,0,0,0.0,0,,0,0.0,5968.51,34.61,,0.0,Completed,False,False,False,False
861,Acquisition_Fixed_Amount_861,Fixed_Amount,79.58,25.22,2025-04-02,2025-04-29,27,All_Customers,Social,Acquisition,Electronics,0.114,11,11,1577.19,89,143.38090909090909,11,1577.19,14775.47,46.15,1343.22,0.1067,Completed,False,False,False,False
862,Cross_Sell_Free_Shipping_862,Free_Shipping,0.0,68.73,2024-08-09,2024-08-29,20,Low_Value,Website_Banner,Cross_Sell,Home,0.07,0,0,0.0,0,,0,0.0,33214.14,12.59,,0.0,Completed,False,False,False,False
863,Acquisition_Fixed_Amount_863,Fixed_Amount,88.37,44.54,2024-08-29,2024-10-11,43,Low_Value,Push,Acquisition,Unknown,0.06,10,10,948.94,57,94.894,10,948.94,2491.67,23.69,249.17,0.3808,Completed,False,False,False,False
864,Upsell_Percentage_Discount_864,Percentage_Discount,10.1,78.47,2025-05-15,2025-05-29,14,Low_Value,Website_Banner,Upsell,Unknown,0.175,3,3,431.55,15,143.85,3,431.55,42464.49,17.63,14154.83,0.0102,Completed,False,False,False,False
865,Reactivation_Fixed_Amount_865,Fixed_Amount,12.38,2.33,2024-10-01,2024-10-17,16,Lapsed,SMS,Reactivation,Home,0.206,0,0,0.0,0,,0,0.0,38931.71,5.16,,0.0,Completed,False,False,False,False
866,Upsell_BOGO_866,BOGO,0.0,0.0,2025-08-06,2025-08-21,15,Medium_Value,Push,Upsell,Books,0.12,0,0,0.0,0,,0,0.0,43417.51,8.71,,0.0,Completed,False,False,False,False
867,Cross_Sell_Free_Shipping_867,Free_Shipping,0.0,12.37,2025-04-07,2025-04-13,6,Lapsed,Social,Cross_Sell,Sports,0.205,0,0,0.0,0,,0,0.0,31693.26,41.75,,0.0,Completed,False,False,False,False
868,Reactivation_Free_Shipping_868,Free_Shipping,0.0,0.0,2024-08-03,2024-09-12,40,New_Customer,Push,Reactivation,Unknown,0.091,5,5,581.09,42,116.218,5,581.09,48509.33,48.74,9701.87,0.012,Completed,False,False,False,False
869,Acquisition_Free_Shipping_869,Free_Shipping,0.0,0.0,2024-08-13,2024-09-02,20,High_Value,Social,Acquisition,Unknown,0.14,1,1,414.82,1,414.82,1,414.82,23700.79,29.49,23700.79,0.0175,Completed,False,False,False,False
870,Retention_Free_Shipping_870,Free_Shipping,0.0,93.34,2025-09-08,2025-09-11,3,Low_Value,Social,Retention,Sports,0.064,0,0,0.0,0,,0,0.0,17761.29,6.45,,0.0,Completed,False,False,False,False
871,Acquisition_Fixed_Amount_871,Fixed_Amount,36.19,87.24,2024-08-17,2024-09-22,36,Medium_Value,Push,Acquisition,Sports,0.169,2,2,438.89,22,219.445,2,438.89,3137.31,18.89,1568.66,0.1399,Completed,False,False,False,False
872,Upsell_BOGO_872,BOGO,0.0,0.0,2024-07-24,2024-08-04,11,Low_Value,Email,Upsell,Sports,0.172,0,0,0.0,0,,0,0.0,45986.74,25.34,,0.0,Completed,False,False,False,False
873,Retention_Percentage_Discount_873,Percentage_Discount,23.4,20.64,2025-06-15,2025-06-18,3,High_Value,Website_Banner,Retention,Unknown,0.165,0,0,0.0,0,,0,0.0,13078.49,24.11,,0.0,Completed,False,False,False,False
874,Acquisition_BOGO_874,BOGO,0.0,0.0,2024-12-08,2025-01-18,41,Low_Value,Push,Acquisition,Clothing,0.116,1,1,48.63,7,48.63,1,48.63,20499.09,36.41,20499.09,0.0024,Completed,False,False,False,False
875,Reactivation_Fixed_Amount_875,Fixed_Amount,75.59,88.78,2024-11-08,2024-12-21,43,New_Customer,Social,Reactivation,Unknown,0.128,5,5,907.88,38,181.576,5,907.88,49961.54,44.24,9992.31,0.0182,Completed,False,False,False,False
876,Cross_Sell_Percentage_Discount_876,Percentage_Discount,46.0,46.46,2025-06-17,2025-07-07,20,High_Value,In_App,Cross_Sell,Electronics,0.15,0,0,0.0,0,,0,0.0,16306.74,29.15,,0.0,Completed,False,False,False,False
877,Retention_BOGO_877,BOGO,0.0,0.0,2024-07-23,2024-07-10,13,Medium_Value,In_App,Retention,Unknown,0.178,0,0,0.0,0,,0,0.0,3349.06,22.54,,0.0,Completed,True,False,False,False
878,Reactivation_Percentage_Discount_878,Percentage_Discount,48.9,0.0,2025-04-09,2025-05-15,36,Lapsed,In_App,Reactivation,Beauty,0.068,0,0,0.0,0,,0,0.0,23587.56,43.48,,0.0,Completed,False,False,False,False
879,Reactivation_Percentage_Discount_879,Percentage_Discount,13.7,24.17,2024-10-14,2024-11-08,25,High_Value,Website_Banner,Reactivation,Electronics,0.149,0,0,0.0,0,,0,0.0,41272.84,46.16,,0.0,Completed,False,False,False,False
880,Upsell_Fixed_Amount_880,Fixed_Amount,43.96,20.23,2025-07-31,2025-08-08,8,Medium_Value,Website_Banner,Upsell,Unknown,0.088,0,0,0.0,0,,0,0.0,46786.18,21.47,,0.0,Completed,False,False,False,False
881,Retention_BOGO_881,BOGO,0.0,7.75,2025-01-27,2025-02-10,14,Low_Value,Website_Banner,Retention,Sports,0.096,1,1,37.64,11,37.64,1,37.64,32921.14,41.91,32921.14,0.0011,Completed,False,False,False,False
882,Cross_Sell_Percentage_Discount_882,Percentage_Discount,32.6,7.75,2024-12-01,2024-12-16,15,New_Customer,Email,Cross_Sell,Sports,0.158,0,0,0.0,0,,0,0.0,5504.87,26.83,,0.0,Completed,False,False,False,False
883,Reactivation_BOGO_883,BOGO,0.0,21.92,2025-06-01,2025-06-16,15,Medium_Value,Social,Reactivation,Unknown,0.123,1,1,136.02,6,136.02,1,136.02,20792.35,43.5,20792.35,0.0065,Completed,False,False,False,False
884,Acquisition_Free_Shipping_884,Free_Shipping,0.0,56.51,2025-07-05,2025-07-31,26,Medium_Value,Push,Acquisition,Unknown,0.118,0,0,0.0,0,,0,0.0,40681.14,25.28,,0.0,Completed,False,False,False,False
885,Reactivation_Fixed_Amount_885,Fixed_Amount,58.45,0.0,2025-07-15,2025-08-25,41,Low_Value,Push,Reactivation,Unknown,0.233,0,0,0.0,0,,0,0.0,35738.64,35.13,,0.0,Completed,False,False,False,False
886,Acquisition_Percentage_Discount_886,Percentage_Discount,15.4,31.94,2025-08-07,2025-09-29,53,High_Value,In_App,Acquisition,Unknown,0.147,0,0,0.0,0,,0,0.0,1368.33,19.14,,0.0,Completed,False,False,False,False
887,Upsell_Percentage_Discount_887,Percentage_Discount,7.6,7.17,2024-10-12,2024-10-31,19,Medium_Value,In_App,Upsell,Unknown,0.221,0,0,0.0,0,,0,0.0,5686.22,21.43,,0.0,Completed,False,False,False,False
888,Cross_Sell_Percentage_Discount_888,Percentage_Discount,32.5,13.46,2024-09-08,2024-09-17,9,Medium_Value,Push,Cross_Sell,Unknown,0.08,0,0,0.0,0,,0,0.0,10744.84,23.52,,0.0,Completed,False,False,False,False
889,Reactivation_Free_Shipping_889,Free_Shipping,0.0,44.97,2025-05-13,2025-06-17,35,Low_Value,Email,Reactivation,Unknown,0.087,1,1,120.92,9,120.92,1,120.92,3921.58,30.92,3921.58,0.0308,Completed,False,False,False,False
890,Upsell_Fixed_Amount_890,Fixed_Amount,97.54,,2024-09-30,2024-10-03,3,New_Customer,Website_Banner,Upsell,Home,0.197,0,0,0.0,0,,0,0.0,39044.04,31.21,,0.0,Completed,False,False,False,False
891,Retention_BOGO_891,BOGO,0.0,78.82,2024-11-21,2024-11-25,4,All_Customers,Social,Retention,Books,0.193,2,2,941.91,11,470.955,2,941.91,2459.51,43.75,1229.76,0.383,Completed,False,False,False,False
892,Retention_Percentage_Discount_892,Percentage_Discount,46.3,89.67,2025-05-11,2025-05-28,17,Medium_Value,Email,Retention,Unknown,0.24,2,2,568.03,13,284.015,2,568.03,46354.09,45.16,23177.05,0.0123,Completed,False,False,False,False
893,Retention_Fixed_Amount_893,Fixed_Amount,76.56,,2025-08-21,2025-09-01,11,Lapsed,In_App,Retention,Electronics,0.152,0,0,0.0,0,,0,0.0,27470.24,36.97,,0.0,Completed,False,False,False,False
894,Cross_Sell_Percentage_Discount_894,Percentage_Discount,36.8,28.79,2025-04-17,2025-04-25,8,Lapsed,SMS,Cross_Sell,Clothing,0.136,0,0,0.0,0,,0,0.0,2094.46,16.89,,0.0,Completed,False,False,False,False
895,Reactivation_Free_Shipping_895,Free_Shipping,0.0,0.0,2025-08-09,2025-09-12,34,New_Customer,Email,Reactivation,Unknown,0.119,0,0,0.0,0,,0,0.0,26194.48,47.09,,0.0,Completed,False,False,False,False
896,Retention_Fixed_Amount_896,Fixed_Amount,95.77,17.65,2025-02-26,2025-03-05,7,Lapsed,In_App,Retention,Beauty,0.058,0,0,0.0,0,,0,0.0,33363.22,37.23,,0.0,Completed,False,False,False,False
897,Retention_BOGO_897,BOGO,0.0,32.21,2024-12-25,2025-01-04,10,New_Customer,Push,Retention,Unknown,0.138,0,0,0.0,3,,0,0.0,13497.11,28.49,,0.0,Completed,False,False,False,False
898,Cross_Sell_Percentage_Discount_898,Percentage_Discount,47.6,0.0,2024-07-24,2024-08-03,10,Medium_Value,Push,Cross_Sell,Sports,0.146,2,2,369.37,5,184.685,2,369.37,2913.32,28.82,1456.66,0.1268,Completed,False,False,False,False
899,Cross_Sell_BOGO_899,BOGO,0.0,,2025-04-11,2025-04-30,19,New_Customer,Website_Banner,Cross_Sell,Unknown,0.241,1,1,55.58,5,55.58,1,55.58,37778.16,15.19,37778.16,0.0015,Completed,False,False,False,False
900,Retention_Percentage_Discount_900,Percentage_Discount,46.9,20.12,2024-07-31,2024-08-10,10,All_Customers,Push,Retention,Unknown,0.234,7,7,1508.72,36,215.53142857142856,7,1508.72,1420.26,38.92,202.89,1.0623,Completed,False,False,False,False
901,Acquisition_BOGO_901,BOGO,0.0,0.0,2025-08-02,2025-08-27,25,Low_Value,SMS,Acquisition,Clothing,0.157,0,0,0.0,0,,0,0.0,10233.34,16.39,,0.0,Completed,False,False,False,False
902,Acquisition_BOGO_902,BOGO,0.0,67.71,2024-09-10,2024-08-13,28,All_Customers,Email,Acquisition,Unknown,0.206,0,0,0.0,0,,0,0.0,43087.9,40.17,,0.0,Completed,True,False,False,False
903,Upsell_Fixed_Amount_903,Fixed_Amount,49.76,74.75,2024-08-03,2024-08-21,18,Lapsed,SMS,Upsell,Unknown,0.149,0,0,0.0,0,,0,0.0,42165.4,30.65,,0.0,Completed,False,False,False,False
904,Reactivation_BOGO_904,BOGO,0.0,54.22,2024-10-27,2024-12-12,46,Low_Value,Push,Reactivation,Electronics,0.247,4,4,397.65,30,99.4125,4,397.65,13763.87,7.28,3440.97,0.0289,Completed,False,False,False,False
905,Cross_Sell_BOGO_905,BOGO,0.0,54.86,2025-05-02,2025-05-10,8,Low_Value,In_App,Cross_Sell,Unknown,0.204,0,0,0.0,0,,0,0.0,41405.86,45.71,,0.0,Completed,False,False,False,False
906,Upsell_BOGO_906,BOGO,0.0,98.01,2025-04-24,2025-05-12,18,Low_Value,In_App,Upsell,Unknown,0.217,0,0,0.0,0,,0,0.0,9796.31,27.7,,0.0,Completed,False,False,False,False
907,Upsell_Fixed_Amount_907,Fixed_Amount,78.73,51.33,2024-08-28,2024-09-02,5,High_Value,SMS,Upsell,Unknown,0.147,0,0,0.0,0,,0,0.0,9474.41,46.16,,0.0,Completed,False,False,False,False
908,Reactivation_Free_Shipping_908,Free_Shipping,0.0,0.0,2025-08-26,2025-10-01,36,Medium_Value,Website_Banner,Reactivation,Beauty,0.066,0,0,0.0,0,,0,0.0,12285.51,18.33,,0.0,Completed,False,False,False,False
909,Cross_Sell_Free_Shipping_909,Free_Shipping,0.0,2.84,2025-07-15,2025-07-20,5,Low_Value,SMS,Cross_Sell,Unknown,0.132,0,0,0.0,0,,0,0.0,26411.42,25.23,,0.0,Completed,False,False,False,False
910,Retention_Free_Shipping_910,Free_Shipping,0.0,26.59,2025-05-16,2025-05-29,13,All_Customers,Email,Retention,Clothing,0.167,7,7,1192.11,41,170.30142857142857,7,1192.11,29414.25,21.7,4202.04,0.0405,Completed,False,False,False,False
911,Retention_Free_Shipping_911,Free_Shipping,0.0,78.48,2025-01-02,2025-01-08,6,Low_Value,Push,Retention,Unknown,0.167,0,0,0.0,0,,0,0.0,29166.67,25.48,,0.0,Completed,False,False,False,False
912,Cross_Sell_Free_Shipping_912,Free_Shipping,0.0,0.0,2025-07-27,2025-08-05,9,New_Customer,Website_Banner,Cross_Sell,Clothing,0.126,0,0,0.0,0,,0,0.0,10662.99,16.5,,0.0,Completed,False,False,False,False
913,Reactivation_BOGO_913,BOGO,0.0,0.0,2024-07-21,2024-08-24,34,Medium_Value,Push,Reactivation,Unknown,0.098,8,8,1401.49,45,175.18625,8,1401.49,41122.1,22.82,5140.26,0.0341,Completed,False,False,False,False
914,Acquisition_Percentage_Discount_914,Percentage_Discount,16.5,0.0,2025-01-26,2025-02-11,16,High_Value,Push,Acquisition,Sports,0.142,0,0,0.0,0,,0,0.0,30739.26,40.47,,0.0,Completed,False,False,False,False
915,Upsell_BOGO_915,BOGO,0.0,0.0,2024-11-02,2024-11-11,9,Low_Value,Social,Upsell,Unknown,0.108,0,0,0.0,0,,0,0.0,49888.54,5.75,,0.0,Completed,False,False,False,False
916,Reactivation_Fixed_Amount_916,Fixed_Amount,18.43,0.0,2025-05-16,2025-06-13,28,Medium_Value,In_App,Reactivation,Unknown,0.15,0,0,0.0,0,,0,0.0,11532.65,14.8,,0.0,Completed,False,False,False,False
917,Acquisition_BOGO_917,BOGO,0.0,94.13,2024-12-12,2025-02-01,51,Medium_Value,SMS,Acquisition,Unknown,0.176,3,3,638.83,15,212.94333333333333,3,638.83,22204.84,28.81,7401.61,0.0288,Completed,False,False,False,False
918,Acquisition_BOGO_918,BOGO,0.0,82.8,2025-05-26,2025-06-13,18,High_Value,SMS,Acquisition,Unknown,0.108,1,1,366.29,16,366.29,1,366.29,46312.55,39.51,46312.55,0.0079,Completed,False,False,False,False
919,Retention_BOGO_919,BOGO,0.0,23.06,2024-09-01,2024-09-07,6,Lapsed,Push,Retention,Unknown,0.096,0,0,0.0,0,,0,0.0,17840.35,16.53,,0.0,Completed,False,False,False,False
920,Retention_Free_Shipping_920,Free_Shipping,0.0,0.0,2025-08-03,2025-08-12,9,Medium_Value,Email,Retention,Electronics,0.175,0,0,0.0,0,,0,0.0,39961.47,21.51,,0.0,Completed,False,False,False,False
921,Acquisition_BOGO_921,BOGO,0.0,,2025-04-03,2025-04-19,16,Low_Value,Email,Acquisition,Electronics,0.238,1,1,105.44,15,105.44,1,105.44,22792.9,38.34,22792.9,0.0046,Completed,False,False,False,False
922,Upsell_BOGO_922,BOGO,0.0,,2025-07-31,2025-08-12,12,Low_Value,SMS,Upsell,Beauty,0.167,0,0,0.0,0,,0,0.0,17597.81,41.64,,0.0,Completed,False,False,False,False
923,Reactivation_BOGO_923,BOGO,0.0,41.63,2025-07-20,2025-09-06,48,Low_Value,SMS,Reactivation,Electronics,0.078,0,0,0.0,0,,0,0.0,41624.89,5.81,,0.0,Completed,False,False,False,False
924,Retention_Free_Shipping_924,Free_Shipping,0.0,83.38,2025-05-10,2025-05-24,14,Medium_Value,In_App,Retention,Sports,0.053,0,0,0.0,0,,0,0.0,32675.59,26.17,,0.0,Completed,False,False,False,False
925,Acquisition_Percentage_Discount_925,Percentage_Discount,46.0,6.99,2025-07-19,2025-08-26,38,Low_Value,Social,Acquisition,Unknown,0.109,0,0,0.0,0,,0,0.0,38843.74,30.86,,0.0,Completed,False,False,False,False
926,Acquisition_Free_Shipping_926,Free_Shipping,0.0,49.02,2025-05-31,2025-07-04,34,Low_Value,Push,Acquisition,Unknown,0.077,2,2,164.09,12,82.045,2,164.09,39077.59,32.96,19538.8,0.0042,Completed,False,False,False,False
927,Upsell_Fixed_Amount_927,Fixed_Amount,84.34,27.64,2025-04-30,2025-05-05,5,All_Customers,SMS,Upsell,Unknown,0.127,8,8,1790.5,57,223.8125,8,1790.5,37868.77,39.86,4733.6,0.0473,Completed,False,False,False,False
928,Cross_Sell_BOGO_928,BOGO,0.0,0.0,2024-11-20,2024-11-30,10,Low_Value,Social,Cross_Sell,Unknown,0.187,1,1,107.13,2,107.13,1,107.13,23879.45,14.57,23879.45,0.0045,Completed,False,False,False,False
929,Cross_Sell_Free_Shipping_929,Free_Shipping,,66.24,2024-07-09,2024-07-27,18,New_Customer,Social,Cross_Sell,Unknown,0.2,9,9,1111.36,58,123.48444444444445,9,1111.36,21682.74,22.43,2409.19,0.0513,Completed,False,True,False,False
930,Cross_Sell_BOGO_930,BOGO,0.0,0.0,2025-06-06,2025-06-22,16,New_Customer,In_App,Cross_Sell,Books,0.135,1,1,42.92,7,42.92,1,42.92,45628.77,18.92,45628.77,0.0009,Completed,False,False,False,False
931,Retention_Free_Shipping_931,Free_Shipping,0.0,88.41,2025-09-26,2025-10-01,5,High_Value,Push,Retention,Electronics,0.131,0,0,0.0,0,,0,0.0,39954.97,18.47,,0.0,Completed,False,False,False,False
932,Cross_Sell_Percentage_Discount_932,Percentage_Discount,21.8,93.15,2025-04-08,2025-04-12,4,All_Customers,In_App,Cross_Sell,Home,0.064,0,0,0.0,7,,0,0.0,4295.85,26.75,,0.0,Completed,False,False,False,False
933,Cross_Sell_Percentage_Discount_933,Percentage_Discount,10.0,0.0,2025-06-18,2025-06-24,6,New_Customer,Email,Cross_Sell,Beauty,0.066,1,1,121.01,6,121.01,1,121.01,9284.81,26.41,9284.81,0.013,Completed,False,False,False,False
934,Retention_Free_Shipping_934,Free_Shipping,0.0,,2025-07-25,2025-08-08,14,Lapsed,Email,Retention,Unknown,0.146,0,0,0.0,0,,0,0.0,43271.62,30.7,,0.0,Completed,False,False,False,False
935,Reactivation_BOGO_935,BOGO,0.0,0.0,2025-02-17,2025-04-05,47,New_Customer,Social,Reactivation,Beauty,0.097,4,4,344.3,24,86.075,4,344.3,20536.14,28.22,5134.04,0.0168,Completed,False,False,False,False
936,Reactivation_Fixed_Amount_936,Fixed_Amount,72.46,29.98,2024-08-29,2024-10-04,36,Lapsed,Push,Reactivation,Books,0.115,0,0,0.0,0,,0,0.0,40824.5,48.49,,0.0,Completed,False,False,False,False
937,Reactivation_BOGO_937,BOGO,0.0,,2024-09-21,2024-10-30,39,Lapsed,SMS,Reactivation,Beauty,0.245,0,0,0.0,0,,0,0.0,11445.67,46.06,,0.0,Completed,False,False,False,False
938,Cross_Sell_BOGO_938,BOGO,0.0,67.72,2025-01-06,2025-01-22,16,New_Customer,Email,Cross_Sell,Unknown,0.07,1,1,225.49,7,225.49,1,225.49,44606.44,38.58,44606.44,0.0051,Completed,False,False,False,False
939,Upsell_BOGO_939,BOGO,0.0,81.56,2025-07-30,2025-08-07,8,All_Customers,Email,Upsell,Unknown,0.085,0,0,0.0,0,,0,0.0,11632.57,46.41,,0.0,Completed,False,False,False,False
940,Retention_Fixed_Amount_940,Fixed_Amount,76.73,33.94,2025-09-08,2025-09-15,7,High_Value,SMS,Retention,Beauty,0.095,0,0,0.0,0,,0,0.0,34050.83,46.7,,0.0,Completed,False,False,False,False
941,Upsell_Free_Shipping_941,Free_Shipping,0.0,87.38,2025-08-12,2025-08-25,13,New_Customer,Social,Upsell,Unknown,0.246,0,0,0.0,0,,0,0.0,11533.93,47.47,,0.0,Completed,False,False,False,False
942,Retention_Fixed_Amount_942,Fixed_Amount,99.26,8.91,2025-01-31,2025-02-08,8,New_Customer,Push,Retention,Sports,0.237,2,2,193.36,11,96.68,2,193.36,16588.66,40.48,8294.33,0.0117,Completed,False,False,False,False
943,Reactivation_Free_Shipping_943,Free_Shipping,0.0,0.0,2024-08-08,2024-09-05,28,Lapsed,Push,Reactivation,Home,0.196,0,0,0.0,0,,0,0.0,43496.07,25.15,,0.0,Completed,False,False,False,False
944,Retention_Percentage_Discount_944,Percentage_Discount,5.9,41.68,2024-07-30,2024-08-14,15,All_Customers,Social,Retention,Unknown,0.077,9,9,3089.96,69,343.3288888888889,9,3089.96,28605.03,24.79,3178.34,0.108,Completed,False,False,False,False
945,Upsell_Free_Shipping_945,Free_Shipping,0.0,,2025-01-18,2025-01-31,13,New_Customer,Social,Upsell,Books,0.198,1,1,230.94,5,230.94,1,230.94,36111.56,6.66,36111.56,0.0064,Completed,False,False,False,False
946,Reactivation_BOGO_946,BOGO,0.0,0.0,2024-07-18,2024-09-06,50,Medium_Value,Website_Banner,Reactivation,Home,0.078,0,0,0.0,0,,0,0.0,47380.13,8.42,,0.0,Completed,False,False,False,False
947,Cross_Sell_Percentage_Discount_947,Percentage_Discount,39.9,0.0,2024-07-17,2024-07-31,14,Medium_Value,Email,Cross_Sell,Unknown,0.084,0,0,0.0,0,,0,0.0,42076.08,48.83,,0.0,Completed,False,False,False,False
948,Acquisition_Fixed_Amount_948,Fixed_Amount,18.46,0.0,2025-05-17,2025-06-18,32,Medium_Value,Website_Banner,Acquisition,Unknown,0.134,1,1,272.97,2,272.97,1,272.97,32030.75,7.11,32030.75,0.0085,Completed,False,False,False,False
949,Reactivation_Percentage_Discount_949,Percentage_Discount,14.0,92.59,2025-06-28,2025-08-23,56,All_Customers,Email,Reactivation,Sports,0.072,3,3,266.31,16,88.77,3,266.31,46509.83,39.07,15503.28,0.0057,Completed,False,False,False,False
950,Cross_Sell_Free_Shipping_950,Free_Shipping,0.0,,2024-12-03,2024-12-09,6,Lapsed,Website_Banner,Cross_Sell,Unknown,0.14,0,0,0.0,0,,0,0.0,4216.05,38.18,,0.0,Completed,False,False,False,False
951,Retention_BOGO_951,BOGO,0.0,16.4,2025-07-04,2025-07-20,16,All_Customers,Website_Banner,Retention,Clothing,0.187,0,0,0.0,0,,0,0.0,18650.38,30.61,,0.0,Completed,False,False,False,False
952,Cross_Sell_Fixed_Amount_952,Fixed_Amount,91.29,22.95,2025-06-17,2025-07-02,15,Medium_Value,Social,Cross_Sell,Unknown,0.213,1,1,152.7,5,152.7,1,152.7,21777.97,35.17,21777.97,0.007,Completed,False,False,False,False
953,Acquisition_Percentage_Discount_953,Percentage_Discount,12.6,0.0,2024-08-13,2024-09-15,33,Medium_Value,SMS,Acquisition,Beauty,0.146,4,4,959.67,23,239.9175,4,959.67,14583.41,15.16,3645.85,0.0658,Completed,False,False,False,False
954,Upsell_Fixed_Amount_954,Fixed_Amount,,61.02,2025-02-20,2025-02-08,12,All_Customers,Push,Upsell,Unknown,0.084,0,0,0.0,0,,0,0.0,6471.57,34.96,,0.0,Completed,True,True,False,False
955,Acquisition_Percentage_Discount_955,Percentage_Discount,29.1,0.0,2025-05-25,2025-07-20,56,Low_Value,Push,Acquisition,Unknown,0.233,4,4,368.03,15,92.0075,4,368.03,48984.24,49.77,12246.06,0.0075,Completed,False,False,False,False
956,Cross_Sell_Free_Shipping_956,Free_Shipping,0.0,1.36,2025-03-04,2025-03-19,15,High_Value,Social,Cross_Sell,Clothing,0.238,0,0,0.0,0,,0,0.0,30239.79,17.59,,0.0,Completed,False,False,False,False
957,Retention_Free_Shipping_957,Free_Shipping,0.0,0.0,2025-01-11,2025-01-19,8,High_Value,Website_Banner,Retention,Unknown,0.135,0,0,0.0,0,,0,0.0,41155.73,40.99,,0.0,Completed,False,False,False,False
958,Retention_Fixed_Amount_958,Fixed_Amount,47.76,0.0,2024-11-24,2024-12-08,14,All_Customers,Website_Banner,Retention,Home,0.218,1,1,93.27,3,93.27,1,93.27,47567.56,44.04,47567.56,0.002,Completed,False,False,False,False
959,Upsell_Percentage_Discount_959,Percentage_Discount,38.6,0.0,2025-01-23,2025-02-13,21,High_Value,Push,Upsell,Unknown,0.221,0,0,0.0,0,,0,0.0,24900.6,47.61,,0.0,Completed,False,False,False,False
960,Acquisition_BOGO_960,BOGO,0.0,0.0,2024-09-20,2024-10-20,30,All_Customers,Social,Acquisition,Home,0.234,16,14,2499.31,121,156.206875,16,2499.31,15319.07,22.27,1094.22,0.1632,Completed,False,False,False,False
961,Upsell_BOGO_961,BOGO,0.0,36.24,2024-07-17,2024-08-06,20,New_Customer,Push,Upsell,Unknown,0.064,4,4,501.45,18,125.3625,4,501.45,14945.82,36.48,3736.46,0.0336,Completed,False,False,False,False
962,Upsell_Free_Shipping_962,Free_Shipping,0.0,37.18,2024-08-30,2024-09-15,16,High_Value,Email,Upsell,Unknown,0.167,1,1,355.53,3,355.53,1,355.53,26635.17,12.83,26635.17,0.0133,Completed,False,False,False,False
963,Retention_Percentage_Discount_963,Percentage_Discount,28.5,0.0,2025-06-02,2025-06-05,3,New_Customer,SMS,Retention,Unknown,0.136,0,0,0.0,0,,0,0.0,39101.78,22.04,,0.0,Completed,False,False,False,False
964,Cross_Sell_Percentage_Discount_964,Percentage_Discount,34.3,13.85,2025-06-12,2025-06-28,16,New_Customer,In_App,Cross_Sell,Unknown,0.081,1,1,64.71,3,64.71,1,64.71,23608.69,35.06,23608.69,0.0027,Completed,False,False,False,False
965,Acquisition_Fixed_Amount_965,Fixed_Amount,64.66,85.59,2025-05-27,2025-07-20,54,High_Value,In_App,Acquisition,Unknown,0.143,1,1,590.45,2,590.45,1,590.45,42507.53,26.61,42507.53,0.0139,Completed,False,False,False,False
966,Acquisition_BOGO_966,BOGO,0.0,86.54,2024-12-07,2025-01-08,32,High_Value,In_App,Acquisition,Unknown,0.092,0,0,0.0,0,,0,0.0,29573.92,15.16,,0.0,Completed,False,False,False,False
967,Retention_BOGO_967,BOGO,0.0,0.0,2024-07-23,2024-08-06,14,Lapsed,Social,Retention,Books,0.245,0,0,0.0,0,,0,0.0,3783.33,31.95,,0.0,Completed,False,False,False,False
968,Reactivation_Fixed_Amount_968,Fixed_Amount,65.27,80.16,2024-08-18,2024-10-17,60,Medium_Value,Website_Banner,Reactivation,Sports,0.102,2,2,479.2,6,239.6,2,479.2,29570.79,39.74,14785.4,0.0162,Completed,False,False,False,False
969,Upsell_BOGO_969,BOGO,0.0,0.0,2025-07-27,2025-08-13,17,Medium_Value,Push,Upsell,Unknown,0.072,0,0,0.0,0,,0,0.0,16953.29,40.76,,0.0,Completed,False,False,False,False
970,Reactivation_Free_Shipping_970,Free_Shipping,0.0,35.91,2024-08-04,2024-09-01,28,High_Value,Website_Banner,Reactivation,Unknown,0.059,0,0,0.0,0,,0,0.0,43961.23,39.5,,0.0,Completed,False,False,False,False
971,Reactivation_Percentage_Discount_971,Percentage_Discount,9.2,,2025-05-12,2025-05-28,16,New_Customer,SMS,Reactivation,Beauty,0.055,2,2,238.54,8,119.27,2,238.54,1604.8,36.21,802.4,0.1486,Completed,False,False,False,False
972,Upsell_BOGO_972,BOGO,0.0,41.23,2025-08-21,2025-09-03,13,Medium_Value,Email,Upsell,Unknown,0.189,0,0,0.0,0,,0,0.0,8823.94,13.01,,0.0,Completed,False,False,False,False
973,Retention_BOGO_973,BOGO,0.0,0.0,2025-07-06,2025-07-17,11,New_Customer,Push,Retention,Unknown,0.059,0,0,0.0,0,,0,0.0,9842.68,40.7,,0.0,Completed,False,False,False,False
974,Reactivation_Fixed_Amount_974,Fixed_Amount,26.68,73.68,2024-07-26,2024-09-24,60,New_Customer,SMS,Reactivation,Unknown,0.082,10,10,1245.11,40,124.511,10,1245.11,10874.9,38.83,1087.49,0.1145,Completed,False,False,False,False
975,Upsell_Percentage_Discount_975,Percentage_Discount,27.0,,2025-09-11,2025-09-17,6,Low_Value,Social,Upsell,Unknown,0.219,0,0,0.0,0,,0,0.0,33249.49,9.51,,0.0,Completed,False,False,False,False
976,Retention_BOGO_976,BOGO,0.0,31.57,2024-10-14,2024-10-28,14,Low_Value,Email,Retention,Unknown,0.096,3,3,320.44,7,106.81333333333333,3,320.44,5396.83,24.96,1798.94,0.0594,Completed,False,False,False,False
977,Retention_Free_Shipping_977,Free_Shipping,0.0,34.49,2025-01-26,2025-02-06,11,Low_Value,Email,Retention,Unknown,0.084,5,5,509.44,20,101.888,5,509.44,9276.07,13.12,1855.21,0.0549,Completed,False,False,False,False
978,Reactivation_BOGO_978,BOGO,0.0,56.71,2025-04-05,2025-05-04,29,Medium_Value,SMS,Reactivation,Unknown,0.172,2,2,518.61,12,259.305,2,518.61,12513.61,6.64,6256.81,0.0414,Completed,False,False,False,False
979,Acquisition_Fixed_Amount_979,Fixed_Amount,82.57,99.38,2024-07-14,2024-07-28,14,New_Customer,Email,Acquisition,Unknown,0.081,5,5,543.95,21,108.79,5,543.95,9246.98,17.33,1849.4,0.0588,Completed,False,False,False,False
980,Acquisition_Free_Shipping_980,Free_Shipping,0.0,30.89,2024-07-23,2024-09-08,47,New_Customer,Push,Acquisition,Clothing,0.206,2,2,146.81,11,73.405,2,146.81,31638.85,12.07,15819.43,0.0046,Completed,False,False,False,False
981,Reactivation_Free_Shipping_981,Free_Shipping,,,2024-09-30,2024-10-21,21,All_Customers,Email,Reactivation,Unknown,0.155,14,14,1885.93,64,134.70928571428573,14,1885.93,12596.4,46.78,899.74,0.1497,Completed,False,True,False,False
982,Upsell_Fixed_Amount_982,Fixed_Amount,75.09,29.09,2025-03-26,2025-04-14,19,Medium_Value,SMS,Upsell,Unknown,0.218,4,4,789.98,23,197.495,4,789.98,1825.75,10.48,456.44,0.4327,Completed,False,False,False,False
983,Reactivation_Percentage_Discount_983,Percentage_Discount,15.7,41.79,2025-05-20,2025-06-29,40,Lapsed,In_App,Reactivation,Beauty,0.241,0,0,0.0,0,,0,0.0,49512.82,32.13,,0.0,Completed,False,False,False,False
984,Acquisition_Fixed_Amount_984,Fixed_Amount,88.25,72.72,2024-10-17,2024-09-11,36,Low_Value,SMS,Acquisition,Unknown,0.111,0,0,0.0,0,,0,0.0,19216.74,26.19,,0.0,Completed,True,False,False,False
985,Retention_Percentage_Discount_985,Percentage_Discount,7.5,,2024-12-08,2024-12-18,10,New_Customer,Email,Retention,Unknown,0.191,2,2,441.64,18,220.82,2,441.64,49661.04,25.02,24830.52,0.0089,Completed,False,False,False,False
986,Cross_Sell_Percentage_Discount_986,Percentage_Discount,32.9,85.19,2024-10-21,2024-10-25,4,Medium_Value,Email,Cross_Sell,Home,0.12,1,1,261.0,11,261.0,1,261.0,49886.1,48.61,49886.1,0.0052,Completed,False,False,False,False
987,Retention_Free_Shipping_987,Free_Shipping,0.0,12.21,2025-03-07,2025-03-26,19,Low_Value,In_App,Retention,Unknown,0.172,0,0,0.0,0,,0,0.0,40497.37,13.26,,0.0,Completed,False,False,False,False
988,Upsell_BOGO_988,BOGO,0.0,60.58,2025-09-03,2025-09-10,7,Low_Value,Push,Upsell,Unknown,0.184,0,0,0.0,0,,0,0.0,10929.71,23.67,,0.0,Completed,False,False,False,False
989,Acquisition_Percentage_Discount_989,Percentage_Discount,47.6,0.0,2024-07-08,2024-08-31,54,Low_Value,In_App,Acquisition,Clothing,0.164,9,9,822.73,36,91.41444444444444,9,822.73,16554.6,39.91,1839.4,0.0497,Completed,False,False,False,False
990,Retention_Fixed_Amount_990,Fixed_Amount,39.64,31.52,2024-12-10,2024-12-16,6,Low_Value,SMS,Retention,Unknown,0.087,0,0,0.0,0,,0,0.0,36928.37,40.61,,0.0,Completed,False,False,False,False
991,Acquisition_Fixed_Amount_991,Fixed_Amount,36.3,77.25,2025-07-13,2025-07-28,15,Lapsed,Social,Acquisition,Unknown,0.173,0,0,0.0,0,,0,0.0,33552.67,37.48,,0.0,Completed,False,False,False,False
992,Acquisition_Free_Shipping_992,Free_Shipping,0.0,70.79,2025-05-13,2025-06-18,36,Medium_Value,Social,Acquisition,Unknown,0.217,5,4,1138.42,27,227.684,5,1138.42,22833.98,7.51,5708.5,0.0499,Completed,False,False,False,False
993,Reactivation_Percentage_Discount_993,Percentage_Discount,13.6,0.0,2025-08-30,2025-09-29,30,New_Customer,In_App,Reactivation,Beauty,0.061,0,0,0.0,0,,0,0.0,47818.05,18.74,,0.0,Completed,False,False,False,False
994,Cross_Sell_Fixed_Amount_994,Fixed_Amount,94.01,0.0,2024-09-03,2024-09-20,17,Medium_Value,Push,Cross_Sell,Unknown,0.192,4,4,794.73,16,198.6825,4,794.73,28243.75,36.55,7060.94,0.0281,Completed,False,False,False,False
995,Acquisition_Percentage_Discount_995,Percentage_Discount,6.0,48.51,2025-04-14,2025-05-09,25,Lapsed,Email,Acquisition,Home,0.121,0,0,0.0,0,,0,0.0,48519.03,19.04,,0.0,Completed,False,False,False,False
996,Upsell_Free_Shipping_996,Free_Shipping,0.0,87.04,2025-04-30,2025-05-20,20,New_Customer,Email,Upsell,Clothing,0.072,1,1,73.88,10,73.88,1,73.88,37564.74,10.79,37564.74,0.002,Completed,False,False,False,False
997,Reactivation_Percentage_Discount_997,Percentage_Discount,30.6,65.48,2025-03-16,2025-04-19,34,New_Customer,In_App,Reactivation,Unknown,0.168,0,0,0.0,0,,0,0.0,40118.39,5.65,,0.0,Completed,False,False,False,False
998,Retention_Fixed_Amount_998,Fixed_Amount,86.02,87.2,2025-07-30,2025-08-03,4,Medium_Value,Website_Banner,Retention,Clothing,0.175,0,0,0.0,0,,0,0.0,15453.7,16.52,,0.0,Completed,False,False,False,False
999,Upsell_Fixed_Amount_999,Fixed_Amount,86.64,57.86,2025-01-26,2025-02-15,20,Medium_Value,Website_Banner,Upsell,Unknown,0.092,0,0,0.0,0,,0,0.0,44066.31,15.06,,0.0,Completed,False,False,False,False
1000,Cross_Sell_BOGO_1000,BOGO,0.0,43.24,2025-07-24,2025-08-12,19,Medium_Value,Push,Cross_Sell,Beauty,0.15,0,0,0.0,0,,0,0.0,41571.37,45.75,,0.0,Completed,False,False,False,False
1001,Cross_Sell_Fixed_Amount_1001,Fixed_Amount,18.13,8.65,2024-09-15,2024-09-24,9,Lapsed,Email,Cross_Sell,Unknown,0.245,0,0,0.0,0,,0,0.0,26662.86,44.07,,0.0,Completed,False,False,False,False
1002,Retention_Free_Shipping_1002,Free_Shipping,0.0,0.0,2025-08-18,2025-09-03,16,Low_Value,In_App,Retention,Sports,0.249,0,0,0.0,0,,0,0.0,11061.71,34.89,,0.0,Completed,False,False,False,False
1003,Reactivation_Fixed_Amount_1003,Fixed_Amount,14.23,0.0,2024-08-04,2024-09-08,35,Low_Value,Email,Reactivation,Unknown,0.13,9,9,932.28,37,103.58666666666667,9,932.28,36871.6,22.34,4096.84,0.0253,Completed,False,False,False,False
1004,Cross_Sell_Percentage_Discount_1004,Percentage_Discount,18.5,0.0,2024-07-27,2024-08-06,10,New_Customer,Email,Cross_Sell,Unknown,0.199,1,1,168.51,5,168.51,1,168.51,35708.85,21.07,35708.85,0.0047,Completed,False,False,False,False
1005,Reactivation_Percentage_Discount_1005,Percentage_Discount,44.9,66.72,2024-11-02,2024-11-19,17,High_Value,Website_Banner,Reactivation,Beauty,0.2,0,0,0.0,0,,0,0.0,29192.11,36.85,,0.0,Completed,False,False,False,False
1006,Acquisition_Fixed_Amount_1006,Fixed_Amount,15.85,15.16,2025-07-19,2025-08-25,37,All_Customers,SMS,Acquisition,Unknown,0.092,0,0,0.0,0,,0,0.0,1118.41,15.83,,0.0,Completed,False,False,False,False
1007,Reactivation_Free_Shipping_1007,Free_Shipping,0.0,0.0,2025-07-10,2025-08-05,26,High_Value,Email,Reactivation,Unknown,0.054,0,0,0.0,0,,0,0.0,1681.45,10.68,,0.0,Completed,False,False,False,False
1008,Upsell_Percentage_Discount_1008,Percentage_Discount,8.1,69.02,2025-03-19,2025-03-24,5,New_Customer,Push,Upsell,Electronics,0.103,1,1,173.39,8,173.39,1,173.39,34326.82,46.67,34326.82,0.0051,Completed,False,False,False,False
1009,Upsell_Free_Shipping_1009,Free_Shipping,0.0,99.61,2025-02-07,2025-02-22,15,High_Value,In_App,Upsell,Unknown,0.231,1,1,301.63,1,301.63,1,301.63,16897.79,12.23,16897.79,0.0179,Completed,False,False,False,False
1010,Cross_Sell_Free_Shipping_1010,Free_Shipping,0.0,53.33,2024-10-18,2024-11-05,18,High_Value,Website_Banner,Cross_Sell,Unknown,0.165,1,1,736.32,2,736.32,1,736.32,33211.81,41.85,33211.81,0.0222,Completed,False,False,False,False
1011,Acquisition_Fixed_Amount_1011,Fixed_Amount,91.88,30.95,2024-09-14,2024-10-02,18,Lapsed,In_App,Acquisition,Sports,0.187,0,0,0.0,0,,0,0.0,32553.25,37.45,,0.0,Completed,False,False,False,False
1012,Reactivation_Fixed_Amount_1012,Fixed_Amount,95.97,68.83,2025-01-28,2025-03-13,44,All_Customers,Website_Banner,Reactivation,Unknown,0.202,6,6,1231.63,35,205.27166666666668,6,1231.63,49517.18,28.5,8252.86,0.0249,Completed,False,False,False,False
1013,Cross_Sell_Percentage_Discount_1013,Percentage_Discount,14.8,0.0,2025-05-28,2025-06-03,6,Lapsed,Social,Cross_Sell,Unknown,0.18,0,0,0.0,0,,0,0.0,23041.94,5.46,,0.0,Completed,False,False,False,False
1014,Retention_Free_Shipping_1014,Free_Shipping,0.0,92.41,2025-06-14,2025-06-23,9,All_Customers,Email,Retention,Unknown,0.148,5,5,941.43,23,188.286,5,941.43,34376.66,13.93,6875.33,0.0274,Completed,False,False,False,False
1015,Reactivation_Free_Shipping_1015,Free_Shipping,0.0,38.62,2024-11-16,2024-12-04,18,Lapsed,Social,Reactivation,Home,0.188,0,0,0.0,0,,0,0.0,48170.53,6.31,,0.0,Completed,False,False,False,False
1016,Upsell_Free_Shipping_1016,Free_Shipping,0.0,0.0,2024-10-09,2024-10-21,12,High_Value,Email,Upsell,Unknown,0.087,0,0,0.0,4,,0,0.0,44391.55,28.63,,0.0,Completed,False,False,False,False
1017,Upsell_BOGO_1017,BOGO,0.0,34.55,2024-08-20,2024-08-29,9,Lapsed,Push,Upsell,Unknown,0.087,0,0,0.0,0,,0,0.0,39041.66,26.28,,0.0,Completed,False,False,False,False
1018,Acquisition_Free_Shipping_1018,Free_Shipping,0.0,,2025-07-28,2025-08-28,31,All_Customers,In_App,Acquisition,Unknown,0.07,0,0,0.0,0,,0,0.0,20368.26,41.29,,0.0,Completed,False,False,False,False
1019,Cross_Sell_Percentage_Discount_1019,Percentage_Discount,11.2,89.34,2025-01-29,2025-02-11,13,Lapsed,In_App,Cross_Sell,Unknown,0.139,0,0,0.0,0,,0,0.0,46681.22,40.29,,0.0,Completed,False,False,False,False
1020,Reactivation_Fixed_Amount_1020,Fixed_Amount,12.51,0.0,2025-01-20,2025-03-09,48,Low_Value,Push,Reactivation,Unknown,0.238,5,5,391.68,36,78.336,5,391.68,32626.43,17.19,6525.29,0.012,Completed,False,False,False,False
1021,Retention_BOGO_1021,BOGO,0.0,0.0,2025-03-20,2025-03-25,5,New_Customer,Push,Retention,Unknown,0.074,1,1,76.8,4,76.8,1,76.8,32900.28,25.72,32900.28,0.0023,Completed,False,False,False,False
1022,Upsell_Fixed_Amount_1022,Fixed_Amount,40.66,19.02,2024-12-17,2024-11-29,18,New_Customer,SMS,Upsell,Unknown,0.087,0,0,0.0,0,,0,0.0,26656.58,34.14,,0.0,Completed,True,False,False,False
1023,Reactivation_Fixed_Amount_1023,Fixed_Amount,89.46,40.55,2025-01-13,2025-02-02,20,Medium_Value,In_App,Reactivation,Books,0.058,1,1,197.02,3,197.02,1,197.02,7212.39,23.85,7212.39,0.0273,Completed,False,False,False,False
1024,Acquisition_BOGO_1024,BOGO,0.0,82.72,2025-02-18,2025-03-16,26,All_Customers,Email,Acquisition,Unknown,0.071,6,6,805.22,43,134.20333333333335,6,805.22,37636.38,27.75,6272.73,0.0214,Completed,False,False,False,False
1025,Cross_Sell_Fixed_Amount_1025,Fixed_Amount,46.64,69.75,2025-06-20,2025-07-06,16,All_Customers,Push,Cross_Sell,Sports,0.069,5,5,647.87,37,129.574,5,647.87,4105.63,43.59,821.13,0.1578,Completed,False,False,False,False
1026,Acquisition_Fixed_Amount_1026,Fixed_Amount,26.73,36.43,2025-04-19,2025-05-05,16,New_Customer,In_App,Acquisition,Unknown,0.196,1,1,117.1,7,117.1,1,117.1,41790.38,24.45,41790.38,0.0028,Completed,False,False,False,False
1027,Acquisition_Percentage_Discount_1027,Percentage_Discount,20.9,94.3,2025-04-30,2025-05-24,24,Medium_Value,SMS,Acquisition,Unknown,0.242,2,2,414.96,13,207.48,2,414.96,46293.12,19.52,23146.56,0.009,Completed,False,False,False,False
1028,Acquisition_Free_Shipping_1028,Free_Shipping,0.0,0.0,2025-09-01,2025-09-29,28,Medium_Value,Website_Banner,Acquisition,Home,0.098,0,0,0.0,0,,0,0.0,15822.47,30.66,,0.0,Completed,False,False,False,False
1029,Cross_Sell_BOGO_1029,BOGO,0.0,0.0,2025-09-03,2025-09-06,3,New_Customer,In_App,Cross_Sell,Unknown,0.132,0,0,0.0,0,,0,0.0,31822.98,31.37,,0.0,Completed,False,False,False,False
1030,Cross_Sell_Fixed_Amount_1030,Fixed_Amount,27.02,0.0,2025-02-01,2025-02-09,8,All_Customers,Website_Banner,Cross_Sell,Sports,0.183,1,1,148.59,6,148.59,1,148.59,17820.02,37.89,17820.02,0.0083,Completed,False,False,False,False
1031,Reactivation_Fixed_Amount_1031,Fixed_Amount,75.91,0.0,2025-07-13,2025-08-20,38,High_Value,Push,Reactivation,Sports,0.157,0,0,0.0,0,,0,0.0,11188.31,21.69,,0.0,Completed,False,False,False,False
1032,Retention_Fixed_Amount_1032,Fixed_Amount,35.38,74.54,2025-01-24,2025-01-04,20,Medium_Value,Push,Retention,Unknown,0.083,0,0,0.0,0,,0,0.0,15685.9,46.24,,0.0,Completed,True,False,False,False
1033,Acquisition_BOGO_1033,BOGO,0.0,25.91,2024-08-30,2024-10-11,42,Medium_Value,SMS,Acquisition,Sports,0.175,4,4,723.05,32,180.7625,4,723.05,25018.44,33.78,6254.61,0.0289,Completed,False,False,False,False
1034,Upsell_Percentage_Discount_1034,Percentage_Discount,23.0,54.58,2025-01-22,2025-02-02,11,All_Customers,Social,Upsell,Unknown,0.062,4,4,535.31,12,133.8275,4,535.31,8959.58,31.64,2239.9,0.0597,Completed,False,False,False,False
1035,Acquisition_Percentage_Discount_1035,Percentage_Discount,18.1,29.75,2024-07-25,2024-08-19,25,High_Value,Website_Banner,Acquisition,Unknown,0.174,1,1,502.86,5,502.86,1,502.86,14725.39,34.57,14725.39,0.0341,Completed,False,False,False,False
1036,Acquisition_Fixed_Amount_1036,Fixed_Amount,93.99,0.0,2025-04-12,2025-05-19,37,All_Customers,Website_Banner,Acquisition,Beauty,0.193,6,6,567.04,32,94.50666666666666,6,567.04,35129.23,24.25,5854.87,0.0161,Completed,False,False,False,False
1037,Upsell_Free_Shipping_1037,Free_Shipping,0.0,46.03,2025-05-29,2025-06-01,3,All_Customers,Social,Upsell,Unknown,0.085,1,1,135.5,5,135.5,1,135.5,46884.42,7.71,46884.42,0.0029,Completed,False,False,False,False
1038,Cross_Sell_Percentage_Discount_1038,Percentage_Discount,45.2,35.3,2025-06-02,2025-06-20,18,Medium_Value,In_App,Cross_Sell,Unknown,0.086,1,1,184.36,4,184.36,1,184.36,21042.2,46.12,21042.2,0.0088,Completed,False,False,False,False
1039,Retention_BOGO_1039,BOGO,0.0,0.0,2025-06-12,2025-07-03,21,All_Customers,In_App,Retention,Unknown,0.211,4,4,618.73,24,154.6825,4,618.73,25868.73,27.34,6467.18,0.0239,Completed,False,False,False,False
1040,Acquisition_Percentage_Discount_1040,Percentage_Discount,,0.0,2024-10-09,2024-12-03,55,All_Customers,Push,Acquisition,Sports,0.109,30,29,6163.87,165,205.46233333333333,30,6163.87,24587.41,5.52,847.84,0.2507,Completed,False,True,False,False
1041,Reactivation_Free_Shipping_1041,Free_Shipping,0.0,5.62,2025-07-30,2025-09-26,58,Low_Value,In_App,Reactivation,Unknown,0.164,0,0,0.0,0,,0,0.0,29509.28,7.15,,0.0,Completed,False,False,False,False
1042,Retention_Free_Shipping_1042,Free_Shipping,0.0,0.0,2024-09-16,2024-09-24,8,Medium_Value,Push,Retention,Unknown,0.155,1,1,282.98,7,282.98,1,282.98,7193.89,15.35,7193.89,0.0393,Completed,False,False,False,False
1043,Reactivation_Free_Shipping_1043,Free_Shipping,0.0,0.0,2024-12-02,2025-01-12,41,All_Customers,In_App,Reactivation,Unknown,0.236,7,7,1756.89,44,250.9842857142857,7,1756.89,48729.34,27.5,6961.33,0.0361,Completed,False,False,False,False
1044,Reactivation_Percentage_Discount_1044,Percentage_Discount,21.0,18.06,2024-12-01,2024-12-16,15,Low_Value,Social,Reactivation,Unknown,0.062,1,1,125.98,4,125.98,1,125.98,31426.12,38.61,31426.12,0.004,Completed,False,False,False,False
1045,Acquisition_Fixed_Amount_1045,Fixed_Amount,16.07,26.8,2025-07-23,2025-08-16,24,Low_Value,Email,Acquisition,Electronics,0.129,0,0,0.0,0,,0,0.0,36358.2,27.13,,0.0,Completed,False,False,False,False
1046,Cross_Sell_BOGO_1046,BOGO,0.0,88.23,2025-06-18,2025-07-02,14,Low_Value,Email,Cross_Sell,Unknown,0.249,3,3,197.57,24,65.85666666666667,3,197.57,37111.87,35.82,12370.62,0.0053,Completed,False,False,False,False
1047,Retention_Percentage_Discount_1047,Percentage_Discount,15.4,8.72,2025-05-14,2025-05-28,14,High_Value,Social,Retention,Unknown,0.155,0,0,0.0,0,,0,0.0,43509.93,16.05,,0.0,Completed,False,False,False,False
1048,Reactivation_Fixed_Amount_1048,Fixed_Amount,33.29,7.42,2024-11-15,2025-01-04,50,High_Value,In_App,Reactivation,Home,0.237,1,1,239.79,6,239.79,1,239.79,45114.2,27.72,45114.2,0.0053,Completed,False,False,False,False
1049,Retention_Percentage_Discount_1049,Percentage_Discount,26.3,0.0,2024-08-26,2024-09-10,15,Medium_Value,SMS,Retention,Unknown,0.157,1,1,153.19,2,153.19,1,153.19,17139.06,48.85,17139.06,0.0089,Completed,False,False,False,False
1050,Cross_Sell_BOGO_1050,BOGO,0.0,,2024-10-20,2024-10-26,6,New_Customer,In_App,Cross_Sell,Unknown,0.124,1,1,138.64,1,138.64,1,138.64,38988.13,45.21,38988.13,0.0036,Completed,False,False,False,False
1051,Upsell_Free_Shipping_1051,Free_Shipping,0.0,66.46,2025-03-15,2025-03-31,16,New_Customer,Website_Banner,Upsell,Unknown,0.097,2,2,127.18,8,63.59,2,127.18,43177.0,9.81,21588.5,0.0029,Completed,False,False,False,False
1052,Upsell_Free_Shipping_1052,Free_Shipping,0.0,23.4,2025-04-05,2025-04-22,17,New_Customer,Push,Upsell,Electronics,0.186,3,3,363.49,17,121.16333333333333,3,363.49,10347.99,48.0,3449.33,0.0351,Completed,False,False,False,False
1053,Acquisition_Percentage_Discount_1053,Percentage_Discount,21.9,74.55,2024-07-05,2024-08-16,42,High_Value,In_App,Acquisition,Beauty,0.186,2,2,1484.35,10,742.175,2,1484.35,16352.77,13.98,8176.39,0.0908,Completed,False,False,False,False
1054,Reactivation_Free_Shipping_1054,Free_Shipping,0.0,95.48,2025-07-01,2025-08-12,42,New_Customer,Social,Reactivation,Electronics,0.06,0,0,0.0,0,,0,0.0,23407.47,6.75,,0.0,Completed,False,False,False,False
1055,Cross_Sell_Percentage_Discount_1055,Percentage_Discount,15.0,49.52,2025-01-30,2025-02-18,19,Low_Value,In_App,Cross_Sell,Unknown,0.195,2,2,101.85,8,50.925,2,101.85,37502.47,16.61,18751.24,0.0027,Completed,False,False,False,False
1056,Acquisition_Free_Shipping_1056,Free_Shipping,0.0,62.02,2025-06-25,2025-08-07,43,Medium_Value,SMS,Acquisition,Sports,0.246,0,0,0.0,0,,0,0.0,32877.37,20.45,,0.0,Completed,False,False,False,False
1057,Cross_Sell_Free_Shipping_1057,Free_Shipping,0.0,95.21,2025-06-04,2025-06-16,12,New_Customer,Social,Cross_Sell,Books,0.057,2,2,280.73,5,140.365,2,280.73,36960.94,22.63,18480.47,0.0076,Completed,False,False,False,False
1058,Retention_Percentage_Discount_1058,Percentage_Discount,20.7,90.19,2025-02-19,2025-02-23,4,Low_Value,In_App,Retention,Unknown,0.093,0,0,0.0,0,,0,0.0,14305.94,34.54,,0.0,Completed,False,False,False,False
1059,Upsell_Percentage_Discount_1059,Percentage_Discount,20.2,51.1,2024-12-29,2025-01-15,17,High_Value,In_App,Upsell,Books,0.166,0,0,0.0,0,,0,0.0,12925.29,32.16,,0.0,Completed,False,False,False,False
1060,Acquisition_BOGO_1060,BOGO,0.0,2.12,2025-03-03,2025-03-17,14,All_Customers,Email,Acquisition,Unknown,0.117,5,5,746.25,43,149.25,5,746.25,35395.32,5.35,7079.06,0.0211,Completed,False,False,False,False
1061,Acquisition_Free_Shipping_1061,Free_Shipping,0.0,30.17,2024-11-09,2024-12-22,43,Lapsed,Email,Acquisition,Unknown,0.157,0,0,0.0,0,,0,0.0,19109.03,25.12,,0.0,Completed,False,False,False,False
1062,Reactivation_Free_Shipping_1062,Free_Shipping,0.0,52.68,2024-10-31,2024-12-20,50,New_Customer,SMS,Reactivation,Sports,0.171,4,4,543.57,48,135.8925,4,543.57,14177.15,24.11,3544.29,0.0383,Completed,False,False,False,False
1063,Upsell_Percentage_Discount_1063,Percentage_Discount,28.8,23.91,2024-07-27,2024-08-14,18,New_Customer,Website_Banner,Upsell,Unknown,0.172,1,1,80.87,2,80.87,1,80.87,35721.95,11.14,35721.95,0.0023,Completed,False,False,False,False
1064,Reactivation_Fixed_Amount_1064,Fixed_Amount,13.43,0.0,2024-11-01,2024-12-09,38,All_Customers,In_App,Reactivation,Unknown,0.152,8,8,963.11,46,120.38875,8,963.11,25232.87,47.38,3154.11,0.0382,Completed,False,False,False,False
1065,Upsell_Percentage_Discount_1065,Percentage_Discount,10.7,,2025-08-17,2025-08-30,13,New_Customer,Social,Upsell,Unknown,0.202,0,0,0.0,0,,0,0.0,22848.06,39.76,,0.0,Completed,False,False,False,False
1066,Retention_Percentage_Discount_1066,Percentage_Discount,22.8,78.71,2025-05-25,2025-06-14,20,Medium_Value,SMS,Retention,Beauty,0.235,3,3,439.56,16,146.52,3,439.56,10584.11,24.73,3528.04,0.0415,Completed,False,False,False,False
1067,Upsell_Fixed_Amount_1067,Fixed_Amount,20.19,48.8,2025-08-17,2025-08-26,9,Low_Value,SMS,Upsell,Unknown,0.235,0,0,0.0,0,,0,0.0,22869.59,6.64,,0.0,Completed,False,False,False,False
1068,Reactivation_BOGO_1068,BOGO,0.0,83.45,2025-02-26,2025-04-13,46,High_Value,Social,Reactivation,Unknown,0.145,3,3,1486.58,22,495.52666666666664,3,1486.58,30933.03,31.06,10311.01,0.0481,Completed,False,False,False,False
1069,Acquisition_Fixed_Amount_1069,Fixed_Amount,28.3,68.72,2025-05-04,2025-05-31,27,All_Customers,SMS,Acquisition,Unknown,0.12,14,13,2630.73,86,187.90928571428572,14,2630.73,26235.01,42.68,2018.08,0.1003,Completed,False,False,False,False
1070,Retention_Percentage_Discount_1070,Percentage_Discount,37.8,79.36,2024-09-23,2024-10-02,9,Lapsed,Website_Banner,Retention,Unknown,0.056,0,0,0.0,0,,0,0.0,43995.1,9.91,,0.0,Completed,False,False,False,False
1071,Reactivation_Fixed_Amount_1071,Fixed_Amount,29.09,0.0,2024-10-14,2024-12-10,57,All_Customers,SMS,Reactivation,Electronics,0.101,25,24,4157.14,132,166.2856,25,4157.14,10143.42,37.8,422.64,0.4098,Completed,False,False,False,False
1072,Reactivation_Percentage_Discount_1072,Percentage_Discount,32.7,84.66,2025-02-14,2025-03-30,44,New_Customer,Email,Reactivation,Unknown,0.132,6,6,751.63,28,125.27166666666666,6,751.63,48954.65,21.64,8159.11,0.0154,Completed,False,False,False,False
1073,Reactivation_BOGO_1073,BOGO,0.0,86.71,2025-06-29,2025-08-27,59,High_Value,Email,Reactivation,Beauty,0.16,0,0,0.0,0,,0,0.0,38442.25,22.22,,0.0,Completed,False,False,False,False
1074,Cross_Sell_Percentage_Discount_1074,Percentage_Discount,43.5,76.16,2025-03-25,2025-04-13,19,High_Value,In_App,Cross_Sell,Unknown,0.112,1,1,463.1,5,463.1,1,463.1,8322.51,26.3,8322.51,0.0556,Completed,False,False,False,False
1075,Acquisition_Free_Shipping_1075,Free_Shipping,0.0,90.57,2025-03-02,2025-03-25,23,Lapsed,In_App,Acquisition,Unknown,0.225,0,0,0.0,0,,0,0.0,7230.47,32.72,,0.0,Completed,False,False,False,False
1076,Cross_Sell_Fixed_Amount_1076,Fixed_Amount,10.38,25.65,2025-07-19,2025-07-23,4,All_Customers,Social,Cross_Sell,Unknown,0.226,0,0,0.0,0,,0,0.0,13357.45,24.16,,0.0,Completed,False,False,False,False
1077,Acquisition_Free_Shipping_1077,Free_Shipping,0.0,39.72,2025-08-03,2025-08-19,16,New_Customer,Social,Acquisition,Unknown,0.118,0,0,0.0,0,,0,0.0,38570.21,28.1,,0.0,Completed,False,False,False,False
1078,Reactivation_Percentage_Discount_1078,Percentage_Discount,7.6,56.08,2025-03-06,2025-04-06,31,Low_Value,In_App,Reactivation,Sports,0.243,0,0,0.0,0,,0,0.0,11820.75,39.4,,0.0,Completed,False,False,False,False
1079,Acquisition_Percentage_Discount_1079,Percentage_Discount,48.0,81.38,2024-09-19,2024-10-29,40,Lapsed,Email,Acquisition,Home,0.082,0,0,0.0,0,,0,0.0,33315.23,41.48,,0.0,Completed,False,False,False,False
1080,Upsell_Free_Shipping_1080,Free_Shipping,0.0,27.39,2024-09-01,2024-09-20,19,High_Value,Website_Banner,Upsell,Unknown,0.135,0,0,0.0,0,,0,0.0,15362.64,20.88,,0.0,Completed,False,False,False,False
1081,Cross_Sell_BOGO_1081,BOGO,0.0,47.38,2024-07-20,2024-07-29,9,Low_Value,Push,Cross_Sell,Home,0.059,1,1,73.59,6,73.59,1,73.59,23686.04,37.78,23686.04,0.0031,Completed,False,False,False,False
1082,Reactivation_Fixed_Amount_1082,Fixed_Amount,26.4,48.72,2025-01-07,2025-03-04,56,Lapsed,In_App,Reactivation,Sports,0.135,0,0,0.0,0,,0,0.0,20098.87,44.36,,0.0,Completed,False,False,False,False
1083,Reactivation_Percentage_Discount_1083,Percentage_Discount,35.9,55.44,2024-07-18,2024-09-09,53,High_Value,Website_Banner,Reactivation,Unknown,0.222,2,2,1090.55,12,545.275,2,1090.55,9172.44,42.07,4586.22,0.1189,Completed,False,False,False,False
1084,Acquisition_BOGO_1084,BOGO,0.0,0.0,2025-07-31,2025-09-16,47,Lapsed,Push,Acquisition,Home,0.107,0,0,0.0,0,,0,0.0,15437.26,48.66,,0.0,Completed,False,False,False,False
1085,Upsell_Free_Shipping_1085,Free_Shipping,0.0,82.59,2024-09-14,2024-10-05,21,New_Customer,SMS,Upsell,Unknown,0.204,4,4,461.84,31,115.46,4,461.84,9231.47,47.24,2307.87,0.05,Completed,False,False,False,False
1086,Cross_Sell_Fixed_Amount_1086,Fixed_Amount,24.84,54.78,2025-04-17,2025-05-02,15,All_Customers,Social,Cross_Sell,Sports,0.09,10,10,2005.22,55,200.522,10,2005.22,15255.01,45.3,1525.5,0.1314,Completed,False,False,False,False
1087,Retention_Fixed_Amount_1087,Fixed_Amount,21.26,0.0,2024-09-20,2024-09-25,5,Low_Value,Email,Retention,Beauty,0.215,0,0,0.0,10,,0,0.0,21444.24,29.4,,0.0,Completed,False,False,False,False
1088,Reactivation_Percentage_Discount_1088,Percentage_Discount,34.0,0.0,2025-05-06,2025-06-13,38,Lapsed,Website_Banner,Reactivation,Beauty,0.144,0,0,0.0,0,,0,0.0,10961.63,46.88,,0.0,Completed,False,False,False,False
1089,Reactivation_Fixed_Amount_1089,Fixed_Amount,31.27,0.0,2024-08-19,2024-10-11,53,All_Customers,In_App,Reactivation,Unknown,0.098,8,8,1410.15,40,176.26875,8,1410.15,46343.0,41.11,5792.88,0.0304,Completed,False,False,False,False
1090,Reactivation_Fixed_Amount_1090,Fixed_Amount,19.41,0.0,2025-05-15,2025-04-01,44,Lapsed,Push,Reactivation,Unknown,0.067,0,0,0.0,0,,0,0.0,23949.02,25.48,,0.0,Completed,True,False,False,False
1091,Cross_Sell_Fixed_Amount_1091,Fixed_Amount,56.93,68.81,2024-11-07,2024-11-25,18,High_Value,Email,Cross_Sell,Unknown,0.189,0,0,0.0,0,,0,0.0,38751.05,10.29,,0.0,Completed,False,False,False,False
1092,Cross_Sell_BOGO_1092,BOGO,0.0,0.0,2024-11-11,2024-11-23,12,Lapsed,SMS,Cross_Sell,Books,0.212,0,0,0.0,0,,0,0.0,3853.06,29.82,,0.0,Completed,False,False,False,False
1093,Upsell_Percentage_Discount_1093,Percentage_Discount,47.8,17.57,2025-03-25,2025-04-14,20,All_Customers,SMS,Upsell,Unknown,0.086,19,19,2387.6,94,125.66315789473684,19,2387.6,7601.52,45.47,400.08,0.3141,Completed,False,False,False,False
1094,Retention_Free_Shipping_1094,Free_Shipping,0.0,23.88,2024-11-20,2024-12-06,16,All_Customers,Email,Retention,Beauty,0.174,4,4,953.51,21,238.3775,4,953.51,26988.96,20.83,6747.24,0.0353,Completed,False,False,False,False
1095,Upsell_Percentage_Discount_1095,Percentage_Discount,11.7,39.44,2024-08-31,2024-09-20,20,All_Customers,Push,Upsell,Unknown,0.069,14,14,3363.71,60,240.265,14,3363.71,35768.47,25.89,2554.89,0.094,Completed,False,False,False,False
1096,Cross_Sell_Fixed_Amount_1096,Fixed_Amount,65.88,0.0,2024-10-29,2024-11-08,10,Low_Value,Email,Cross_Sell,Unknown,0.232,2,2,110.1,16,55.05,2,110.1,44216.05,20.06,22108.03,0.0025,Completed,False,False,False,False
1097,Upsell_Fixed_Amount_1097,Fixed_Amount,68.68,81.04,2024-12-19,2024-12-29,10,Lapsed,Website_Banner,Upsell,Unknown,0.147,0,0,0.0,0,,0,0.0,25798.51,22.67,,0.0,Completed,False,False,False,False
1098,Acquisition_Fixed_Amount_1098,Fixed_Amount,57.15,78.31,2024-10-22,2024-12-05,44,All_Customers,SMS,Acquisition,Unknown,0.121,11,10,2107.54,75,191.59454545454545,11,2107.54,19729.25,31.31,1972.93,0.1068,Completed,False,False,False,False
1099,Retention_Fixed_Amount_1099,Fixed_Amount,59.61,54.14,2025-03-23,2025-03-26,3,Lapsed,Social,Retention,Unknown,0.106,0,0,0.0,0,,0,0.0,19616.05,33.18,,0.0,Completed,False,False,False,False
1100,Retention_BOGO_1100,BOGO,0.0,0.0,2024-07-27,2024-08-04,8,High_Value,Website_Banner,Retention,Clothing,0.167,0,0,0.0,0,,0,0.0,44231.75,48.75,,0.0,Completed,False,False,False,False
1101,Retention_Fixed_Amount_1101,Fixed_Amount,7.22,66.05,2024-11-25,2024-12-06,11,Low_Value,Social,Retention,Unknown,0.126,4,4,406.79,12,101.6975,4,406.79,34564.42,21.59,8641.11,0.0118,Completed,False,False,False,False
1102,Cross_Sell_BOGO_1102,BOGO,0.0,12.98,2025-06-27,2025-07-08,11,High_Value,In_App,Cross_Sell,Unknown,0.125,0,0,0.0,0,,0,0.0,9827.16,24.67,,0.0,Completed,False,False,False,False
1103,Retention_Free_Shipping_1103,Free_Shipping,0.0,0.0,2025-04-12,2025-04-29,17,New_Customer,Email,Retention,Home,0.094,1,1,151.23,3,151.23,1,151.23,17674.11,28.82,17674.11,0.0086,Completed,False,False,False,False
1104,Reactivation_BOGO_1104,BOGO,0.0,44.26,2025-05-31,2025-07-19,49,All_Customers,Website_Banner,Reactivation,Unknown,0.054,4,4,447.85,36,111.9625,4,447.85,10637.15,26.89,2659.29,0.0421,Completed,False,False,False,False
1105,Cross_Sell_Free_Shipping_1105,Free_Shipping,0.0,21.82,2025-02-07,2025-02-25,18,High_Value,Website_Banner,Cross_Sell,Home,0.238,0,0,0.0,0,,0,0.0,49765.82,17.98,,0.0,Completed,False,False,False,False
1106,Retention_Free_Shipping_1106,Free_Shipping,0.0,68.4,2025-01-30,2025-02-10,11,Lapsed,Email,Retention,Unknown,0.232,0,0,0.0,0,,0,0.0,3359.63,13.63,,0.0,Completed,False,False,False,False
1107,Upsell_Fixed_Amount_1107,Fixed_Amount,20.11,19.25,2025-05-06,2025-05-21,15,Low_Value,Email,Upsell,Unknown,0.074,2,2,217.0,11,108.5,2,217.0,33062.75,16.37,16531.38,0.0066,Completed,False,False,False,False
1108,Acquisition_Percentage_Discount_1108,Percentage_Discount,9.5,0.0,2025-06-06,2025-07-01,25,Lapsed,In_App,Acquisition,Electronics,0.226,0,0,0.0,0,,0,0.0,23694.48,34.48,,0.0,Completed,False,False,False,False
1109,Reactivation_Percentage_Discount_1109,Percentage_Discount,12.3,96.91,2025-05-28,2025-07-24,57,All_Customers,In_App,Reactivation,Unknown,0.205,4,4,878.53,25,219.6325,4,878.53,10812.46,40.19,2703.12,0.0813,Completed,False,False,False,False
1110,Acquisition_Percentage_Discount_1110,Percentage_Discount,39.7,18.24,2024-08-15,2024-09-12,28,High_Value,In_App,Acquisition,Books,0.17,0,0,0.0,0,,0,0.0,27044.61,38.15,,0.0,Completed,False,False,False,False
1111,Retention_Free_Shipping_1111,Free_Shipping,0.0,5.24,2024-09-05,2024-09-13,8,New_Customer,SMS,Retention,Unknown,0.128,0,0,0.0,10,,0,0.0,24727.8,38.04,,0.0,Completed,False,False,False,False
1112,Cross_Sell_BOGO_1112,BOGO,0.0,76.46,2024-08-22,2024-08-08,14,New_Customer,SMS,Cross_Sell,Unknown,0.17,0,0,0.0,0,,0,0.0,49935.86,25.74,,0.0,Completed,True,False,False,False
1113,Acquisition_Fixed_Amount_1113,Fixed_Amount,68.51,46.47,2024-09-25,2024-11-03,39,Lapsed,In_App,Acquisition,Unknown,0.173,0,0,0.0,0,,0,0.0,38404.23,42.04,,0.0,Completed,False,False,False,False
1114,Cross_Sell_Fixed_Amount_1114,Fixed_Amount,73.54,0.0,2025-06-18,2025-06-24,6,New_Customer,SMS,Cross_Sell,Unknown,0.073,0,0,0.0,0,,0,0.0,11632.1,13.85,,0.0,Completed,False,False,False,False
1115,Cross_Sell_Free_Shipping_1115,Free_Shipping,0.0,64.25,2025-07-02,2025-07-21,19,Low_Value,Website_Banner,Cross_Sell,Electronics,0.156,0,0,0.0,0,,0,0.0,36099.89,22.84,,0.0,Completed,False,False,False,False
1116,Retention_Free_Shipping_1116,Free_Shipping,0.0,0.0,2024-07-27,2024-08-02,6,All_Customers,SMS,Retention,Electronics,0.064,0,0,0.0,0,,0,0.0,8781.42,6.52,,0.0,Completed,False,False,False,False
1117,Cross_Sell_BOGO_1117,BOGO,0.0,,2024-08-04,2024-08-20,16,All_Customers,Push,Cross_Sell,Unknown,0.236,5,5,637.95,45,127.59,5,637.95,26150.26,30.93,5230.05,0.0244,Completed,False,False,False,False
1118,Upsell_Free_Shipping_1118,Free_Shipping,0.0,0.0,2025-04-21,2025-04-30,9,Low_Value,SMS,Upsell,Unknown,0.192,0,0,0.0,0,,0,0.0,2309.67,37.31,,0.0,Completed,False,False,False,False
1119,Retention_Percentage_Discount_1119,Percentage_Discount,22.5,0.0,2024-09-01,2024-09-22,21,High_Value,Email,Retention,Electronics,0.159,2,2,835.86,10,417.93,2,835.86,6985.82,48.02,3492.91,0.1197,Completed,False,False,False,False
1120,Upsell_Free_Shipping_1120,Free_Shipping,0.0,50.17,2024-12-14,2025-01-01,18,Lapsed,In_App,Upsell,Unknown,0.127,0,0,0.0,0,,0,0.0,40462.0,9.47,,0.0,Completed,False,False,False,False
1121,Reactivation_Percentage_Discount_1121,Percentage_Discount,47.1,16.48,2025-06-13,2025-06-29,16,Medium_Value,SMS,Reactivation,Unknown,0.189,1,1,255.34,8,255.34,1,255.34,13702.48,14.81,13702.48,0.0186,Completed,False,False,False,False
1122,Reactivation_Fixed_Amount_1122,Fixed_Amount,63.63,0.0,2024-08-08,2024-10-06,59,All_Customers,Website_Banner,Reactivation,Beauty,0.051,10,10,1942.04,49,194.204,10,1942.04,26590.98,35.69,2659.1,0.073,Completed,False,False,False,False
1123,Upsell_Percentage_Discount_1123,Percentage_Discount,44.9,0.0,2025-07-20,2025-08-10,21,All_Customers,SMS,Upsell,Clothing,0.051,0,0,0.0,0,,0,0.0,14946.52,32.21,,0.0,Completed,False,False,False,False
1124,Retention_Fixed_Amount_1124,Fixed_Amount,57.7,9.61,2025-01-17,2025-01-25,8,High_Value,Social,Retention,Unknown,0.115,0,0,0.0,0,,0,0.0,3391.11,31.45,,0.0,Completed,False,False,False,False
1125,Retention_Percentage_Discount_1125,Percentage_Discount,11.8,9.68,2025-05-17,2025-05-25,8,Medium_Value,Email,Retention,Unknown,0.131,0,0,0.0,0,,0,0.0,49565.85,44.66,,0.0,Completed,False,False,False,False
1126,Retention_Free_Shipping_1126,Free_Shipping,0.0,0.0,2025-08-20,2025-08-29,9,High_Value,Email,Retention,Electronics,0.243,0,0,0.0,0,,0,0.0,35328.7,31.34,,0.0,Completed,False,False,False,False
1127,Retention_BOGO_1127,BOGO,0.0,0.0,2025-06-20,2025-06-23,3,Lapsed,Social,Retention,Books,0.207,0,0,0.0,0,,0,0.0,37105.69,47.88,,0.0,Completed,False,False,False,False
1128,Acquisition_Fixed_Amount_1128,Fixed_Amount,54.67,58.02,2025-05-12,2025-07-06,55,Medium_Value,Website_Banner,Acquisition,Unknown,0.07,1,1,139.13,9,139.13,1,139.13,41973.35,26.69,41973.35,0.0033,Completed,False,False,False,False
1129,Cross_Sell_Free_Shipping_1129,Free_Shipping,0.0,69.63,2025-06-20,2025-07-10,20,New_Customer,Push,Cross_Sell,Books,0.22,0,0,0.0,0,,0,0.0,24309.24,6.94,,0.0,Completed,False,False,False,False
1130,Reactivation_BOGO_1130,BOGO,0.0,78.47,2025-04-16,2025-06-11,56,New_Customer,Social,Reactivation,Sports,0.165,12,10,1910.15,72,159.17916666666667,12,1910.15,48647.14,5.25,4864.71,0.0393,Completed,False,False,False,False
1131,Cross_Sell_BOGO_1131,BOGO,0.0,49.57,2024-07-13,2024-07-20,7,All_Customers,Social,Cross_Sell,Unknown,0.06,2,2,314.03,5,157.015,2,314.03,36785.31,34.74,18392.66,0.0085,Completed,False,False,False,False
1132,Reactivation_Free_Shipping_1132,Free_Shipping,0.0,,2024-11-06,2024-12-12,36,New_Customer,Email,Reactivation,Home,0.229,3,3,532.19,13,177.39666666666668,3,532.19,11092.9,22.95,3697.63,0.048,Completed,False,False,False,False
1133,Retention_Free_Shipping_1133,Free_Shipping,0.0,93.44,2024-07-09,2024-07-15,6,High_Value,In_App,Retention,Beauty,0.079,1,1,548.09,5,548.09,1,548.09,31188.99,46.3,31188.99,0.0176,Completed,False,False,False,False
1134,Acquisition_BOGO_1134,BOGO,0.0,0.0,2025-02-15,2025-03-28,41,High_Value,SMS,Acquisition,Electronics,0.118,1,1,292.04,7,292.04,1,292.04,29862.04,22.31,29862.04,0.0098,Completed,False,False,False,False
1135,Reactivation_Percentage_Discount_1135,Percentage_Discount,18.9,0.0,2024-07-20,2024-08-07,18,Low_Value,Email,Reactivation,Electronics,0.194,3,3,355.2,12,118.4,3,355.2,26211.54,27.31,8737.18,0.0136,Completed,False,False,False,False
1136,Retention_Fixed_Amount_1136,Fixed_Amount,32.31,0.0,2025-09-12,2025-09-21,9,All_Customers,Website_Banner,Retention,Unknown,0.249,0,0,0.0,0,,0,0.0,11060.69,23.19,,0.0,Completed,False,False,False,False
1137,Retention_Percentage_Discount_1137,Percentage_Discount,29.4,13.08,2024-12-19,2025-01-05,17,Low_Value,In_App,Retention,Unknown,0.11,1,1,58.68,9,58.68,1,58.68,6230.59,28.89,6230.59,0.0094,Completed,False,False,False,False
1138,Upsell_Percentage_Discount_1138,Percentage_Discount,7.9,30.0,2024-11-08,2024-10-19,20,High_Value,Email,Upsell,Unknown,0.24,0,0,0.0,0,,0,0.0,33873.36,24.74,,0.0,Completed,True,False,False,False
1139,Acquisition_Free_Shipping_1139,Free_Shipping,0.0,0.0,2025-09-01,2025-09-24,23,Medium_Value,Push,Acquisition,Sports,0.085,0,0,0.0,0,,0,0.0,17442.03,26.95,,0.0,Completed,False,False,False,False
1140,Cross_Sell_BOGO_1140,BOGO,0.0,83.06,2024-09-28,2024-10-04,6,High_Value,Email,Cross_Sell,Beauty,0.055,0,0,0.0,0,,0,0.0,33414.26,9.83,,0.0,Completed,False,False,False,False
1141,Upsell_Percentage_Discount_1141,Percentage_Discount,47.3,61.45,2025-02-28,2025-03-17,17,Lapsed,Social,Upsell,Home,0.089,0,0,0.0,0,,0,0.0,38276.34,41.29,,0.0,Completed,False,False,False,False
1142,Reactivation_Percentage_Discount_1142,Percentage_Discount,43.9,81.24,2024-10-12,2024-11-05,24,Medium_Value,In_App,Reactivation,Unknown,0.096,0,0,0.0,0,,0,0.0,39430.02,26.14,,0.0,Completed,False,False,False,False
1143,Acquisition_Free_Shipping_1143,Free_Shipping,0.0,,2024-12-24,2025-02-20,58,Medium_Value,Website_Banner,Acquisition,Unknown,0.164,3,3,656.51,16,218.83666666666667,3,656.51,16642.41,24.6,5547.47,0.0394,Completed,False,False,False,False
1144,Acquisition_Free_Shipping_1144,Free_Shipping,0.0,19.95,2024-09-30,2024-10-31,31,All_Customers,Push,Acquisition,Home,0.065,15,15,2457.29,82,163.81933333333333,15,2457.29,48261.02,43.29,3217.4,0.0509,Completed,False,False,False,False
1145,Cross_Sell_Free_Shipping_1145,Free_Shipping,0.0,0.0,2025-03-20,2025-03-25,5,All_Customers,Website_Banner,Cross_Sell,Books,0.236,0,0,0.0,0,,0,0.0,11839.88,18.4,,0.0,Completed,False,False,False,False
1146,Cross_Sell_Free_Shipping_1146,Free_Shipping,0.0,49.62,2024-12-02,2024-12-14,12,All_Customers,Push,Cross_Sell,Books,0.223,8,8,1136.12,58,142.015,8,1136.12,14651.1,29.8,1831.39,0.0775,Completed,False,False,False,False
1147,Acquisition_BOGO_1147,BOGO,0.0,0.0,2024-09-24,2024-10-24,30,New_Customer,Push,Acquisition,Clothing,0.07,7,7,833.4,24,119.05714285714286,7,833.4,5672.77,35.2,810.4,0.1469,Completed,False,False,False,False
1148,Cross_Sell_Free_Shipping_1148,Free_Shipping,0.0,0.0,2025-05-05,2025-05-24,19,Low_Value,Social,Cross_Sell,Unknown,0.137,5,5,559.66,17,111.932,5,559.66,34855.46,41.64,6971.09,0.0161,Completed,False,False,False,False
1149,Upsell_Free_Shipping_1149,Free_Shipping,0.0,0.0,2024-10-08,2024-10-18,10,All_Customers,In_App,Upsell,Home,0.094,1,1,117.99,6,117.99,1,117.99,30080.04,44.21,30080.04,0.0039,Completed,False,False,False,False
1150,Acquisition_Percentage_Discount_1150,Percentage_Discount,38.8,9.64,2025-02-07,2025-03-20,41,All_Customers,SMS,Acquisition,Unknown,0.208,11,11,1672.51,42,152.04636363636362,11,1672.51,18002.53,23.7,1636.59,0.0929,Completed,False,False,False,False
1151,Upsell_Fixed_Amount_1151,Fixed_Amount,10.11,44.82,2025-06-09,2025-06-23,14,Medium_Value,Email,Upsell,Clothing,0.18,3,3,800.6,7,266.8666666666667,3,800.6,9848.2,36.52,3282.73,0.0813,Completed,False,False,False,False
1152,Acquisition_Fixed_Amount_1152,Fixed_Amount,28.87,25.88,2025-07-03,2025-07-17,14,All_Customers,Email,Acquisition,Unknown,0.106,0,0,0.0,0,,0,0.0,39561.7,6.77,,0.0,Completed,False,False,False,False
1153,Retention_Free_Shipping_1153,Free_Shipping,0.0,5.35,2025-09-08,2025-09-24,16,Lapsed,In_App,Retention,Unknown,0.208,0,0,0.0,0,,0,0.0,2289.09,6.38,,0.0,Completed,False,False,False,False
1154,Retention_BOGO_1154,BOGO,0.0,0.0,2024-09-15,2024-09-19,4,All_Customers,Push,Retention,Unknown,0.072,3,3,587.87,13,195.95666666666668,3,587.87,44437.02,33.08,14812.34,0.0132,Completed,False,False,False,False
1155,Reactivation_Free_Shipping_1155,Free_Shipping,0.0,0.0,2024-07-17,2024-08-25,39,High_Value,Email,Reactivation,Unknown,0.071,0,0,0.0,11,,0,0.0,14947.77,6.2,,0.0,Completed,False,False,False,False
1156,Upsell_Free_Shipping_1156,Free_Shipping,0.0,0.0,2025-04-17,2025-04-30,13,Low_Value,In_App,Upsell,Books,0.07,1,1,124.44,5,124.44,1,124.44,34493.4,22.92,34493.4,0.0036,Completed,False,False,False,False
1157,Reactivation_Free_Shipping_1157,Free_Shipping,0.0,68.83,2025-01-09,2025-02-13,35,High_Value,Push,Reactivation,Beauty,0.14,1,1,449.94,5,449.94,1,449.94,46526.66,29.1,46526.66,0.0097,Completed,False,False,False,False
1158,Cross_Sell_Free_Shipping_1158,Free_Shipping,0.0,43.82,2024-07-13,2024-07-24,11,Lapsed,Social,Cross_Sell,Books,0.239,0,0,0.0,0,,0,0.0,32562.19,10.1,,0.0,Completed,False,False,False,False
1159,Upsell_Free_Shipping_1159,Free_Shipping,0.0,23.4,2024-09-19,2024-10-08,19,Low_Value,SMS,Upsell,Unknown,0.213,6,6,508.15,21,84.69166666666666,6,508.15,7216.15,6.81,1202.69,0.0704,Completed,False,False,False,False
1160,Retention_Fixed_Amount_1160,Fixed_Amount,46.85,0.0,2024-11-21,2024-12-10,19,All_Customers,Push,Retention,Unknown,0.229,4,4,537.42,19,134.355,4,537.42,45211.37,30.89,11302.84,0.0119,Completed,False,False,False,False
1161,Acquisition_Fixed_Amount_1161,Fixed_Amount,86.97,62.42,2024-08-01,2024-09-27,57,Low_Value,Website_Banner,Acquisition,Clothing,0.101,0,0,0.0,3,,0,0.0,5676.37,42.3,,0.0,Completed,False,False,False,False
1162,Acquisition_BOGO_1162,BOGO,0.0,0.0,2025-03-27,2025-04-15,19,Lapsed,Push,Acquisition,Electronics,0.201,0,0,0.0,0,,0,0.0,25711.25,15.12,,0.0,Completed,False,False,False,False
1163,Retention_Percentage_Discount_1163,Percentage_Discount,28.9,0.0,2025-08-30,2025-09-03,4,All_Customers,SMS,Retention,Unknown,0.23,0,0,0.0,0,,0,0.0,38131.07,45.62,,0.0,Completed,False,False,False,False
1164,Reactivation_BOGO_1164,BOGO,0.0,0.0,2025-03-03,2025-04-11,39,Lapsed,Social,Reactivation,Home,0.139,0,0,0.0,0,,0,0.0,45481.41,29.64,,0.0,Completed,False,False,False,False
1165,Retention_Percentage_Discount_1165,Percentage_Discount,,99.94,2025-04-30,2025-05-19,19,All_Customers,Website_Banner,Retention,Unknown,0.175,3,3,773.68,22,257.8933333333333,3,773.68,29564.45,38.28,9854.82,0.0262,Completed,False,True,False,False
1166,Reactivation_Percentage_Discount_1166,Percentage_Discount,47.1,0.0,2025-02-10,2025-03-19,37,High_Value,Push,Reactivation,Electronics,0.213,2,2,754.52,5,377.26,2,754.52,16507.29,28.33,8253.65,0.0457,Completed,False,False,False,False
1167,Retention_BOGO_1167,BOGO,0.0,87.27,2025-07-16,2025-07-25,9,All_Customers,In_App,Retention,Unknown,0.076,0,0,0.0,0,,0,0.0,40453.09,46.67,,0.0,Completed,False,False,False,False
1168,Acquisition_Free_Shipping_1168,Free_Shipping,0.0,3.8,2024-10-24,2024-11-16,23,High_Value,Push,Acquisition,Sports,0.124,2,2,632.1,7,316.05,2,632.1,49282.75,19.71,24641.38,0.0128,Completed,False,False,False,False
1169,Cross_Sell_Percentage_Discount_1169,Percentage_Discount,22.9,0.0,2024-08-01,2024-08-21,20,All_Customers,SMS,Cross_Sell,Electronics,0.059,5,5,1625.74,47,325.148,5,1625.74,35514.06,9.51,7102.81,0.0458,Completed,False,False,False,False
1170,Reactivation_Percentage_Discount_1170,Percentage_Discount,40.5,27.82,2025-08-14,2025-09-23,40,Lapsed,Social,Reactivation,Beauty,0.079,0,0,0.0,0,,0,0.0,22057.87,14.33,,0.0,Completed,False,False,False,False
1171,Upsell_Percentage_Discount_1171,Percentage_Discount,7.6,0.0,2025-03-15,2025-03-28,13,Lapsed,SMS,Upsell,Books,0.141,0,0,0.0,0,,0,0.0,7326.1,46.81,,0.0,Completed,False,False,False,False
1172,Cross_Sell_BOGO_1172,BOGO,0.0,54.48,2024-11-23,2024-12-03,10,Low_Value,Website_Banner,Cross_Sell,Unknown,0.181,1,1,141.45,9,141.45,1,141.45,36465.16,46.01,36465.16,0.0039,Completed,False,False,False,False
1173,Upsell_BOGO_1173,BOGO,0.0,0.0,2025-06-10,2025-06-19,9,High_Value,Email,Upsell,Unknown,0.157,0,0,0.0,0,,0,0.0,1549.42,9.85,,0.0,Completed,False,False,False,False
1174,Reactivation_BOGO_1174,BOGO,0.0,57.76,2025-07-13,2025-08-08,26,Low_Value,In_App,Reactivation,Unknown,0.23,0,0,0.0,0,,0,0.0,9202.9,6.05,,0.0,Completed,False,False,False,False
1175,Retention_Free_Shipping_1175,Free_Shipping,0.0,0.0,2024-10-10,2024-10-14,4,High_Value,Push,Retention,Electronics,0.059,0,0,0.0,0,,0,0.0,42002.99,37.47,,0.0,Completed,False,False,False,False
1176,Acquisition_Free_Shipping_1176,Free_Shipping,0.0,83.16,2024-08-14,2024-09-10,27,Medium_Value,Website_Banner,Acquisition,Beauty,0.104,1,1,133.27,2,133.27,1,133.27,7644.02,31.84,7644.02,0.0174,Completed,False,False,False,False
1177,Retention_BOGO_1177,BOGO,0.0,37.28,2025-03-04,2025-03-19,15,Lapsed,Push,Retention,Unknown,0.236,0,0,0.0,0,,0,0.0,11402.55,28.02,,0.0,Completed,False,False,False,False
1178,Upsell_Fixed_Amount_1178,Fixed_Amount,97.67,0.0,2024-08-28,2024-09-16,19,Medium_Value,Email,Upsell,Beauty,0.067,5,5,937.42,15,187.484,5,937.42,3925.85,31.84,785.17,0.2388,Completed,False,False,False,False
1179,Retention_BOGO_1179,BOGO,0.0,99.66,2025-06-15,2025-06-18,3,Medium_Value,Email,Retention,Electronics,0.232,0,0,0.0,0,,0,0.0,23934.59,14.21,,0.0,Completed,False,False,False,False
1180,Cross_Sell_Percentage_Discount_1180,Percentage_Discount,17.7,49.64,2024-07-29,2024-08-10,12,Low_Value,Push,Cross_Sell,Clothing,0.161,2,2,162.61,4,81.305,2,162.61,5549.45,37.26,2774.73,0.0293,Completed,False,False,False,False
1181,Upsell_Fixed_Amount_1181,Fixed_Amount,45.92,0.0,2025-04-17,2025-04-24,7,High_Value,Website_Banner,Upsell,Unknown,0.154,0,0,0.0,0,,0,0.0,20832.19,10.71,,0.0,Completed,False,False,False,False
1182,Retention_Free_Shipping_1182,Free_Shipping,0.0,0.0,2025-09-12,2025-09-16,4,All_Customers,Email,Retention,Unknown,0.197,0,0,0.0,0,,0,0.0,48386.72,21.16,,0.0,Completed,False,False,False,False
1183,Cross_Sell_BOGO_1183,BOGO,0.0,67.93,2024-12-28,2025-01-01,4,New_Customer,In_App,Cross_Sell,Unknown,0.058,1,1,196.5,1,196.5,1,196.5,8907.4,37.66,8907.4,0.0221,Completed,False,False,False,False
1184,Retention_BOGO_1184,BOGO,0.0,95.28,2025-02-13,2025-03-05,20,All_Customers,Push,Retention,Home,0.226,11,11,1863.93,54,169.4481818181818,11,1863.93,11202.0,5.63,1018.36,0.1664,Completed,False,False,False,False
1185,Cross_Sell_Fixed_Amount_1185,Fixed_Amount,14.07,,2025-02-05,2025-02-15,10,High_Value,Email,Cross_Sell,Home,0.083,1,1,447.64,3,447.64,1,447.64,20425.68,32.71,20425.68,0.0219,Completed,False,False,False,False
1186,Upsell_Percentage_Discount_1186,Percentage_Discount,48.1,0.0,2025-03-11,2025-04-01,21,Lapsed,Push,Upsell,Unknown,0.193,0,0,0.0,0,,0,0.0,48541.92,23.55,,0.0,Completed,False,False,False,False
1187,Cross_Sell_Free_Shipping_1187,Free_Shipping,0.0,0.78,2024-09-27,2024-10-07,10,New_Customer,Push,Cross_Sell,Sports,0.127,3,3,536.77,18,178.92333333333335,3,536.77,22055.28,10.72,7351.76,0.0243,Completed,False,False,False,False
1188,Acquisition_Percentage_Discount_1188,Percentage_Discount,20.1,49.99,2025-06-26,2025-07-28,32,Low_Value,SMS,Acquisition,Unknown,0.06,0,0,0.0,0,,0,0.0,17400.16,44.44,,0.0,Completed,False,False,False,False
1189,Reactivation_Fixed_Amount_1189,Fixed_Amount,83.93,17.04,2024-12-05,2025-01-14,40,Medium_Value,SMS,Reactivation,Unknown,0.056,2,2,523.22,17,261.61,2,523.22,22945.09,39.65,11472.55,0.0228,Completed,False,False,False,False
1190,Retention_Fixed_Amount_1190,Fixed_Amount,85.84,61.7,2025-03-22,2025-04-12,21,New_Customer,Website_Banner,Retention,Unknown,0.138,1,1,159.54,2,159.54,1,159.54,9628.7,16.25,9628.7,0.0166,Completed,False,False,False,False
1191,Acquisition_Fixed_Amount_1191,Fixed_Amount,78.37,7.66,2025-01-26,2025-02-09,14,New_Customer,In_App,Acquisition,Unknown,0.058,1,1,120.61,15,120.61,1,120.61,46870.69,19.32,46870.69,0.0026,Completed,False,False,False,False
1192,Retention_Percentage_Discount_1192,Percentage_Discount,40.8,3.48,2024-12-29,2025-01-12,14,New_Customer,Push,Retention,Clothing,0.133,3,3,381.0,8,127.0,3,381.0,24153.39,42.72,8051.13,0.0158,Completed,False,False,False,False
1193,Cross_Sell_Free_Shipping_1193,Free_Shipping,0.0,0.0,2024-07-15,2024-07-30,15,Low_Value,Social,Cross_Sell,Unknown,0.106,6,6,679.99,26,113.33166666666666,6,679.99,28542.83,17.57,4757.14,0.0238,Completed,False,False,False,False
1194,Reactivation_Fixed_Amount_1194,Fixed_Amount,42.39,48.35,2025-05-15,2025-06-21,37,High_Value,Social,Reactivation,Unknown,0.077,2,2,945.38,17,472.69,2,945.38,2015.7,16.12,1007.85,0.469,Completed,False,False,False,False
1195,Acquisition_Fixed_Amount_1195,Fixed_Amount,50.06,95.51,2025-07-18,2025-08-30,43,Medium_Value,In_App,Acquisition,Beauty,0.059,0,0,0.0,0,,0,0.0,27004.2,42.23,,0.0,Completed,False,False,False,False
1196,Acquisition_BOGO_1196,BOGO,0.0,0.0,2025-03-17,2025-04-02,16,Lapsed,In_App,Acquisition,Unknown,0.058,0,0,0.0,0,,0,0.0,45122.71,45.09,,0.0,Completed,False,False,False,False
1197,Retention_Percentage_Discount_1197,Percentage_Discount,33.5,0.0,2025-04-19,2025-04-29,10,Lapsed,In_App,Retention,Unknown,0.156,0,0,0.0,0,,0,0.0,28253.14,9.41,,0.0,Completed,False,False,False,False
1198,Acquisition_Percentage_Discount_1198,Percentage_Discount,11.6,13.99,2025-08-06,2025-09-30,55,Lapsed,SMS,Acquisition,Electronics,0.183,0,0,0.0,0,,0,0.0,7971.02,16.78,,0.0,Completed,False,False,False,False
1199,Reactivation_Free_Shipping_1199,Free_Shipping,0.0,,2025-07-25,2025-08-10,16,Low_Value,Push,Reactivation,Clothing,0.128,0,0,0.0,0,,0,0.0,29052.38,46.28,,0.0,Completed,False,False,False,False
1200,Acquisition_Percentage_Discount_1200,Percentage_Discount,29.2,0.0,2025-06-06,2025-07-17,41,High_Value,Website_Banner,Acquisition,Electronics,0.063,0,0,0.0,0,,0,0.0,1509.81,33.68,,0.0,Completed,False,False,False,False
1201,Reactivation_Fixed_Amount_1201,Fixed_Amount,41.28,,2025-01-16,2025-02-27,42,All_Customers,Push,Reactivation,Clothing,0.208,17,17,3178.83,76,186.99,17,3178.83,6707.24,31.9,394.54,0.4739,Completed,False,False,False,False
1202,Acquisition_Fixed_Amount_1202,Fixed_Amount,10.86,82.86,2024-12-10,2024-11-13,27,New_Customer,Website_Banner,Acquisition,Unknown,0.21,0,0,0.0,0,,0,0.0,20851.56,8.02,,0.0,Completed,True,False,False,False
1203,Retention_BOGO_1203,BOGO,0.0,0.0,2025-05-15,2025-05-27,12,New_Customer,SMS,Retention,Unknown,0.215,2,2,138.57,8,69.285,2,138.57,33040.68,17.38,16520.34,0.0042,Completed,False,False,False,False
1204,Retention_Fixed_Amount_1204,Fixed_Amount,97.09,49.98,2025-07-28,2025-08-14,17,Medium_Value,Email,Retention,Unknown,0.176,0,0,0.0,0,,0,0.0,11482.67,17.42,,0.0,Completed,False,False,False,False
1205,Reactivation_Free_Shipping_1205,Free_Shipping,0.0,28.27,2025-01-31,2025-03-18,46,All_Customers,SMS,Reactivation,Electronics,0.106,13,13,2682.83,64,206.37153846153845,13,2682.83,44701.24,47.64,3438.56,0.06,Completed,False,False,False,False
1206,Upsell_Percentage_Discount_1206,Percentage_Discount,6.5,83.18,2025-03-18,2025-03-21,3,New_Customer,SMS,Upsell,Unknown,0.173,0,0,0.0,0,,0,0.0,44473.29,43.35,,0.0,Completed,False,False,False,False
1207,Acquisition_Fixed_Amount_1207,Fixed_Amount,44.29,0.0,2024-09-08,2024-09-26,18,Lapsed,In_App,Acquisition,Unknown,0.118,0,0,0.0,0,,0,0.0,29665.04,20.66,,0.0,Completed,False,False,False,False
1208,Retention_Percentage_Discount_1208,Percentage_Discount,43.0,0.0,2024-09-24,2024-09-28,4,High_Value,Website_Banner,Retention,Unknown,0.211,0,0,0.0,0,,0,0.0,27888.98,22.33,,0.0,Completed,False,False,False,False
1209,Cross_Sell_Free_Shipping_1209,Free_Shipping,0.0,3.74,2025-09-04,2025-09-24,20,New_Customer,Website_Banner,Cross_Sell,Beauty,0.095,0,0,0.0,0,,0,0.0,27498.83,37.46,,0.0,Completed,False,False,False,False
1210,Upsell_BOGO_1210,BOGO,0.0,63.34,2024-10-19,2024-10-27,8,Low_Value,Social,Upsell,Unknown,0.243,2,2,246.02,2,123.01,2,246.02,25400.02,27.83,12700.01,0.0097,Completed,False,False,False,False
1211,Retention_Percentage_Discount_1211,Percentage_Discount,30.9,,2025-09-21,2025-09-25,4,All_Customers,Push,Retention,Unknown,0.232,0,0,0.0,0,,0,0.0,45293.7,39.5,,0.0,Completed,False,False,False,False
1212,Reactivation_BOGO_1212,BOGO,0.0,0.0,2024-09-12,2024-10-06,24,Low_Value,Email,Reactivation,Unknown,0.092,8,8,741.24,36,92.655,8,741.24,15804.2,17.86,1975.53,0.0469,Completed,False,False,False,False
1213,Upsell_BOGO_1213,BOGO,0.0,75.48,2024-10-01,2024-10-18,17,New_Customer,In_App,Upsell,Unknown,0.144,1,1,163.46,11,163.46,1,163.46,48820.23,31.62,48820.23,0.0033,Completed,False,False,False,False
1214,Acquisition_BOGO_1214,BOGO,0.0,10.77,2025-05-09,2025-07-01,53,High_Value,Push,Acquisition,Sports,0.168,1,1,347.12,14,347.12,1,347.12,42166.41,29.06,42166.41,0.0082,Completed,False,False,False,False
1215,Reactivation_Free_Shipping_1215,Free_Shipping,0.0,26.7,2025-05-26,2025-06-12,17,New_Customer,Push,Reactivation,Unknown,0.084,3,3,509.48,25,169.82666666666665,3,509.48,36930.14,31.28,12310.05,0.0138,Completed,False,False,False,False
1216,Reactivation_Fixed_Amount_1216,Fixed_Amount,11.81,1.83,2025-01-22,2025-03-11,48,High_Value,In_App,Reactivation,Beauty,0.164,2,2,678.41,14,339.205,2,678.41,5801.07,34.42,2900.54,0.1169,Completed,False,False,False,False
1217,Cross_Sell_Percentage_Discount_1217,Percentage_Discount,17.2,7.96,2025-02-20,2025-02-23,3,Lapsed,Email,Cross_Sell,Clothing,0.181,0,0,0.0,0,,0,0.0,31351.35,45.35,,0.0,Completed,False,False,False,False
1218,Reactivation_BOGO_1218,BOGO,0.0,19.55,2025-05-31,2025-07-18,48,New_Customer,Push,Reactivation,Home,0.193,6,6,548.58,20,91.43,6,548.58,49564.8,28.14,8260.8,0.0111,Completed,False,False,False,False
1219,Cross_Sell_Free_Shipping_1219,Free_Shipping,0.0,89.89,2025-03-14,2025-03-20,6,High_Value,Website_Banner,Cross_Sell,Home,0.079,0,0,0.0,0,,0,0.0,48564.05,10.86,,0.0,Completed,False,False,False,False
1220,Cross_Sell_Percentage_Discount_1220,Percentage_Discount,,40.14,2025-08-24,2025-08-29,5,Low_Value,Email,Cross_Sell,Unknown,0.172,0,0,0.0,0,,0,0.0,16291.54,48.85,,0.0,Completed,False,True,False,False
1221,Reactivation_BOGO_1221,BOGO,0.0,0.0,2025-05-01,2025-06-10,40,All_Customers,SMS,Reactivation,Unknown,0.16,17,16,2723.16,75,160.18588235294118,17,2723.16,7784.06,34.67,486.5,0.3498,Completed,False,False,False,False
1222,Retention_Percentage_Discount_1222,Percentage_Discount,35.4,18.36,2024-12-21,2024-12-29,8,All_Customers,Email,Retention,Unknown,0.237,9,9,1832.17,46,203.57444444444445,9,1832.17,33985.49,17.73,3776.17,0.0539,Completed,False,False,False,False
1223,Retention_Fixed_Amount_1223,Fixed_Amount,74.0,0.0,2025-03-07,2025-03-17,10,Medium_Value,SMS,Retention,Sports,0.199,0,0,0.0,0,,0,0.0,45249.75,14.16,,0.0,Completed,False,False,False,False
1224,Upsell_Free_Shipping_1224,Free_Shipping,0.0,54.5,2024-08-20,2024-09-10,21,High_Value,In_App,Upsell,Books,0.204,2,2,1168.05,20,584.025,2,1168.05,8574.22,15.2,4287.11,0.1362,Completed,False,False,False,False
1225,Reactivation_Percentage_Discount_1225,Percentage_Discount,48.4,0.0,2024-08-11,2024-09-17,37,Lapsed,SMS,Reactivation,Unknown,0.131,0,0,0.0,0,,0,0.0,46457.17,24.28,,0.0,Completed,False,False,False,False
1226,Acquisition_Free_Shipping_1226,Free_Shipping,0.0,6.66,2024-09-03,2024-09-23,20,Low_Value,In_App,Acquisition,Home,0.134,1,1,116.88,3,116.88,1,116.88,6577.58,15.26,6577.58,0.0178,Completed,False,False,False,False
1227,Acquisition_Fixed_Amount_1227,Fixed_Amount,27.56,25.18,2025-06-26,2025-08-19,54,Low_Value,Email,Acquisition,Beauty,0.236,0,0,0.0,0,,0,0.0,42141.41,8.57,,0.0,Completed,False,False,False,False
1228,Acquisition_Percentage_Discount_1228,Percentage_Discount,48.6,91.24,2024-11-28,2024-11-11,17,High_Value,Email,Acquisition,Home,0.106,0,0,0.0,0,,0,0.0,28391.33,47.9,,0.0,Completed,True,False,False,False
1229,Reactivation_Percentage_Discount_1229,Percentage_Discount,9.9,88.09,2024-11-07,2024-12-07,30,New_Customer,Website_Banner,Reactivation,Electronics,0.242,3,3,428.18,7,142.72666666666666,3,428.18,2142.75,46.34,714.25,0.1998,Completed,False,False,False,False
1230,Upsell_Free_Shipping_1230,Free_Shipping,0.0,76.31,2025-03-12,2025-03-31,19,Medium_Value,Social,Upsell,Sports,0.143,2,2,442.85,9,221.425,2,442.85,47203.53,12.7,23601.77,0.0094,Completed,False,False,False,False
1231,Reactivation_BOGO_1231,BOGO,0.0,83.37,2025-03-07,2025-04-12,36,Medium_Value,In_App,Reactivation,Unknown,0.204,1,1,187.78,7,187.78,1,187.78,14474.17,36.93,14474.17,0.013,Completed,False,False,False,False
1232,Acquisition_Free_Shipping_1232,Free_Shipping,0.0,0.0,2025-02-09,2025-03-01,20,Low_Value,SMS,Acquisition,Electronics,0.2,1,1,48.14,3,48.14,1,48.14,46300.11,37.06,46300.11,0.001,Completed,False,False,False,False
1233,Acquisition_Percentage_Discount_1233,Percentage_Discount,29.5,12.78,2025-04-18,2025-05-27,39,New_Customer,Email,Acquisition,Unknown,0.109,5,5,496.53,37,99.306,5,496.53,16580.02,7.31,3316.0,0.0299,Completed,False,False,False,False
1234,Reactivation_BOGO_1234,BOGO,0.0,13.29,2025-02-18,2025-03-25,35,All_Customers,Email,Reactivation,Books,0.065,22,21,4935.86,135,224.35727272727271,22,4935.86,43576.75,22.31,2075.08,0.1133,Completed,False,False,False,False
1235,Cross_Sell_Free_Shipping_1235,Free_Shipping,0.0,,2025-04-10,2025-04-18,8,New_Customer,Social,Cross_Sell,Unknown,0.155,1,1,151.15,1,151.15,1,151.15,19692.83,37.31,19692.83,0.0077,Completed,False,False,False,False
1236,Reactivation_Fixed_Amount_1236,Fixed_Amount,27.73,93.93,2024-11-21,2024-12-21,30,Low_Value,Website_Banner,Reactivation,Unknown,0.065,0,0,0.0,6,,0,0.0,43712.02,8.21,,0.0,Completed,False,False,False,False
1237,Retention_Percentage_Discount_1237,Percentage_Discount,38.8,79.55,2025-05-05,2025-05-26,21,All_Customers,Push,Retention,Unknown,0.084,6,6,1074.41,49,179.06833333333333,6,1074.41,14579.98,9.86,2430.0,0.0737,Completed,False,False,False,False
1238,Reactivation_Fixed_Amount_1238,Fixed_Amount,81.56,0.0,2025-02-08,2025-03-31,51,Lapsed,Website_Banner,Reactivation,Unknown,0.176,0,0,0.0,0,,0,0.0,43254.12,24.56,,0.0,Completed,False,False,False,False
1239,Reactivation_Fixed_Amount_1239,Fixed_Amount,38.77,95.31,2024-09-11,2024-10-16,35,Medium_Value,Website_Banner,Reactivation,Unknown,0.169,3,3,546.5,10,182.16666666666666,3,546.5,38985.54,37.1,12995.18,0.014,Completed,False,False,False,False
1240,Retention_BOGO_1240,BOGO,0.0,64.69,2025-03-07,2025-03-13,6,New_Customer,SMS,Retention,Home,0.095,1,1,169.89,8,169.89,1,169.89,32106.3,41.1,32106.3,0.0053,Completed,False,False,False,False
1241,Upsell_BOGO_1241,BOGO,0.0,0.0,2025-07-04,2025-07-10,6,Low_Value,Push,Upsell,Clothing,0.174,0,0,0.0,0,,0,0.0,32057.55,27.6,,0.0,Completed,False,False,False,False
1242,Retention_Fixed_Amount_1242,Fixed_Amount,30.13,94.26,2025-09-15,2025-09-25,10,Lapsed,Website_Banner,Retention,Unknown,0.177,0,0,0.0,0,,0,0.0,17628.89,42.26,,0.0,Completed,False,False,False,False
1243,Cross_Sell_Fixed_Amount_1243,Fixed_Amount,7.02,94.76,2024-07-27,2024-08-03,7,All_Customers,Website_Banner,Cross_Sell,Clothing,0.23,3,3,856.13,16,285.37666666666667,3,856.13,21052.16,32.07,7017.39,0.0407,Completed,False,False,False,False
1244,Cross_Sell_Percentage_Discount_1244,Percentage_Discount,49.2,0.0,2024-09-05,2024-09-17,12,Medium_Value,Email,Cross_Sell,Books,0.106,2,2,509.01,16,254.505,2,509.01,6533.87,29.02,3266.94,0.0779,Completed,False,False,False,False
1245,Retention_Fixed_Amount_1245,Fixed_Amount,79.27,0.0,2024-07-05,2024-07-21,16,High_Value,Push,Retention,Unknown,0.241,6,6,3007.21,28,501.20166666666665,6,3007.21,30939.93,32.38,5156.66,0.0972,Completed,False,False,False,False
1246,Retention_Free_Shipping_1246,Free_Shipping,0.0,,2025-02-12,2025-02-17,5,Medium_Value,In_App,Retention,Unknown,0.068,0,0,0.0,3,,0,0.0,37931.1,24.09,,0.0,Completed,False,False,False,False
1247,Reactivation_BOGO_1247,BOGO,0.0,,2024-08-17,2024-09-07,21,Medium_Value,Social,Reactivation,Beauty,0.201,5,5,1241.31,24,248.262,5,1241.31,4915.95,30.75,983.19,0.2525,Completed,False,False,False,False
1248,Acquisition_BOGO_1248,BOGO,0.0,71.17,2024-12-20,2025-01-20,31,Low_Value,In_App,Acquisition,Clothing,0.088,3,2,244.52,23,81.50666666666666,3,244.52,49914.36,33.15,24957.18,0.0049,Completed,False,False,False,False
1249,Cross_Sell_Fixed_Amount_1249,Fixed_Amount,38.0,0.0,2024-07-10,2024-07-25,15,Medium_Value,Social,Cross_Sell,Clothing,0.139,9,9,1548.72,49,172.08,9,1548.72,33072.24,9.32,3674.69,0.0468,Completed,False,False,False,False
1250,Cross_Sell_BOGO_1250,BOGO,0.0,0.0,2025-08-12,2025-09-01,20,New_Customer,SMS,Cross_Sell,Beauty,0.24,0,0,0.0,0,,0,0.0,25049.13,39.59,,0.0,Completed,False,False,False,False
1251,Acquisition_BOGO_1251,BOGO,0.0,0.0,2025-02-03,2025-03-23,48,High_Value,In_App,Acquisition,Beauty,0.126,1,1,329.06,4,329.06,1,329.06,16619.48,37.6,16619.48,0.0198,Completed,False,False,False,False
1252,Retention_BOGO_1252,BOGO,0.0,0.0,2024-10-24,2024-10-27,3,New_Customer,SMS,Retention,Unknown,0.204,0,0,0.0,0,,0,0.0,29043.79,24.42,,0.0,Completed,False,False,False,False
1253,Acquisition_Percentage_Discount_1253,Percentage_Discount,12.6,89.06,2025-07-07,2025-08-31,55,New_Customer,SMS,Acquisition,Sports,0.138,0,0,0.0,0,,0,0.0,37007.1,25.42,,0.0,Completed,False,False,False,False
1254,Upsell_Fixed_Amount_1254,Fixed_Amount,53.67,83.76,2025-06-12,2025-06-27,15,All_Customers,SMS,Upsell,Unknown,0.207,8,8,1529.72,44,191.215,8,1529.72,20011.83,38.05,2501.48,0.0764,Completed,False,False,False,False
1255,Upsell_Percentage_Discount_1255,Percentage_Discount,36.9,83.7,2025-06-30,2025-07-21,21,All_Customers,Social,Upsell,Sports,0.212,1,1,71.51,8,71.51,1,71.51,4289.01,44.77,4289.01,0.0167,Completed,False,False,False,False
1256,Reactivation_Percentage_Discount_1256,Percentage_Discount,42.6,0.0,2025-07-11,2025-08-17,37,High_Value,In_App,Reactivation,Unknown,0.061,0,0,0.0,0,,0,0.0,4164.83,27.42,,0.0,Completed,False,False,False,False
1257,Upsell_Fixed_Amount_1257,Fixed_Amount,22.55,43.11,2025-01-03,2025-01-21,18,All_Customers,Email,Upsell,Unknown,0.071,6,6,895.9,19,149.31666666666666,6,895.9,42931.0,6.07,7155.17,0.0209,Completed,False,False,False,False
1258,Cross_Sell_Percentage_Discount_1258,Percentage_Discount,30.1,0.0,2024-09-09,2024-09-14,5,New_Customer,In_App,Cross_Sell,Books,0.083,0,0,0.0,0,,0,0.0,26425.98,21.81,,0.0,Completed,False,False,False,False
1259,Acquisition_Fixed_Amount_1259,Fixed_Amount,92.48,29.4,2025-04-25,2025-06-17,53,Medium_Value,Push,Acquisition,Clothing,0.153,4,4,803.81,19,200.9525,4,803.81,28933.07,8.36,7233.27,0.0278,Completed,False,False,False,False
1260,Retention_BOGO_1260,BOGO,0.0,54.13,2025-05-26,2025-06-06,11,Lapsed,Website_Banner,Retention,Beauty,0.179,0,0,0.0,0,,0,0.0,13976.02,9.57,,0.0,Completed,False,False,False,False
1261,Reactivation_Fixed_Amount_1261,Fixed_Amount,15.62,32.15,2024-12-06,2025-01-27,52,Medium_Value,Email,Reactivation,Unknown,0.055,3,3,572.02,15,190.67333333333335,3,572.02,43367.75,38.64,14455.92,0.0132,Completed,False,False,False,False
1262,Acquisition_BOGO_1262,BOGO,0.0,0.0,2024-10-24,2024-12-23,60,Low_Value,Social,Acquisition,Clothing,0.132,4,4,408.03,42,102.0075,4,408.03,33323.34,49.22,8330.84,0.0122,Completed,False,False,False,False
1263,Reactivation_Free_Shipping_1263,Free_Shipping,0.0,0.0,2024-08-25,2024-09-20,26,Medium_Value,Website_Banner,Reactivation,Unknown,0.245,1,1,243.29,5,243.29,1,243.29,14669.06,34.8,14669.06,0.0166,Completed,False,False,False,False
1264,Acquisition_Percentage_Discount_1264,Percentage_Discount,20.1,0.0,2024-11-26,2024-12-11,15,High_Value,Email,Acquisition,Home,0.077,0,0,0.0,0,,0,0.0,1227.62,6.45,,0.0,Completed,False,False,False,False
1265,Reactivation_Percentage_Discount_1265,Percentage_Discount,19.4,0.0,2024-11-17,2025-01-01,45,Low_Value,Email,Reactivation,Unknown,0.093,6,6,484.35,41,80.725,6,484.35,4762.35,23.88,793.73,0.1017,Completed,False,False,False,False
1266,Upsell_Free_Shipping_1266,Free_Shipping,0.0,0.0,2024-10-02,2024-10-09,7,All_Customers,Email,Upsell,Unknown,0.213,6,6,538.78,38,89.79666666666667,6,538.78,47887.58,36.14,7981.26,0.0113,Completed,False,False,False,False
1267,Upsell_Fixed_Amount_1267,Fixed_Amount,83.3,41.28,2024-12-20,2024-12-27,7,High_Value,Push,Upsell,Unknown,0.097,1,1,787.74,5,787.74,1,787.74,49705.17,9.41,49705.17,0.0158,Completed,False,False,False,False
1268,Retention_Fixed_Amount_1268,Fixed_Amount,72.69,0.0,2025-06-13,2025-07-03,20,High_Value,Email,Retention,Electronics,0.169,0,0,0.0,0,,0,0.0,43541.95,26.37,,0.0,Completed,False,False,False,False
1269,Acquisition_Free_Shipping_1269,Free_Shipping,0.0,12.33,2025-02-12,2024-12-29,45,All_Customers,Email,Acquisition,Books,0.055,0,0,0.0,0,,0,0.0,36933.07,11.01,,0.0,Completed,True,False,False,False
1270,Cross_Sell_BOGO_1270,BOGO,0.0,44.05,2024-11-01,2024-11-16,15,Low_Value,Social,Cross_Sell,Sports,0.117,0,0,0.0,0,,0,0.0,9894.32,25.53,,0.0,Completed,False,False,False,False
1271,Acquisition_Percentage_Discount_1271,Percentage_Discount,6.6,0.0,2025-01-10,2025-02-05,26,High_Value,Push,Acquisition,Unknown,0.113,3,3,943.48,21,314.49333333333334,3,943.48,40978.03,8.76,13659.34,0.023,Completed,False,False,False,False
1272,Cross_Sell_Fixed_Amount_1272,Fixed_Amount,48.81,72.97,2025-06-18,2025-07-03,15,High_Value,Social,Cross_Sell,Beauty,0.221,1,1,415.99,2,415.99,1,415.99,36606.46,43.52,36606.46,0.0114,Completed,False,False,False,False
1273,Cross_Sell_Percentage_Discount_1273,Percentage_Discount,47.8,0.0,2024-11-19,2024-12-09,20,Low_Value,Social,Cross_Sell,Beauty,0.193,2,2,284.52,8,142.26,2,284.52,41846.24,33.63,20923.12,0.0068,Completed,False,False,False,False
1274,Reactivation_BOGO_1274,BOGO,0.0,42.33,2025-07-06,2025-08-12,37,Medium_Value,SMS,Reactivation,Unknown,0.216,0,0,0.0,0,,0,0.0,49436.18,39.99,,0.0,Completed,False,False,False,False
1275,Retention_Fixed_Amount_1275,Fixed_Amount,48.36,0.13,2024-09-13,2024-09-16,3,Lapsed,Website_Banner,Retention,Home,0.211,0,0,0.0,0,,0,0.0,29166.21,29.64,,0.0,Completed,False,False,False,False
1276,Reactivation_Free_Shipping_1276,Free_Shipping,0.0,17.63,2025-04-03,2025-05-20,47,All_Customers,In_App,Reactivation,Unknown,0.118,10,10,1391.59,43,139.159,10,1391.59,14943.8,16.95,1494.38,0.0931,Completed,False,False,False,False
1277,Cross_Sell_Free_Shipping_1277,Free_Shipping,0.0,85.47,2025-07-31,2025-08-07,7,Lapsed,Social,Cross_Sell,Unknown,0.195,0,0,0.0,0,,0,0.0,10294.15,5.87,,0.0,Completed,False,False,False,False
1278,Acquisition_Percentage_Discount_1278,Percentage_Discount,8.3,59.48,2025-04-08,2025-06-03,56,Low_Value,SMS,Acquisition,Unknown,0.102,5,5,379.29,33,75.858,5,379.29,12709.68,32.65,2541.94,0.0298,Completed,False,False,False,False
1279,Cross_Sell_Percentage_Discount_1279,Percentage_Discount,44.7,23.48,2024-10-25,2024-10-11,14,High_Value,Website_Banner,Cross_Sell,Unknown,0.225,0,0,0.0,0,,0,0.0,18693.3,34.73,,0.0,Completed,True,False,False,False
1280,Upsell_Percentage_Discount_1280,Percentage_Discount,29.1,64.51,2025-03-20,2025-04-10,21,All_Customers,SMS,Upsell,Unknown,0.105,8,8,1602.87,36,200.35875,8,1602.87,6843.28,19.03,855.41,0.2342,Completed,False,False,False,False
1281,Reactivation_Free_Shipping_1281,Free_Shipping,0.0,0.0,2025-01-21,2025-02-24,34,High_Value,Email,Reactivation,Unknown,0.201,1,1,479.95,5,479.95,1,479.95,45660.1,42.49,45660.1,0.0105,Completed,False,False,False,False
1282,Cross_Sell_BOGO_1282,BOGO,0.0,40.33,2025-01-22,2025-02-02,11,Lapsed,Website_Banner,Cross_Sell,Unknown,0.08,0,0,0.0,0,,0,0.0,32587.6,19.43,,0.0,Completed,False,False,False,False
1283,Retention_Percentage_Discount_1283,Percentage_Discount,16.5,76.5,2024-12-21,2025-01-05,15,Medium_Value,In_App,Retention,Unknown,0.178,0,0,0.0,0,,0,0.0,49423.58,34.11,,0.0,Completed,False,False,False,False
1284,Cross_Sell_Free_Shipping_1284,Free_Shipping,0.0,42.47,2025-03-15,2025-03-21,6,Low_Value,In_App,Cross_Sell,Electronics,0.19,0,0,0.0,0,,0,0.0,43159.4,27.58,,0.0,Completed,False,False,False,False
1285,Acquisition_Percentage_Discount_1285,Percentage_Discount,47.7,13.71,2025-03-27,2025-05-24,58,All_Customers,In_App,Acquisition,Clothing,0.211,9,9,1686.52,35,187.39111111111112,9,1686.52,37741.3,42.97,4193.48,0.0447,Completed,False,False,False,False
1286,Upsell_BOGO_1286,BOGO,0.0,0.0,2025-05-01,2025-05-11,10,All_Customers,Push,Upsell,Sports,0.152,3,3,286.53,14,95.51,3,286.53,33536.01,43.79,11178.67,0.0085,Completed,False,False,False,False
1287,Reactivation_Fixed_Amount_1287,Fixed_Amount,42.64,4.21,2024-08-05,2024-09-17,43,Medium_Value,Push,Reactivation,Unknown,0.211,3,3,752.21,19,250.73666666666668,3,752.21,31052.25,36.36,10350.75,0.0242,Completed,False,False,False,False
1288,Upsell_BOGO_1288,BOGO,0.0,77.37,2025-03-01,2025-03-15,14,All_Customers,In_App,Upsell,Unknown,0.233,0,0,0.0,0,,0,0.0,21857.3,10.32,,0.0,Completed,False,False,False,False
1289,Cross_Sell_Percentage_Discount_1289,Percentage_Discount,21.8,0.0,2024-07-09,2024-07-16,7,High_Value,Social,Cross_Sell,Unknown,0.25,2,2,935.3,14,467.65,2,935.3,1203.12,20.03,601.56,0.7774,Completed,False,False,False,False
1290,Reactivation_Percentage_Discount_1290,Percentage_Discount,24.3,46.72,2024-10-24,2024-11-16,23,Lapsed,Push,Reactivation,Unknown,0.102,0,0,0.0,0,,0,0.0,10973.7,29.38,,0.0,Completed,False,False,False,False
1291,Upsell_Fixed_Amount_1291,Fixed_Amount,34.49,0.0,2025-03-12,2025-03-24,12,High_Value,In_App,Upsell,Unknown,0.075,0,0,0.0,0,,0,0.0,1236.3,18.65,,0.0,Completed,False,False,False,False
1292,Reactivation_BOGO_1292,BOGO,0.0,94.57,2024-09-21,2024-10-19,28,Medium_Value,Website_Banner,Reactivation,Unknown,0.162,1,1,275.18,3,275.18,1,275.18,9304.2,47.41,9304.2,0.0296,Completed,False,False,False,False
1293,Reactivation_BOGO_1293,BOGO,0.0,14.68,2024-09-17,2024-10-03,16,Lapsed,Push,Reactivation,Sports,0.111,0,0,0.0,0,,0,0.0,35604.91,40.73,,0.0,Completed,False,False,False,False
1294,Retention_Fixed_Amount_1294,Fixed_Amount,9.0,74.0,2024-12-22,2024-12-09,13,Low_Value,In_App,Retention,Unknown,0.064,0,0,0.0,0,,0,0.0,34241.51,48.2,,0.0,Completed,True,False,False,False
1295,Cross_Sell_Fixed_Amount_1295,Fixed_Amount,14.73,65.87,2024-12-23,2025-01-12,20,New_Customer,SMS,Cross_Sell,Home,0.117,3,3,287.58,7,95.86,3,287.58,27358.92,27.31,9119.64,0.0105,Completed,False,False,False,False
1296,Reactivation_Fixed_Amount_1296,Fixed_Amount,60.96,77.44,2024-10-27,2024-12-13,47,New_Customer,Website_Banner,Reactivation,Unknown,0.061,4,4,433.12,14,108.28,4,433.12,43277.5,15.17,10819.38,0.01,Completed,False,False,False,False
1297,Cross_Sell_Percentage_Discount_1297,Percentage_Discount,15.8,29.71,2024-10-31,2024-11-16,16,All_Customers,In_App,Cross_Sell,Clothing,0.12,2,2,226.6,10,113.3,2,226.6,23097.28,45.66,11548.64,0.0098,Completed,False,False,False,False
1298,Reactivation_BOGO_1298,BOGO,0.0,21.1,2024-12-09,2025-01-13,35,Lapsed,Social,Reactivation,Unknown,0.073,0,0,0.0,0,,0,0.0,7577.6,44.77,,0.0,Completed,False,False,False,False
1299,Upsell_Fixed_Amount_1299,Fixed_Amount,49.97,49.71,2025-07-03,2025-07-08,5,Low_Value,Push,Upsell,Books,0.072,0,0,0.0,0,,0,0.0,12439.77,18.41,,0.0,Completed,False,False,False,False
1300,Reactivation_Free_Shipping_1300,Free_Shipping,0.0,0.0,2025-03-01,2025-04-01,31,All_Customers,Push,Reactivation,Unknown,0.19,18,17,2444.71,86,135.81722222222223,18,2444.71,9762.78,11.72,574.28,0.2504,Completed,False,False,False,False
1301,Acquisition_Percentage_Discount_1301,Percentage_Discount,31.5,0.0,2024-11-12,2024-12-07,25,High_Value,Push,Acquisition,Unknown,0.17,2,2,974.91,30,487.455,2,974.91,14161.0,45.65,7080.5,0.0688,Completed,False,False,False,False
1302,Upsell_Free_Shipping_1302,Free_Shipping,0.0,18.8,2024-09-22,2024-10-10,18,Low_Value,In_App,Upsell,Unknown,0.248,2,2,229.33,5,114.665,2,229.33,17739.05,25.92,8869.53,0.0129,Completed,False,False,False,False
1303,Upsell_Percentage_Discount_1303,Percentage_Discount,33.8,13.13,2024-08-28,2024-09-05,8,Medium_Value,Social,Upsell,Clothing,0.143,0,0,0.0,0,,0,0.0,25755.64,5.35,,0.0,Completed,False,False,False,False
1304,Upsell_Percentage_Discount_1304,Percentage_Discount,5.8,,2024-08-20,2024-09-05,16,High_Value,Push,Upsell,Electronics,0.138,0,0,0.0,1,,0,0.0,31922.89,13.02,,0.0,Completed,False,False,False,False
1305,Retention_Free_Shipping_1305,Free_Shipping,0.0,83.4,2024-08-01,2024-08-07,6,High_Value,Email,Retention,Electronics,0.112,0,0,0.0,0,,0,0.0,18955.72,26.87,,0.0,Completed,False,False,False,False
1306,Reactivation_Free_Shipping_1306,Free_Shipping,0.0,1.99,2025-07-15,2025-08-24,40,Lapsed,Social,Reactivation,Unknown,0.153,0,0,0.0,0,,0,0.0,37154.18,26.79,,0.0,Completed,False,False,False,False
1307,Retention_Percentage_Discount_1307,Percentage_Discount,7.5,13.01,2025-05-20,2025-06-05,16,Low_Value,Website_Banner,Retention,Unknown,0.108,0,0,0.0,0,,0,0.0,11144.1,27.32,,0.0,Completed,False,False,False,False
1308,Cross_Sell_Free_Shipping_1308,Free_Shipping,0.0,13.33,2024-12-27,2025-01-08,12,All_Customers,Push,Cross_Sell,Electronics,0.134,5,5,897.85,43,179.57,5,897.85,29269.48,24.83,5853.9,0.0307,Completed,False,False,False,False
1309,Reactivation_Fixed_Amount_1309,Fixed_Amount,25.96,27.18,2025-08-11,2025-08-26,15,Medium_Value,SMS,Reactivation,Beauty,0.078,0,0,0.0,0,,0,0.0,15478.09,26.72,,0.0,Completed,False,False,False,False
1310,Cross_Sell_Fixed_Amount_1310,Fixed_Amount,90.96,2.75,2025-02-18,2025-03-04,14,All_Customers,In_App,Cross_Sell,Beauty,0.11,2,2,257.96,15,128.98,2,257.96,41646.86,36.28,20823.43,0.0062,Completed,False,False,False,False
1311,Reactivation_Fixed_Amount_1311,Fixed_Amount,17.3,0.0,2025-06-19,2025-07-16,27,High_Value,Email,Reactivation,Home,0.119,0,0,0.0,0,,0,0.0,42995.79,44.09,,0.0,Completed,False,False,False,False
1312,Upsell_Percentage_Discount_1312,Percentage_Discount,42.9,0.0,2025-05-02,2025-05-09,7,Low_Value,Website_Banner,Upsell,Unknown,0.103,0,0,0.0,0,,0,0.0,49579.24,30.09,,0.0,Completed,False,False,False,False
1313,Reactivation_Free_Shipping_1313,Free_Shipping,0.0,57.03,2024-09-27,2024-10-26,29,Medium_Value,SMS,Reactivation,Home,0.17,6,6,1333.43,19,222.23833333333334,6,1333.43,48774.86,49.98,8129.14,0.0273,Completed,False,False,False,False
1314,Reactivation_BOGO_1314,BOGO,0.0,71.27,2024-12-20,2025-02-17,59,Lapsed,In_App,Reactivation,Unknown,0.2,0,0,0.0,0,,0,0.0,33555.89,46.25,,0.0,Completed,False,False,False,False
1315,Cross_Sell_Percentage_Discount_1315,Percentage_Discount,13.0,0.0,2025-08-10,2025-08-26,16,Medium_Value,In_App,Cross_Sell,Books,0.21,0,0,0.0,0,,0,0.0,42255.04,40.26,,0.0,Completed,False,False,False,False
1316,Reactivation_Free_Shipping_1316,Free_Shipping,0.0,26.48,2025-07-23,2025-08-28,36,Medium_Value,In_App,Reactivation,Beauty,0.177,0,0,0.0,0,,0,0.0,17509.01,47.9,,0.0,Completed,False,False,False,False
1317,Reactivation_BOGO_1317,BOGO,0.0,58.1,2024-08-05,2024-09-20,46,Low_Value,Social,Reactivation,Clothing,0.089,6,6,552.84,31,92.14,6,552.84,45373.12,7.75,7562.19,0.0122,Completed,False,False,False,False
1318,Upsell_Fixed_Amount_1318,Fixed_Amount,36.35,,2024-08-21,2024-09-07,17,Lapsed,Push,Upsell,Electronics,0.082,0,0,0.0,0,,0,0.0,25137.84,25.45,,0.0,Completed,False,False,False,False
1319,Cross_Sell_Percentage_Discount_1319,Percentage_Discount,20.1,39.28,2025-04-12,2025-04-22,10,All_Customers,Push,Cross_Sell,Unknown,0.091,6,6,1411.89,38,235.315,6,1411.89,8164.5,28.56,1360.75,0.1729,Completed,False,False,False,False
1320,Retention_Fixed_Amount_1320,Fixed_Amount,64.32,2.75,2025-07-06,2025-07-11,5,Low_Value,Social,Retention,Unknown,0.083,0,0,0.0,0,,0,0.0,44610.59,42.13,,0.0,Completed,False,False,False,False
1321,Reactivation_BOGO_1321,BOGO,0.0,0.0,2025-08-12,2025-09-11,30,Lapsed,Website_Banner,Reactivation,Unknown,0.051,0,0,0.0,0,,0,0.0,40660.09,23.86,,0.0,Completed,False,False,False,False
1322,Reactivation_BOGO_1322,BOGO,0.0,35.84,2025-03-17,2025-04-07,21,Low_Value,Push,Reactivation,Unknown,0.132,2,2,252.85,8,126.425,2,252.85,45155.69,36.1,22577.85,0.0056,Completed,False,False,False,False
1323,Cross_Sell_Free_Shipping_1323,Free_Shipping,0.0,55.7,2025-02-20,2025-03-08,16,Medium_Value,SMS,Cross_Sell,Beauty,0.187,2,2,362.92,32,181.46,2,362.92,43095.26,6.3,21547.63,0.0084,Completed,False,False,False,False
1324,Retention_Free_Shipping_1324,Free_Shipping,0.0,23.97,2025-01-11,2025-01-20,9,Medium_Value,SMS,Retention,Unknown,0.076,0,0,0.0,0,,0,0.0,46778.36,40.41,,0.0,Completed,False,False,False,False
1325,Reactivation_Percentage_Discount_1325,Percentage_Discount,32.1,0.0,2024-10-23,2024-12-17,55,Medium_Value,Push,Reactivation,Sports,0.195,10,10,1982.53,49,198.253,10,1982.53,47903.52,47.78,4790.35,0.0414,Completed,False,False,False,False
1326,Cross_Sell_Percentage_Discount_1326,Percentage_Discount,42.4,94.67,2024-07-07,2024-07-15,8,High_Value,Email,Cross_Sell,Unknown,0.176,2,2,994.78,9,497.39,2,994.78,35595.11,11.81,17797.56,0.0279,Completed,False,False,False,False
1327,Acquisition_Free_Shipping_1327,Free_Shipping,0.0,6.8,2025-06-02,2025-07-22,50,Lapsed,Push,Acquisition,Books,0.076,0,0,0.0,0,,0,0.0,43367.97,13.67,,0.0,Completed,False,False,False,False
1328,Cross_Sell_Free_Shipping_1328,Free_Shipping,0.0,0.0,2025-07-12,2025-07-21,9,Low_Value,Social,Cross_Sell,Unknown,0.068,0,0,0.0,0,,0,0.0,10708.2,16.97,,0.0,Completed,False,False,False,False
1329,Acquisition_BOGO_1329,BOGO,0.0,53.15,2024-10-31,2024-11-27,27,High_Value,In_App,Acquisition,Clothing,0.238,0,0,0.0,0,,0,0.0,9593.9,29.48,,0.0,Completed,False,False,False,False
1330,Upsell_Fixed_Amount_1330,Fixed_Amount,24.88,0.0,2025-04-17,2025-04-25,8,All_Customers,In_App,Upsell,Unknown,0.174,1,1,82.75,4,82.75,1,82.75,40835.87,15.66,40835.87,0.002,Completed,False,False,False,False
1331,Retention_Free_Shipping_1331,Free_Shipping,0.0,0.0,2025-03-31,2025-04-19,19,Low_Value,SMS,Retention,Home,0.249,1,1,95.19,11,95.19,1,95.19,16282.69,8.96,16282.69,0.0058,Completed,False,False,False,False
1332,Upsell_Percentage_Discount_1332,Percentage_Discount,36.7,0.0,2025-09-22,2025-09-30,8,Low_Value,Social,Upsell,Sports,0.105,0,0,0.0,0,,0,0.0,3535.44,13.12,,0.0,Completed,False,False,False,False
1333,Upsell_BOGO_1333,BOGO,0.0,87.47,2025-03-12,2025-03-31,19,High_Value,In_App,Upsell,Unknown,0.141,0,0,0.0,0,,0,0.0,28592.55,25.68,,0.0,Completed,False,False,False,False
1334,Reactivation_Free_Shipping_1334,Free_Shipping,0.0,1.88,2024-11-02,2024-12-14,42,Medium_Value,Email,Reactivation,Books,0.105,6,6,970.13,42,161.68833333333333,6,970.13,33382.11,28.35,5563.69,0.0291,Completed,False,False,False,False
1335,Acquisition_BOGO_1335,BOGO,0.0,0.0,2024-11-09,2024-10-06,34,High_Value,SMS,Acquisition,Unknown,0.221,0,0,0.0,0,,0,0.0,37612.05,44.9,,0.0,Completed,True,False,False,False
1336,Acquisition_Fixed_Amount_1336,Fixed_Amount,97.27,56.86,2025-07-18,2025-09-09,53,Lapsed,Website_Banner,Acquisition,Electronics,0.112,0,0,0.0,0,,0,0.0,27158.84,36.63,,0.0,Completed,False,False,False,False
1337,Acquisition_Free_Shipping_1337,Free_Shipping,0.0,64.24,2024-07-14,2024-09-02,50,Medium_Value,Website_Banner,Acquisition,Unknown,0.111,1,1,284.36,3,284.36,1,284.36,31740.04,17.84,31740.04,0.009,Completed,False,False,False,False
1338,Upsell_Fixed_Amount_1338,Fixed_Amount,97.58,0.0,2025-03-03,2025-03-10,7,Low_Value,Social,Upsell,Unknown,0.213,0,0,0.0,0,,0,0.0,37968.08,16.3,,0.0,Completed,False,False,False,False
1339,Upsell_Free_Shipping_1339,Free_Shipping,0.0,56.73,2024-12-23,2024-12-30,7,Lapsed,Email,Upsell,Beauty,0.201,0,0,0.0,0,,0,0.0,24676.03,32.36,,0.0,Completed,False,False,False,False
1340,Cross_Sell_Free_Shipping_1340,Free_Shipping,0.0,45.53,2024-08-19,2024-09-01,13,Medium_Value,In_App,Cross_Sell,Sports,0.195,0,0,0.0,0,,0,0.0,33123.49,29.68,,0.0,Completed,False,False,False,False
1341,Reactivation_BOGO_1341,BOGO,0.0,64.26,2025-06-02,2025-07-16,44,All_Customers,In_App,Reactivation,Unknown,0.124,2,2,182.1,15,91.05,2,182.1,43382.3,29.3,21691.15,0.0042,Completed,False,False,False,False
1342,Cross_Sell_Percentage_Discount_1342,Percentage_Discount,12.4,47.9,2025-08-20,2025-08-26,6,Medium_Value,Push,Cross_Sell,Sports,0.195,0,0,0.0,0,,0,0.0,48151.42,24.61,,0.0,Completed,False,False,False,False
1343,Acquisition_Percentage_Discount_1343,Percentage_Discount,38.0,98.34,2025-05-12,2025-05-26,14,High_Value,Email,Acquisition,Unknown,0.217,0,0,0.0,0,,0,0.0,46433.86,42.45,,0.0,Completed,False,False,False,False
1344,Retention_Percentage_Discount_1344,Percentage_Discount,22.8,28.14,2025-07-10,2025-07-31,21,Medium_Value,In_App,Retention,Books,0.068,0,0,0.0,0,,0,0.0,13014.34,44.96,,0.0,Completed,False,False,False,False
1345,Acquisition_BOGO_1345,BOGO,0.0,0.0,2024-10-04,2024-10-23,19,Lapsed,Website_Banner,Acquisition,Unknown,0.212,0,0,0.0,0,,0,0.0,9714.75,43.07,,0.0,Completed,False,False,False,False
1346,Reactivation_Fixed_Amount_1346,Fixed_Amount,66.47,79.62,2025-07-18,2025-08-09,22,All_Customers,Website_Banner,Reactivation,Sports,0.112,0,0,0.0,0,,0,0.0,10338.67,26.56,,0.0,Completed,False,False,False,False
1347,Reactivation_Free_Shipping_1347,Free_Shipping,0.0,,2025-07-15,2025-08-13,29,Lapsed,SMS,Reactivation,Unknown,0.15,0,0,0.0,0,,0,0.0,36241.87,10.65,,0.0,Completed,False,False,False,False
1348,Upsell_Fixed_Amount_1348,Fixed_Amount,15.45,10.79,2024-09-07,2024-09-18,11,New_Customer,Website_Banner,Upsell,Unknown,0.198,0,0,0.0,0,,0,0.0,12647.6,12.76,,0.0,Completed,False,False,False,False
1349,Retention_BOGO_1349,BOGO,0.0,0.0,2024-12-24,2025-01-03,10,Medium_Value,SMS,Retention,Unknown,0.212,1,1,131.81,1,131.81,1,131.81,22517.28,49.84,22517.28,0.0059,Completed,False,False,False,False
1350,Reactivation_Free_Shipping_1350,Free_Shipping,0.0,61.85,2024-07-30,2024-08-14,15,Low_Value,Website_Banner,Reactivation,Unknown,0.209,0,0,0.0,0,,0,0.0,14485.41,11.9,,0.0,Completed,False,False,False,False
1351,Retention_Free_Shipping_1351,Free_Shipping,0.0,63.61,2025-04-03,2025-04-15,12,Low_Value,Website_Banner,Retention,Clothing,0.075,0,0,0.0,0,,0,0.0,49493.03,43.14,,0.0,Completed,False,False,False,False
1352,Acquisition_Free_Shipping_1352,Free_Shipping,0.0,80.2,2025-05-01,2025-06-18,48,Lapsed,Email,Acquisition,Clothing,0.12,0,0,0.0,0,,0,0.0,21563.43,38.41,,0.0,Completed,False,False,False,False
1353,Reactivation_Free_Shipping_1353,Free_Shipping,0.0,73.43,2024-08-06,2024-10-05,60,High_Value,In_App,Reactivation,Unknown,0.052,0,0,0.0,0,,0,0.0,19036.39,8.45,,0.0,Completed,False,False,False,False
1354,Retention_BOGO_1354,BOGO,0.0,60.46,2025-08-10,2025-08-18,8,High_Value,Email,Retention,Unknown,0.064,0,0,0.0,0,,0,0.0,32911.98,22.55,,0.0,Completed,False,False,False,False
1355,Upsell_BOGO_1355,BOGO,0.0,35.18,2024-12-10,2024-12-15,5,Medium_Value,Social,Upsell,Sports,0.178,0,0,0.0,0,,0,0.0,45121.51,18.91,,0.0,Completed,False,False,False,False
1356,Cross_Sell_BOGO_1356,BOGO,0.0,22.04,2024-09-16,2024-08-28,19,New_Customer,Social,Cross_Sell,Unknown,0.21,0,0,0.0,0,,0,0.0,4300.43,31.0,,0.0,Completed,True,False,False,False
1357,Retention_Fixed_Amount_1357,Fixed_Amount,88.76,0.0,2025-03-28,2025-04-08,11,Medium_Value,Email,Retention,Sports,0.19,2,2,534.52,4,267.26,2,534.52,46656.21,17.38,23328.11,0.0115,Completed,False,False,False,False
1358,Reactivation_BOGO_1358,BOGO,0.0,60.83,2025-01-22,2025-03-02,39,Lapsed,SMS,Reactivation,Clothing,0.162,0,0,0.0,0,,0,0.0,28160.53,31.76,,0.0,Completed,False,False,False,False
1359,Cross_Sell_Free_Shipping_1359,Free_Shipping,0.0,10.59,2025-01-13,2025-01-23,10,All_Customers,In_App,Cross_Sell,Electronics,0.121,3,3,369.86,17,123.28666666666666,3,369.86,41019.9,28.2,13673.3,0.009,Completed,False,False,False,False
1360,Reactivation_Fixed_Amount_1360,Fixed_Amount,67.27,60.2,2025-04-12,2025-06-09,58,High_Value,Push,Reactivation,Unknown,0.101,8,8,3453.95,23,431.74375,8,3453.95,15811.35,16.59,1976.42,0.2184,Completed,False,False,False,False
1361,Upsell_BOGO_1361,BOGO,0.0,90.32,2024-12-23,2025-01-12,20,Low_Value,Website_Banner,Upsell,Unknown,0.075,3,3,308.42,22,102.80666666666667,3,308.42,48135.28,16.48,16045.09,0.0064,Completed,False,False,False,False
1362,Upsell_Percentage_Discount_1362,Percentage_Discount,47.2,23.37,2024-11-27,2024-12-08,11,High_Value,SMS,Upsell,Unknown,0.208,2,2,1063.44,6,531.72,2,1063.44,19628.3,27.32,9814.15,0.0542,Completed,False,False,False,False
1363,Upsell_Percentage_Discount_1363,Percentage_Discount,8.1,0.0,2025-03-22,2025-03-29,7,New_Customer,Email,Upsell,Beauty,0.208,0,0,0.0,0,,0,0.0,47295.01,22.91,,0.0,Completed,False,False,False,False
1364,Cross_Sell_BOGO_1364,BOGO,0.0,31.29,2025-02-24,2025-03-03,7,New_Customer,SMS,Cross_Sell,Unknown,0.101,1,1,127.07,2,127.07,1,127.07,4465.18,6.5,4465.18,0.0285,Completed,False,False,False,False
1365,Reactivation_BOGO_1365,BOGO,0.0,0.0,2024-08-16,2024-09-22,37,Low_Value,Email,Reactivation,Unknown,0.249,3,3,342.33,23,114.11,3,342.33,3641.1,25.27,1213.7,0.094,Completed,False,False,False,False
1366,Reactivation_BOGO_1366,BOGO,0.0,0.0,2025-06-10,2025-08-07,58,High_Value,Push,Reactivation,Sports,0.054,1,1,447.81,8,447.81,1,447.81,36052.57,40.11,36052.57,0.0124,Completed,False,False,False,False
1367,Acquisition_Percentage_Discount_1367,Percentage_Discount,12.6,0.0,2025-03-10,2025-03-31,21,High_Value,Website_Banner,Acquisition,Electronics,0.093,0,0,0.0,0,,0,0.0,38437.95,36.87,,0.0,Completed,False,False,False,False
1368,Reactivation_Free_Shipping_1368,Free_Shipping,0.0,79.11,2025-04-03,2025-05-03,30,All_Customers,Email,Reactivation,Unknown,0.156,12,12,1452.68,64,121.05666666666667,12,1452.68,18590.34,22.38,1549.2,0.0781,Completed,False,False,False,False
1369,Reactivation_Free_Shipping_1369,Free_Shipping,0.0,,2025-04-02,2025-05-11,39,Low_Value,Website_Banner,Reactivation,Unknown,0.109,3,3,239.36,5,79.78666666666666,3,239.36,41960.58,12.69,13986.86,0.0057,Completed,False,False,False,False
1370,Reactivation_Free_Shipping_1370,Free_Shipping,0.0,29.32,2024-08-17,2024-10-02,46,Medium_Value,Social,Reactivation,Unknown,0.119,5,5,907.3,44,181.46,5,907.3,35831.94,12.75,7166.39,0.0253,Completed,False,False,False,False
1371,Acquisition_Percentage_Discount_1371,Percentage_Discount,9.2,0.0,2024-12-16,2025-01-12,27,High_Value,Push,Acquisition,Clothing,0.226,3,3,1302.29,14,434.0966666666667,3,1302.29,9504.95,28.75,3168.32,0.137,Completed,False,False,False,False
1372,Reactivation_Free_Shipping_1372,Free_Shipping,0.0,63.57,2025-03-04,2025-04-17,44,New_Customer,SMS,Reactivation,Beauty,0.184,7,6,1257.14,24,179.59142857142857,7,1257.14,47817.61,11.58,7969.6,0.0263,Completed,False,False,False,False
1373,Acquisition_BOGO_1373,BOGO,0.0,0.0,2025-03-08,2025-05-05,58,New_Customer,Email,Acquisition,Unknown,0.155,9,8,1365.63,55,151.73666666666668,9,1365.63,1825.38,24.48,228.17,0.7481,Completed,False,False,False,False
1374,Cross_Sell_Percentage_Discount_1374,Percentage_Discount,48.0,0.0,2024-12-07,2024-12-14,7,All_Customers,Website_Banner,Cross_Sell,Home,0.147,1,1,142.71,1,142.71,1,142.71,22455.53,35.33,22455.53,0.0064,Completed,False,False,False,False
1375,Upsell_Free_Shipping_1375,Free_Shipping,0.0,17.85,2025-08-26,2025-09-03,8,New_Customer,Website_Banner,Upsell,Books,0.207,0,0,0.0,0,,0,0.0,16375.69,20.48,,0.0,Completed,False,False,False,False
1376,Acquisition_Fixed_Amount_1376,Fixed_Amount,15.18,28.01,2024-08-29,2024-09-16,18,New_Customer,Push,Acquisition,Unknown,0.227,6,6,712.57,26,118.76166666666667,6,712.57,19542.93,11.08,3257.16,0.0365,Completed,False,False,False,False
1377,Upsell_Percentage_Discount_1377,Percentage_Discount,14.7,97.66,2025-05-14,2025-05-20,6,Low_Value,Push,Upsell,Electronics,0.072,2,2,203.46,5,101.73,2,203.46,12616.54,26.55,6308.27,0.0161,Completed,False,False,False,False
1378,Reactivation_Free_Shipping_1378,Free_Shipping,0.0,0.0,2025-03-23,2025-05-13,51,Low_Value,Email,Reactivation,Unknown,0.099,2,2,200.39,21,100.195,2,200.39,23030.97,23.2,11515.49,0.0087,Completed,False,False,False,False
1379,Cross_Sell_BOGO_1379,BOGO,0.0,8.27,2025-08-27,2025-09-11,15,Lapsed,Website_Banner,Cross_Sell,Sports,0.117,0,0,0.0,0,,0,0.0,11413.27,9.95,,0.0,Completed,False,False,False,False
1380,Retention_Free_Shipping_1380,Free_Shipping,0.0,90.94,2025-02-17,2025-02-27,10,Lapsed,Website_Banner,Retention,Unknown,0.231,0,0,0.0,0,,0,0.0,47975.79,47.82,,0.0,Completed,False,False,False,False
1381,Retention_Fixed_Amount_1381,Fixed_Amount,37.63,52.36,2025-03-27,2025-04-07,11,All_Customers,In_App,Retention,Unknown,0.194,1,1,185.37,7,185.37,1,185.37,14727.81,18.5,14727.81,0.0126,Completed,False,False,False,False
1382,Reactivation_BOGO_1382,BOGO,0.0,0.0,2024-09-03,2024-11-01,59,High_Value,Email,Reactivation,Books,0.248,5,5,2440.64,26,488.128,5,2440.64,4335.81,25.03,867.16,0.5629,Completed,False,False,False,False
1383,Retention_Fixed_Amount_1383,Fixed_Amount,17.33,0.0,2025-01-01,2025-01-04,3,New_Customer,Website_Banner,Retention,Books,0.161,0,0,0.0,0,,0,0.0,36946.56,42.7,,0.0,Completed,False,False,False,False
1384,Reactivation_BOGO_1384,BOGO,0.0,75.53,2024-07-24,2024-08-15,22,New_Customer,Push,Reactivation,Unknown,0.105,2,2,287.94,21,143.97,2,287.94,24282.91,9.18,12141.46,0.0119,Completed,False,False,False,False
1385,Acquisition_Free_Shipping_1385,Free_Shipping,0.0,29.62,2024-08-22,2024-09-29,38,Lapsed,Email,Acquisition,Beauty,0.17,0,0,0.0,0,,0,0.0,19053.85,49.37,,0.0,Completed,False,False,False,False
1386,Reactivation_BOGO_1386,BOGO,,28.66,2024-12-18,2025-01-12,25,High_Value,Social,Reactivation,Unknown,0.055,2,2,1170.73,11,585.365,2,1170.73,28398.66,15.39,14199.33,0.0412,Completed,False,True,False,False
1387,Retention_Fixed_Amount_1387,Fixed_Amount,39.5,0.0,2025-02-18,2025-03-03,13,New_Customer,SMS,Retention,Unknown,0.23,1,1,95.06,8,95.06,1,95.06,12587.88,44.69,12587.88,0.0076,Completed,False,False,False,False
1388,Retention_Fixed_Amount_1388,Fixed_Amount,97.08,0.0,2025-02-28,2025-03-21,21,All_Customers,Website_Banner,Retention,Unknown,0.219,2,2,806.03,7,403.015,2,806.03,34809.36,29.52,17404.68,0.0232,Completed,False,False,False,False
1389,Cross_Sell_Percentage_Discount_1389,Percentage_Discount,10.0,4.12,2025-02-18,2025-03-10,20,High_Value,SMS,Cross_Sell,Unknown,0.059,1,1,725.14,4,725.14,1,725.14,38851.36,29.59,38851.36,0.0187,Completed,False,False,False,False
1390,Acquisition_Free_Shipping_1390,Free_Shipping,0.0,13.7,2025-04-08,2025-05-20,42,Medium_Value,Email,Acquisition,Electronics,0.229,6,6,1342.31,25,223.71833333333333,6,1342.31,17539.02,34.75,2923.17,0.0765,Completed,False,False,False,False
1391,Acquisition_BOGO_1391,BOGO,0.0,43.37,2025-03-17,2025-05-12,56,New_Customer,Website_Banner,Acquisition,Beauty,0.222,3,3,337.98,28,112.66,3,337.98,10399.56,42.39,3466.52,0.0325,Completed,False,False,False,False
1392,Upsell_Percentage_Discount_1392,Percentage_Discount,20.7,36.0,2025-05-05,2025-05-13,8,Medium_Value,Social,Upsell,Unknown,0.196,0,0,0.0,0,,0,0.0,44845.51,42.54,,0.0,Completed,False,False,False,False
1393,Cross_Sell_Percentage_Discount_1393,Percentage_Discount,45.3,86.48,2025-09-17,2025-09-24,7,All_Customers,SMS,Cross_Sell,Unknown,0.173,0,0,0.0,0,,0,0.0,35152.46,41.88,,0.0,Completed,False,False,False,False
1394,Cross_Sell_BOGO_1394,BOGO,0.0,31.13,2025-04-05,2025-04-18,13,Lapsed,In_App,Cross_Sell,Unknown,0.105,0,0,0.0,0,,0,0.0,30915.14,46.03,,0.0,Completed,False,False,False,False
1395,Cross_Sell_Free_Shipping_1395,Free_Shipping,0.0,85.84,2025-06-28,2025-07-17,19,Low_Value,SMS,Cross_Sell,Sports,0.182,0,0,0.0,0,,0,0.0,41344.61,28.04,,0.0,Completed,False,False,False,False
1396,Reactivation_Percentage_Discount_1396,Percentage_Discount,27.5,94.77,2025-01-09,2025-02-11,33,New_Customer,Website_Banner,Reactivation,Unknown,0.141,5,5,509.87,21,101.974,5,509.87,20771.31,28.93,4154.26,0.0245,Completed,False,False,False,False
1397,Acquisition_Percentage_Discount_1397,Percentage_Discount,17.2,,2024-11-19,2025-01-16,58,All_Customers,SMS,Acquisition,Home,0.116,22,21,4358.58,96,198.11727272727273,22,4358.58,18533.0,10.1,882.52,0.2352,Completed,False,False,False,False
1398,Cross_Sell_Free_Shipping_1398,Free_Shipping,0.0,91.8,2025-01-05,2025-01-21,16,High_Value,Push,Cross_Sell,Clothing,0.2,1,1,618.73,7,618.73,1,618.73,20580.15,44.2,20580.15,0.0301,Completed,False,False,False,False
1399,Retention_Fixed_Amount_1399,Fixed_Amount,18.77,0.0,2024-12-09,2024-12-25,16,Low_Value,Push,Retention,Beauty,0.177,1,1,101.43,1,101.43,1,101.43,33974.84,36.96,33974.84,0.003,Completed,False,False,False,False
1400,Retention_Fixed_Amount_1400,Fixed_Amount,29.15,0.0,2025-03-17,2025-03-24,7,Medium_Value,Social,Retention,Unknown,0.164,1,1,107.09,5,107.09,1,107.09,10156.06,15.28,10156.06,0.0105,Completed,False,False,False,False
1401,Acquisition_Percentage_Discount_1401,Percentage_Discount,13.2,9.52,2025-04-22,2025-06-18,57,High_Value,Email,Acquisition,Clothing,0.209,4,4,1840.08,21,460.02,4,1840.08,36002.62,20.35,9000.66,0.0511,Completed,False,False,False,False
1402,Cross_Sell_Percentage_Discount_1402,Percentage_Discount,13.6,27.98,2025-02-19,2025-02-27,8,High_Value,Push,Cross_Sell,Beauty,0.21,0,0,0.0,0,,0,0.0,30763.14,20.74,,0.0,Completed,False,False,False,False
1403,Reactivation_BOGO_1403,BOGO,0.0,35.93,2025-07-10,2025-08-16,37,All_Customers,Website_Banner,Reactivation,Clothing,0.093,0,0,0.0,0,,0,0.0,42634.32,29.71,,0.0,Completed,False,False,False,False
1404,Reactivation_Percentage_Discount_1404,Percentage_Discount,14.7,18.39,2024-07-23,2024-09-03,42,Lapsed,Social,Reactivation,Unknown,0.214,0,0,0.0,0,,0,0.0,9433.22,20.55,,0.0,Completed,False,False,False,False
1405,Acquisition_Percentage_Discount_1405,Percentage_Discount,48.1,87.57,2025-01-06,2025-02-09,34,Lapsed,SMS,Acquisition,Electronics,0.095,0,0,0.0,0,,0,0.0,13386.67,39.81,,0.0,Completed,False,False,False,False
1406,Retention_Fixed_Amount_1406,Fixed_Amount,76.91,0.0,2025-02-17,2025-02-21,4,High_Value,SMS,Retention,Beauty,0.11,0,0,0.0,0,,0,0.0,12948.63,33.79,,0.0,Completed,False,False,False,False
1407,Upsell_Free_Shipping_1407,Free_Shipping,0.0,0.0,2024-11-05,2024-11-25,20,All_Customers,Social,Upsell,Unknown,0.197,11,11,2038.16,39,185.28727272727272,11,2038.16,1184.63,22.72,107.69,1.7205,Completed,False,False,False,False
1408,Retention_BOGO_1408,BOGO,0.0,35.95,2025-02-28,2025-03-15,15,Low_Value,Website_Banner,Retention,Unknown,0.215,0,0,0.0,0,,0,0.0,22566.43,6.05,,0.0,Completed,False,False,False,False
1409,Acquisition_Percentage_Discount_1409,Percentage_Discount,,0.0,2025-07-30,2025-09-19,51,Medium_Value,SMS,Acquisition,Unknown,0.088,0,0,0.0,0,,0,0.0,24687.19,32.73,,0.0,Completed,False,True,False,False
1410,Reactivation_Percentage_Discount_1410,Percentage_Discount,33.2,17.33,2025-01-02,2025-02-24,53,New_Customer,Website_Banner,Reactivation,Home,0.098,1,1,223.32,3,223.32,1,223.32,2378.14,46.37,2378.14,0.0939,Completed,False,False,False,False
1411,Reactivation_Percentage_Discount_1411,Percentage_Discount,33.2,17.18,2025-05-08,2025-06-21,44,Low_Value,Social,Reactivation,Unknown,0.08,7,7,587.84,41,83.97714285714285,7,587.84,2693.55,27.77,384.79,0.2182,Completed,False,False,False,False
1412,Reactivation_Percentage_Discount_1412,Percentage_Discount,33.8,92.85,2025-02-15,2025-04-07,51,Low_Value,SMS,Reactivation,Unknown,0.11,4,4,486.59,26,121.6475,4,486.59,32656.55,27.79,8164.14,0.0149,Completed,False,False,False,False
1413,Upsell_Fixed_Amount_1413,Fixed_Amount,7.19,73.46,2024-12-24,2025-01-06,13,Medium_Value,Email,Upsell,Unknown,0.16,0,0,0.0,0,,0,0.0,21157.72,15.72,,0.0,Completed,False,False,False,False
1414,Cross_Sell_Percentage_Discount_1414,Percentage_Discount,27.2,89.48,2025-04-17,2025-04-04,13,New_Customer,SMS,Cross_Sell,Beauty,0.11,0,0,0.0,0,,0,0.0,22454.66,9.25,,0.0,Completed,True,False,False,False
1415,Reactivation_Fixed_Amount_1415,Fixed_Amount,43.09,48.09,2025-01-25,2025-03-10,44,High_Value,In_App,Reactivation,Beauty,0.186,0,0,0.0,0,,0,0.0,31647.19,33.11,,0.0,Completed,False,False,False,False
1416,Reactivation_Free_Shipping_1416,Free_Shipping,0.0,,2024-10-12,2024-11-04,23,Medium_Value,Push,Reactivation,Unknown,0.074,3,2,587.24,21,195.74666666666667,3,587.24,28405.99,43.6,14203.0,0.0207,Completed,False,False,False,False
1417,Retention_Fixed_Amount_1417,Fixed_Amount,70.44,56.79,2025-08-15,2025-08-21,6,New_Customer,Social,Retention,Unknown,0.124,0,0,0.0,0,,0,0.0,37150.52,35.24,,0.0,Completed,False,False,False,False
1418,Cross_Sell_BOGO_1418,BOGO,0.0,24.97,2025-06-06,2025-06-13,7,High_Value,Push,Cross_Sell,Unknown,0.093,0,0,0.0,0,,0,0.0,11775.81,7.49,,0.0,Completed,False,False,False,False
1419,Retention_Fixed_Amount_1419,Fixed_Amount,59.06,0.0,2025-07-02,2025-07-10,8,New_Customer,SMS,Retention,Unknown,0.111,1,1,152.76,7,152.76,1,152.76,49603.15,28.75,49603.15,0.0031,Completed,False,False,False,False
1420,Cross_Sell_Percentage_Discount_1420,Percentage_Discount,23.4,0.0,2024-09-17,2024-10-01,14,New_Customer,Push,Cross_Sell,Unknown,0.213,3,3,389.37,23,129.79,3,389.37,19069.84,45.1,6356.61,0.0204,Completed,False,False,False,False
1421,Acquisition_Percentage_Discount_1421,Percentage_Discount,42.7,85.87,2024-07-07,2024-08-25,49,New_Customer,SMS,Acquisition,Books,0.158,9,9,1425.24,47,158.36,9,1425.24,38476.29,46.56,4275.14,0.037,Completed,False,False,False,False
1422,Cross_Sell_Free_Shipping_1422,Free_Shipping,0.0,80.23,2025-01-04,2025-01-20,16,Low_Value,Social,Cross_Sell,Unknown,0.222,7,7,602.56,57,86.08,7,602.56,19772.75,45.86,2824.68,0.0305,Completed,False,False,False,False
1423,Retention_Fixed_Amount_1423,Fixed_Amount,45.81,14.27,2025-06-12,2025-06-24,12,Low_Value,Social,Retention,Beauty,0.102,2,2,196.3,14,98.15,2,196.3,10869.53,24.66,5434.77,0.0181,Completed,False,False,False,False
1424,Reactivation_BOGO_1424,BOGO,0.0,0.0,2025-08-02,2025-09-24,53,High_Value,In_App,Reactivation,Unknown,0.139,0,0,0.0,0,,0,0.0,16305.05,32.54,,0.0,Completed,False,False,False,False
1425,Retention_Percentage_Discount_1425,Percentage_Discount,42.8,0.0,2025-01-17,2025-01-24,7,Low_Value,In_App,Retention,Electronics,0.128,0,0,0.0,0,,0,0.0,10575.35,14.83,,0.0,Completed,False,False,False,False
1426,Reactivation_BOGO_1426,BOGO,0.0,72.95,2024-11-28,2024-12-23,25,Medium_Value,Email,Reactivation,Unknown,0.225,3,3,434.7,8,144.9,3,434.7,45698.28,15.88,15232.76,0.0095,Completed,False,False,False,False
1427,Reactivation_Fixed_Amount_1427,Fixed_Amount,14.62,11.08,2024-07-07,2024-09-03,58,Low_Value,Social,Reactivation,Unknown,0.109,12,12,1259.67,57,104.9725,12,1259.67,32482.59,13.66,2706.88,0.0388,Completed,False,False,False,False
1428,Cross_Sell_Percentage_Discount_1428,Percentage_Discount,46.0,48.42,2024-10-29,2024-11-03,5,Low_Value,Social,Cross_Sell,Electronics,0.182,0,0,0.0,0,,0,0.0,36107.29,31.17,,0.0,Completed,False,False,False,False
1429,Acquisition_Free_Shipping_1429,Free_Shipping,,0.0,2025-06-17,2025-07-01,14,Medium_Value,Website_Banner,Acquisition,Books,0.078,0,0,0.0,0,,0,0.0,40834.03,16.36,,0.0,Completed,False,True,False,False
1430,Acquisition_Fixed_Amount_1430,Fixed_Amount,84.72,98.79,2024-12-24,2025-02-19,57,High_Value,Email,Acquisition,Unknown,0.087,4,4,1818.79,34,454.6975,4,1818.79,26268.54,20.38,6567.14,0.0692,Completed,False,False,False,False
1431,Reactivation_Fixed_Amount_1431,Fixed_Amount,29.32,99.99,2024-08-28,2024-10-13,46,Lapsed,Social,Reactivation,Unknown,0.125,0,0,0.0,0,,0,0.0,26479.13,31.79,,0.0,Completed,False,False,False,False
1432,Cross_Sell_Free_Shipping_1432,Free_Shipping,0.0,19.25,2025-02-17,2025-02-28,11,Low_Value,Push,Cross_Sell,Unknown,0.248,1,1,103.58,4,103.58,1,103.58,34436.13,9.16,34436.13,0.003,Completed,False,False,False,False
1433,Upsell_Fixed_Amount_1433,Fixed_Amount,94.7,46.96,2024-11-13,2024-11-22,9,All_Customers,Email,Upsell,Unknown,0.209,3,3,182.24,32,60.74666666666667,3,182.24,40551.44,38.24,13517.15,0.0045,Completed,False,False,False,False
1434,Reactivation_Fixed_Amount_1434,Fixed_Amount,7.57,1.55,2025-05-09,2025-05-26,17,All_Customers,In_App,Reactivation,Unknown,0.132,2,2,145.56,6,72.78,2,145.56,29777.56,20.05,14888.78,0.0049,Completed,False,False,False,False
1435,Acquisition_Free_Shipping_1435,Free_Shipping,0.0,60.82,2025-05-09,2025-05-28,19,Lapsed,Email,Acquisition,Unknown,0.21,0,0,0.0,0,,0,0.0,14804.29,45.64,,0.0,Completed,False,False,False,False
1436,Acquisition_Percentage_Discount_1436,Percentage_Discount,28.5,50.82,2025-04-25,2025-06-22,58,Medium_Value,Social,Acquisition,Unknown,0.123,3,3,553.28,30,184.42666666666668,3,553.28,10230.18,7.01,3410.06,0.0541,Completed,False,False,False,False
1437,Retention_Percentage_Discount_1437,Percentage_Discount,30.6,,2025-05-11,2025-05-28,17,Medium_Value,Push,Retention,Beauty,0.168,2,2,340.39,8,170.195,2,340.39,45172.18,17.11,22586.09,0.0075,Completed,False,False,False,False
1438,Cross_Sell_Free_Shipping_1438,Free_Shipping,0.0,14.87,2024-12-17,2025-01-05,19,All_Customers,Social,Cross_Sell,Unknown,0.228,16,16,2878.53,96,179.908125,16,2878.53,9422.19,38.57,588.89,0.3055,Completed,False,False,False,False
1439,Reactivation_Fixed_Amount_1439,Fixed_Amount,21.82,0.0,2024-10-05,2024-11-16,42,High_Value,Email,Reactivation,Unknown,0.058,2,2,862.74,11,431.37,2,862.74,44431.75,13.71,22215.88,0.0194,Completed,False,False,False,False
1440,Reactivation_BOGO_1440,BOGO,0.0,,2025-01-13,2025-03-01,47,New_Customer,Email,Reactivation,Home,0.145,10,10,1394.0,55,139.4,10,1394.0,36455.12,29.85,3645.51,0.0382,Completed,False,False,False,False
1441,Acquisition_Fixed_Amount_1441,Fixed_Amount,11.6,96.32,2025-08-14,2025-09-29,46,Medium_Value,Push,Acquisition,Unknown,0.166,0,0,0.0,0,,0,0.0,1385.2,19.4,,0.0,Completed,False,False,False,False
1442,Acquisition_BOGO_1442,BOGO,0.0,0.0,2024-12-06,2025-01-01,26,Low_Value,SMS,Acquisition,Electronics,0.079,5,5,453.41,28,90.682,5,453.41,24886.01,12.44,4977.2,0.0182,Completed,False,False,False,False
1443,Cross_Sell_BOGO_1443,BOGO,0.0,41.55,2024-07-25,2024-08-04,10,Low_Value,Website_Banner,Cross_Sell,Unknown,0.104,0,0,0.0,0,,0,0.0,38118.21,28.8,,0.0,Completed,False,False,False,False
1444,Retention_Percentage_Discount_1444,Percentage_Discount,6.3,77.8,2024-09-23,2024-10-01,8,Low_Value,SMS,Retention,Unknown,0.113,1,1,37.68,3,37.68,1,37.68,42692.65,7.81,42692.65,0.0009,Completed,False,False,False,False
1445,Reactivation_Free_Shipping_1445,Free_Shipping,0.0,0.0,2025-02-04,2025-04-04,59,Medium_Value,Push,Reactivation,Sports,0.121,6,6,1189.64,34,198.27333333333334,6,1189.64,22057.91,40.54,3676.32,0.0539,Completed,False,False,False,False
1446,Cross_Sell_BOGO_1446,BOGO,0.0,0.0,2025-01-17,2025-01-24,7,New_Customer,Website_Banner,Cross_Sell,Unknown,0.234,0,0,0.0,0,,0,0.0,31400.41,49.69,,0.0,Completed,False,False,False,False
1447,Upsell_BOGO_1447,BOGO,0.0,0.0,2025-09-04,2025-09-09,5,High_Value,In_App,Upsell,Unknown,0.225,0,0,0.0,0,,0,0.0,15439.96,27.67,,0.0,Completed,False,False,False,False
1448,Reactivation_Free_Shipping_1448,Free_Shipping,0.0,57.87,2025-06-03,2025-07-24,51,Low_Value,Website_Banner,Reactivation,Unknown,0.065,1,1,124.72,3,124.72,1,124.72,46452.56,12.11,46452.56,0.0027,Completed,False,False,False,False
1449,Retention_Free_Shipping_1449,Free_Shipping,0.0,6.14,2024-10-25,2024-11-02,8,New_Customer,Social,Retention,Clothing,0.136,0,0,0.0,0,,0,0.0,17945.72,26.65,,0.0,Completed,False,False,False,False
1450,Cross_Sell_Free_Shipping_1450,Free_Shipping,0.0,18.66,2024-12-06,2024-12-14,8,Low_Value,In_App,Cross_Sell,Electronics,0.062,1,1,76.06,3,76.06,1,76.06,45014.64,14.84,45014.64,0.0017,Completed,False,False,False,False
1451,Acquisition_BOGO_1451,BOGO,0.0,72.36,2024-09-26,2024-10-29,33,Lapsed,Push,Acquisition,Clothing,0.056,0,0,0.0,0,,0,0.0,14114.35,36.86,,0.0,Completed,False,False,False,False
1452,Retention_Fixed_Amount_1452,Fixed_Amount,79.83,32.07,2025-03-28,2025-03-16,12,High_Value,Social,Retention,Unknown,0.172,0,0,0.0,0,,0,0.0,48255.71,8.27,,0.0,Completed,True,False,False,False
1453,Acquisition_Free_Shipping_1453,Free_Shipping,0.0,0.0,2025-05-18,2025-06-07,20,New_Customer,Push,Acquisition,Unknown,0.073,0,0,0.0,5,,0,0.0,34846.29,16.19,,0.0,Completed,False,False,False,False
1454,Acquisition_Percentage_Discount_1454,Percentage_Discount,26.9,0.0,2025-02-23,2025-03-19,24,High_Value,Push,Acquisition,Unknown,0.238,0,0,0.0,0,,0,0.0,17445.17,24.91,,0.0,Completed,False,False,False,False
1455,Upsell_BOGO_1455,BOGO,0.0,84.14,2024-11-29,2024-12-15,16,Medium_Value,In_App,Upsell,Unknown,0.226,0,0,0.0,0,,0,0.0,18668.43,33.01,,0.0,Completed,False,False,False,False
1456,Acquisition_Fixed_Amount_1456,Fixed_Amount,28.64,70.3,2025-01-07,2025-02-16,40,All_Customers,In_App,Acquisition,Unknown,0.057,7,7,1550.64,48,221.52,7,1550.64,46882.47,7.11,6697.5,0.0331,Completed,False,False,False,False
1457,Retention_BOGO_1457,BOGO,0.0,0.0,2025-08-23,2025-09-02,10,New_Customer,Website_Banner,Retention,Clothing,0.087,0,0,0.0,0,,0,0.0,15131.35,11.27,,0.0,Completed,False,False,False,False
1458,Retention_BOGO_1458,BOGO,0.0,0.0,2025-09-15,2025-09-20,5,All_Customers,Email,Retention,Unknown,0.155,0,0,0.0,0,,0,0.0,49143.27,36.21,,0.0,Completed,False,False,False,False
1459,Acquisition_BOGO_1459,BOGO,0.0,30.46,2025-01-11,2025-03-09,57,Medium_Value,Email,Acquisition,Unknown,0.173,4,4,773.39,22,193.3475,4,773.39,9285.27,49.32,2321.32,0.0833,Completed,False,False,False,False
1460,Cross_Sell_BOGO_1460,BOGO,0.0,92.05,2025-03-13,2025-03-25,12,High_Value,Social,Cross_Sell,Clothing,0.104,1,1,642.58,1,642.58,1,642.58,4245.8,12.13,4245.8,0.1513,Completed,False,False,False,False
1461,Reactivation_Fixed_Amount_1461,Fixed_Amount,47.15,26.09,2025-06-03,2025-07-14,41,Low_Value,SMS,Reactivation,Clothing,0.243,3,2,204.05,14,68.01666666666667,3,204.05,8205.75,13.4,4102.88,0.0249,Completed,False,False,False,False
1462,Acquisition_Fixed_Amount_1462,Fixed_Amount,47.56,47.3,2025-05-18,2025-07-16,59,Low_Value,Push,Acquisition,Sports,0.248,5,5,486.35,20,97.27,5,486.35,17159.31,39.68,3431.86,0.0283,Completed,False,False,False,False
1463,Cross_Sell_BOGO_1463,BOGO,0.0,0.0,2025-08-04,2025-08-08,4,New_Customer,Website_Banner,Cross_Sell,Beauty,0.061,0,0,0.0,0,,0,0.0,20727.81,43.43,,0.0,Completed,False,False,False,False
1464,Retention_Fixed_Amount_1464,Fixed_Amount,93.18,0.0,2025-01-05,2025-01-24,19,New_Customer,Email,Retention,Unknown,0.197,3,3,369.62,17,123.20666666666666,3,369.62,15649.05,31.45,5216.35,0.0236,Completed,False,False,False,False
1465,Reactivation_BOGO_1465,BOGO,0.0,44.37,2025-01-06,2025-02-01,26,Medium_Value,In_App,Reactivation,Unknown,0.226,4,4,681.02,14,170.255,4,681.02,46040.08,20.89,11510.02,0.0148,Completed,False,False,False,False
1466,Retention_Fixed_Amount_1466,Fixed_Amount,90.53,82.69,2025-01-16,2025-01-26,10,Lapsed,Push,Retention,Unknown,0.117,0,0,0.0,0,,0,0.0,10144.29,24.15,,0.0,Completed,False,False,False,False
1467,Cross_Sell_Fixed_Amount_1467,Fixed_Amount,18.88,63.69,2024-11-23,2024-12-03,10,Low_Value,In_App,Cross_Sell,Clothing,0.096,0,0,0.0,0,,0,0.0,28664.42,30.64,,0.0,Completed,False,False,False,False
1468,Retention_Free_Shipping_1468,Free_Shipping,0.0,48.67,2025-03-11,2025-03-29,18,Low_Value,Email,Retention,Unknown,0.104,1,1,112.16,4,112.16,1,112.16,7788.51,33.6,7788.51,0.0144,Completed,False,False,False,False
1469,Cross_Sell_Fixed_Amount_1469,Fixed_Amount,27.56,51.27,2025-05-24,2025-06-08,15,All_Customers,SMS,Cross_Sell,Unknown,0.211,6,6,932.4,46,155.4,6,932.4,47199.12,33.25,7866.52,0.0198,Completed,False,False,False,False
1470,Reactivation_Percentage_Discount_1470,Percentage_Discount,23.1,0.0,2025-07-20,2025-08-07,18,Lapsed,SMS,Reactivation,Unknown,0.182,0,0,0.0,0,,0,0.0,4220.42,43.21,,0.0,Completed,False,False,False,False
1471,Acquisition_BOGO_1471,BOGO,0.0,,2024-10-12,2024-11-24,43,Lapsed,Push,Acquisition,Unknown,0.169,0,0,0.0,0,,0,0.0,43803.71,23.7,,0.0,Completed,False,False,False,False
1472,Reactivation_Percentage_Discount_1472,Percentage_Discount,22.8,,2025-05-06,2025-05-30,24,Lapsed,SMS,Reactivation,Unknown,0.184,0,0,0.0,0,,0,0.0,1615.46,5.7,,0.0,Completed,False,False,False,False
1473,Retention_BOGO_1473,BOGO,0.0,3.38,2024-07-22,2024-08-06,15,All_Customers,Email,Retention,Unknown,0.178,5,5,1134.69,35,226.938,5,1134.69,6761.33,27.75,1352.27,0.1678,Completed,False,False,False,False
1474,Upsell_BOGO_1474,BOGO,0.0,5.4,2025-07-31,2025-08-21,21,High_Value,Social,Upsell,Unknown,0.144,0,0,0.0,0,,0,0.0,43188.05,8.43,,0.0,Completed,False,False,False,False
1475,Acquisition_Fixed_Amount_1475,Fixed_Amount,85.48,0.0,2025-01-27,2025-03-09,41,High_Value,In_App,Acquisition,Unknown,0.157,1,1,687.02,6,687.02,1,687.02,36533.77,6.13,36533.77,0.0188,Completed,False,False,False,False
1476,Upsell_Fixed_Amount_1476,Fixed_Amount,29.91,41.24,2024-09-21,2024-10-07,16,Low_Value,Social,Upsell,Unknown,0.137,1,1,76.72,28,76.72,1,76.72,4906.43,28.65,4906.43,0.0156,Completed,False,False,False,False
1477,Acquisition_Fixed_Amount_1477,Fixed_Amount,64.19,59.5,2025-03-18,2025-04-09,22,High_Value,In_App,Acquisition,Unknown,0.149,1,1,268.91,2,268.91,1,268.91,1712.57,11.67,1712.57,0.157,Completed,False,False,False,False
1478,Cross_Sell_Free_Shipping_1478,Free_Shipping,0.0,98.31,2025-03-16,2025-03-21,5,Low_Value,Website_Banner,Cross_Sell,Books,0.183,0,0,0.0,0,,0,0.0,34178.61,49.39,,0.0,Completed,False,False,False,False
1479,Upsell_Percentage_Discount_1479,Percentage_Discount,31.0,0.0,2024-09-04,2024-09-18,14,Low_Value,Social,Upsell,Beauty,0.107,2,2,95.83,28,47.915,2,95.83,17197.03,7.07,8598.52,0.0056,Completed,False,False,False,False
1480,Acquisition_Percentage_Discount_1480,Percentage_Discount,42.1,99.51,2025-08-16,2025-09-02,17,All_Customers,Email,Acquisition,Sports,0.103,0,0,0.0,0,,0,0.0,10192.83,49.34,,0.0,Completed,False,False,False,False
1481,Upsell_Fixed_Amount_1481,Fixed_Amount,9.75,83.32,2025-05-17,2025-06-05,19,High_Value,In_App,Upsell,Home,0.232,0,0,0.0,0,,0,0.0,28194.43,22.94,,0.0,Completed,False,False,False,False
1482,Upsell_Percentage_Discount_1482,Percentage_Discount,9.7,,2025-01-30,2025-02-20,21,Medium_Value,In_App,Upsell,Home,0.113,0,0,0.0,0,,0,0.0,40851.46,15.45,,0.0,Completed,False,False,False,False
1483,Retention_BOGO_1483,BOGO,0.0,0.0,2024-09-27,2024-10-02,5,New_Customer,Social,Retention,Unknown,0.081,0,0,0.0,0,,0,0.0,11043.7,48.75,,0.0,Completed,False,False,False,False
1484,Retention_Free_Shipping_1484,Free_Shipping,0.0,0.0,2025-03-20,2025-03-27,7,Lapsed,SMS,Retention,Unknown,0.108,0,0,0.0,0,,0,0.0,11544.32,29.9,,0.0,Completed,False,False,False,False
1485,Upsell_Percentage_Discount_1485,Percentage_Discount,9.8,41.03,2024-08-29,2024-09-03,5,Medium_Value,Website_Banner,Upsell,Unknown,0.1,0,0,0.0,0,,0,0.0,20731.1,5.8,,0.0,Completed,False,False,False,False
1486,Acquisition_Fixed_Amount_1486,Fixed_Amount,94.24,26.63,2024-10-31,2024-12-05,35,High_Value,Social,Acquisition,Books,0.237,4,4,1764.69,17,441.1725,4,1764.69,13523.84,13.01,3380.96,0.1305,Completed,False,False,False,False
1487,Reactivation_Percentage_Discount_1487,Percentage_Discount,38.0,35.24,2025-01-16,2025-02-11,26,Medium_Value,In_App,Reactivation,Unknown,0.073,0,0,0.0,0,,0,0.0,8815.58,15.26,,0.0,Completed,False,False,False,False
1488,Retention_Fixed_Amount_1488,Fixed_Amount,16.57,0.0,2025-02-08,2025-02-22,14,All_Customers,In_App,Retention,Sports,0.115,4,4,1192.01,18,298.0025,4,1192.01,34895.46,22.49,8723.87,0.0342,Completed,False,False,False,False
1489,Acquisition_Percentage_Discount_1489,Percentage_Discount,39.0,0.0,2024-09-19,2024-11-03,45,Lapsed,Push,Acquisition,Home,0.099,0,0,0.0,0,,0,0.0,14677.99,35.21,,0.0,Completed,False,False,False,False
1490,Cross_Sell_BOGO_1490,BOGO,0.0,91.97,2025-06-05,2025-06-18,13,Medium_Value,Email,Cross_Sell,Books,0.199,1,1,101.99,8,101.99,1,101.99,45112.99,40.28,45112.99,0.0023,Completed,False,False,False,False
1491,Cross_Sell_Percentage_Discount_1491,Percentage_Discount,36.5,92.85,2025-04-02,2025-04-19,17,Lapsed,Social,Cross_Sell,Electronics,0.097,0,0,0.0,0,,0,0.0,47341.11,22.12,,0.0,Completed,False,False,False,False
1492,Upsell_Fixed_Amount_1492,Fixed_Amount,12.17,0.0,2024-12-08,2024-12-21,13,Low_Value,Social,Upsell,Beauty,0.084,1,1,130.72,5,130.72,1,130.72,18823.07,11.85,18823.07,0.0069,Completed,False,False,False,False
1493,Upsell_BOGO_1493,BOGO,0.0,28.66,2025-03-16,2025-04-01,16,Low_Value,In_App,Upsell,Unknown,0.233,0,0,0.0,0,,0,0.0,6643.1,29.9,,0.0,Completed,False,False,False,False
1494,Acquisition_Free_Shipping_1494,Free_Shipping,0.0,94.43,2025-01-26,2025-03-17,50,Medium_Value,In_App,Acquisition,Home,0.195,1,1,122.29,11,122.29,1,122.29,40149.2,26.86,40149.2,0.003,Completed,False,False,False,False
1495,Upsell_Free_Shipping_1495,Free_Shipping,0.0,0.0,2025-08-10,2025-08-31,21,High_Value,Email,Upsell,Unknown,0.099,0,0,0.0,0,,0,0.0,49082.88,40.69,,0.0,Completed,False,False,False,False
1496,Retention_Percentage_Discount_1496,Percentage_Discount,47.9,66.49,2025-01-01,2025-01-04,3,Medium_Value,In_App,Retention,Unknown,0.167,0,0,0.0,0,,0,0.0,46959.76,20.67,,0.0,Completed,False,False,False,False
1497,Acquisition_Free_Shipping_1497,Free_Shipping,0.0,31.44,2025-05-27,2025-07-01,35,New_Customer,SMS,Acquisition,Unknown,0.102,6,6,935.64,42,155.94,6,935.64,34615.54,47.69,5769.26,0.027,Completed,False,False,False,False
1498,Cross_Sell_Fixed_Amount_1498,Fixed_Amount,91.29,43.24,2025-08-08,2025-08-20,12,High_Value,Email,Cross_Sell,Unknown,0.073,0,0,0.0,0,,0,0.0,35289.42,28.61,,0.0,Completed,False,False,False,False
1499,Cross_Sell_BOGO_1499,BOGO,0.0,23.71,2025-02-11,2025-02-16,5,All_Customers,Social,Cross_Sell,Clothing,0.102,5,5,627.05,12,125.41,5,627.05,15442.76,38.12,3088.55,0.0406,Completed,False,False,False,False
1500,Retention_BOGO_1500,BOGO,0.0,7.49,2025-05-02,2025-05-12,10,Lapsed,Email,Retention,Unknown,0.059,0,0,0.0,0,,0,0.0,31938.13,11.44,,0.0,Completed,False,False,False,False
