customer_id,first_name,last_name,email,phone_number,registration_date,customer_segment,preferred_channel,age_group,income_level,source_avg_order_value,promo_sensitivity,email_opt_in,sms_opt_in,push_opt_in,last_purchase_date,total_lifetime_orders,preferred_category,total_orders,paid_orders,cancelled_orders,total_revenue,avg_order_value_actual,first_order_date,last_order_date,promo_orders,non_promo_orders,promo_revenue,non_promo_revenue,preferred_product_category,customer_recency_days,lifecycle_segment,invalid_phone_flag,missing_last_purchase_flag,invalid_registration_date_flag
1,Maria,Cook,mariacook@yahoo.com,-9671,,New_Customer,Social,18-25,Low,71.77,0.75,True,True,False,,4,Beauty,9,9,0,736.08,81.78666666666666,2024-08-01,2025-07-01,4,5,402.18,333.9,Clothing,352.0,Dormant,True,True,True
2,Jose,West,jose6@outlook.com,-10211,,High_Value,Email,55+,High,435.71,0.34,False,True,False,,25,Books,8,8,0,3260.34,407.5425,2024-09-20,2025-05-04,0,8,0.0,3260.34,Clothing,410.0,Dormant,True,False,True
3,Christopher,Hale,christopher.hale@outlook.com,-6441,,Medium_Value,Social,18-25,Premium,184.04,0.61,False,False,False,,36,Electronics,5,4,1,980.14,245.035,2024-10-20,2025-04-14,2,2,610.36,369.78,Beauty,430.0,Dormant,True,False,True
4,Daniel,Klein,danielklein@yahoo.com,-8993,,Low_Value,Push,26-35,High,86.76,0.66,False,True,False,,8,Sports,6,6,0,543.7,90.61666666666666,2024-08-10,2025-07-01,2,4,234.3,309.4,Books,352.0,Dormant,True,False,True
5,Allison,Mckenzie,allisonmckenzie@hotmail.com,-9363,,Medium_Value,Direct,46-55,Low,77.53,0.47,False,False,False,,11,Clothing,6,6,0,437.04,72.84,2024-07-24,2025-05-09,0,6,0.0,437.04,Books,405.0,Dormant,True,False,True
6,Kimberly,Miller,kimberly781@hotmail.com,-6904,,Medium_Value,Social,46-55,Premium,152.52,0.62,False,True,False,,32,Books,4,3,1,540.03,180.01,2025-03-09,2025-04-23,1,2,252.11,287.92,Books,421.0,Dormant,True,True,True
7,Susan,Pollard,susan.pollard@yahoo.com,-3465,,High_Value,Email,55+,Medium,179.41,0.25,False,True,True,,17,Books,12,10,2,1981.08,198.108,2024-08-09,2025-04-06,0,10,0.0,1981.08,Books,438.0,Dormant,True,False,True
8,Gregory,Hunter,gregory995@hotmail.com,-10343,,Low_Value,Social,46-55,Low,36.03,0.65,False,False,False,,1,Clothing,5,5,0,191.33,38.266,2024-09-20,2025-07-03,1,4,48.08,143.25,Electronics,350.0,Dormant,True,False,True
9,James,Osborne,jamesosborne@gmail.com,-5627,,Medium_Value,Push,55+,Premium,164.4,0.61,True,True,False,,33,Beauty,6,6,0,1002.91,167.15166666666667,2024-12-22,2025-06-15,0,6,0.0,1002.91,Sports,368.0,Dormant,True,False,True
10,Cheryl,Carter,cherylcarter@outlook.com,-10302,,Low_Value,SMS,36-45,High,75.26,0.74,False,False,True,,7,Clothing,5,5,0,487.87,97.574,2024-10-20,2025-06-18,3,2,352.39,135.48,Clothing,365.0,Dormant,True,False,True
11,Jacob,Wilson,jacobwilson@hotmail.com,-9111,,New_Customer,Push,18-25,Unknown,134.23,0.68,False,False,False,,47,Books,6,5,1,701.19,140.238,2024-08-07,2025-05-27,1,4,183.18,518.01,Books,387.0,Dormant,True,False,True
12,Matthew,Hill,matthew660@hotmail.com,-7401,,Medium_Value,Direct,55+,Low,138.97,0.42,True,True,False,,39,Beauty,8,6,2,898.78,149.79666666666665,2024-08-17,2025-05-21,0,6,0.0,898.78,Home,393.0,Dormant,True,False,True
13,Angela,Sims,angela.sims@outlook.com,-9161,,High_Value,Push,46-55,High,213.76,0.31,False,True,False,,31,Clothing,8,4,4,892.95,223.2375,2024-09-23,2025-06-17,0,4,0.0,892.95,Home,366.0,Dormant,True,False,True
14,Sarah,Willis,sarah.willis@outlook.com,-3954,,New_Customer,Social,18-25,Premium,145.89,0.51,False,True,True,,49,Electronics,4,4,0,709.99,177.4975,2024-08-08,2025-02-28,1,3,252.73,457.26,Home,475.0,Dormant,True,False,True
15,Jennifer,Wheeler,jenniferwheeler@outlook.com,-7224,,Medium_Value,SMS,55+,Low,116.8,0.45,True,True,False,,24,Electronics,7,7,0,858.96,122.70857142857143,2024-07-28,2025-06-10,1,6,174.92,684.04,Sports,373.0,Dormant,True,False,True
16,Roger,Sweeney,roger.sweeney@gmail.com,-10139,,High_Value,Email,18-25,Premium,470.64,0.27,False,False,True,,33,Beauty,11,11,0,4929.55,448.1409090909091,2024-09-19,2025-05-25,0,11,0.0,4929.55,Sports,389.0,Dormant,True,False,True
17,James,Clark,james.clark@yahoo.com,-4320,,High_Value,Email,36-45,Medium,485.25,0.24,True,True,True,,22,Books,4,3,1,1596.98,532.3266666666667,2024-09-30,2025-06-05,0,3,0.0,1596.98,Books,378.0,Dormant,True,True,True
18,Amber,Li,amber.li@outlook.com,-5123,,Low_Value,Push,26-35,Low,57.31,0.64,False,True,False,,44,Clothing,9,9,0,639.36,71.04,2024-07-09,2025-04-04,5,4,408.33,231.03,Home,440.0,Dormant,True,False,True
19,Fred,Hendricks,fred118@outlook.com,-3186,,High_Value,Email,55+,Low,485.67,0.3,False,True,False,,8,Books,5,3,2,1709.53,569.8433333333334,2024-07-23,2025-01-20,0,3,0.0,1709.53,Home,514.0,Dormant,True,False,True
20,Ashley,King,ashley.king@outlook.com,-5375,,Medium_Value,Push,18-25,Unknown,116.08,0.62,True,True,True,,1,Home,12,11,1,1451.97,131.99727272727273,2024-08-05,2025-07-06,2,9,359.18,1092.79,Books,347.0,Dormant,True,False,True
21,Mark,Terry,markterry@hotmail.com,-2883,,High_Value,Email,55+,High,202.59,0.38,True,False,True,,26,Clothing,7,5,2,1060.12,212.024,2025-02-20,2025-06-04,1,4,264.53,795.59,Books,379.0,Dormant,True,False,True
22,Amy,Silva,amy662@outlook.com,-3872,,High_Value,SMS,26-35,Premium,276.19,0.32,False,False,False,,20,Beauty,6,4,2,1021.38,255.345,2024-07-05,2025-05-07,0,4,0.0,1021.38,Books,407.0,Dormant,True,False,True
23,Carmen,Jenkins,carmen962@hotmail.com,-10419,,Low_Value,Social,46-55,Premium,51.06,0.76,False,False,False,,8,Electronics,5,5,0,260.65,52.13,2024-07-06,2025-06-12,1,4,83.38,177.27,Books,371.0,Dormant,True,False,True
24,Jeremy,Martinez,jeremymartinez@gmail.com,-6098,,New_Customer,Email,18-25,Unknown,96.59,0.54,False,True,False,,49,Sports,10,8,2,844.5,105.5625,2024-07-26,2025-05-23,1,7,134.56,709.94,Sports,391.0,Dormant,True,True,True
25,Justin,Ward,justin293@gmail.com,-3188,,New_Customer,Direct,36-45,High,49.72,0.55,False,False,True,,26,Books,8,7,1,378.71,54.10142857142857,2024-07-15,2025-03-11,0,7,0.0,378.71,Electronics,464.0,Dormant,True,False,True
26,Megan,Harris,meganharris@yahoo.com,-10940,,Low_Value,Push,18-25,High,26.96,0.65,True,False,True,,32,Beauty,7,5,2,144.13,28.826,2024-07-19,2025-05-27,1,4,45.13,99.0,Books,387.0,Dormant,True,False,True
27,Charles,Herman,charles.herman@yahoo.com,-7851,,Medium_Value,SMS,Unknown,Low,75.91,0.46,True,False,False,,12,Home,16,14,2,1097.0,78.35714285714286,2024-07-24,2025-05-30,1,13,95.34,1001.66,Home,384.0,Dormant,True,False,True
28,Scott,Olsen,scott861@outlook.com,-4841,,Low_Value,Email,36-45,Premium,56.46,0.7,False,True,False,,45,Electronics,11,11,0,663.9,60.35454545454545,2024-07-30,2025-05-27,1,10,95.3,568.6,Electronics,387.0,Dormant,True,False,True
29,Diane,Brown,dianebrown@yahoo.com,-8018,,New_Customer,Push,55+,Low,96.11,0.75,False,False,False,,11,Home,9,8,1,816.17,102.02125,2024-07-19,2025-07-01,2,6,253.65,562.52,Sports,352.0,Dormant,True,False,True
30,Jennifer,Gallagher,jennifer915@yahoo.com,-9778,,New_Customer,Email,36-45,Low,31.0,0.64,True,True,True,,19,Beauty,14,11,3,394.23,35.839090909090906,2024-07-23,2025-06-17,1,10,42.76,351.47,Clothing,366.0,Dormant,True,False,True
31,Nina,Williams,nina663@gmail.com,-10556,,Medium_Value,Direct,18-25,Medium,157.63,0.63,True,False,False,,34,Clothing,9,8,1,1387.15,173.39375,2024-07-20,2025-06-22,1,7,269.72,1117.43,Electronics,361.0,Dormant,True,True,True
32,Carlos,Miller,carlos564@outlook.com,-4537,,High_Value,Direct,46-55,Low,265.41,0.27,False,True,True,,46,Electronics,7,5,2,1577.18,315.436,2024-12-07,2025-07-03,1,4,388.8,1188.38,Sports,350.0,Dormant,True,False,True
33,David,Johnson,david.johnson@yahoo.com,-3784,,Medium_Value,Email,36-45,Medium,143.1,0.49,False,True,True,,20,Home,10,9,1,1521.89,169.0988888888889,2024-07-05,2025-05-25,3,6,675.98,845.91,Sports,389.0,Dormant,True,False,True
34,Cynthia,Lucas,cynthia.lucas@gmail.com,-8861,,New_Customer,SMS,26-35,Medium,96.94,0.75,True,True,False,,20,Books,10,9,1,950.44,105.60444444444444,2024-09-09,2025-06-08,3,6,395.21,555.23,Sports,375.0,Dormant,True,False,True
35,Suzanne,Reynolds,suzanne275@yahoo.com,-9796,,Low_Value,SMS,55+,Premium,35.84,0.72,True,True,True,,12,Electronics,8,6,2,192.91,32.151666666666664,2024-11-08,2025-06-12,0,6,0.0,192.91,Clothing,371.0,Dormant,True,False,True
36,Charles,Holland,charles.holland@gmail.com,-5095,,High_Value,Push,18-25,Premium,270.13,0.28,True,False,True,,9,Home,10,9,1,2320.19,257.7988888888889,2024-08-02,2025-06-09,2,7,644.35,1675.84,Electronics,374.0,Dormant,True,False,True
37,Kelly,Garcia,kellygarcia@yahoo.com,-9123,,Medium_Value,Direct,36-45,Premium,189.18,0.51,True,True,False,,43,Electronics,6,4,2,692.27,173.0675,2024-09-05,2024-12-22,0,4,0.0,692.27,Beauty,543.0,Dormant,True,False,True
38,Mary,Miller,mary307@hotmail.com,-9695,,New_Customer,SMS,36-45,Low,81.32,0.77,False,False,True,,0,Clothing,8,7,1,601.13,85.87571428571428,2024-08-19,2025-03-23,1,6,130.71,470.42,Clothing,452.0,Dormant,True,False,True
39,Amanda,Nguyen,amandanguyen@yahoo.com,-6422,,High_Value,Push,18-25,Low,371.07,0.26,False,True,True,,50,Beauty,8,7,1,2678.41,382.63,2024-07-19,2025-02-11,0,7,0.0,2678.41,Beauty,492.0,Dormant,True,False,True
40,Elizabeth,Thompson,elizabeth974@hotmail.com,-2992,,High_Value,Direct,36-45,Unknown,455.07,0.21,True,True,True,,25,Electronics,5,3,2,1429.35,476.45,2025-03-06,2025-05-16,0,3,0.0,1429.35,Beauty,398.0,Dormant,True,False,True
41,James,Johnson,james795@yahoo.com,-7680,,Medium_Value,Push,55+,Premium,85.81,0.7,False,True,False,,12,Home,5,5,0,414.55,82.91,2024-09-14,2025-06-16,0,5,0.0,414.55,Beauty,367.0,Dormant,True,True,True
42,Paul,Parsons,paul65@yahoo.com,-7627,,High_Value,Social,26-35,Medium,238.32,0.24,False,False,False,,9,Electronics,5,3,2,702.75,234.25,2024-09-08,2025-05-15,0,3,0.0,702.75,Clothing,399.0,Dormant,True,False,True
43,Ian,Arellano,ian497@hotmail.com,-9363,,Medium_Value,Direct,26-35,Medium,193.97,0.48,True,True,True,,13,Beauty,11,11,0,2528.29,229.84454545454545,2024-08-05,2025-06-20,3,8,861.81,1666.48,Sports,363.0,Dormant,True,False,True
44,Richard,Wiley,richard.wiley@hotmail.com,-7516,,Low_Value,Direct,36-45,High,28.95,0.83,False,False,True,,24,Home,8,7,1,218.85,31.264285714285716,2025-01-16,2025-06-19,1,6,35.66,183.19,Electronics,364.0,Dormant,True,True,True
45,Douglas,Collins,douglas.collins@hotmail.com,-8855,,Medium_Value,Push,18-25,High,175.11,0.49,False,False,False,,42,Books,10,10,0,1665.55,166.555,2024-07-29,2025-06-11,1,9,194.32,1471.23,Sports,372.0,Dormant,True,False,True
46,Debra,Fields,debrafields@yahoo.com,-7653,,Low_Value,Social,26-35,High,41.13,0.86,False,False,True,,37,Books,7,5,2,257.95,51.59,2024-09-22,2025-05-20,2,3,135.94,122.01,Books,394.0,Dormant,True,True,True
47,Jason,Butler,jason404@yahoo.com,-10940,,New_Customer,Push,18-25,Medium,104.0,0.78,False,False,True,,29,Beauty,9,8,0,1113.44,139.18,2024-07-27,2025-04-18,5,3,760.59,352.85,Clothing,426.0,Dormant,True,False,True
48,Roger,Mendoza,roger88@hotmail.com,-8573,,Low_Value,Email,18-25,Premium,38.26,0.63,True,True,False,,28,Beauty,10,10,0,446.59,44.659,2024-08-05,2025-07-02,3,7,165.4,281.19,Electronics,351.0,Dormant,True,False,True
49,Michelle,Castillo,michelle986@yahoo.com,-6093,,New_Customer,Social,26-35,Medium,40.7,0.57,True,False,True,,30,Sports,8,5,3,251.63,50.326,2024-11-19,2025-03-16,2,3,127.58,124.05,Beauty,459.0,Dormant,True,False,True
50,Tracy,Davis,tracy242@hotmail.com,-8476,,Medium_Value,SMS,46-55,Medium,190.45,0.49,True,False,False,,7,Electronics,2,2,0,362.46,181.23,2024-09-13,2024-12-18,0,2,0.0,362.46,Electronics,547.0,Dormant,True,False,True
51,Elizabeth,Watson,elizabethwatson@gmail.com,-5454,,Medium_Value,Direct,55+,Medium,146.4,0.68,False,True,True,,32,Clothing,10,6,4,885.17,147.52833333333334,2024-07-16,2025-06-21,2,4,356.57,528.6,Sports,362.0,Dormant,True,True,True
52,Hannah,Wilson,hannah.wilson@gmail.com,-3634,,Low_Value,SMS,26-35,Medium,65.55,0.85,True,False,True,,15,Sports,6,4,2,290.81,72.7025,2024-08-03,2025-06-26,2,2,160.28,130.53,Clothing,357.0,Dormant,True,False,True
53,Leslie,Martin,leslie.martin@outlook.com,-2266,,New_Customer,Social,46-55,Medium,91.45,0.78,False,True,False,,16,Sports,9,9,0,935.82,103.98,2024-08-21,2025-06-30,3,6,431.29,504.53,Electronics,353.0,Dormant,True,False,True
54,Robert,Buck,robertbuck@gmail.com,-3513,,Low_Value,Push,46-55,High,37.17,0.65,True,False,False,,0,Sports,4,4,0,160.12,40.03,2024-08-09,2025-06-15,0,4,0.0,160.12,Beauty,368.0,Dormant,True,False,True
55,Olivia,Watson,oliviawatson@outlook.com,-8602,,New_Customer,SMS,36-45,High,53.74,0.69,True,True,False,,33,Electronics,8,7,1,366.16,52.308571428571426,2024-08-04,2025-05-03,0,7,0.0,366.16,Beauty,411.0,Dormant,True,True,True
56,Shane,Black,shane.black@hotmail.com,-8113,,Medium_Value,Direct,46-55,Unknown,194.82,0.63,True,False,True,,3,Sports,6,6,0,1158.95,193.15833333333333,2024-10-07,2025-02-25,0,6,0.0,1158.95,Sports,478.0,Dormant,True,False,True
57,Amber,Carney,amber.carney@outlook.com,-8407,,Medium_Value,Email,46-55,High,75.58,0.68,False,False,False,,41,Electronics,10,9,1,693.04,77.00444444444445,2024-07-06,2025-05-02,1,8,134.36,558.68,Beauty,412.0,Dormant,True,True,True
58,Cody,Harris,cody.harris@gmail.com,-6812,,New_Customer,Social,55+,High,44.49,0.76,False,False,False,,22,Electronics,7,7,0,334.97,47.85285714285714,2024-07-22,2025-06-05,1,6,74.25,260.72,Electronics,378.0,Dormant,True,False,True
59,Amber,Wilcox,amber380@gmail.com,-5729,,New_Customer,Direct,26-35,Low,148.29,0.5,False,True,True,,27,Clothing,11,10,1,1699.86,169.986,2024-09-10,2025-07-04,0,10,0.0,1699.86,Electronics,349.0,Dormant,True,True,True
60,Mary,Owens,mary463@outlook.com,-5311,,Medium_Value,Email,46-55,High,116.53,0.47,False,True,True,,42,Books,6,5,1,619.0,123.8,2024-07-08,2024-11-30,1,4,189.44,429.56,Sports,565.0,Dormant,True,False,True
61,Christopher,Stanley,christopher684@hotmail.com,-4922,,Medium_Value,Email,36-45,Premium,89.36,0.62,False,False,True,,0,Beauty,9,4,4,389.26,97.315,2024-12-10,2025-05-03,1,3,119.85,269.41,Home,411.0,Dormant,True,False,True
62,Daniel,Kent,daniel412@outlook.com,-6213,,High_Value,Direct,46-55,Medium,459.01,0.33,False,True,False,,38,Clothing,9,8,1,4378.77,547.34625,2024-08-29,2025-05-29,2,6,1458.72,2920.05,Electronics,385.0,Dormant,True,False,True
63,Christine,Bryant,christine635@hotmail.com,-2331,,Medium_Value,Push,26-35,Unknown,115.29,0.69,True,True,False,,11,Beauty,5,5,0,611.83,122.366,2024-07-27,2025-07-03,1,4,128.05,483.78,Books,350.0,Dormant,True,False,True
64,Lawrence,Hernandez,lawrencehernandez@outlook.com,-6540,,High_Value,Email,36-45,Premium,261.92,0.2,True,False,False,,8,Electronics,9,9,0,2219.68,246.63111111111112,2024-07-10,2025-06-26,0,9,0.0,2219.68,Sports,357.0,Dormant,True,False,True
65,Jessica,Stephenson,jessicastephenson@hotmail.com,-4096,,Medium_Value,Push,18-25,High,190.48,0.53,True,True,True,,13,Clothing,7,7,0,1554.27,222.03857142857143,2024-07-08,2025-03-15,4,3,1037.66,516.61,Clothing,460.0,Dormant,True,False,True
66,James,Rodriguez,james598@outlook.com,-6807,,High_Value,Direct,46-55,Unknown,466.47,0.32,False,False,False,,12,Sports,8,5,3,2759.68,551.936,2024-08-09,2025-06-20,1,4,639.93,2119.75,Beauty,363.0,Dormant,True,False,True
67,Olivia,Davis,oliviadavis@gmail.com,-9414,,New_Customer,Direct,Unknown,Premium,78.97,0.58,True,False,False,,22,Beauty,8,6,2,623.49,103.915,2024-09-30,2025-05-01,4,2,468.3,155.19,Beauty,413.0,Dormant,True,False,True
68,Karen,Cordova,karen.cordova@hotmail.com,-10817,,High_Value,Push,46-55,High,189.42,0.31,True,False,False,,27,Electronics,7,5,2,1124.21,224.842,2024-09-26,2025-01-19,1,4,289.76,834.45,Electronics,515.0,Dormant,True,True,True
69,Joseph,Chapman,joseph620@hotmail.com,-4426,,High_Value,Direct,36-45,High,370.97,0.31,True,False,True,,41,Electronics,5,5,0,1933.4,386.68,2024-09-30,2025-01-25,0,5,0.0,1933.4,Electronics,509.0,Dormant,True,False,True
70,Bradley,Wright,bradley.wright@outlook.com,-8049,,High_Value,Email,Unknown,Low,453.27,0.2,True,False,True,,7,Sports,8,6,2,3147.32,524.5533333333333,2024-09-25,2025-04-18,0,6,0.0,3147.32,Clothing,426.0,Dormant,True,True,True
71,Timothy,Kelly,timothy334@outlook.com,-5461,,Low_Value,SMS,55+,Unknown,40.08,0.64,True,False,True,,33,Home,7,4,3,209.58,52.395,2024-07-09,2025-01-02,1,3,67.71,141.87,Sports,532.0,Dormant,True,False,True
72,Daniel,Strickland,daniel104@gmail.com,-5174,,High_Value,Push,55+,Medium,421.85,0.36,True,False,True,,10,Books,6,5,1,1861.1,372.22,2024-11-26,2025-06-23,0,5,0.0,1861.1,Home,360.0,Dormant,True,True,True
73,Jamie,Ellis,jamieellis@hotmail.com,-10460,,High_Value,Email,46-55,Premium,246.17,0.37,False,True,True,,3,Books,8,7,1,1766.52,252.36,2024-10-21,2025-05-31,1,6,397.14,1369.38,Clothing,383.0,Dormant,True,False,True
74,Brandy,Davidson,brandy379@hotmail.com,-7081,,Medium_Value,Email,36-45,Premium,92.28,0.55,True,False,False,,20,Sports,5,4,1,406.24,101.56,2024-09-29,2025-06-06,1,3,101.99,304.25,Beauty,377.0,Dormant,True,False,True
75,Ronald,Mccullough,ronaldmccullough@hotmail.com,-2553,,New_Customer,SMS,26-35,Low,71.17,0.59,True,True,False,,25,Home,7,6,1,408.12,68.02,2024-07-08,2025-05-11,1,5,92.98,315.14,Beauty,403.0,Dormant,True,True,True
76,Kristina,Walker,kristinawalker@outlook.com,-8568,,Low_Value,Social,36-45,High,28.11,0.67,True,True,True,,26,Books,9,9,0,283.25,31.47222222222222,2024-08-05,2025-06-12,3,6,117.15,166.1,Sports,371.0,Dormant,True,False,True
77,Karina,Hayes,karina.hayes@outlook.com,-11222,,High_Value,Email,18-25,Unknown,357.56,0.3,True,False,True,,5,Clothing,6,4,2,1519.51,379.8775,2024-09-08,2025-05-21,0,4,0.0,1519.51,Beauty,393.0,Dormant,True,False,True
78,Brian,Aguilar,brian.aguilar@outlook.com,-8749,,High_Value,SMS,36-45,Premium,388.84,0.28,False,False,True,,24,Electronics,7,6,1,2405.38,400.89666666666665,2024-07-08,2025-07-29,0,6,0.0,2405.38,Sports,324.0,Dormant,True,False,True
79,Theresa,Curtis,theresacurtis@hotmail.com,-2202,,Low_Value,Direct,46-55,Medium,45.53,0.87,False,True,True,,36,Sports,6,5,1,220.09,44.018,2024-12-31,2025-05-27,1,4,53.49,166.6,Home,387.0,Dormant,True,False,True
80,Allen,Williams,allen.williams@hotmail.com,-3448,,High_Value,Direct,55+,High,446.58,0.23,True,True,False,,21,Beauty,2,2,0,1051.07,525.535,2025-02-12,2025-06-04,0,2,0.0,1051.07,Home,379.0,Dormant,True,False,True
81,Matthew,Murray,matthew.murray@hotmail.com,-6993,,Medium_Value,Push,46-55,Medium,131.72,0.68,True,True,False,,3,Sports,8,6,2,796.56,132.76,2024-09-12,2025-03-14,1,5,152.21,644.35,Books,461.0,Dormant,True,True,True
82,John,Ayala,john502@hotmail.com,-7478,,High_Value,Social,36-45,Premium,240.62,0.3,False,True,True,,32,Electronics,11,9,2,2729.74,303.30444444444447,2024-07-11,2025-06-24,4,5,1508.16,1221.58,Sports,359.0,Dormant,True,True,True
83,Edward,Boyd,edward734@hotmail.com,-2348,,New_Customer,Direct,18-25,Medium,30.82,0.57,True,True,True,,26,Books,3,3,0,91.97,30.656666666666666,2024-11-14,2025-03-21,0,3,0.0,91.97,Electronics,454.0,Dormant,True,False,True
84,Ryan,Ross,ryan770@gmail.com,-9798,,High_Value,Push,18-25,Premium,300.78,0.21,False,True,True,,46,Electronics,7,7,0,2143.65,306.23571428571427,2024-07-16,2025-04-20,0,7,0.0,2143.65,Electronics,424.0,Dormant,True,False,True
85,Lauren,Terry,laurenterry@gmail.com,-7585,,New_Customer,SMS,55+,High,75.04,0.61,False,False,False,,15,Books,5,4,1,330.92,82.73,2024-10-23,2025-04-05,1,3,87.36,243.56,Electronics,439.0,Dormant,True,False,True
86,Scott,Thomas,scott.thomas@yahoo.com,-4240,,Low_Value,Push,18-25,Low,66.62,0.87,False,False,True,,24,Electronics,11,10,1,775.96,77.596,2024-07-13,2025-05-25,3,7,300.82,475.14,Books,389.0,Dormant,True,False,True
87,Madison,Cox,madisoncox@gmail.com,-5373,,High_Value,Direct,46-55,Medium,283.36,0.28,True,False,False,,20,Home,6,5,1,1418.59,283.718,2024-12-03,2025-06-17,0,5,0.0,1418.59,Electronics,366.0,Dormant,True,False,True
88,Jerome,Ellis,jeromeellis@hotmail.com,-8879,,High_Value,Email,26-35,Low,338.19,0.3,False,True,True,,14,Beauty,5,3,2,1220.88,406.96,2024-09-30,2025-03-30,1,2,602.28,618.6,Home,445.0,Dormant,True,False,True
89,Miguel,Bell,miguelbell@yahoo.com,-6343,,Low_Value,Direct,26-35,Low,57.68,0.62,True,False,True,,32,Clothing,6,5,1,307.16,61.432,2024-07-05,2025-03-13,1,4,73.24,233.92,Electronics,462.0,Dormant,True,False,True
90,Daniel,Sanchez,daniel.sanchez@yahoo.com,-5274,,Medium_Value,Push,36-45,Premium,187.42,0.45,False,False,True,,41,Beauty,10,10,0,1987.15,198.715,2024-07-06,2025-06-28,1,9,268.08,1719.07,Beauty,355.0,Dormant,True,False,True
91,Amy,Fitzgerald,amy.fitzgerald@outlook.com,-6868,,New_Customer,Email,55+,Medium,52.04,0.72,False,False,True,,4,Home,5,5,0,333.56,66.712,2024-08-20,2025-05-28,3,2,205.91,127.65,Clothing,386.0,Dormant,True,True,True
92,Richard,Howard,richard.howard@gmail.com,-4539,,New_Customer,SMS,36-45,Medium,87.83,0.72,True,True,True,,25,Clothing,7,7,0,667.74,95.39142857142858,2024-07-11,2025-06-18,1,6,104.76,562.98,Books,365.0,Dormant,True,True,True
93,Michael,Torres,michaeltorres@yahoo.com,-3677,,New_Customer,SMS,18-25,Premium,133.47,0.72,True,False,True,,41,Books,4,4,0,454.45,113.6125,2024-07-19,2025-01-24,0,4,0.0,454.45,Electronics,510.0,Dormant,True,False,True
94,Dorothy,Graham,dorothy.graham@hotmail.com,-8416,,New_Customer,Social,46-55,Low,147.83,0.57,True,True,True,,43,Beauty,6,6,0,880.13,146.68833333333333,2024-07-21,2025-03-01,0,6,0.0,880.13,Clothing,474.0,Dormant,True,False,True
95,Kimberly,Elliott,kimberlyelliott@gmail.com,-10099,,Low_Value,Push,26-35,Medium,78.7,0.85,True,True,True,,25,Home,11,10,1,923.8,92.38,2024-07-20,2025-06-06,4,6,467.5,456.3,Clothing,377.0,Dormant,True,False,True
96,Kelly,Li,kellyli@gmail.com,-6186,,Medium_Value,Social,46-55,Premium,186.63,0.46,True,True,False,,5,Sports,12,12,0,2389.7,199.14166666666668,2024-07-07,2025-05-14,2,10,521.39,1868.31,Electronics,400.0,Dormant,True,False,True
97,Pamela,Smith,pamelasmith@gmail.com,-6824,,Medium_Value,Direct,18-25,Low,190.6,0.61,False,True,False,,30,Books,10,8,2,1649.02,206.1275,2024-08-28,2025-05-27,2,6,481.54,1167.48,Books,387.0,Dormant,True,True,True
98,Lori,Davis,loridavis@hotmail.com,-3790,,New_Customer,SMS,55+,High,104.89,0.71,True,False,False,,39,Clothing,5,5,0,605.54,121.108,2024-08-27,2025-04-24,1,4,175.15,430.39,Books,420.0,Dormant,True,False,True
99,Samuel,Meyer,samuel.meyer@outlook.com,-3045,,New_Customer,Social,18-25,Medium,141.91,0.52,False,False,True,,30,Beauty,4,3,1,448.01,149.33666666666667,2024-12-11,2025-02-17,0,3,0.0,448.01,Beauty,486.0,Dormant,True,True,True
100,Elaine,Bridges,elaine.bridges@hotmail.com,-9815,,Low_Value,Direct,26-35,Low,63.99,0.64,False,False,False,,1,Sports,6,6,0,457.99,76.33166666666666,2024-12-02,2025-06-13,3,3,291.33,166.66,Home,370.0,Dormant,True,False,True
101,Jonathan,Nelson,jonathannelson@outlook.com,-4238,,Medium_Value,SMS,26-35,Medium,135.72,0.69,False,False,False,,18,Sports,8,6,2,867.78,144.63,2024-07-11,2025-05-21,1,5,181.89,685.89,Beauty,393.0,Dormant,True,False,True
102,Alicia,Gallagher,aliciagallagher@gmail.com,-7293,,New_Customer,Social,36-45,Premium,68.67,0.71,False,True,False,,17,Home,10,8,2,609.18,76.1475,2024-07-25,2025-06-16,3,5,263.53,345.65,Beauty,367.0,Dormant,True,False,True
103,Jacob,Rivera,jacobrivera@yahoo.com,-7676,,Medium_Value,Direct,18-25,High,175.17,0.64,True,True,False,,19,Clothing,8,8,0,1561.77,195.22125,2024-10-09,2025-06-22,2,6,520.96,1040.81,Home,361.0,Dormant,True,False,True
104,Anna,Duffy,annaduffyhotmail.com,-4885,,Medium_Value,Push,18-25,High,131.18,0.68,True,True,True,,40,Home,10,9,1,1393.71,154.85666666666665,2024-07-28,2025-05-27,5,4,905.5,488.21,Sports,387.0,Dormant,True,False,True
105,Penny,Johnson,penny.johnson@outlook.com,-10034,,New_Customer,Direct,18-25,Medium,99.43,0.71,False,False,False,,4,Electronics,8,8,0,960.37,120.04625,2024-07-23,2025-06-30,5,3,669.46,290.91,Home,353.0,Dormant,True,False,True
106,Anthony,Rose,anthonyroseyahoo.com,-10605,,Medium_Value,Social,18-25,Premium,153.35,0.51,False,False,True,,41,Books,8,7,1,1343.73,191.96142857142857,2024-08-01,2025-05-28,2,5,448.69,895.04,Books,386.0,Dormant,True,False,True
107,Kimberly,Wolf,kimberlywolf@gmail.com,-9846,,High_Value,Email,36-45,Low,167.7,0.29,True,False,False,,41,Clothing,11,8,3,1568.91,196.11375,2024-08-27,2025-02-10,3,5,780.61,788.3,Sports,493.0,Dormant,True,True,True
108,Cynthia,Baker,cynthiabaker@hotmail.com,-3394,,New_Customer,Direct,55+,Unknown,47.5,0.76,True,True,False,,45,Sports,9,6,3,314.79,52.465,2024-08-06,2025-04-21,2,4,111.52,203.27,Beauty,423.0,Dormant,True,True,True
109,George,Sanchez,georgesanchez@yahoo.com,-3754,,New_Customer,Direct,26-35,Medium,107.27,0.76,True,False,False,,49,Home,9,7,2,828.05,118.29285714285714,2024-07-20,2025-04-21,2,5,291.98,536.07,Electronics,423.0,Dormant,True,False,True
110,Mitchell,Brown,mitchell.brown@yahoo.com,-8632,,New_Customer,SMS,55+,High,85.96,0.69,True,True,True,,6,Sports,7,6,1,682.44,113.74,2024-07-10,2025-05-25,3,3,422.12,260.32,Beauty,389.0,Dormant,True,False,True
111,Tracy,Howell,tracy.howell@outlook.com,-9681,,Medium_Value,Email,55+,Medium,129.1,0.45,False,True,True,,12,Books,10,8,2,1263.52,157.94,2024-09-11,2025-06-16,2,6,374.22,889.3,Books,367.0,Dormant,True,True,True
112,Erica,Everett,erica381@outlook.com,-11195,,High_Value,Email,18-25,Premium,165.99,0.36,True,False,True,,6,Electronics,7,5,2,926.84,185.368,2024-08-20,2025-06-28,1,4,226.1,700.74,Books,355.0,Dormant,True,False,True
113,Kathy,Richard,kathyrichard@gmail.com,-10471,,Low_Value,Push,Unknown,High,94.78,0.75,False,True,True,,36,Clothing,10,9,1,1008.2,112.02222222222223,2024-07-27,2025-06-16,3,6,451.63,556.57,Beauty,367.0,Dormant,True,False,True
114,Joshua,Hall,joshua.hall@yahoo.com,-6821,,Low_Value,Push,46-55,Premium,51.85,0.76,False,True,False,,6,Books,6,5,1,241.86,48.372,2024-11-07,2025-03-02,0,5,0.0,241.86,Books,473.0,Dormant,True,False,True
115,Michael,Baker,michael276@gmail.com,-7116,,Low_Value,Direct,18-25,High,34.45,0.73,True,False,False,,15,Sports,6,4,2,142.84,35.71,2024-07-19,2025-04-16,0,4,0.0,142.84,Beauty,428.0,Dormant,True,False,True
116,Cynthia,Porter,cynthia254@hotmail.com,-10911,,Medium_Value,Push,55+,Premium,114.2,0.42,False,True,True,,26,Books,8,6,2,803.78,133.96333333333334,2025-01-01,2025-04-30,2,4,363.04,440.74,Clothing,414.0,Dormant,True,False,True
117,Carrie,Taylor,carrie508@yahoo.com,-7562,,Medium_Value,Push,36-45,Unknown,114.4,0.64,True,True,False,,49,Electronics,6,6,0,675.46,112.57666666666667,2024-07-18,2025-03-24,0,6,0.0,675.46,Electronics,451.0,Dormant,True,True,True
118,Michael,Anderson,michael.anderson@outlook.com,-10706,,New_Customer,SMS,36-45,Premium,128.59,0.5,True,True,False,,37,Home,9,7,2,885.3,126.47142857142858,2024-08-01,2025-06-12,1,6,189.51,695.79,Home,371.0,Dormant,True,True,True
119,Brian,Johnson,brian682@hotmail.com,-6149,,Low_Value,Social,26-35,Low,53.14,0.63,True,True,True,,4,Home,7,7,0,407.87,58.26714285714286,2024-08-13,2025-06-11,2,5,161.47,246.4,Beauty,372.0,Dormant,True,True,True
120,Brian,Bell,brian412@gmail.com,-7750,,Medium_Value,SMS,36-45,Premium,171.16,0.66,False,True,False,,9,Home,5,5,0,969.63,193.926,2024-07-12,2025-06-24,3,2,637.99,331.64,Electronics,359.0,Dormant,True,False,True
121,Joseph,Tate,joseph.tate@yahoo.com,-4860,,New_Customer,Direct,36-45,High,133.69,0.56,False,False,True,,21,Home,3,3,0,434.08,144.69333333333333,2024-07-16,2025-05-02,0,3,0.0,434.08,Sports,412.0,Dormant,True,False,True
122,Jon,Tucker,jon197@yahoo.com,-5156,,New_Customer,Email,55+,Medium,117.23,0.73,True,True,True,,35,Home,11,11,0,1545.11,140.46454545454546,2024-07-25,2025-06-26,5,6,855.43,689.68,Books,357.0,Dormant,True,True,True
123,James,Webster,james.webster@outlook.com,-9259,,High_Value,Direct,36-45,Medium,174.51,0.27,False,True,True,,39,Clothing,9,8,1,1795.46,224.4325,2024-07-12,2025-05-25,3,5,828.3,967.16,Beauty,389.0,Dormant,True,False,True
124,Johnny,Taylor,johnnytaylor@yahoo.com,-5606,,Low_Value,SMS,46-55,High,74.96,0.69,True,False,True,,27,Electronics,8,8,0,753.62,94.2025,2024-08-12,2025-06-27,4,4,409.59,344.03,Clothing,356.0,Dormant,True,False,True
125,Brianna,Obrien,brianna858@hotmail.com,-7753,,New_Customer,Direct,46-55,Unknown,99.99,0.74,True,False,False,,8,Books,7,4,3,383.29,95.8225,2024-12-13,2025-01-31,1,3,122.01,261.28,Books,503.0,Dormant,True,False,True
126,Timothy,Haley,timothy.haley@gmail.com,-6390,,New_Customer,SMS,36-45,Medium,149.19,0.68,True,True,True,,4,Beauty,10,9,1,1520.88,168.98666666666668,2024-07-08,2025-06-27,0,9,0.0,1520.88,Electronics,356.0,Dormant,True,False,True
127,Amber,Garcia,ambergarcia@hotmail.com,-5172,,High_Value,Social,26-35,High,365.3,0.31,False,False,False,,13,Home,11,9,2,3125.93,347.3255555555556,2024-08-01,2025-05-27,0,9,0.0,3125.93,Sports,387.0,Dormant,True,True,True
128,Jake,White,jake388@yahoo.com,-5262,,New_Customer,SMS,18-25,Medium,31.53,0.78,False,True,False,,4,Home,6,6,0,229.53,38.255,2024-09-01,2025-05-17,3,3,134.45,95.08,Home,397.0,Dormant,True,False,True
129,Scott,Mayo,scott561@outlook.com,-5087,,Low_Value,Email,36-45,Unknown,35.51,0.65,True,True,True,,14,Clothing,11,7,4,244.32,34.902857142857144,2024-10-07,2025-05-22,0,7,0.0,244.32,Beauty,392.0,Dormant,True,False,True
130,Aaron,Turner,aaron569@yahoo.com,-8280,,High_Value,Social,18-25,Unknown,206.22,0.22,True,True,True,,37,Home,8,5,3,1066.5,213.3,2024-11-30,2025-06-20,1,4,287.69,778.81,Sports,363.0,Dormant,True,False,True
131,Ronald,Briggs,ronald.briggs@outlook.com,-6695,,Low_Value,SMS,18-25,Premium,80.15,0.89,False,False,False,,23,Sports,4,4,0,320.31,80.0775,2024-09-11,2025-05-24,1,3,111.04,209.27,Electronics,390.0,Dormant,True,False,True
132,Monica,Aguilar,monica322@gmail.com,-9580,,New_Customer,Social,26-35,Low,70.34,0.61,True,False,False,,0,Books,5,4,0,372.37,93.0925,2024-07-11,2024-10-21,2,2,230.67,141.7,Home,605.0,Dormant,True,False,True
133,Diana,Sanders,dianasanders@hotmail.com,-8962,,Low_Value,Direct,46-55,Premium,51.02,0.89,False,True,False,,40,Books,11,11,0,669.56,60.86909090909091,2024-07-13,2025-04-06,4,7,306.98,362.58,Beauty,438.0,Dormant,True,True,True
134,Heather,Hart,heatherhart@hotmail.com,-9061,,New_Customer,Direct,18-25,High,129.89,0.54,True,False,False,,19,Books,6,4,2,583.59,145.8975,2024-07-28,2025-01-02,2,2,310.22,273.37,Electronics,532.0,Dormant,True,False,True
135,Elizabeth,Bartlett,elizabeth577@yahoo.com,-8802,,High_Value,Push,55+,High,484.49,0.22,False,False,False,,43,Electronics,5,3,2,1662.6,554.2,2024-08-31,2025-03-19,0,3,0.0,1662.6,Home,456.0,Dormant,True,True,True
136,Steven,Price,stevenprice@outlook.com,-9195,,Low_Value,Social,Unknown,High,56.89,0.89,True,True,False,,24,Clothing,5,5,0,313.88,62.776,2025-01-27,2025-06-22,2,3,157.02,156.86,Clothing,361.0,Dormant,True,False,True
137,Madison,Cox,madison.cox@outlook.com,-11732,,Low_Value,Social,26-35,High,83.05,0.88,True,True,True,,42,Clothing,6,6,0,531.51,88.585,2024-07-20,2025-06-11,1,5,122.57,408.94,Books,372.0,Dormant,True,False,True
138,Robin,Reese,robinreese@gmail.com,-1942,,New_Customer,SMS,46-55,Premium,60.76,0.55,True,False,False,,31,Books,9,9,0,602.75,66.97222222222223,2024-07-11,2025-06-22,2,7,177.68,425.07,Clothing,361.0,Dormant,True,False,True
139,Regina,Davis,regina.davis@hotmail.com,-2990,,New_Customer,Email,18-25,High,38.4,0.66,False,True,False,,32,Home,12,8,4,331.53,41.44125,2024-08-30,2025-06-11,3,5,148.09,183.44,Sports,372.0,Dormant,True,False,True
140,Diane,Hopkins,diane.hopkins@gmail.com,-10928,,High_Value,Push,26-35,Low,258.34,0.23,True,True,True,,20,Beauty,10,9,1,2805.2,311.68888888888887,2024-07-20,2025-06-25,2,7,858.0,1947.2,Beauty,358.0,Dormant,True,False,True
141,Pamela,Singh,pamela452@hotmail.com,-7229,,New_Customer,SMS,46-55,Medium,124.73,0.53,False,False,False,,1,Books,7,7,0,1082.8,154.68571428571428,2024-11-20,2025-07-01,1,6,149.38,933.42,Sports,352.0,Dormant,True,False,True
142,Matthew,Harper,matthew.harper@hotmail.com,-2712,,New_Customer,SMS,46-55,Premium,115.15,0.75,True,True,False,,38,Electronics,7,6,1,640.81,106.80166666666666,2024-08-21,2025-06-01,1,5,146.39,494.42,Beauty,382.0,Dormant,True,False,True
143,Kristen,Horton,kristen168@outlook.com,-4600,,New_Customer,SMS,46-55,Premium,144.15,0.52,True,False,False,,22,Sports,5,5,0,763.56,152.712,2024-07-12,2025-06-05,1,4,233.12,530.44,Home,378.0,Dormant,True,False,True
144,Sheena,Hicks,sheenahicks@gmail.com,-10232,,Medium_Value,Push,46-55,Medium,160.3,0.67,True,True,False,,17,Sports,13,10,3,1696.65,169.665,2024-09-07,2025-05-14,2,8,508.67,1187.98,Clothing,400.0,Dormant,True,False,True
145,Zachary,Clark,zachary.clark@gmail.com,-2606,,New_Customer,Direct,55+,Medium,131.56,0.59,True,True,False,,25,Clothing,5,4,1,720.99,180.2475,2024-08-20,2025-06-03,2,2,399.95,321.04,Home,380.0,Dormant,True,False,True
146,Susan,Lam,susanlam@outlook.com,-6942,,High_Value,Email,26-35,Premium,344.2,0.33,False,True,True,,20,Electronics,7,6,1,2481.53,413.5883333333333,2024-08-06,2025-04-02,2,4,1124.0,1357.53,Electronics,442.0,Dormant,True,False,True
147,Deborah,Wallace,deborahwallace@yahoo.com,-3390,,High_Value,Push,26-35,High,155.71,0.36,True,True,False,,20,Clothing,4,3,1,487.52,162.50666666666666,2024-09-25,2025-04-01,0,3,0.0,487.52,Home,443.0,Dormant,True,False,True
148,Lisa,Morgan,lisamorgan@hotmail.com,-7985,,Medium_Value,Social,36-45,High,109.46,0.5,False,True,True,,6,Clothing,13,10,2,1024.9,102.49,2024-08-09,2025-05-22,1,9,120.68,904.22,Clothing,392.0,Dormant,True,True,True
149,Darlene,Norris,darlenenorris@hotmail.com,-9997,,Medium_Value,Direct,26-35,Medium,142.12,0.49,True,False,True,,5,Sports,12,9,2,1463.75,162.63888888888889,2024-07-16,2025-06-07,3,6,543.7,920.05,Home,376.0,Dormant,True,False,True
150,Brianna,Warren,brianna346@gmail.com,-11070,,New_Customer,Direct,18-25,Premium,33.82,0.64,True,False,True,,0,Clothing,17,15,2,545.32,36.35466666666667,2024-07-25,2025-07-01,3,12,145.43,399.89,Books,352.0,Dormant,True,True,True
151,Cynthia,Padilla,cynthia.padilla@hotmail.com,-7365,,Low_Value,SMS,26-35,Premium,65.56,0.75,True,False,False,,0,Beauty,9,6,3,408.13,68.02166666666666,2024-07-06,2025-01-25,1,5,87.17,320.96,Sports,509.0,Dormant,True,False,True
152,Brandon,Crawford,brandon72@outlook.com,-4824,,High_Value,SMS,26-35,Medium,229.93,0.36,True,True,True,,0,Sports,7,7,0,1569.43,224.2042857142857,2024-09-07,2025-05-31,0,7,0.0,1569.43,Books,383.0,Dormant,True,False,True
153,Sharon,Beasley,sharonbeasley@outlook.com,-6771,,New_Customer,Social,36-45,Medium,88.79,0.66,False,True,True,,7,Electronics,4,4,0,419.57,104.8925,2024-10-06,2025-03-07,2,2,251.32,168.25,Home,468.0,Dormant,True,False,True
154,Kelly,Bass,kellybass@hotmail.com,-10315,,New_Customer,Social,46-55,Low,40.94,0.62,False,False,True,,48,Electronics,5,5,0,222.26,44.452,2024-07-26,2025-05-07,1,4,50.75,171.51,Electronics,407.0,Dormant,True,False,True
155,Morgan,Mason,morgan.mason@yahoo.com,-8098,,Medium_Value,Direct,18-25,Unknown,124.79,0.53,True,False,False,,25,Electronics,14,14,0,2054.23,146.7307142857143,2024-08-04,2025-06-27,5,9,973.19,1081.04,Home,356.0,Dormant,True,False,True
156,Laura,Collins,laura.collins@hotmail.com,-9779,,Medium_Value,Email,55+,Medium,188.53,0.5,True,True,False,,45,Sports,7,6,1,1137.01,189.50166666666667,2024-12-10,2025-05-26,0,6,0.0,1137.01,Sports,388.0,Dormant,True,False,True
157,Tim,Peck,timpeck@outlook.com,-4819,,New_Customer,SMS,46-55,High,41.88,0.54,False,False,False,,31,Home,8,8,0,345.58,43.1975,2024-10-13,2025-06-17,0,8,0.0,345.58,Electronics,366.0,Dormant,True,False,True
158,Zachary,Calhoun,zacharycalhoun@gmail.com,-5787,,New_Customer,SMS,36-45,Medium,89.13,0.63,False,True,False,,11,Electronics,6,4,1,396.94,99.235,2024-08-09,2025-04-20,0,4,0.0,396.94,Beauty,424.0,Dormant,True,True,True
159,Valerie,Johnson,valerie336@outlook.com,-5257,,High_Value,Email,55+,High,264.66,0.32,True,True,True,,23,Books,11,10,1,2389.79,238.979,2024-07-05,2025-04-17,0,10,0.0,2389.79,Beauty,427.0,Dormant,True,True,True
160,Kathleen,Walker,kathleen611@outlook.com,-4048,,Low_Value,Social,36-45,Premium,98.63,0.68,True,False,True,,24,Home,9,8,1,789.28,98.66,2024-08-01,2025-06-16,0,8,0.0,789.28,Electronics,367.0,Dormant,True,False,True
161,Melissa,Haynes,melissa.haynes@gmail.com,-8870,,Medium_Value,Direct,46-55,Medium,152.06,0.64,True,False,False,,19,Sports,8,8,0,1438.29,179.78625,2024-10-17,2025-06-14,2,6,456.73,981.56,Clothing,369.0,Dormant,True,False,True
162,Ronald,Ochoa,ronaldochoa@hotmail.com,-5421,,High_Value,Email,26-35,Low,332.81,0.22,True,True,True,,39,Sports,9,9,0,3068.39,340.9322222222222,2024-07-05,2025-05-13,1,8,512.97,2555.42,Books,401.0,Dormant,True,True,True
163,Cathy,Foster,cathy768@outlook.com,-6321,,High_Value,Push,18-25,Medium,452.68,0.35,True,False,True,,47,Sports,5,5,0,2543.16,508.632,2024-07-23,2025-06-02,1,4,545.18,1997.98,Clothing,381.0,Dormant,True,False,True
164,Derek,Jones,derek.jones@hotmail.com,-8963,,Low_Value,SMS,36-45,Low,30.05,0.62,False,False,False,,17,Sports,4,3,1,91.98,30.66,2024-08-22,2025-05-13,0,3,0.0,91.98,Clothing,401.0,Dormant,True,False,True
165,Leslie,Anderson,leslie.anderson@yahoo.com,-3169,,Medium_Value,SMS,18-25,Premium,88.12,0.54,False,False,True,,33,Sports,11,7,4,622.04,88.86285714285714,2024-08-17,2025-03-03,2,5,216.16,405.88,Books,472.0,Dormant,True,False,True
166,Justin,Farley,justin50@outlook.com,-2942,,New_Customer,Push,55+,Medium,43.18,0.5,True,False,True,,42,Electronics,10,7,3,355.01,50.715714285714284,2024-08-13,2025-05-09,2,5,143.85,211.16,Clothing,405.0,Dormant,True,False,True
167,Julie,Garcia,juliegarcia@hotmail.com,-9401,,New_Customer,Email,46-55,Low,107.46,0.67,True,False,False,,17,Clothing,10,8,2,1040.96,130.12,2024-08-20,2025-07-02,3,5,496.57,544.39,Home,351.0,Dormant,True,False,True
168,Elizabeth,Sandoval,elizabeth176@hotmail.com,-5380,,Medium_Value,Direct,18-25,Premium,186.6,0.69,True,False,False,,35,Books,4,3,1,610.53,203.51,2024-11-04,2025-04-18,0,3,0.0,610.53,Sports,426.0,Dormant,True,False,True
169,Michelle,Blair,michelleblair@outlook.com,-6857,,New_Customer,Push,26-35,Low,132.16,0.79,False,True,False,,30,Beauty,11,10,1,1559.35,155.935,2024-09-04,2025-05-03,5,5,887.09,672.26,Beauty,411.0,Dormant,True,False,True
170,Samantha,Morrison,samanthamorrison@yahoo.com,-7552,,Medium_Value,SMS,36-45,High,196.33,0.41,True,True,False,,50,Clothing,5,5,0,980.24,196.048,2024-08-14,2025-04-17,0,5,0.0,980.24,Beauty,427.0,Dormant,True,False,True
171,Madeline,Williams,madeline.williams@outlook.com,-5629,,High_Value,Email,36-45,Premium,155.64,0.4,False,False,False,,23,Beauty,4,4,0,707.13,176.7825,2024-08-08,2025-02-01,0,4,0.0,707.13,Sports,502.0,Dormant,True,False,True
172,James,Warner,james.warner@gmail.com,-3890,,New_Customer,Push,36-45,Medium,83.18,0.5,True,False,True,,33,Sports,9,9,0,751.38,83.48666666666666,2024-08-02,2025-05-19,1,8,96.14,655.24,Beauty,395.0,Dormant,True,False,True
173,Jack,Schmidt,jack589@hotmail.com,-4410,,New_Customer,SMS,36-45,Unknown,134.55,0.55,False,True,True,,38,Home,7,2,5,259.69,129.845,2024-07-26,2025-02-12,0,2,0.0,259.69,Electronics,491.0,Dormant,True,True,True
174,Richard,Bates,richard.bates@outlook.com,-2199,,High_Value,Email,55+,Medium,427.34,0.21,True,True,False,,25,Sports,11,9,2,4055.96,450.6622222222222,2024-07-20,2025-05-24,1,8,485.32,3570.64,Clothing,390.0,Dormant,True,False,True
175,Erika,Lowery,erika.lowery@hotmail.com,-5815,,Low_Value,SMS,26-35,Unknown,46.57,0.69,False,True,True,,7,Clothing,5,4,1,219.49,54.8725,2024-07-29,2025-04-30,2,2,135.77,83.72,Electronics,414.0,Dormant,True,False,True
176,Mark,Johnson,mark.johnson@yahoo.com,-10155,,Low_Value,SMS,36-45,Low,76.63,0.78,False,True,True,,43,Sports,8,8,0,697.85,87.23125,2024-07-24,2025-05-14,4,4,373.15,324.7,Home,400.0,Dormant,True,False,True
177,Leah,Wilson,leah833@yahoo.com,-4703,,Low_Value,Social,36-45,High,75.83,0.76,True,False,False,,28,Electronics,10,8,2,739.01,92.37625,2024-07-30,2025-05-19,3,5,337.84,401.17,Books,395.0,Dormant,True,False,True
178,Jose,Glover,jose.glover@outlook.com,-3384,,New_Customer,Push,46-55,Premium,41.73,0.54,True,True,True,,46,Electronics,10,7,3,362.29,51.755714285714284,2024-07-18,2025-06-16,1,6,68.03,294.26,Clothing,367.0,Dormant,True,False,True
179,Larry,Campbell,larry.campbell@gmail.com,-8209,,Low_Value,SMS,55+,Medium,74.25,0.84,True,False,True,,32,Books,12,11,1,973.47,88.49727272727273,2024-07-28,2025-06-01,3,8,335.93,637.54,Books,382.0,Dormant,True,True,True
180,Mike,Conley,mikeconley@hotmail.com,-9320,,New_Customer,Push,36-45,Premium,103.05,0.75,True,True,False,,25,Clothing,7,6,1,761.24,126.87333333333333,2024-07-15,2025-03-24,2,4,280.53,480.71,Clothing,451.0,Dormant,True,False,True
181,James,Price,james919@outlook.com,-3881,,High_Value,Social,Unknown,Medium,297.65,0.35,False,True,True,,15,Beauty,7,6,1,1870.82,311.80333333333334,2024-07-27,2025-05-03,1,5,374.26,1496.56,Electronics,411.0,Dormant,True,True,True
182,Bryan,Flores,bryan663@gmail.com,-5614,,Low_Value,Push,26-35,High,36.93,0.62,True,True,True,,40,Books,8,7,1,229.34,32.76285714285714,2024-07-12,2025-07-04,0,7,0.0,229.34,Sports,349.0,Dormant,True,False,True
183,Mark,Reese,mark.reese@outlook.com,-5715,,Medium_Value,Direct,46-55,Low,118.93,0.54,True,True,True,,27,Sports,8,7,1,899.47,128.49571428571429,2024-08-28,2025-05-14,2,5,320.06,579.41,Clothing,400.0,Dormant,True,False,True
184,Joseph,Bradshaw,josephbradshaw@gmail.com,-10649,,High_Value,Direct,55+,Medium,301.87,0.36,True,False,False,,33,Clothing,6,6,0,1901.58,316.93,2024-07-14,2025-05-06,0,6,0.0,1901.58,Beauty,408.0,Dormant,True,False,True
185,Sherri,Cruz,sherri.cruz@hotmail.com,-4657,,High_Value,SMS,18-25,Medium,260.01,0.23,False,True,True,,14,Books,9,8,1,2038.86,254.8575,2024-07-13,2025-07-03,0,8,0.0,2038.86,Sports,350.0,Dormant,True,False,True
186,Aaron,Robinson,aaron622@hotmail.com,-4084,,High_Value,SMS,46-55,Medium,390.73,0.33,False,True,True,,2,Beauty,10,9,1,3726.42,414.0466666666667,2024-07-22,2025-06-15,1,8,563.7,3162.72,Clothing,368.0,Dormant,True,False,True
187,Jessica,Fields,jessicafields@outlook.com,-10267,,Low_Value,Direct,Unknown,Unknown,64.64,0.86,True,False,True,,35,Books,7,7,0,471.11,67.30142857142857,2024-10-07,2025-06-05,2,5,174.9,296.21,Electronics,378.0,Dormant,True,False,True
188,Margaret,Cunningham,margaretcunningham@gmail.com,-5588,,High_Value,SMS,46-55,Low,274.0,0.25,True,True,True,,45,Home,7,4,3,1171.11,292.7775,2025-01-10,2025-05-26,1,3,360.9,810.21,Beauty,388.0,Dormant,True,False,True
189,Kristy,Nelson,kristy.nelson@hotmail.com,-3558,,Medium_Value,Email,55+,Unknown,111.59,0.62,False,True,False,,44,Beauty,5,4,1,384.81,96.2025,2024-07-07,2024-12-14,0,4,0.0,384.81,Home,551.0,Dormant,True,False,True
190,Shannon,Hamilton,shannon489@hotmail.com,-4747,,Medium_Value,Push,26-35,High,120.89,0.54,True,False,True,,9,Sports,3,1,2,148.99,148.99,2025-03-17,2025-03-17,0,1,0.0,148.99,Beauty,458.0,Dormant,True,False,True
191,Dawn,Hernandez,dawn407@hotmail.com,-7159,,Low_Value,Social,18-25,Low,95.4,0.87,True,False,False,,6,Home,8,7,1,741.99,105.99857142857142,2024-08-18,2025-06-07,1,6,133.95,608.04,Electronics,376.0,Dormant,True,False,True
192,Louis,Lee,louis.lee@yahoo.com,-4953,,Medium_Value,Social,36-45,Medium,126.11,0.43,False,True,False,,42,Clothing,10,8,2,1033.76,129.22,2024-08-26,2025-06-28,1,7,139.47,894.29,Home,355.0,Dormant,True,False,True
193,Christina,Espinoza,christinaespinoza@hotmail.com,-2645,,Low_Value,Email,26-35,High,91.55,0.66,True,True,False,,44,Home,7,5,2,515.94,103.188,2024-08-20,2025-06-08,2,3,267.07,248.87,Home,375.0,Dormant,True,True,True
194,Dustin,Ochoa,dustinochoa@hotmail.com,-10490,,Low_Value,Social,18-25,Medium,30.8,0.83,True,False,False,,40,Electronics,7,5,1,163.08,32.616,2024-08-20,2025-07-01,1,4,41.96,121.12,Books,352.0,Dormant,True,False,True
195,Melissa,Diaz,melissa18@yahoo.com,-2275,,Low_Value,Email,36-45,High,94.8,0.69,False,True,True,,31,Home,8,3,4,289.36,96.45333333333333,2024-10-13,2025-04-19,0,3,0.0,289.36,Clothing,425.0,Dormant,True,True,True
196,Alison,Bowers,alisonbowers@outlook.com,-4160,,Medium_Value,Direct,18-25,Premium,77.77,0.56,False,True,False,,3,Beauty,8,6,1,558.8,93.13333333333334,2024-07-22,2025-04-25,2,4,240.11,318.69,Beauty,419.0,Dormant,True,True,True
197,Paul,Love,paullove@yahoo.com,-4424,,High_Value,Push,18-25,High,235.03,0.26,True,True,True,,23,Home,7,7,0,1643.17,234.73857142857142,2024-10-18,2025-06-07,0,7,0.0,1643.17,Books,376.0,Dormant,True,False,True
198,Monique,Mullins,moniquemullins@outlook.com,-11376,,Low_Value,Social,26-35,Premium,99.53,0.69,True,False,True,,26,Sports,5,4,1,461.79,115.4475,2024-08-05,2025-06-06,1,3,176.16,285.63,Sports,377.0,Dormant,True,False,True
199,Theresa,Craig,theresa604@yahoo.com,-4961,,Low_Value,Push,26-35,Medium,60.91,0.85,False,False,True,,5,Sports,8,8,0,515.86,64.4825,2024-10-17,2025-03-13,1,7,77.02,438.84,Electronics,462.0,Dormant,True,False,True
200,Megan,Sherman,megan679@gmail.com,-9997,,High_Value,Social,36-45,Premium,419.31,0.38,False,False,False,,15,Books,4,4,0,1801.07,450.2675,2024-10-04,2025-05-02,0,4,0.0,1801.07,Home,412.0,Dormant,True,True,True
201,Amy,Carroll,amy.carroll@hotmail.com,-10379,,High_Value,Email,26-35,Premium,238.07,0.33,False,True,False,,1,Electronics,14,12,2,3163.56,263.63,2024-08-28,2025-06-17,4,8,1345.57,1817.99,Home,366.0,Dormant,True,False,True
202,Megan,Osborne,meganosborne@yahoo.com,-10385,,Medium_Value,Social,18-25,High,134.51,0.68,True,True,True,,17,Electronics,9,8,1,1189.97,148.74625,2024-08-06,2025-03-05,3,5,506.38,683.59,Beauty,470.0,Dormant,True,False,True
203,Robert,Ramirez,robertramirez@gmail.com,-8479,,Medium_Value,SMS,46-55,Premium,173.54,0.57,False,False,True,,42,Books,3,2,1,438.1,219.05,2025-04-21,2025-05-05,1,1,253.68,184.42,Clothing,409.0,Dormant,True,False,True
204,Jonathan,Matthews,jonathan.matthews@yahoo.com,-9088,,Medium_Value,Push,26-35,Low,111.05,0.58,False,True,False,,9,Home,7,7,0,827.07,118.15285714285714,2024-07-08,2025-05-30,1,6,183.52,643.55,Sports,384.0,Dormant,True,False,True
205,Sherri,Reynolds,sherri.reynolds@hotmail.com,-7562,,Low_Value,Social,26-35,Unknown,65.22,0.64,True,True,True,,1,Books,9,6,3,430.48,71.74666666666667,2024-08-05,2024-12-09,2,4,174.1,256.38,Sports,556.0,Dormant,True,False,True
206,Michael,Kim,michaelkim@hotmail.com,-5108,,Medium_Value,Direct,26-35,Unknown,97.48,0.57,True,True,False,,10,Clothing,5,4,1,439.95,109.9875,2024-08-14,2025-01-26,1,3,120.37,319.58,Home,508.0,Dormant,True,False,True
207,Juan,Jennings,juanjennings@outlook.com,-10486,,New_Customer,SMS,46-55,Low,106.61,0.66,False,True,True,,49,Books,9,8,1,961.04,120.13,2024-07-18,2025-06-27,3,5,444.81,516.23,Clothing,356.0,Dormant,True,True,True
208,Dennis,Green,dennis.green@outlook.com,-10804,,Medium_Value,SMS,26-35,Premium,198.0,0.66,True,False,False,,37,Home,6,4,2,722.9,180.725,2024-09-01,2025-03-25,0,4,0.0,722.9,Beauty,450.0,Dormant,True,False,True
209,Donna,Johnson,donna.johnson@hotmail.com,-4235,,New_Customer,Email,26-35,Medium,60.11,0.53,False,False,True,,37,Sports,6,6,0,356.52,59.42,2024-07-13,2025-05-25,0,6,0.0,356.52,Electronics,389.0,Dormant,True,True,True
210,Kendra,Hall,kendra.hall@yahoo.com,-5444,,New_Customer,SMS,55+,Premium,86.16,0.63,True,False,True,,45,Sports,14,13,1,1104.83,84.98692307692308,2024-07-18,2025-06-19,2,11,263.9,840.93,Home,364.0,Dormant,True,False,True
211,Melanie,Jackson,melanie626@yahoo.com,-10939,,Low_Value,Social,46-55,High,38.97,0.83,True,True,True,,40,Home,6,4,2,183.0,45.75,2024-09-14,2025-06-30,2,2,108.46,74.54,Books,353.0,Dormant,True,False,True
212,Jessica,Harper,jessicaharper@yahoo.com,-3863,,Low_Value,Email,36-45,Unknown,68.9,0.78,False,True,True,,8,Electronics,4,4,0,377.05,94.2625,2024-12-31,2025-03-15,2,2,242.23,134.82,Beauty,460.0,Dormant,True,False,True
213,Pam,Bennett,pam.bennett@outlook.com,-3234,,New_Customer,SMS,26-35,Medium,122.78,0.63,True,True,False,,9,Sports,8,8,0,997.08,124.635,2024-07-21,2025-05-08,1,7,144.94,852.14,Books,406.0,Dormant,True,False,True
214,Shelly,Gonzalez,shellygonzalez@hotmail.com,-11245,,New_Customer,Social,18-25,Premium,61.52,0.72,False,True,True,,31,Sports,10,9,1,588.34,65.3711111111111,2024-07-04,2025-06-03,1,8,79.57,508.77,Electronics,380.0,Dormant,True,False,True
215,Gregory,Mcdonald,gregory105@outlook.com,-2161,,Medium_Value,Email,46-55,Low,174.12,0.59,False,False,False,,29,Beauty,7,5,2,984.41,196.882,2024-07-06,2025-06-13,3,2,710.38,274.03,Beauty,370.0,Dormant,True,False,True
216,Lisa,Day,lisa.day@gmail.com,-2336,,Low_Value,Social,18-25,Premium,28.07,0.76,True,False,False,,5,Sports,9,8,1,261.39,32.67375,2024-07-17,2025-05-28,3,5,113.27,148.12,Sports,386.0,Dormant,True,False,True
217,Sarah,Rivers,sarah.rivers@yahoo.com,-3540,,Medium_Value,Social,46-55,Unknown,144.84,0.6,False,False,True,,6,Books,7,6,1,999.71,166.61833333333334,2024-09-04,2025-04-15,1,5,240.76,758.95,Clothing,429.0,Dormant,True,False,True
218,Michael,Schwartz,michael634@gmail.com,-7475,,Medium_Value,Push,46-55,Low,159.07,0.44,True,True,True,,26,Books,7,7,0,1226.71,175.24428571428572,2024-07-05,2025-03-12,2,5,444.72,781.99,Electronics,463.0,Dormant,True,False,True
219,Alexander,Rivera,alexanderrivera@gmail.com,-9257,,Medium_Value,Direct,36-45,Low,173.72,0.53,True,False,True,,19,Books,12,11,1,1918.12,174.37454545454545,2024-08-03,2025-06-12,1,10,247.23,1670.89,Sports,371.0,Dormant,True,False,True
220,Derek,Glenn,derek214@hotmail.com,-10550,,Medium_Value,Email,55+,Low,169.76,0.46,False,True,True,,41,Home,11,9,2,1613.5,179.27777777777777,2024-10-15,2025-05-10,3,6,751.0,862.5,Sports,404.0,Dormant,True,True,True
221,Charles,Morrow,charlesmorrow@outlook.com,-5379,,Medium_Value,Push,55+,Low,107.3,0.62,False,True,True,,39,Books,8,6,2,818.78,136.46333333333334,2024-07-08,2025-06-26,3,3,514.33,304.45,Books,357.0,Dormant,True,False,True
222,Paul,Jenkins,pauljenkins@gmail.com,-5487,,Medium_Value,SMS,Unknown,High,152.45,0.58,True,True,False,,7,Beauty,8,8,0,1307.86,163.4825,2024-07-23,2025-03-05,3,5,586.05,721.81,Electronics,470.0,Dormant,True,False,True
223,William,Phillips,william861@yahoo.com,-4639,,New_Customer,SMS,55+,Premium,140.16,0.78,True,True,True,,24,Beauty,9,7,2,1058.78,151.25428571428571,2024-08-10,2025-06-28,3,4,599.96,458.82,Sports,355.0,Dormant,True,True,True
224,Amber,Collier,amber800@gmail.com,-9365,,High_Value,Social,26-35,Unknown,489.45,0.36,False,True,False,,27,Books,7,4,3,2110.63,527.6575,2024-07-21,2024-11-30,0,4,0.0,2110.63,Clothing,565.0,Dormant,True,False,True
225,Robert,Reyes,robertreyes@gmail.com,-3321,,New_Customer,SMS,55+,Medium,85.06,0.79,False,True,False,,12,Books,5,4,1,379.03,94.7575,2024-10-17,2025-03-26,1,3,122.74,256.29,Books,449.0,Dormant,True,True,True
226,Lisa,Harper,lisa961@hotmail.com,-10120,,New_Customer,Social,55+,Unknown,55.0,0.77,True,True,False,,17,Beauty,5,5,0,318.62,63.724,2025-01-19,2025-06-17,2,3,152.1,166.52,Home,366.0,Dormant,True,False,True
227,Destiny,Green,destinygreen@outlook.com,-7249,,Low_Value,Email,26-35,High,43.76,0.64,False,True,True,,15,Home,12,10,2,456.06,45.606,2024-09-14,2025-07-20,3,7,166.9,289.16,Sports,333.0,Dormant,True,False,True
228,Raymond,Baker,raymond.baker@gmail.com,-7778,,High_Value,Direct,18-25,Medium,456.71,0.22,False,False,False,,18,Electronics,6,6,0,2727.89,454.6483333333333,2024-09-22,2025-05-14,0,6,0.0,2727.89,Beauty,400.0,Dormant,True,False,True
229,Larry,Robertson,larry433@gmail.com,-7622,,Low_Value,Direct,26-35,Medium,52.48,0.6,False,False,False,,1,Electronics,7,5,2,325.66,65.132,2024-08-01,2025-06-29,3,2,223.32,102.34,Books,354.0,Dormant,True,False,True
230,Nathaniel,Fry,nathanielfry@yahoo.com,-4930,,Medium_Value,Social,26-35,High,179.03,0.45,True,True,False,,30,Home,9,9,0,1803.15,200.35,2024-11-07,2025-04-05,3,6,780.27,1022.88,Clothing,439.0,Dormant,True,False,True
231,Kristina,Harrington,kristinaharrington@hotmail.com,-3741,,New_Customer,Social,18-25,Unknown,55.77,0.57,True,False,True,,15,Home,4,2,2,129.89,64.945,2024-08-10,2025-05-18,0,2,0.0,129.89,Electronics,396.0,Dormant,True,False,True
232,Lee,Howe,lee.howe@gmail.com,-3644,,High_Value,Email,18-25,Medium,194.17,0.4,False,True,True,,18,Clothing,7,6,1,1203.95,200.65833333333333,2024-08-31,2025-03-06,0,6,0.0,1203.95,Home,469.0,Dormant,True,False,True
233,Michelle,Williams,michelle.williams@gmail.com,-6742,,Low_Value,Push,36-45,Medium,55.55,0.78,True,True,True,,22,Sports,7,4,3,257.83,64.4575,2024-11-23,2025-05-17,1,3,74.32,183.51,Sports,397.0,Dormant,True,False,True
234,Diana,Lopez,diana.lopez@gmail.com,-9672,,New_Customer,SMS,46-55,Medium,53.64,0.62,False,True,True,,20,Books,4,3,1,185.45,61.81666666666667,2024-08-29,2025-05-15,2,1,141.78,43.67,Books,399.0,Dormant,True,False,True
235,Megan,Elliott,megan.elliott@outlook.com,-7759,,High_Value,Push,18-25,Medium,210.95,0.35,False,True,True,,3,Sports,8,8,0,1810.21,226.27625,2024-07-29,2025-07-02,3,5,821.14,989.07,Clothing,351.0,Dormant,True,False,True
236,Stacey,Fritz,staceyfritz@outlook.com,-3678,,New_Customer,SMS,55+,Medium,49.09,0.69,True,False,True,,27,Clothing,7,6,1,339.65,56.608333333333334,2024-09-16,2025-06-18,2,4,158.3,181.35,Books,365.0,Dormant,True,False,True
237,Debra,Ruiz,debra.ruiz@gmail.com,-3449,,Medium_Value,Social,36-45,Medium,166.08,0.46,False,True,True,,11,Beauty,8,6,2,1277.55,212.925,2024-08-15,2025-05-14,2,4,500.39,777.16,Books,400.0,Dormant,True,False,True
238,Ryan,Stanley,ryanstanley@gmail.com,-7912,,High_Value,Push,26-35,Unknown,242.64,0.24,True,True,False,,2,Home,5,4,1,918.54,229.635,2024-07-21,2025-05-15,0,4,0.0,918.54,Electronics,399.0,Dormant,True,False,True
239,Debra,Tucker,debratucker@outlook.com,-6975,,High_Value,Email,26-35,Premium,205.64,0.26,False,False,True,,8,Books,5,3,2,747.8,249.26666666666668,2025-01-13,2025-06-10,1,2,364.86,382.94,Clothing,373.0,Dormant,True,False,True
240,Allison,Russell,allison.russell@hotmail.com,-5055,,Low_Value,Push,26-35,High,62.74,0.76,True,True,False,,16,Electronics,7,4,3,292.45,73.1125,2024-08-04,2025-06-27,1,3,101.89,190.56,Clothing,356.0,Dormant,True,False,True
241,Rachel,Cunningham,rachel.cunningham@yahoo.com,-10585,,High_Value,SMS,Unknown,Low,259.29,0.37,True,True,False,,9,Beauty,3,3,0,858.89,286.2966666666667,2024-09-08,2025-05-23,0,3,0.0,858.89,Beauty,391.0,Dormant,True,False,True
242,Jesse,Rodriguez,jesse.rodriguez@yahoo.com,-3400,,High_Value,Push,55+,High,459.25,0.24,True,True,False,,34,Home,6,6,0,2915.69,485.9483333333333,2024-08-11,2025-06-24,0,6,0.0,2915.69,Beauty,359.0,Dormant,True,False,True
243,Ronald,Morgan,ronaldmorgan@outlook.com,-9442,,Low_Value,Push,55+,Premium,86.25,0.72,False,True,True,,4,Home,8,8,0,688.12,86.015,2024-08-19,2025-04-18,1,7,133.61,554.51,Electronics,426.0,Dormant,True,False,True
244,Michael,Monroe,michael.monroe@yahoo.com,-3757,,Medium_Value,Email,46-55,Low,85.89,0.57,True,True,False,,24,Clothing,8,6,2,559.62,93.27,2024-12-01,2025-06-24,1,5,98.21,461.41,Clothing,359.0,Dormant,True,False,True
245,Crystal,Thompson,crystal.thompson@gmail.com,-3631,,Low_Value,Email,Unknown,Premium,42.8,0.8,False,True,True,,35,Books,14,14,0,741.58,52.97,2024-08-08,2025-06-19,8,6,489.79,251.79,Electronics,364.0,Dormant,True,True,True
246,James,Weaver,jamesweaver@hotmail.com,-3518,,New_Customer,Push,26-35,Medium,137.6,0.67,True,True,False,,35,Clothing,5,3,2,587.62,195.87333333333333,2024-07-24,2025-04-08,3,0,587.62,0.0,Beauty,436.0,Dormant,True,False,True
247,Gary,Kramer,gary441@hotmail.com,-6557,,New_Customer,Push,Unknown,High,84.19,0.69,True,True,True,,47,Clothing,7,6,1,563.39,93.89833333333333,2024-07-23,2025-04-09,1,5,96.51,466.88,Home,435.0,Dormant,True,False,True
248,Shelby,Wong,shelby.wong@gmail.com,-8120,,Medium_Value,Email,26-35,High,97.78,0.54,True,False,True,,40,Home,9,8,1,862.4,107.8,2024-07-12,2025-04-25,3,5,421.02,441.38,Home,419.0,Dormant,True,False,True
249,Amanda,Armstrong,amanda.armstrong@gmail.com,-7796,,New_Customer,Direct,26-35,High,53.81,0.61,True,False,True,,12,Electronics,7,7,0,449.91,64.27285714285715,2024-08-14,2025-06-24,2,5,170.46,279.45,Clothing,359.0,Dormant,True,False,True
250,Ronald,Bowman,ronaldbowman@gmail.com,-3990,,High_Value,Direct,26-35,Medium,244.38,0.32,True,True,False,,1,Clothing,7,7,0,1630.75,232.96428571428572,2024-07-23,2025-02-11,0,7,0.0,1630.75,Home,492.0,Dormant,True,False,True
251,Grace,Lewis,grace.lewis@outlook.com,-3910,,Medium_Value,SMS,26-35,High,80.12,0.48,False,False,False,,32,Beauty,6,4,2,339.0,84.75,2024-11-04,2025-04-17,1,3,119.7,219.3,Electronics,427.0,Dormant,True,False,True
252,Melanie,Lee,melanielee@outlook.com,-10123,,New_Customer,Social,55+,Low,37.91,0.54,False,False,False,,44,Beauty,13,10,3,375.96,37.596,2024-09-03,2025-06-21,1,9,46.37,329.59,Electronics,362.0,Dormant,True,False,True
253,Stephen,Johnson,stephenjohnson@outlook.com,-2917,,High_Value,Social,36-45,Unknown,180.44,0.23,True,True,False,,14,Books,8,7,1,1260.83,180.11857142857144,2024-07-17,2025-05-09,0,7,0.0,1260.83,Beauty,405.0,Dormant,True,False,True
254,Todd,Robinson,toddrobinson@gmail.com,-10747,,High_Value,Email,46-55,High,219.16,0.29,True,False,False,,42,Clothing,7,5,2,1122.25,224.45,2024-07-27,2025-06-29,0,5,0.0,1122.25,Beauty,354.0,Dormant,True,False,True
255,Jason,Compton,jason.compton@hotmail.com,-5822,,High_Value,SMS,26-35,Low,179.89,0.24,False,True,True,,45,Books,3,2,1,369.12,184.56,2024-09-16,2025-03-09,0,2,0.0,369.12,Home,466.0,Dormant,True,False,True
256,Collin,Bowen,collin681@outlook.com,-7192,,High_Value,Push,46-55,Medium,375.25,0.27,True,True,True,,19,Clothing,7,7,0,3232.71,461.8157142857143,2024-07-30,2025-06-03,2,5,1270.8,1961.91,Clothing,380.0,Dormant,True,True,True
257,Brian,Shaw,brian.shaw@gmail.com,-10051,,High_Value,Push,26-35,Low,407.5,0.38,False,False,False,,9,Sports,6,4,2,1399.71,349.9275,2024-07-25,2025-03-19,0,4,0.0,1399.71,Beauty,456.0,Dormant,True,False,True
258,Joseph,Jimenez,josephjimenez@outlook.com,-6261,,New_Customer,SMS,36-45,Medium,131.73,0.51,False,False,True,,25,Electronics,3,3,0,352.17,117.39,2024-12-16,2025-04-02,0,3,0.0,352.17,Home,442.0,Dormant,True,False,True
259,Ralph,Hale,ralphhale@outlook.com,-3858,,New_Customer,SMS,46-55,Premium,76.94,0.57,False,False,False,,28,Beauty,9,6,3,523.31,87.21833333333333,2024-08-02,2025-02-12,0,6,0.0,523.31,Sports,491.0,Dormant,True,False,True
260,Jack,Hansen,jack.hansen@hotmail.com,-7947,,New_Customer,Push,26-35,High,41.97,0.61,True,False,True,,21,Books,6,5,1,224.69,44.938,2024-09-08,2024-12-02,0,5,0.0,224.69,Beauty,563.0,Dormant,True,False,True
261,Timothy,Larson,timothy.larson@gmail.com,-9296,,Low_Value,Social,55+,Premium,81.8,0.7,False,False,False,,16,Home,6,6,0,629.14,104.85666666666667,2024-08-24,2025-06-13,2,4,236.55,392.59,Books,370.0,Dormant,True,False,True
262,Dawn,Bowman,dawn.bowman@yahoo.com,-9370,,Low_Value,Direct,36-45,Medium,58.11,0.78,False,True,True,,36,Home,7,5,2,335.55,67.11,2024-09-22,2025-06-29,2,3,174.58,160.97,Beauty,354.0,Dormant,True,False,True
263,Benjamin,Castillo,benjamin10@gmail.com,-8334,,New_Customer,Push,36-45,Low,145.73,0.51,True,True,True,,16,Sports,7,6,1,867.52,144.58666666666667,2024-08-27,2025-04-27,1,5,175.57,691.95,Electronics,417.0,Dormant,True,False,True
264,Melissa,Lee,melissalee@yahoo.com,-9644,,High_Value,Social,46-55,Medium,349.54,0.21,False,False,False,,47,Beauty,8,8,0,2963.36,370.42,2024-07-26,2025-04-28,1,7,574.72,2388.64,Clothing,416.0,Dormant,True,True,True
265,Jasmine,Harper,jasmine.harper@gmail.com,-4101,,New_Customer,Direct,36-45,Low,51.56,0.5,False,True,False,,10,Beauty,3,2,1,100.56,50.28,2025-01-21,2025-03-25,0,2,0.0,100.56,Clothing,450.0,Dormant,True,False,True
266,Cathy,Carpenter,cathy698@yahoo.com,-2755,,Medium_Value,Email,18-25,Premium,162.4,0.69,False,True,False,,35,Books,4,3,1,547.07,182.35666666666665,2025-01-09,2025-05-20,0,3,0.0,547.07,Beauty,394.0,Dormant,True,False,True
267,Tracy,Moore,tracy.moore@yahoo.com,-5418,,Low_Value,Email,18-25,Unknown,52.11,0.75,True,False,False,,23,Clothing,10,10,0,602.95,60.295,2024-07-31,2025-06-28,1,9,89.73,513.22,Home,355.0,Dormant,True,False,True
268,Christopher,Ford,christopher.ford@gmail.com,-8470,,Low_Value,Social,55+,Low,81.44,0.65,False,False,False,,23,Electronics,8,6,2,564.9,94.15,2024-09-13,2025-04-27,3,3,307.1,257.8,Sports,417.0,Dormant,True,False,True
269,Jason,Smith,jason.smith@hotmail.com,-11371,,High_Value,SMS,46-55,Low,451.48,0.33,False,True,False,,36,Electronics,7,5,2,2440.5,488.1,2024-08-28,2025-06-13,0,5,0.0,2440.5,Books,370.0,Dormant,True,True,True
270,Katherine,Wagner,katherinewagner@hotmail.com,-10762,,High_Value,Direct,46-55,Premium,215.11,0.32,False,True,True,,37,Home,7,7,0,1277.66,182.52285714285713,2024-10-31,2025-06-16,0,7,0.0,1277.66,Clothing,367.0,Dormant,True,False,True
271,Richard,Munoz,richard.munoz@hotmail.com,-2265,,Medium_Value,Direct,18-25,Unknown,188.86,0.43,False,True,False,,41,Books,8,8,0,1391.31,173.91375,2024-07-30,2025-04-23,0,8,0.0,1391.31,Sports,421.0,Dormant,True,False,True
272,Natasha,Harris,natashaharris@hotmail.com,-6271,,High_Value,Push,Unknown,Medium,344.81,0.35,True,True,True,,39,Sports,11,10,1,3170.89,317.089,2024-08-11,2025-06-19,1,9,595.07,2575.82,Beauty,364.0,Dormant,True,False,True
273,Robin,Thompson,robin469@outlook.com,-7920,,New_Customer,Email,26-35,High,122.86,0.7,True,True,False,,46,Electronics,7,7,0,936.56,133.7942857142857,2024-07-14,2025-03-05,3,4,460.54,476.02,Books,470.0,Dormant,True,True,True
274,Jessica,Phillips,jessicaphillips@gmail.com,-5364,,New_Customer,Social,26-35,High,140.22,0.79,True,False,True,,41,Clothing,7,6,1,1018.68,169.78,2024-08-02,2025-03-11,3,3,545.9,472.78,Sports,464.0,Dormant,True,False,True
275,Barry,Chang,barrychang@hotmail.com,-3674,,Low_Value,Direct,36-45,Low,26.05,0.62,False,True,True,,11,Sports,5,5,0,122.46,24.492,2024-07-10,2025-04-13,1,4,32.84,89.62,Beauty,431.0,Dormant,True,False,True
276,Michael,Garcia,michael680@outlook.com,-6756,,New_Customer,Direct,36-45,Low,53.35,0.8,True,True,True,,38,Clothing,11,9,2,554.27,61.58555555555556,2024-07-08,2025-06-07,2,7,172.1,382.17,Clothing,376.0,Dormant,True,False,True
277,Justin,Hoffman,justin643@outlook.com,-3782,,Medium_Value,Social,18-25,Premium,174.96,0.42,False,False,True,,33,Books,6,5,1,870.87,174.174,2024-07-04,2024-11-14,0,5,0.0,870.87,Books,581.0,Dormant,True,False,True
278,Shawn,Estes,shawn982@yahoo.com,-4821,,High_Value,Email,55+,Low,196.33,0.28,True,True,True,,35,Sports,8,6,1,1229.21,204.86833333333334,2024-09-12,2025-04-18,1,5,279.05,950.16,Beauty,426.0,Dormant,True,False,True
279,Brian,Hoffman,brian970@yahoo.com,-8371,,Medium_Value,Email,55+,Medium,75.08,0.58,True,False,False,,1,Home,7,6,1,456.22,76.03666666666666,2024-08-22,2025-06-08,0,6,0.0,456.22,Clothing,375.0,Dormant,True,False,True
280,Julie,Blackwell,julie708@outlook.com,-7907,,New_Customer,SMS,18-25,Premium,115.43,0.64,True,False,True,,21,Electronics,7,5,2,591.43,118.286,2024-08-03,2025-05-30,0,5,0.0,591.43,Beauty,384.0,Dormant,True,False,True
281,Jessica,Holland,jessicaholland@outlook.com,-7025,,High_Value,Email,46-55,Premium,263.08,0.27,True,True,True,,4,Clothing,6,4,2,968.64,242.16,2024-11-08,2025-04-22,0,4,0.0,968.64,Clothing,422.0,Dormant,True,False,True
282,Jeffrey,Perry,jeffreyperry@yahoo.com,-5839,,High_Value,SMS,36-45,Medium,150.55,0.35,False,False,False,,8,Beauty,7,4,3,682.6,170.65,2024-09-17,2025-06-16,1,3,187.12,495.48,Clothing,367.0,Dormant,True,False,True
283,Nancy,Cannon,nancy300@hotmail.com,-8370,,New_Customer,SMS,26-35,Unknown,136.03,0.77,False,False,False,,4,Books,7,5,2,788.38,157.676,2024-07-25,2025-03-25,1,4,150.74,637.64,Beauty,450.0,Dormant,True,False,True
284,Susan,Henderson,susanhenderson@hotmail.com,-10194,,New_Customer,Social,46-55,Unknown,48.68,0.75,True,False,True,,7,Beauty,8,6,2,321.47,53.57833333333333,2024-07-26,2025-06-07,1,5,53.63,267.84,Clothing,376.0,Dormant,True,True,True
285,Michelle,Smith,michellesmith@hotmail.com,-2385,,Low_Value,Social,55+,Premium,61.2,0.78,True,False,True,,25,Electronics,7,5,2,360.08,72.016,2024-12-22,2025-02-21,3,2,238.3,121.78,Home,482.0,Dormant,True,True,True
286,Meghan,Nichols,meghan839@yahoo.com,-8901,,Medium_Value,Email,18-25,High,112.33,0.59,True,True,False,,48,Sports,8,8,0,874.78,109.3475,2024-09-12,2025-05-31,0,8,0.0,874.78,Home,383.0,Dormant,True,False,True
287,Brian,Jimenez,brian799@hotmail.com,-5218,,Medium_Value,SMS,46-55,Premium,107.06,0.55,True,False,True,,43,Books,6,6,0,697.41,116.235,2024-08-17,2025-04-16,1,5,118.06,579.35,Beauty,428.0,Dormant,True,False,True
288,Christopher,Kelly,christopherkelly@outlook.com,-5069,,High_Value,SMS,26-35,Premium,452.45,0.23,False,False,True,,7,Home,12,11,1,5312.22,482.9290909090909,2024-08-17,2025-07-01,0,11,0.0,5312.22,Books,352.0,Dormant,True,False,True
289,Timothy,Smith,timothy521@gmail.com,-2584,,Low_Value,Push,46-55,Medium,72.53,0.79,False,False,False,,30,Electronics,8,5,3,450.77,90.154,2024-08-05,2025-05-10,3,2,305.51,145.26,Beauty,404.0,Dormant,True,False,True
290,Thomas,Davis,thomas212@outlook.com,-6486,,Medium_Value,Push,46-55,Premium,191.5,0.59,False,False,True,,22,Home,9,7,2,1247.69,178.24142857142857,2024-07-14,2025-05-27,0,7,0.0,1247.69,Beauty,387.0,Dormant,True,False,True
291,Amber,Bell,amber240@hotmail.com,-8040,,Medium_Value,Social,55+,Premium,116.28,0.64,False,False,False,,41,Clothing,9,7,2,1000.56,142.93714285714285,2024-09-27,2025-05-04,1,6,188.62,811.94,Books,410.0,Dormant,True,False,True
292,Nancy,Willis,nancy.willis@hotmail.com,-3360,,High_Value,Social,26-35,Low,323.25,0.38,True,True,False,,41,Books,4,4,0,1377.76,344.44,2024-12-12,2025-06-06,0,4,0.0,1377.76,Beauty,377.0,Dormant,True,False,True
293,Erica,Soto,erica392@outlook.com,-2496,,New_Customer,Push,26-35,Low,53.49,0.52,False,True,False,,17,Clothing,2,2,0,100.5,50.25,2024-08-24,2025-03-14,0,2,0.0,100.5,Clothing,461.0,Dormant,True,False,True
294,Henry,Cortez,henry.cortez@hotmail.com,-10433,,New_Customer,SMS,18-25,High,110.03,0.6,True,False,True,,49,Electronics,11,11,0,1325.79,120.52636363636364,2024-08-12,2025-05-25,1,10,188.29,1137.5,Sports,389.0,Dormant,True,False,True
295,Kathleen,Bean,kathleen.bean@yahoo.com,-6745,,Low_Value,SMS,18-25,High,46.4,0.6,True,True,True,,0,Books,9,7,2,412.39,58.91285714285714,2024-10-15,2025-07-04,3,4,200.16,212.23,Sports,349.0,Dormant,True,False,True
296,Patrick,Oneal,patrick686@yahoo.com,-4099,,High_Value,Push,18-25,Low,357.75,0.28,True,False,False,,29,Electronics,12,10,2,3705.83,370.583,2024-07-05,2025-06-29,1,9,577.2,3128.63,Home,354.0,Dormant,True,False,True
297,Bryan,Franklin,bryan.franklin@hotmail.com,-10854,,Low_Value,Direct,36-45,Premium,96.69,0.8,False,True,True,,34,Sports,8,7,1,887.06,126.72285714285714,2024-09-09,2025-06-25,5,2,670.16,216.9,Books,358.0,Dormant,True,False,True
298,Charles,Morgan,charles30@gmail.com,-6079,,New_Customer,SMS,36-45,Medium,106.97,0.79,True,False,True,,22,Clothing,6,6,0,803.18,133.86333333333334,2024-08-16,2025-01-12,4,2,587.49,215.69,Sports,522.0,Dormant,True,False,True
299,Isaac,Frey,isaac702@outlook.com,-8411,,Medium_Value,Direct,55+,Premium,129.52,0.62,True,False,True,,18,Electronics,9,9,0,1272.37,141.37444444444444,2024-07-17,2025-05-01,2,7,391.57,880.8,Books,413.0,Dormant,True,False,True
300,Robert,Hoffman,roberthoffman@hotmail.com,-8395,,Low_Value,Social,26-35,Low,42.75,0.73,True,False,False,,31,Sports,8,8,0,331.88,41.485,2024-07-18,2025-06-11,1,7,61.66,270.22,Clothing,372.0,Dormant,True,False,True
301,Nichole,Reid,nicholereid@hotmail.com,-5392,,High_Value,Email,26-35,Unknown,278.41,0.36,False,True,True,,19,Clothing,8,7,1,1932.45,276.0642857142857,2024-08-16,2025-05-17,0,7,0.0,1932.45,Sports,397.0,Dormant,True,False,True
302,Teresa,Hensley,teresahensley@hotmail.com,-3296,,New_Customer,SMS,18-25,Low,37.49,0.52,False,True,True,,14,Books,14,11,3,468.15,42.55909090909091,2024-07-07,2025-05-30,3,8,171.41,296.74,Electronics,384.0,Dormant,True,False,True
303,Debra,Boyd,debraboyd@outlook.com,-5123,,High_Value,Email,46-55,Unknown,311.83,0.25,False,False,True,,35,Home,7,6,1,1831.39,305.2316666666667,2024-08-25,2025-05-22,0,6,0.0,1831.39,Clothing,392.0,Dormant,True,False,True
304,Charles,Bradford,charles964@gmail.com,-6837,,Low_Value,Direct,46-55,High,63.44,0.71,False,False,False,,49,Home,12,11,1,732.8,66.61818181818182,2024-07-19,2025-04-20,3,8,288.36,444.44,Clothing,424.0,Dormant,True,False,True
305,Jeffrey,Miller,jeffrey34@outlook.com,-9962,,New_Customer,Push,46-55,High,132.2,0.76,True,True,False,,30,Books,9,9,0,1409.3,156.5888888888889,2024-07-18,2025-05-27,4,5,693.24,716.06,Beauty,387.0,Dormant,True,False,True
306,Ross,Anderson,ross.anderson@hotmail.com,-6098,,High_Value,Push,55+,Premium,420.49,0.38,False,False,True,,21,Books,6,6,0,2838.64,473.1066666666667,2024-07-11,2025-05-13,1,5,670.22,2168.42,Home,401.0,Dormant,True,False,True
307,Kristina,Bowen,kristina.bowen@gmail.com,-8113,,Low_Value,Email,26-35,Low,61.91,0.66,False,False,False,,21,Home,11,8,3,499.65,62.45625,2024-09-02,2025-06-30,1,7,102.77,396.88,Sports,353.0,Dormant,True,False,True
308,Bradley,Cooper,bradley.cooper@hotmail.com,-3987,,Low_Value,Push,26-35,High,47.64,0.68,True,True,False,,33,Clothing,10,8,2,398.3,49.7875,2024-10-23,2025-03-09,1,7,52.89,345.41,Sports,466.0,Dormant,True,True,True
309,Amanda,Coleman,amanda285@outlook.com,-10906,,Medium_Value,Email,26-35,High,139.27,0.47,False,True,True,,37,Beauty,8,8,0,1292.21,161.52625,2024-09-03,2025-05-07,2,6,354.74,937.47,Beauty,407.0,Dormant,True,False,True
310,Luke,Reed,luke.reed@yahoo.com,-5766,,New_Customer,Email,46-55,Unknown,141.15,0.72,True,False,True,,38,Books,3,2,1,324.03,162.015,2024-12-01,2025-02-17,1,1,186.56,137.47,Books,486.0,Dormant,True,False,True
311,Tyler,Simpson,tyler429@outlook.com,-11626,,New_Customer,SMS,46-55,High,31.65,0.58,False,True,False,,28,Electronics,7,6,1,253.32,42.22,2024-07-12,2025-06-09,4,2,183.51,69.81,Beauty,374.0,Dormant,True,False,True
312,Mary,Davis,mary734@gmail.com,-6773,,Low_Value,SMS,46-55,Medium,71.8,0.71,False,False,True,,4,Sports,9,9,0,619.09,68.78777777777778,2024-08-03,2025-05-21,0,9,0.0,619.09,Books,393.0,Dormant,True,False,True
313,Alexander,Boyd,alexanderboyd@gmail.com,-8621,,Low_Value,Email,36-45,Premium,43.99,0.72,True,False,False,,27,Books,8,7,1,358.82,51.26,2024-08-18,2025-05-19,2,5,119.01,239.81,Home,395.0,Dormant,True,False,True
314,Holly,Johnson,holly.johnson@outlook.com,-10314,,New_Customer,Email,Unknown,Premium,88.17,0.63,True,True,True,,11,Home,3,3,0,346.13,115.37666666666667,2024-09-21,2025-06-04,3,0,346.13,0.0,Clothing,379.0,Dormant,True,False,True
315,Linda,Ellis,linda561@hotmail.com,-8806,,High_Value,Push,18-25,Medium,241.74,0.27,False,True,False,,13,Sports,9,7,2,1720.18,245.74,2024-08-17,2025-05-03,0,7,0.0,1720.18,Beauty,411.0,Dormant,True,True,True
316,Hannah,Diaz,hannah.diaz@outlook.com,-4329,,New_Customer,Push,46-55,Low,37.25,0.72,True,False,False,,41,Clothing,9,9,0,362.91,40.32333333333333,2024-09-01,2025-06-18,2,7,106.43,256.48,Electronics,365.0,Dormant,True,False,True
317,Christopher,Rosario,christopher924@gmail.com,-10150,,New_Customer,Direct,26-35,Premium,112.27,0.71,False,True,False,,24,Beauty,3,3,0,562.65,187.55,2024-09-23,2025-06-07,3,0,562.65,0.0,Home,376.0,Dormant,True,False,True
318,Mark,Williams,mark769@yahoo.com,-4483,,Low_Value,Social,26-35,High,41.76,0.78,True,False,True,,28,Sports,6,5,1,259.32,51.864,2024-09-29,2025-05-17,2,3,142.51,116.81,Beauty,397.0,Dormant,True,True,True
319,Kelsey,Newman,kelsey402@gmail.com,-9451,,New_Customer,Direct,18-25,High,114.85,0.65,False,True,False,,9,Sports,5,4,1,459.78,114.945,2024-08-25,2025-04-01,0,4,0.0,459.78,Electronics,443.0,Dormant,True,True,True
320,Eric,Beck,ericbeck@hotmail.com,-3102,,Low_Value,Email,36-45,Premium,45.87,0.75,True,False,False,,10,Beauty,17,15,2,743.93,49.595333333333336,2024-07-18,2025-06-26,5,10,294.44,449.49,Clothing,357.0,Dormant,True,False,True
321,Andrew,Hoover,andrew.hoover@gmail.com,-2404,,High_Value,Email,55+,High,254.24,0.38,True,False,True,,43,Beauty,6,3,3,661.56,220.52,2024-07-25,2025-03-26,0,3,0.0,661.56,Electronics,449.0,Dormant,True,False,True
322,Marie,Woodward,marie212@yahoo.com,-10683,,Medium_Value,Direct,55+,Premium,89.51,0.67,False,False,True,,24,Clothing,8,8,0,883.86,110.4825,2024-08-16,2025-06-25,3,5,424.67,459.19,Clothing,358.0,Dormant,True,False,True
323,Alexandra,Baldwin,alexandra79@gmail.com,-8531,,Medium_Value,Direct,46-55,Premium,149.35,0.65,False,True,True,,9,Beauty,7,6,1,1086.32,181.05333333333334,2024-12-12,2025-06-08,3,3,554.44,531.88,Electronics,375.0,Dormant,True,False,True
324,Jennifer,Sanchez,jennifer480@yahoo.com,-9777,,Low_Value,Email,36-45,Medium,98.95,0.6,True,False,True,,37,Home,7,6,1,697.99,116.33166666666666,2024-07-05,2025-07-03,2,4,263.86,434.13,Electronics,350.0,Dormant,True,False,True
325,Erik,Herring,erik110@yahoo.com,-9323,,Medium_Value,Email,55+,Medium,81.3,0.56,False,False,False,,31,Clothing,10,8,2,557.89,69.73625,2025-01-02,2025-06-05,0,8,0.0,557.89,Clothing,378.0,Dormant,True,False,True
326,Connor,Thornton,connorthornton@hotmail.com,-6678,,Low_Value,Push,36-45,High,67.91,0.71,False,True,True,,48,Sports,8,7,1,556.19,79.45571428571428,2024-08-22,2025-07-02,2,5,208.82,347.37,Clothing,351.0,Dormant,True,False,True
327,Martin,Lamb,martin.lamb@gmail.com,-4258,,High_Value,Push,55+,Medium,369.18,0.27,True,False,True,,46,Electronics,7,6,1,2477.09,412.84833333333336,2024-08-16,2025-06-28,2,4,1185.61,1291.48,Home,355.0,Dormant,True,True,True
328,Kevin,Fritz,kevinfritz@yahoo.com,-7007,,High_Value,Email,26-35,High,384.41,0.3,True,False,False,,38,Books,9,7,2,2701.86,385.98,2024-10-06,2025-05-28,1,6,463.1,2238.76,Sports,386.0,Dormant,True,False,True
329,Elizabeth,Morris,elizabethmorris@yahoo.com,-10340,,New_Customer,Email,26-35,Low,141.98,0.65,False,True,True,,49,Sports,10,8,2,1213.69,151.71125,2024-09-26,2025-05-25,1,7,246.62,967.07,Clothing,389.0,Dormant,True,False,True
330,Julia,Hernandez,julia.hernandez@gmail.com,-11161,,Medium_Value,Email,26-35,Medium,174.1,0.63,False,True,True,,15,Books,9,7,2,1463.29,209.04142857142858,2024-09-10,2025-06-10,1,6,264.74,1198.55,Home,373.0,Dormant,True,False,True
331,Marie,Smith,marie776@yahoo.com,-8220,,High_Value,Social,55+,High,338.68,0.37,False,True,True,,20,Clothing,8,5,3,1596.62,319.324,2024-08-27,2025-06-25,1,4,393.11,1203.51,Books,358.0,Dormant,True,False,True
332,Kimberly,Rodriguez,kimberly.rodriguez@outlook.com,-3570,,Medium_Value,Social,18-25,High,84.91,0.69,True,True,False,,24,Electronics,11,10,1,998.71,99.871,2024-08-27,2025-06-28,2,8,242.6,756.11,Electronics,355.0,Dormant,True,True,True
333,Logan,Kline,logan.kline@hotmail.com,-2728,,High_Value,Direct,26-35,Premium,334.51,0.4,False,True,True,,10,Home,7,5,2,1639.01,327.802,2024-08-20,2025-01-18,0,5,0.0,1639.01,Home,516.0,Dormant,True,True,True
334,Matthew,Arroyo,matthew.arroyo@outlook.com,-6515,,Medium_Value,SMS,36-45,Premium,97.58,0.67,True,True,True,,27,Sports,7,7,0,785.61,112.23,2024-07-07,2025-06-28,2,5,273.59,512.02,Home,355.0,Dormant,True,False,True
335,Jeffrey,Howell,jeffrey794@hotmail.com,-9466,,Low_Value,Push,18-25,Low,51.88,0.76,False,False,False,,12,Home,12,11,1,662.51,60.22818181818182,2024-07-14,2025-06-14,2,9,181.85,480.66,Beauty,369.0,Dormant,True,True,True
336,Victoria,Jones,victoria275@gmail.com,-6627,,New_Customer,SMS,46-55,Medium,92.16,0.53,True,False,False,,2,Sports,6,5,1,555.33,111.066,2024-09-15,2025-04-20,2,3,235.79,319.54,Books,424.0,Dormant,True,False,True
337,Parker,Lopez,parkerlopez@yahoo.com,-3864,,High_Value,Social,36-45,High,448.16,0.39,True,False,False,,4,Books,7,5,2,2543.13,508.626,2024-07-16,2025-03-28,0,5,0.0,2543.13,Books,447.0,Dormant,True,False,True
338,Brian,King,brian884@gmail.com,-7695,,Medium_Value,Push,18-25,Medium,160.75,0.49,False,False,False,,26,Books,6,6,0,1105.53,184.255,2024-08-22,2025-05-07,1,5,231.14,874.39,Beauty,407.0,Dormant,True,False,True
339,Joshua,Hopkins,joshuahopkins@hotmail.com,-11073,,New_Customer,Email,46-55,Low,41.87,0.79,False,False,False,,30,Clothing,7,7,0,324.11,46.30142857142857,2024-10-14,2025-05-29,2,5,108.86,215.25,Beauty,385.0,Dormant,True,True,True
340,Rachel,Carroll,rachel373@outlook.com,-3062,,Low_Value,Direct,55+,High,59.12,0.68,False,True,True,,14,Sports,7,6,1,397.19,66.19833333333334,2024-10-27,2025-05-13,1,5,76.49,320.7,Electronics,401.0,Dormant,True,False,True
341,David,Taylor,david.taylor@outlook.com,-6083,,Medium_Value,Push,26-35,Premium,154.9,0.58,False,True,True,,6,Clothing,5,4,1,619.23,154.8075,2024-10-29,2025-06-21,0,4,0.0,619.23,Sports,362.0,Dormant,True,False,True
342,David,Lynch,david.lynch@yahoo.com,-7620,,Medium_Value,SMS,18-25,Premium,172.04,0.43,False,False,False,,44,Books,7,7,0,1262.47,180.35285714285715,2024-07-05,2025-05-05,1,6,264.93,997.54,Sports,409.0,Dormant,True,False,True
343,Angela,Clements,angela.clements@hotmail.com,-5883,,High_Value,Social,18-25,High,346.6,0.36,False,False,True,,35,Sports,9,7,2,2804.37,400.6242857142857,2024-07-12,2025-06-14,2,5,1147.77,1656.6,Electronics,369.0,Dormant,True,False,True
344,Lynn,Aguilar,lynn.aguilar@gmail.com,-4730,,Medium_Value,Direct,18-25,Low,124.52,0.66,False,False,True,,37,Sports,7,6,1,847.63,141.27166666666668,2024-08-25,2025-05-07,1,5,188.54,659.09,Clothing,407.0,Dormant,True,False,True
345,Allison,Conner,allison867@yahoo.com,-11733,,Low_Value,Push,18-25,Premium,45.02,0.82,True,False,False,,21,Clothing,9,8,1,445.73,55.71625,2024-08-19,2025-05-31,3,5,226.72,219.01,Clothing,383.0,Dormant,True,False,True
346,Dale,Morris,dale.morris@gmail.com,-10524,,Medium_Value,Direct,36-45,Medium,177.57,0.52,False,False,False,,20,Home,8,7,1,1220.56,174.3657142857143,2024-07-11,2025-04-18,1,6,300.48,920.08,Home,426.0,Dormant,True,True,True
347,Theresa,Tucker,theresa364@yahoo.com,-3252,,Medium_Value,Email,55+,Unknown,138.59,0.48,False,False,False,,37,Electronics,2,2,0,392.59,196.295,2025-02-18,2025-06-22,1,1,245.28,147.31,Beauty,361.0,Dormant,True,False,True
348,James,Mason,james.mason@outlook.com,-3604,,Medium_Value,Social,26-35,Medium,184.5,0.63,True,True,True,,21,Clothing,13,8,5,1554.2,194.275,2024-07-07,2025-01-24,2,6,534.0,1020.2,Sports,510.0,Dormant,True,False,True
349,Ralph,Wilson,ralphwilson@outlook.com,-8397,,High_Value,Social,46-55,Premium,365.7,0.35,True,True,True,,34,Books,9,8,1,3043.27,380.40875,2024-09-19,2025-06-20,2,6,984.58,2058.69,Beauty,363.0,Dormant,True,True,True
350,Linda,Hart,linda.hart@outlook.com,-3641,,High_Value,SMS,Unknown,Premium,343.63,0.2,True,False,True,,0,Home,13,11,2,3893.65,353.9681818181818,2024-08-03,2025-06-22,1,10,551.12,3342.53,Sports,361.0,Dormant,True,False,True
351,Angela,Lopez,angelalopez@outlook.com,-8042,,Medium_Value,Direct,18-25,High,136.34,0.51,False,False,False,,34,Sports,10,7,3,944.33,134.90428571428572,2024-07-19,2025-05-18,0,7,0.0,944.33,Books,396.0,Dormant,True,True,True
352,Lucas,Parker,lucas.parker@gmail.com,-7879,,Low_Value,Direct,55+,Premium,29.8,0.79,False,True,False,,31,Home,8,8,0,273.08,34.135,2024-08-08,2025-06-08,4,4,169.57,103.51,Beauty,375.0,Dormant,True,False,True
353,Robert,Lewis,robertlewis@gmail.com,-8095,,New_Customer,Direct,Unknown,Low,50.02,0.78,True,True,False,,10,Home,4,3,1,149.01,49.67,2024-11-01,2025-01-31,0,3,0.0,149.01,Home,503.0,Dormant,True,False,True
354,Kendra,Brown,kendra710@gmail.com,-3677,,New_Customer,SMS,36-45,Premium,47.13,0.52,True,True,False,,33,Electronics,5,5,0,286.48,57.296,2024-07-21,2025-06-10,2,3,151.85,134.63,Sports,373.0,Dormant,True,False,True
355,Mark,Banks,markbanks@yahoo.com,-2067,,High_Value,Direct,36-45,Premium,153.48,0.28,True,True,True,,15,Electronics,5,4,1,587.93,146.9825,2024-08-04,2024-12-17,0,4,0.0,587.93,Books,548.0,Dormant,True,True,True
356,Joyce,Smith,joyce748@outlook.com,-6296,,Low_Value,Push,55+,Low,41.57,0.61,False,True,True,,28,Clothing,11,10,1,425.63,42.563,2024-09-08,2025-05-24,2,8,111.56,314.07,Books,390.0,Dormant,True,False,True
357,Alexander,Johnson,alexander.johnson@hotmail.com,-5103,,Medium_Value,Direct,18-25,Medium,144.1,0.47,False,True,True,,35,Home,9,8,1,1373.98,171.7475,2024-10-09,2025-05-13,3,5,598.81,775.17,Beauty,401.0,Dormant,True,False,True
358,Hannah,Clarke,hannah.clarke@yahoo.com,-4749,,Medium_Value,Email,46-55,Medium,76.61,0.57,True,True,True,,46,Clothing,5,5,0,486.39,97.278,2024-08-04,2025-05-06,1,4,125.8,360.59,Electronics,408.0,Dormant,True,False,True
359,Rebecca,Figueroa,rebecca.figueroa@hotmail.com,-10029,,Medium_Value,Email,36-45,Medium,90.8,0.51,False,False,True,,33,Sports,4,4,0,352.88,88.22,2025-01-24,2025-06-18,0,4,0.0,352.88,Home,365.0,Dormant,True,False,True
360,Rachel,Robinson,rachelrobinson@yahoo.com,-2197,,Low_Value,SMS,55+,Low,80.48,0.63,True,False,False,,23,Sports,11,9,2,770.42,85.60222222222222,2024-08-04,2025-06-26,0,9,0.0,770.42,Beauty,357.0,Dormant,True,False,True
361,Stephen,Hall,stephenhall@gmail.com,-10803,,New_Customer,Push,46-55,Premium,73.11,0.63,False,False,False,,7,Home,7,7,0,630.84,90.12,2024-07-21,2025-04-23,2,5,241.86,388.98,Home,421.0,Dormant,True,False,True
362,Ryan,Chapman,ryan.chapman@outlook.com,-10339,,Low_Value,Push,Unknown,Unknown,27.44,0.79,False,False,False,,45,Clothing,6,5,1,156.08,31.216,2024-08-17,2025-05-06,2,3,70.39,85.69,Sports,408.0,Dormant,True,False,True
363,Amanda,Wall,amandawall@gmail.com,-10446,,Low_Value,Push,46-55,Medium,36.11,0.65,False,True,True,,10,Books,4,4,0,189.11,47.2775,2024-07-13,2025-04-16,2,2,112.39,76.72,Sports,428.0,Dormant,True,False,True
364,Brian,Shannon,brian.shannon@yahoo.com,-2533,,High_Value,SMS,18-25,Premium,411.7,0.29,True,False,True,,4,Beauty,12,11,1,5260.7,478.24545454545455,2024-07-04,2025-06-18,1,10,644.01,4616.69,Electronics,365.0,Dormant,True,False,True
365,Corey,James,coreyjames@yahoo.com,-4539,,High_Value,Social,46-55,Medium,304.78,0.4,True,False,True,,1,Electronics,6,5,1,1829.4,365.88,2024-07-09,2025-05-18,2,3,1013.06,816.34,Sports,396.0,Dormant,True,False,True
366,Jessica,Hamilton,jessica720@yahoo.com,-3350,,High_Value,Social,36-45,Premium,404.39,0.37,True,False,False,,41,Sports,5,5,0,2086.6,417.32,2024-10-17,2025-04-16,0,5,0.0,2086.6,Electronics,428.0,Dormant,True,False,True
367,Christopher,Watts,christopherwatts@hotmail.com,-5540,,Medium_Value,SMS,55+,Medium,78.62,0.56,True,True,False,,16,Books,10,7,3,647.86,92.55142857142857,2024-08-03,2025-06-09,1,6,104.19,543.67,Beauty,374.0,Dormant,True,False,True
368,Andrew,Garrison,andrew632@outlook.com,-2075,,Low_Value,Push,26-35,Premium,73.16,0.64,False,True,True,,25,Books,8,5,3,446.89,89.378,2024-08-11,2025-03-03,1,4,123.16,323.73,Electronics,472.0,Dormant,True,False,True
369,Kristin,Pitts,kristinpitts@gmail.com,-3007,,High_Value,Push,18-25,Low,295.14,0.24,False,True,False,,50,Electronics,8,7,1,1970.17,281.45285714285717,2024-10-24,2025-04-08,0,7,0.0,1970.17,Books,436.0,Dormant,True,False,True
370,Lauren,Sherman,lauren.sherman@gmail.com,-3523,,High_Value,Email,36-45,Low,274.41,0.37,False,False,False,,47,Clothing,4,4,0,1037.81,259.4525,2024-07-14,2025-05-02,0,4,0.0,1037.81,Clothing,412.0,Dormant,True,False,True
371,Steven,Baker,stevenbaker@outlook.com,-5559,,Medium_Value,Email,55+,Medium,100.53,0.63,False,False,False,,23,Clothing,7,6,1,686.86,114.47666666666667,2024-09-03,2025-03-25,3,3,372.4,314.46,Beauty,450.0,Dormant,True,False,True
372,Melissa,Cordova,melissa612@gmail.com,-10434,,Low_Value,Push,55+,Medium,90.19,0.66,False,True,True,,46,Home,3,3,0,275.51,91.83666666666667,2024-10-10,2025-04-15,0,3,0.0,275.51,Beauty,429.0,Dormant,True,False,True
373,Denise,Thompson,denise.thompson@outlook.com,-10050,,Medium_Value,Push,55+,Premium,151.51,0.48,True,True,False,,3,Clothing,7,6,1,812.06,135.34333333333333,2024-07-24,2025-05-02,0,6,0.0,812.06,Beauty,412.0,Dormant,True,False,True
374,Kristopher,Valdez,kristophervaldez@yahoo.com,-4156,,Medium_Value,SMS,18-25,Premium,169.59,0.63,False,False,True,,21,Beauty,7,5,2,918.41,183.682,2024-12-31,2025-05-26,1,4,254.91,663.5,Electronics,388.0,Dormant,True,False,True
375,Cory,Marshall,cory.marshall@gmail.com,-6605,,Low_Value,Push,46-55,Premium,47.88,0.74,True,True,True,,25,Beauty,8,6,2,315.16,52.526666666666664,2024-07-21,2025-06-17,1,5,73.59,241.57,Sports,366.0,Dormant,True,True,True
376,Rebecca,Porter,rebeccaporter@outlook.com,-9915,,Medium_Value,Push,18-25,Medium,106.94,0.54,True,True,True,,43,Sports,5,4,1,533.1,133.275,2024-11-19,2025-05-18,2,2,273.39,259.71,Books,396.0,Dormant,True,True,True
377,Jessica,Schmidt,jessica.schmidt@gmail.com,-4918,,Low_Value,Push,46-55,High,59.73,0.64,True,True,True,,49,Home,10,10,0,665.07,66.507,2024-08-25,2025-03-19,3,7,250.19,414.88,Electronics,456.0,Dormant,True,True,True
378,Patrick,Thompson,patrickthompson@yahoo.com,-5558,,New_Customer,Direct,26-35,High,66.67,0.8,False,True,True,,2,Sports,12,11,1,746.39,67.85363636363637,2024-09-26,2025-07-02,4,7,314.69,431.7,Home,351.0,Dormant,True,True,True
379,Maria,Adams,maria348@outlook.com,-6081,,Medium_Value,Social,55+,Low,168.19,0.55,True,False,False,,23,Electronics,8,8,0,1414.81,176.85125,2024-07-04,2025-05-25,0,8,0.0,1414.81,Sports,389.0,Dormant,True,False,True
380,Brooke,Rodriguez,brookerodriguez@gmail.com,-2278,,Low_Value,Direct,26-35,Low,82.25,0.77,False,False,True,,22,Sports,8,7,0,624.06,89.15142857142857,2024-09-19,2025-04-22,1,6,132.2,491.86,Home,422.0,Dormant,True,True,True
381,Jo,Snow,jo.snow@hotmail.com,-6909,,New_Customer,Direct,36-45,Premium,108.21,0.78,True,False,True,,11,Books,3,2,1,163.19,81.595,2025-02-26,2025-05-01,0,2,0.0,163.19,Sports,413.0,Dormant,True,False,True
382,Stephanie,Wilson,stephanie132@gmail.com,-6870,,High_Value,Email,55+,Premium,490.73,0.24,False,False,False,,18,Home,8,6,2,2452.55,408.7583333333333,2024-07-21,2025-04-27,0,6,0.0,2452.55,Sports,417.0,Dormant,True,False,True
383,William,Johnson,william.johnson@hotmail.com,-7823,,High_Value,Direct,46-55,Premium,494.29,0.21,False,True,False,,41,Home,7,7,0,3642.77,520.3957142857142,2024-07-31,2025-04-04,0,7,0.0,3642.77,Electronics,440.0,Dormant,True,False,True
384,Joel,Heath,joelheath@hotmail.com,-7540,,Low_Value,SMS,18-25,Premium,58.76,0.6,True,False,True,,24,Sports,7,5,2,341.87,68.374,2025-01-22,2025-05-17,2,3,180.93,160.94,Beauty,397.0,Dormant,True,False,True
385,Vincent,Ramirez,vincent489@yahoo.com,-8538,,High_Value,SMS,26-35,High,207.43,0.24,False,False,False,,35,Sports,8,7,1,1536.5,219.5,2024-10-24,2025-06-16,1,6,292.04,1244.46,Sports,367.0,Dormant,True,False,True
386,Richard,Haley,richard.haley@yahoo.com,-9241,,High_Value,Social,36-45,Low,384.04,0.36,False,False,False,,28,Books,8,7,1,2465.55,352.2214285714286,2024-08-09,2025-05-26,0,7,0.0,2465.55,Beauty,388.0,Dormant,True,False,True
387,Christopher,Decker,christopher68@gmail.com,-7899,,Low_Value,SMS,26-35,High,46.08,0.61,False,True,False,,4,Sports,6,6,0,286.41,47.735,2024-08-21,2025-04-03,1,5,57.23,229.18,Clothing,441.0,Dormant,True,False,True
388,Amy,Stokes,amystokes@outlook.com,-8866,,New_Customer,Direct,46-55,Premium,59.51,0.64,True,False,False,,28,Clothing,9,8,1,585.64,73.205,2024-07-10,2025-06-22,3,5,272.79,312.85,Electronics,361.0,Dormant,True,True,True
389,Jeffrey,Solis,jeffreysolis@yahoo.com,-6804,,High_Value,Social,36-45,Premium,476.58,0.23,False,True,False,,47,Electronics,4,4,0,1760.72,440.18,2024-07-28,2025-01-13,0,4,0.0,1760.72,Electronics,521.0,Dormant,True,True,True
390,Sabrina,Solomon,sabrina245@outlook.com,-3700,,Low_Value,Push,55+,Medium,59.96,0.8,True,False,True,,18,Electronics,7,7,0,483.76,69.10857142857142,2024-08-09,2025-04-30,2,5,190.4,293.36,Beauty,414.0,Dormant,True,False,True
391,Daniel,Richard,daniel.richard@gmail.com,-2475,,Medium_Value,Email,26-35,Medium,126.96,0.42,True,True,True,,33,Sports,7,6,1,773.46,128.91,2024-12-18,2025-07-14,0,6,0.0,773.46,Home,339.0,Dormant,True,False,True
392,Michael,Palmer,michaelpalmer@yahoo.com,-9222,,High_Value,Direct,26-35,High,384.76,0.4,False,True,True,,12,Clothing,14,13,1,5590.37,430.02846153846156,2024-07-04,2025-06-27,2,11,1326.55,4263.82,Home,356.0,Dormant,True,False,True
393,Jason,Cox,jasoncox@outlook.com,-2720,,New_Customer,Push,18-25,High,140.64,0.62,True,False,True,,26,Home,8,5,2,803.19,160.638,2024-10-07,2025-06-08,1,4,248.75,554.44,Books,375.0,Dormant,True,False,True
394,Victoria,Jones,victoriajones@gmail.com,-9170,,High_Value,Direct,36-45,Low,204.4,0.24,False,True,False,,32,Sports,7,5,2,1106.08,221.216,2024-07-21,2025-06-02,0,5,0.0,1106.08,Home,381.0,Dormant,True,False,True
395,Michael,Smith,michael710@yahoo.com,-5095,,High_Value,Social,18-25,High,277.7,0.22,True,False,False,,42,Books,7,5,2,1334.6,266.92,2024-10-20,2025-02-20,0,5,0.0,1334.6,Books,483.0,Dormant,True,True,True
396,Felicia,Bradley,feliciabradley@hotmail.com,-5536,,High_Value,Email,46-55,Premium,479.51,0.38,True,False,False,,13,Clothing,6,6,0,3453.79,575.6316666666667,2024-07-18,2025-05-11,1,5,760.93,2692.86,Beauty,403.0,Dormant,True,False,True
397,David,Velazquez,david791@gmail.com,-6061,,Low_Value,SMS,18-25,Medium,81.72,0.62,False,True,False,,7,Electronics,6,5,1,403.71,80.742,2024-07-06,2025-06-04,1,4,135.22,268.49,Electronics,379.0,Dormant,True,False,True
398,Maria,Potts,maria.potts@gmail.com,-8621,,Medium_Value,Email,26-35,Premium,197.96,0.45,True,False,True,,15,Electronics,8,8,0,1600.48,200.06,2024-07-29,2025-06-04,1,7,260.51,1339.97,Clothing,379.0,Dormant,True,False,True
399,Leonard,Short,leonard522@hotmail.com,-2135,,New_Customer,Email,55+,Low,53.65,0.63,False,False,True,,21,Clothing,10,8,2,447.61,55.95125,2024-07-16,2025-06-25,2,6,139.96,307.65,Beauty,358.0,Dormant,True,True,True
400,Stephanie,Park,stephanie.park@gmail.com,-7514,,High_Value,Direct,18-25,Medium,360.08,0.33,True,True,False,,29,Home,5,4,1,1447.6,361.9,2024-11-06,2025-06-17,1,3,406.27,1041.33,Sports,366.0,Dormant,True,False,True
401,Daniel,Haley,daniel.haley@yahoo.com,-7107,,New_Customer,Email,36-45,Medium,65.84,0.67,False,True,False,,39,Clothing,13,13,0,922.09,70.93,2024-07-29,2025-07-02,4,9,376.95,545.14,Clothing,351.0,Dormant,True,False,True
402,Jason,Bailey,jason.bailey@hotmail.com,-9594,,New_Customer,Social,36-45,Premium,126.28,0.73,False,False,True,,6,Beauty,7,6,1,931.17,155.195,2024-09-07,2025-05-30,2,4,433.93,497.24,Beauty,384.0,Dormant,True,False,True
403,Joseph,Montgomery,josephmontgomery@yahoo.com,-6450,,New_Customer,Social,36-45,Low,89.68,0.52,True,True,False,,13,Sports,5,5,0,503.28,100.656,2024-08-23,2025-04-30,1,4,111.01,392.27,Clothing,414.0,Dormant,True,False,True
404,Mary,Davis,marydavis@outlook.com,-10438,,New_Customer,Social,46-55,Premium,40.97,0.55,False,True,False,,11,Beauty,9,8,1,379.46,47.4325,2024-08-13,2025-06-26,1,7,66.08,313.38,Books,357.0,Dormant,True,False,True
405,Sean,Giles,seangiles@outlook.com,-4927,,Medium_Value,SMS,18-25,High,127.64,0.53,True,True,False,,26,Home,2,1,1,200.94,200.94,2025-04-01,2025-04-01,1,0,200.94,0.0,Books,443.0,Dormant,True,False,True
406,Paige,Martinez,paige.martinez@outlook.com,-8522,,High_Value,SMS,36-45,Medium,156.81,0.3,False,True,False,,48,Electronics,7,6,1,936.6,156.1,2024-08-15,2025-04-27,0,6,0.0,936.6,Clothing,417.0,Dormant,True,False,True
407,Renee,Ingram,renee.ingram@yahoo.com,-2535,,Medium_Value,Push,Unknown,High,173.81,0.57,False,False,False,,37,Electronics,9,9,0,1861.79,206.86555555555555,2024-08-14,2025-05-19,2,7,538.82,1322.97,Beauty,395.0,Dormant,True,False,True
408,Amy,White,amywhite@yahoo.com,-5281,,New_Customer,Social,26-35,Medium,99.22,0.69,True,True,True,,41,Books,3,3,0,285.62,95.20666666666666,2024-07-29,2024-12-20,0,3,0.0,285.62,Books,545.0,Dormant,True,True,True
409,Alyssa,Munoz,alyssamunoz@outlook.com,-4211,,High_Value,Social,36-45,Medium,252.5,0.3,True,False,False,,8,Home,6,5,1,1388.57,277.714,2024-10-29,2025-06-09,0,5,0.0,1388.57,Clothing,374.0,Dormant,True,False,True
410,Todd,Larson,toddlarson@gmail.com,-4393,,New_Customer,SMS,55+,High,131.9,0.55,True,True,True,,37,Books,8,6,2,877.12,146.18666666666667,2024-11-05,2025-05-14,2,4,377.72,499.4,Beauty,400.0,Dormant,True,False,True
411,Justin,Spears,justinspears@gmail.com,-3944,,New_Customer,SMS,18-25,Medium,35.69,0.7,True,False,False,,12,Books,4,3,1,121.84,40.61333333333334,2024-12-27,2025-05-02,1,2,53.24,68.6,Books,412.0,Dormant,True,False,True
412,Douglas,Lee,douglaslee@outlook.com,-4176,,High_Value,Email,55+,Premium,327.73,0.27,True,True,True,,48,Home,5,5,0,1710.29,342.058,2024-10-27,2025-04-03,0,5,0.0,1710.29,Sports,441.0,Dormant,True,False,True
413,Beverly,Hall,beverlyhall@yahoo.com,-5584,,Medium_Value,SMS,46-55,Low,128.77,0.6,False,True,True,,46,Clothing,10,9,1,1193.91,132.65666666666667,2024-09-01,2025-05-08,1,8,143.38,1050.53,Beauty,406.0,Dormant,True,False,True
414,Susan,Alvarez,susanalvarez@outlook.com,-10783,,New_Customer,Push,18-25,Low,107.45,0.71,True,True,True,,15,Books,6,6,0,618.04,103.00666666666666,2024-10-06,2025-05-28,2,4,264.92,353.12,Sports,386.0,Dormant,True,True,True
415,William,Cox,william179@hotmail.com,-7634,,Medium_Value,SMS,Unknown,Low,166.51,0.48,True,False,False,,47,Beauty,10,7,3,1269.3,181.32857142857142,2024-10-02,2025-05-19,1,6,275.18,994.12,Sports,395.0,Dormant,True,False,True
416,Kyle,Lloyd,kyle555@hotmail.com,-10878,,New_Customer,Social,18-25,Premium,146.25,0.55,False,False,False,,2,Electronics,10,9,1,1358.97,150.99666666666667,2024-09-02,2025-06-08,0,9,0.0,1358.97,Clothing,375.0,Dormant,True,False,True
417,Robert,Walton,robertwalton@yahoo.com,-10138,,High_Value,Push,36-45,Premium,465.75,0.26,True,False,True,,27,Electronics,7,7,0,3380.82,482.9742857142857,2024-10-28,2025-05-16,2,5,1268.59,2112.23,Electronics,398.0,Dormant,True,False,True
418,Carol,Boyd,carol.boyd@hotmail.com,-6364,,High_Value,Push,46-55,Low,420.68,0.28,False,True,False,,38,Books,17,16,1,6755.31,422.206875,2024-07-07,2025-05-27,2,14,1205.93,5549.38,Beauty,387.0,Dormant,True,False,True
419,Donald,Mcgee,donaldmcgee@outlook.com,-7965,,Medium_Value,Social,26-35,High,77.84,0.43,False,True,True,,17,Sports,7,6,1,450.27,75.045,2024-08-08,2025-05-07,0,6,0.0,450.27,Electronics,407.0,Dormant,True,False,True
420,Pamela,Brown,pamela.brown@hotmail.com,-5154,,New_Customer,Direct,46-55,Low,73.92,0.69,False,True,True,,16,Books,7,6,1,542.67,90.445,2025-01-08,2025-05-27,3,3,316.11,226.56,Beauty,387.0,Dormant,True,False,True
421,Michael,Smith,michael15@yahoo.com,-9737,,High_Value,Direct,46-55,Low,265.74,0.2,False,True,True,,48,Home,7,6,1,1780.03,296.6716666666667,2024-08-07,2025-07-04,1,5,457.91,1322.12,Books,349.0,Dormant,True,False,True
422,Dustin,Robinson,dustin483@yahoo.com,-4954,,Low_Value,Push,26-35,Low,43.69,0.71,False,True,True,,10,Sports,3,3,0,146.99,48.99666666666667,2024-08-31,2025-05-22,0,3,0.0,146.99,Clothing,392.0,Dormant,True,False,True
423,Blake,Moore,blake.moore@hotmail.com,-9763,,New_Customer,Direct,26-35,Premium,66.71,0.59,True,False,True,,43,Home,4,4,0,294.47,73.6175,2024-10-12,2024-12-22,1,3,88.61,205.86,Beauty,543.0,Dormant,True,False,True
424,Jay,Garcia,jay.garcia@yahoo.com,-8641,,High_Value,Direct,26-35,High,198.33,0.36,False,True,True,,8,Clothing,7,5,2,1321.53,264.306,2024-12-19,2025-02-24,3,2,900.7,420.83,Sports,479.0,Dormant,True,True,True
425,Stephanie,Ferguson,stephanie636@yahoo.com,-6177,,High_Value,Social,26-35,Premium,413.12,0.39,True,True,True,,48,Clothing,8,6,2,2413.4,402.23333333333335,2024-09-23,2025-05-28,1,5,481.26,1932.14,Sports,386.0,Dormant,True,False,True
426,Andrea,Walker,andrea467@hotmail.com,-6747,,High_Value,Social,46-55,Medium,181.8,0.25,False,False,False,,22,Home,14,12,2,2287.73,190.64416666666668,2024-07-25,2025-06-19,1,11,263.7,2024.03,Beauty,364.0,Dormant,True,True,True
427,Maria,Johnson,mariajohnson@yahoo.com,-10657,,New_Customer,Social,18-25,Low,132.13,0.79,True,False,False,,37,Beauty,8,8,0,1301.87,162.73375,2024-08-02,2025-05-02,5,3,826.78,475.09,Beauty,412.0,Dormant,True,False,True
428,Andrew,Williams,andrewwilliams@yahoo.com,-3324,,Low_Value,Social,26-35,Unknown,78.92,0.71,True,True,True,,34,Sports,4,3,1,310.17,103.39,2024-08-25,2025-01-26,1,2,135.45,174.72,Beauty,508.0,Dormant,True,True,True
429,Amanda,Kirby,amanda.kirby@gmail.com,-6515,,New_Customer,Direct,46-55,Low,92.16,0.69,False,False,False,,48,Clothing,8,7,1,781.43,111.63285714285715,2024-07-28,2025-03-30,4,3,511.96,269.47,Electronics,445.0,Dormant,True,True,True
430,Katelyn,Coleman,katelyncoleman@yahoo.com,-7465,,Medium_Value,SMS,46-55,Low,104.41,0.65,False,False,False,,48,Books,13,11,2,1331.32,121.02909090909091,2024-07-14,2025-04-20,4,7,600.96,730.36,Sports,424.0,Dormant,True,True,True
431,Christina,Hill,christinahill@yahoo.com,-6240,,New_Customer,Social,46-55,Low,84.47,0.69,True,True,True,,21,Home,7,6,1,576.78,96.13,2024-07-09,2025-06-26,1,5,117.68,459.1,Electronics,357.0,Dormant,True,False,True
432,Erica,Smith,erica.smith@gmail.com,-4559,,New_Customer,Email,18-25,Premium,40.26,0.76,False,True,True,,30,Sports,4,4,0,167.93,41.9825,2024-07-20,2025-01-15,0,4,0.0,167.93,Clothing,519.0,Dormant,True,False,True
433,Felicia,Sanchez,feliciasanchez@outlook.com,-9746,,Medium_Value,Social,18-25,Medium,108.64,0.62,False,False,False,,2,Sports,11,10,1,1086.66,108.666,2024-07-26,2025-05-02,2,8,336.81,749.85,Electronics,412.0,Dormant,True,False,True
434,Ryan,Roberson,ryan347@outlook.com,-2257,,Medium_Value,Social,36-45,Premium,199.36,0.63,False,True,True,,5,Electronics,5,4,1,1005.28,251.32,2024-09-01,2025-07-03,2,2,603.5,401.78,Books,350.0,Dormant,True,True,True
435,David,Goodwin,david.goodwin@gmail.com,-5187,,Low_Value,SMS,46-55,Premium,55.1,0.83,True,True,False,,16,Home,1,1,0,74.37,74.37,2024-08-20,2024-08-20,1,0,74.37,0.0,Electronics,667.0,Dormant,True,True,True
436,Rhonda,Weber,rhondaweber@gmail.com,-2860,,Low_Value,Push,26-35,Medium,39.98,0.62,True,True,True,,22,Books,7,5,2,192.13,38.426,2025-01-15,2025-04-26,0,5,0.0,192.13,Books,418.0,Dormant,True,False,True
437,Julia,Massey,juliamassey@hotmail.com,-9891,,Low_Value,Social,26-35,Low,41.39,0.8,False,True,False,,3,Clothing,10,9,1,424.89,47.21,2024-09-10,2025-06-16,4,5,230.72,194.17,Beauty,367.0,Dormant,True,False,True
438,Sarah,Jimenez,sarah157@yahoo.com,-2985,,New_Customer,Email,36-45,Low,65.44,0.72,False,True,True,,39,Beauty,8,6,2,439.93,73.32166666666667,2024-10-18,2025-06-23,1,5,83.13,356.8,Home,360.0,Dormant,True,False,True
439,Heather,Pena,heather486@outlook.com,-5888,,High_Value,Direct,46-55,Medium,181.21,0.36,False,True,True,,21,Clothing,8,5,3,1092.5,218.5,2024-10-24,2025-06-03,2,3,537.22,555.28,Beauty,380.0,Dormant,True,True,True
440,Daniel,Oliver,daniel653@outlook.com,-9508,,New_Customer,Direct,26-35,Low,74.45,0.78,False,False,True,,22,Clothing,9,8,1,676.96,84.62,2024-07-29,2025-06-18,4,4,437.44,239.52,Books,365.0,Dormant,True,True,True
441,Kathryn,Delacruz,kathryn.delacruz@outlook.com,-3540,,New_Customer,Email,18-25,Low,69.31,0.55,False,False,False,,43,Electronics,5,5,0,363.13,72.626,2024-11-01,2025-04-25,0,5,0.0,363.13,Books,419.0,Dormant,True,False,True
442,Anita,Velazquez,anitavelazquez@outlook.com,-6015,,Medium_Value,Email,18-25,Medium,157.62,0.4,True,True,True,,13,Beauty,4,2,2,286.91,143.455,2024-09-21,2025-04-17,0,2,0.0,286.91,Electronics,427.0,Dormant,True,False,True
443,Emily,Keller,emily.keller@hotmail.com,-8984,,Low_Value,Push,46-55,Medium,43.83,0.71,False,True,False,,20,Clothing,8,6,2,361.67,60.278333333333336,2024-07-31,2025-04-08,3,3,211.9,149.77,Books,436.0,Dormant,True,False,True
444,Randall,Burnett,randall564@yahoo.com,-4421,,Low_Value,Push,Unknown,Medium,61.47,0.89,False,False,True,,36,Beauty,10,6,3,488.6,81.43333333333334,2024-07-22,2025-07-02,3,3,262.36,226.24,Books,351.0,Dormant,True,False,True
445,Lucas,Williams,lucas741@yahoo.com,-6457,,Medium_Value,Email,55+,Premium,185.3,0.7,True,False,False,,8,Electronics,11,10,1,2090.47,209.047,2024-07-15,2025-06-30,3,7,858.73,1231.74,Clothing,353.0,Dormant,True,False,True
446,Brian,Perez,brian.perez@hotmail.com,-6739,,New_Customer,SMS,26-35,Low,119.67,0.59,True,True,True,,43,Beauty,5,4,1,546.69,136.6725,2024-07-24,2025-06-24,1,3,210.95,335.74,Beauty,359.0,Dormant,True,False,True
447,Jesus,Jackson,jesus689@outlook.com,-7940,,Low_Value,Email,36-45,High,96.68,0.71,False,False,False,,5,Electronics,5,5,0,497.62,99.524,2024-07-08,2025-02-10,1,4,151.19,346.43,Sports,493.0,Dormant,True,False,True
448,Crystal,Strickland,crystalstrickland@outlook.com,-2124,,Low_Value,SMS,26-35,Medium,89.06,0.68,False,False,True,,37,Electronics,14,14,0,1313.56,93.82571428571428,2024-07-11,2025-03-11,4,10,474.21,839.35,Clothing,464.0,Dormant,True,False,True
449,Jennifer,Miller,jennifermiller@hotmail.com,-4037,,Medium_Value,Push,26-35,High,194.02,0.65,True,True,True,,0,Clothing,9,7,2,1446.8,206.68571428571428,2024-08-02,2025-06-08,2,5,517.17,929.63,Books,375.0,Dormant,True,False,True
450,Joseph,Smith,josephsmith@outlook.com,-10096,,High_Value,Email,Unknown,Unknown,322.23,0.3,False,True,False,,9,Clothing,10,9,1,3509.43,389.93666666666667,2024-07-18,2025-06-20,2,7,869.15,2640.28,Beauty,363.0,Dormant,True,False,True
451,Ian,Johnson,ian7@hotmail.com,-9960,,High_Value,Push,46-55,Low,284.65,0.39,False,True,True,,47,Electronics,5,5,0,1713.64,342.728,2024-09-28,2025-05-11,3,2,1235.56,478.08,Books,403.0,Dormant,True,False,True
452,Debbie,Rice,debbie887@gmail.com,-5021,,Low_Value,Social,46-55,High,73.9,0.82,False,True,True,,28,Beauty,6,5,1,325.41,65.082,2024-08-25,2025-05-05,0,5,0.0,325.41,Sports,409.0,Dormant,True,True,True
453,Evelyn,Roberts,evelyn.roberts@outlook.com,-8804,,Medium_Value,Direct,46-55,Medium,180.1,0.66,True,False,False,,50,Clothing,5,3,1,648.41,216.13666666666666,2024-12-25,2025-06-26,1,2,319.5,328.91,Sports,357.0,Dormant,True,False,True
454,Lisa,Gaines,lisagaines@gmail.com,-2403,,New_Customer,Social,36-45,Premium,88.48,0.53,False,False,True,,7,Home,8,5,3,448.87,89.774,2024-08-24,2024-12-23,2,3,249.61,199.26,Electronics,542.0,Dormant,True,False,True
455,Holly,Sparks,hollysparks@gmail.com,-3875,,High_Value,Push,26-35,Low,431.62,0.27,False,True,True,,34,Home,8,5,3,2219.92,443.984,2024-07-25,2025-04-20,1,4,563.14,1656.78,Electronics,424.0,Dormant,True,False,True
456,Jamie,Haynes,jamie172@hotmail.com,-2549,,Low_Value,Email,26-35,Low,62.44,0.69,False,False,False,,10,Electronics,13,12,1,805.75,67.14583333333333,2024-08-05,2025-07-02,3,9,272.51,533.24,Electronics,351.0,Dormant,True,False,True
457,Kathleen,Simon,kathleen.simon@hotmail.com,-9817,,High_Value,Email,46-55,High,305.73,0.36,False,True,True,,36,Electronics,6,6,0,1854.35,309.05833333333334,2024-08-04,2025-06-27,0,6,0.0,1854.35,Books,356.0,Dormant,True,False,True
458,Leslie,Thomas,leslie.thomas@outlook.com,-6394,,High_Value,Email,36-45,Medium,349.02,0.3,False,True,False,,29,Clothing,8,7,1,2855.93,407.99,2024-07-29,2025-06-25,2,5,1045.6,1810.33,Books,358.0,Dormant,True,False,True
459,Sydney,Garrett,sydney360@yahoo.com,-9020,,New_Customer,Push,18-25,Low,75.89,0.54,True,False,True,,8,Books,6,4,2,339.08,84.77,2024-07-17,2025-07-01,1,3,117.69,221.39,Beauty,352.0,Dormant,True,False,True
460,Ashley,Hancock,ashley150@hotmail.com,-7796,,High_Value,Social,36-45,Low,345.68,0.24,True,False,True,,0,Beauty,5,5,0,1959.67,391.934,2024-07-28,2025-06-15,0,5,0.0,1959.67,Sports,368.0,Dormant,True,False,True
461,Angela,Green,angela.green@gmail.com,-4069,,Medium_Value,SMS,55+,Premium,116.12,0.58,False,False,True,,44,Books,4,4,0,549.66,137.415,2024-08-19,2025-04-20,1,3,208.7,340.96,Electronics,424.0,Dormant,True,False,True
462,Carlos,Jordan,carlos.jordan@outlook.com,-7152,,High_Value,Email,26-35,Premium,385.78,0.2,True,False,False,,1,Clothing,3,2,1,877.17,438.585,2024-07-06,2024-07-17,0,2,0.0,877.17,Electronics,701.0,Dormant,True,False,True
463,Christopher,Davis,christopher440@outlook.com,-4950,,Medium_Value,Direct,46-55,High,198.58,0.54,True,True,False,,15,Electronics,9,8,1,1860.91,232.61375,2024-07-09,2025-07-03,4,4,1053.44,807.47,Sports,350.0,Dormant,True,False,True
464,Gina,Parker,ginaparker@outlook.com,-9908,,Medium_Value,Social,55+,High,168.66,0.4,False,True,True,,7,Clothing,11,10,1,1720.13,172.013,2024-07-04,2025-06-13,0,10,0.0,1720.13,Clothing,370.0,Dormant,True,True,True
465,Anthony,Campos,anthony.campos@yahoo.com,-5708,,High_Value,Direct,46-55,Premium,156.1,0.23,True,True,True,,37,Sports,6,6,0,1030.89,171.815,2024-08-15,2025-05-28,0,6,0.0,1030.89,Books,386.0,Dormant,True,True,True
466,Steven,Forbes,steven854@outlook.com,-7430,,Low_Value,Direct,26-35,Premium,83.12,0.68,False,True,False,,6,Books,8,8,0,799.25,99.90625,2024-09-25,2025-06-20,4,4,480.18,319.07,Sports,363.0,Dormant,True,False,True
467,Cheryl,Valdez,cheryl.valdez@outlook.com,-5790,,Medium_Value,SMS,26-35,Premium,137.82,0.58,True,False,True,,15,Beauty,9,7,2,1196.05,170.86428571428573,2024-07-29,2025-05-04,3,4,580.63,615.42,Sports,410.0,Dormant,True,False,True
468,Robert,Fisher,robert.fisher@gmail.com,-9762,,Medium_Value,Social,46-55,Low,197.76,0.69,True,False,True,,23,Clothing,5,5,0,1144.86,228.972,2025-02-03,2025-05-07,2,3,549.33,595.53,Clothing,407.0,Dormant,True,False,True
469,Jennifer,Brooks,jennifer570@hotmail.com,-6565,,Medium_Value,SMS,18-25,Medium,135.75,0.48,False,True,False,,43,Electronics,8,6,2,825.81,137.635,2024-08-04,2025-06-17,1,5,184.32,641.49,Sports,366.0,Dormant,True,True,True
470,Michael,Huerta,michaelhuerta@outlook.com,-7973,,Medium_Value,Direct,18-25,Premium,113.07,0.49,True,True,False,,26,Home,6,5,1,605.47,121.094,2024-07-06,2025-06-11,1,4,145.83,459.64,Electronics,372.0,Dormant,True,False,True
471,Tiffany,Hill,tiffany.hill@hotmail.com,-5235,,High_Value,SMS,18-25,Medium,336.84,0.31,True,True,True,,50,Books,6,5,0,2180.99,436.198,2024-09-12,2025-05-02,2,3,1108.79,1072.2,Home,412.0,Dormant,True,False,True
472,Sarah,Frazier,sarahfrazier@outlook.com,-6563,,New_Customer,SMS,36-45,Unknown,94.79,0.6,True,False,False,,7,Electronics,6,6,0,612.33,102.055,2024-08-13,2025-07-03,1,5,152.76,459.57,Beauty,350.0,Dormant,True,False,True
473,Laura,Delacruz,lauradelacruz@outlook.com,-4900,,New_Customer,Email,18-25,Low,98.02,0.75,False,True,False,,16,Books,10,10,0,1189.15,118.915,2024-08-11,2025-05-18,3,7,433.97,755.18,Books,396.0,Dormant,True,False,True
474,Hayden,Avila,hayden.avila@hotmail.com,-2289,,New_Customer,Email,26-35,High,32.1,0.54,False,True,False,,15,Beauty,8,5,3,157.83,31.566,2024-07-14,2025-04-14,0,5,0.0,157.83,Books,430.0,Dormant,True,True,True
475,Aaron,Gonzalez,aaron.gonzalez@yahoo.com,-6135,,High_Value,SMS,55+,Medium,376.35,0.27,False,False,True,,25,Electronics,6,5,1,2036.76,407.352,2024-10-27,2025-06-19,0,5,0.0,2036.76,Electronics,364.0,Dormant,True,True,True
476,Philip,Chung,philip78@gmail.com,-10295,,New_Customer,SMS,26-35,Medium,52.51,0.65,True,True,True,,21,Clothing,8,6,2,315.01,52.501666666666665,2024-08-25,2025-05-31,0,6,0.0,315.01,Clothing,383.0,Dormant,True,False,True
477,Stephanie,Edwards,stephanie448@hotmail.com,-4575,,High_Value,Direct,Unknown,Low,397.34,0.37,True,True,True,,3,Home,9,9,0,3809.49,423.27666666666664,2024-07-13,2025-04-27,3,6,1593.96,2215.53,Home,417.0,Dormant,True,False,True
478,Kimberly,Robertson,kimberly.robertson@gmail.com,-10971,,New_Customer,SMS,55+,Medium,143.38,0.64,True,False,False,,4,Beauty,7,6,1,1032.78,172.13,2024-11-13,2025-03-30,0,6,0.0,1032.78,Books,445.0,Dormant,True,True,True
479,David,Le,davidle@hotmail.com,-6862,,High_Value,Push,55+,Medium,328.8,0.31,False,False,True,,25,Beauty,8,6,2,2036.66,339.4433333333333,2024-10-15,2025-06-11,0,6,0.0,2036.66,Clothing,372.0,Dormant,True,False,True
480,Michelle,Bender,michelle412@hotmail.com,-3959,,High_Value,SMS,55+,Medium,338.97,0.32,True,True,True,,37,Electronics,5,5,0,1801.47,360.294,2024-08-07,2025-06-30,0,5,0.0,1801.47,Electronics,353.0,Dormant,True,False,True
481,James,Yoder,james.yoder@yahoo.com,-6628,,Medium_Value,SMS,36-45,Low,92.67,0.65,True,False,False,,19,Beauty,11,10,1,934.23,93.423,2024-07-18,2025-07-17,2,8,246.06,688.17,Electronics,336.0,Dormant,True,False,True
482,Deborah,Jones,deborah.jones@hotmail.com,-9916,,Medium_Value,SMS,36-45,Unknown,93.63,0.55,True,False,True,,48,Home,14,13,1,1416.84,108.98769230769231,2024-07-06,2025-06-29,2,11,265.45,1151.39,Sports,354.0,Dormant,True,True,True
483,Christopher,Rodriguez,christopher.rodriguez@outlook.com,-4853,,Medium_Value,Push,18-25,Low,110.36,0.62,False,False,False,,0,Books,6,5,1,579.71,115.942,2024-08-20,2025-05-01,0,5,0.0,579.71,Clothing,413.0,Dormant,True,False,True
484,Edward,Mccoy,edward.mccoy@hotmail.com,-4484,,New_Customer,Push,36-45,Unknown,87.87,0.66,False,False,False,,6,Electronics,6,5,1,430.03,86.006,2024-12-26,2025-05-22,0,5,0.0,430.03,Clothing,392.0,Dormant,True,False,True
485,Marcus,Williams,marcus129@outlook.com,-5014,,New_Customer,Push,55+,Premium,76.99,0.69,True,True,True,,19,Clothing,5,2,3,186.73,93.365,2024-08-10,2024-09-20,1,1,119.07,67.66,Clothing,636.0,Dormant,True,False,True
486,Gordon,Morales,gordonmorales@outlook.com,-2306,,New_Customer,Push,26-35,Premium,93.99,0.6,False,True,False,,34,Clothing,10,6,4,648.06,108.01,2024-07-20,2025-06-14,0,6,0.0,648.06,Beauty,369.0,Dormant,True,False,True
487,Grant,Hayes,granthayes@hotmail.com,-5200,,Medium_Value,Email,46-55,High,75.34,0.58,True,False,False,,6,Electronics,13,9,4,737.35,81.92777777777778,2024-08-27,2025-06-10,1,8,99.41,637.94,Clothing,373.0,Dormant,True,False,True
488,Trevor,Archer,trevor220@gmail.com,-10582,,High_Value,Push,46-55,High,182.35,0.28,False,False,True,,39,Electronics,10,8,2,1652.26,206.5325,2024-07-10,2025-06-06,1,7,285.17,1367.09,Clothing,377.0,Dormant,True,False,True
489,Douglas,Bennett,douglas415@gmail.com,-11036,,Medium_Value,Social,18-25,Premium,179.73,0.69,True,True,False,,13,Electronics,6,6,0,1004.63,167.43833333333333,2024-08-07,2025-03-08,0,6,0.0,1004.63,Clothing,467.0,Dormant,True,False,True
490,Leslie,Butler,lesliebutler@yahoo.com,-3665,,High_Value,SMS,55+,High,441.67,0.29,False,True,True,,35,Clothing,6,5,1,2407.38,481.476,2024-10-31,2025-05-19,1,4,767.41,1639.97,Clothing,395.0,Dormant,True,False,True
491,Emily,Miles,emily.miles@outlook.com,-11276,,New_Customer,Email,36-45,Medium,141.22,0.61,False,False,True,,50,Sports,9,8,1,1207.7,150.9625,2024-08-11,2025-06-25,1,7,239.48,968.22,Beauty,358.0,Dormant,True,False,True
492,Kari,Hughes,karihughes@outlook.com,-5290,,Medium_Value,Email,36-45,High,92.21,0.5,True,False,True,,35,Electronics,9,7,2,700.9,100.12857142857143,2024-09-09,2025-06-08,2,5,264.77,436.13,Books,375.0,Dormant,True,True,True
493,Andre,Lozano,andre.lozano@yahoo.com,-10335,,High_Value,Direct,18-25,Premium,386.68,0.36,False,False,False,,21,Clothing,9,6,3,2587.98,431.33,2024-08-10,2025-06-25,1,5,458.03,2129.95,Beauty,358.0,Dormant,True,False,True
494,Victoria,Nichols,victorianichols@hotmail.com,-5633,,Low_Value,Email,18-25,High,26.83,0.73,True,False,False,,13,Clothing,4,4,0,118.79,29.6975,2024-09-16,2025-03-07,1,3,37.61,81.18,Sports,468.0,Dormant,True,False,True
495,Wendy,Dougherty,wendydougherty@gmail.com,-9452,,New_Customer,Push,55+,Premium,46.56,0.64,False,False,False,,50,Sports,8,6,2,345.78,57.63,2024-07-30,2025-05-27,1,5,81.67,264.11,Beauty,387.0,Dormant,True,False,True
496,Daniel,Martinez,daniel.martinez@gmail.com,-9236,,Medium_Value,Social,36-45,Low,101.71,0.6,False,False,True,,28,Home,7,6,1,646.81,107.80166666666666,2024-09-26,2025-05-22,1,5,136.92,509.89,Books,392.0,Dormant,True,False,True
497,Christopher,Jones,christopherjones@gmail.com,-8355,,New_Customer,SMS,46-55,Low,47.82,0.51,True,False,False,,19,Sports,6,6,0,320.02,53.336666666666666,2024-07-07,2025-06-30,0,6,0.0,320.02,Electronics,353.0,Dormant,True,False,True
498,John,Beasley,johnbeasley@outlook.com,-8671,,Medium_Value,Push,26-35,Medium,142.07,0.47,False,False,False,,26,Sports,7,6,1,871.89,145.315,2024-08-09,2025-04-16,0,6,0.0,871.89,Books,428.0,Dormant,True,False,True
499,Brett,Gray,brett583@hotmail.com,-4977,,Low_Value,SMS,18-25,Low,68.62,0.77,False,False,True,,44,Sports,9,9,0,742.16,82.46222222222222,2024-07-10,2025-06-26,3,6,309.25,432.91,Home,357.0,Dormant,True,False,True
500,Barbara,Sullivan,barbarasullivan@yahoo.com,-7937,,Medium_Value,SMS,18-25,Medium,155.82,0.5,False,False,False,,10,Electronics,6,3,3,457.98,152.66,2024-07-21,2025-06-13,0,3,0.0,457.98,Home,370.0,Dormant,True,False,True
501,Martin,Thompson,martinthompson@hotmail.com,-3018,,Medium_Value,SMS,55+,Premium,195.55,0.58,False,False,False,,4,Electronics,6,4,2,933.63,233.4075,2025-03-28,2025-07-03,1,3,267.23,666.4,Sports,350.0,Dormant,True,False,True
502,Sara,Torres,sara596@hotmail.com,-8504,,High_Value,SMS,46-55,Low,248.71,0.24,True,True,False,,30,Electronics,6,6,0,1519.95,253.325,2024-07-09,2025-03-19,1,5,390.22,1129.73,Books,456.0,Dormant,True,False,True
503,Jonathan,Haney,jonathanhaney@yahoo.com,-4589,,High_Value,Social,36-45,Low,312.04,0.34,False,True,False,,27,Sports,7,6,1,2050.34,341.72333333333336,2024-07-30,2025-04-09,0,6,0.0,2050.34,Books,435.0,Dormant,True,False,True
504,Ronald,Bailey,ronald21@gmail.com,-6004,,Medium_Value,Push,26-35,Low,124.27,0.58,False,True,False,,43,Beauty,3,3,0,312.34,104.11333333333333,2024-10-08,2025-05-21,0,3,0.0,312.34,Clothing,393.0,Dormant,True,False,True
505,Natalie,Levy,natalie.levy@yahoo.com,-7605,,New_Customer,Push,55+,Premium,40.14,0.56,False,False,True,,30,Electronics,7,6,1,243.01,40.501666666666665,2024-09-01,2025-05-21,0,6,0.0,243.01,Beauty,393.0,Dormant,True,False,True
506,Jesus,Norman,jesus958@gmail.com,-5630,,New_Customer,Direct,46-55,Unknown,149.68,0.63,True,True,False,,46,Clothing,11,10,1,1599.93,159.993,2024-08-13,2025-06-29,1,9,247.53,1352.4,Sports,354.0,Dormant,True,False,True
507,Christine,Case,christine171@yahoo.com,-2120,,High_Value,Social,55+,Medium,423.12,0.37,False,False,False,,49,Sports,12,12,0,6001.98,500.165,2024-07-06,2025-05-19,2,10,1229.37,4772.61,Sports,395.0,Dormant,True,False,True
508,Steven,Scott,steven.scott@hotmail.com,-9953,,New_Customer,SMS,18-25,Premium,63.93,0.74,False,False,True,,14,Sports,7,5,2,323.57,64.714,2024-08-14,2025-04-12,0,5,0.0,323.57,Clothing,432.0,Dormant,True,False,True
509,Katherine,Medina,katherine.medina@yahoo.com,-3516,,High_Value,Social,18-25,Medium,448.27,0.24,False,True,False,,40,Clothing,5,4,1,1782.46,445.615,2024-10-27,2025-04-19,0,4,0.0,1782.46,Sports,425.0,Dormant,True,False,True
510,Tyler,Anderson,tyleranderson@gmail.com,-9256,,High_Value,Email,46-55,Medium,188.77,0.25,False,True,True,,30,Home,10,10,0,1839.92,183.992,2024-07-16,2025-07-02,0,10,0.0,1839.92,Home,351.0,Dormant,True,True,True
511,Michael,Blake,michaelblake@yahoo.com,-11277,,High_Value,Direct,Unknown,High,289.53,0.2,False,True,True,,12,Electronics,5,5,0,1552.82,310.564,2024-09-13,2025-03-05,1,4,349.09,1203.73,Home,470.0,Dormant,True,False,True
512,Billy,Howe,billy965@hotmail.com,-6767,,Medium_Value,Social,36-45,High,169.24,0.52,False,True,False,,10,Sports,11,11,0,2130.45,193.67727272727274,2024-08-07,2025-06-25,3,8,718.46,1411.99,Clothing,358.0,Dormant,True,True,True
513,Latoya,Valentine,latoya.valentine@yahoo.com,-7601,,High_Value,Push,18-25,Medium,290.1,0.23,False,True,True,,3,Electronics,6,4,2,1158.91,289.7275,2024-11-14,2025-05-12,0,4,0.0,1158.91,Beauty,402.0,Dormant,True,False,True
514,Michelle,Day,michelleday@yahoo.com,-3396,,New_Customer,Email,55+,Low,65.85,0.62,False,False,False,,9,Beauty,6,5,1,408.78,81.756,2024-08-12,2025-04-19,4,1,334.17,74.61,Home,425.0,Dormant,True,False,True
515,Amanda,Jones,amanda521@gmail.com,-7223,,New_Customer,Social,55+,Medium,122.58,0.73,True,False,False,,21,Clothing,7,5,2,590.56,118.112,2024-11-05,2025-05-02,0,5,0.0,590.56,Home,412.0,Dormant,True,True,True
516,Brianna,Walter,briannawalter@hotmail.com,-4258,,Medium_Value,Email,55+,Premium,165.85,0.56,True,True,False,,34,Beauty,7,7,0,1100.84,157.26285714285714,2024-08-01,2025-05-17,1,6,213.34,887.5,Clothing,397.0,Dormant,True,True,True
517,Michael,Vincent,michael913@outlook.com,-9861,,High_Value,Email,46-55,Unknown,232.47,0.25,False,False,False,,48,Sports,10,8,2,2118.73,264.84125,2024-07-05,2025-06-27,1,7,351.24,1767.49,Beauty,356.0,Dormant,True,False,True
518,Teresa,Garcia,teresa276@yahoo.com,-4625,,New_Customer,SMS,18-25,Low,118.14,0.51,False,False,True,,23,Clothing,9,7,2,953.52,136.21714285714285,2024-08-20,2025-07-03,2,5,341.6,611.92,Electronics,350.0,Dormant,True,False,True
519,Patricia,Garcia,patricia134@outlook.com,-10208,,New_Customer,Social,18-25,Low,103.48,0.7,True,True,False,,38,Electronics,10,8,2,915.68,114.46,2024-08-03,2025-06-16,2,6,310.14,605.54,Sports,367.0,Dormant,True,True,True
520,Lisa,Taylor,lisa.taylor@outlook.com,-7515,,New_Customer,Email,Unknown,Low,108.15,0.69,False,True,True,,31,Sports,7,6,1,776.15,129.35833333333332,2024-07-27,2025-06-21,3,3,439.41,336.74,Clothing,362.0,Dormant,True,False,True
521,Stacy,Irwin,stacy426@gmail.com,-9785,,Low_Value,SMS,26-35,Unknown,98.44,0.77,False,False,False,,28,Home,9,8,1,911.11,113.88875,2024-07-11,2025-06-07,3,5,388.99,522.12,Books,376.0,Dormant,True,False,True
522,Christopher,Taylor,christopher.taylor@yahoo.com,-3647,,High_Value,Social,26-35,High,206.86,0.38,True,False,True,,38,Books,10,8,2,1535.27,191.90875,2024-07-17,2025-06-10,0,8,0.0,1535.27,Electronics,373.0,Dormant,True,False,True
523,Marilyn,Delacruz,marilyn.delacruz@yahoo.com,-5594,,Medium_Value,Direct,46-55,High,198.61,0.51,False,False,True,,30,Electronics,4,3,1,781.61,260.5366666666667,2024-08-10,2024-11-08,1,2,325.03,456.58,Clothing,587.0,Dormant,True,False,True
524,Laura,Jefferson,laura.jefferson@yahoo.com,-2826,,High_Value,SMS,46-55,Unknown,401.36,0.28,True,True,False,,0,Electronics,4,2,2,1004.11,502.055,2024-08-05,2025-06-09,1,1,709.91,294.2,Clothing,374.0,Dormant,True,False,True
525,Patricia,Thomas,patricia.thomas@outlook.com,-10635,,New_Customer,Direct,36-45,High,44.62,0.59,False,False,False,,36,Clothing,7,6,1,316.33,52.721666666666664,2024-07-21,2025-06-15,3,3,183.81,132.52,Beauty,368.0,Dormant,True,False,True
526,Jeremy,Garcia,jeremy.garcia@gmail.com,-5482,,Medium_Value,Email,55+,Premium,102.61,0.41,True,True,False,,39,Books,4,3,1,370.3,123.43333333333334,2024-11-12,2025-04-26,1,2,136.73,233.57,Electronics,418.0,Dormant,True,False,True
527,Tonya,Ross,tonyaross@hotmail.com,-7449,,Low_Value,Direct,55+,Premium,95.6,0.89,False,False,True,,27,Electronics,8,8,0,845.32,105.665,2024-07-27,2025-05-27,1,7,154.63,690.69,Clothing,387.0,Dormant,True,False,True
528,Eddie,Fitzgerald,eddie202@gmail.com,-8705,,New_Customer,Push,Unknown,Low,147.33,0.7,True,False,True,,36,Clothing,7,7,0,1179.62,168.51714285714286,2024-08-19,2025-05-12,3,4,593.33,586.29,Home,402.0,Dormant,True,False,True
529,Nicholas,George,nicholasgeorge@gmail.com,-6143,,New_Customer,Social,46-55,High,128.35,0.74,False,False,True,,34,Books,7,6,1,923.41,153.90166666666667,2024-08-10,2025-05-10,2,4,405.14,518.27,Home,404.0,Dormant,True,False,True
530,Courtney,Shaw,courtney.shaw@gmail.com,-9562,,Low_Value,Social,55+,High,74.2,0.78,True,False,False,,15,Books,4,3,1,251.45,83.81666666666666,2024-11-07,2024-12-24,0,3,0.0,251.45,Books,541.0,Dormant,True,False,True
531,Gary,Williams,garywilliams@outlook.com,-9313,,New_Customer,Direct,26-35,Premium,82.25,0.52,False,True,False,,4,Beauty,8,8,0,724.51,90.56375,2024-07-28,2025-05-20,3,5,372.96,351.55,Electronics,394.0,Dormant,True,True,True
532,Kristin,Jennings,kristin489@outlook.com,-7350,,Low_Value,SMS,46-55,Unknown,77.88,0.81,True,False,False,,2,Sports,3,2,1,154.29,77.145,2024-09-18,2024-10-04,0,2,0.0,154.29,Electronics,622.0,Dormant,True,True,True
533,Richard,Allen,richard.allen@hotmail.com,-4698,,High_Value,Direct,18-25,Low,394.92,0.32,False,False,True,,37,Home,4,2,2,821.0,410.5,2025-02-04,2025-05-15,0,2,0.0,821.0,Electronics,399.0,Dormant,True,False,True
534,Dalton,Acevedo,dalton.acevedo@hotmail.com,-3776,,New_Customer,Social,Unknown,Premium,66.57,0.71,False,True,True,,39,Home,10,7,3,535.78,76.54,2024-10-18,2025-05-25,3,4,259.87,275.91,Electronics,389.0,Dormant,True,False,True
535,Matthew,Graham,matthew746@outlook.com,-9933,,Low_Value,Push,36-45,Premium,44.61,0.79,False,True,False,,42,Home,13,12,1,660.77,55.064166666666665,2024-09-10,2025-06-09,4,8,288.62,372.15,Sports,374.0,Dormant,True,True,True
536,Jessica,Brooks,jessica148@gmail.com,-3661,,High_Value,Push,18-25,Medium,461.32,0.37,True,False,False,,5,Clothing,8,7,1,3216.31,459.47285714285715,2024-09-17,2025-07-01,1,6,511.72,2704.59,Home,352.0,Dormant,True,False,True
537,Carlos,Lee,carloslee@gmail.com,-6683,,Low_Value,Push,18-25,Low,88.14,0.89,False,False,True,,47,Home,6,6,0,611.31,101.885,2024-11-22,2025-06-06,1,5,135.87,475.44,Books,377.0,Dormant,True,False,True
538,Ryan,Clark,ryanclark@gmail.com,-2481,,Medium_Value,SMS,55+,Medium,133.04,0.68,True,True,False,,14,Beauty,3,2,1,345.42,172.71,2024-08-13,2025-05-26,1,1,203.34,142.08,Sports,388.0,Dormant,True,False,True
539,Noah,Lewis,noah.lewis@hotmail.com,-3085,,New_Customer,Email,36-45,Premium,148.2,0.69,True,False,True,,23,Electronics,8,6,2,933.87,155.645,2024-08-31,2025-04-22,1,5,222.04,711.83,Books,422.0,Dormant,True,False,True
540,Jason,Oliver,jasonoliver@hotmail.com,-4220,,New_Customer,Email,46-55,Medium,63.69,0.79,False,True,True,,36,Books,7,6,1,384.43,64.07166666666667,2024-07-05,2025-02-26,1,5,88.44,295.99,Beauty,477.0,Dormant,True,False,True
541,Jeffrey,Watson,jeffrey182@yahoo.com,-2484,,High_Value,Direct,55+,Premium,263.33,0.32,True,True,True,,50,Electronics,3,3,0,898.51,299.50333333333333,2024-08-14,2025-02-22,1,2,402.79,495.72,Electronics,481.0,Dormant,True,False,True
542,Kelly,Owens,kelly546@hotmail.com,-4030,,Low_Value,Push,55+,High,82.42,0.66,True,False,True,,29,Beauty,3,2,1,191.39,95.695,2024-10-17,2025-01-15,0,2,0.0,191.39,Electronics,519.0,Dormant,True,False,True
543,Angel,Taylor,angel609@hotmail.com,-9501,,Low_Value,Direct,46-55,Medium,25.97,0.66,False,False,False,,50,Clothing,9,9,0,283.52,31.502222222222223,2024-07-12,2025-05-17,3,6,115.15,168.37,Sports,397.0,Dormant,True,True,True
544,Randy,Lambert,randy.lambert@yahoo.com,-4254,,Medium_Value,Email,55+,Low,105.03,0.56,False,False,False,,7,Beauty,10,8,2,843.26,105.4075,2024-08-03,2025-03-08,0,8,0.0,843.26,Books,467.0,Dormant,True,False,True
545,Gerald,Griffith,gerald.griffith@yahoo.com,-10323,,New_Customer,Email,55+,High,62.52,0.61,True,False,True,,43,Sports,10,7,3,528.5,75.5,2024-10-04,2025-06-14,3,4,267.07,261.43,Beauty,369.0,Dormant,True,False,True
546,Brooke,Ramos,brooke475@gmail.com,-7403,,High_Value,Direct,18-25,High,209.61,0.33,False,False,True,,4,Beauty,9,7,2,1700.63,242.94714285714286,2024-07-08,2025-06-08,3,4,917.47,783.16,Books,375.0,Dormant,True,False,True
547,Anthony,Carter,anthony.carter@yahoo.com,-11235,,Medium_Value,SMS,55+,High,199.01,0.52,False,False,True,,27,Sports,7,5,2,1017.49,203.498,2024-08-04,2025-04-22,0,5,0.0,1017.49,Sports,422.0,Dormant,True,False,True
548,John,Saunders,john278@hotmail.com,-9551,,High_Value,Direct,36-45,Premium,379.65,0.34,False,True,False,,19,Books,5,4,1,1455.24,363.81,2024-10-21,2025-05-14,0,4,0.0,1455.24,Clothing,400.0,Dormant,True,True,True
549,Amber,Anthony,amberanthony@outlook.com,-6417,,New_Customer,Direct,18-25,High,148.91,0.6,False,False,True,,36,Electronics,7,6,1,1134.5,189.08333333333334,2024-08-04,2025-05-31,3,3,694.52,439.98,Sports,383.0,Dormant,True,False,True
550,Norma,Shannon,norma.shannon@gmail.com,-4287,,New_Customer,Direct,55+,Low,92.75,0.53,True,True,False,,38,Clothing,8,6,1,586.83,97.805,2024-08-09,2025-06-01,0,6,0.0,586.83,Books,382.0,Dormant,True,False,True
551,Carrie,Alexander,carriealexander@gmail.com,-4437,,Low_Value,Social,36-45,High,85.93,0.68,False,False,False,,4,Electronics,9,7,2,599.63,85.66142857142857,2024-10-05,2025-05-02,1,6,105.2,494.43,Home,412.0,Dormant,True,False,True
552,Karen,Norton,karen555@gmail.com,-8107,,Low_Value,SMS,36-45,Low,86.92,0.71,False,False,True,,45,Sports,6,6,0,541.69,90.28166666666667,2024-11-03,2025-03-04,0,6,0.0,541.69,Home,471.0,Dormant,True,False,True
553,Louis,Stark,louis.starkoutlook.com,-7192,,New_Customer,Direct,18-25,Medium,44.38,0.54,False,True,True,,26,Sports,4,4,0,152.48,38.12,2024-09-08,2025-06-28,0,4,0.0,152.48,Books,355.0,Dormant,True,False,True
554,Stephen,Massey,stephen28@yahoo.com,-10121,,New_Customer,SMS,55+,Medium,111.69,0.69,False,True,True,,0,Clothing,6,5,1,653.67,130.734,2024-10-28,2025-06-01,1,4,166.65,487.02,Electronics,382.0,Dormant,True,False,True
555,Joshua,Daniels,joshua741@yahoo.com,-7360,,Low_Value,Push,18-25,Premium,31.24,0.68,False,False,False,,32,Sports,3,3,0,109.98,36.66,2024-07-05,2025-01-03,0,3,0.0,109.98,Home,531.0,Dormant,True,False,True
556,Tracy,Olsen,tracy477@gmail.com,-3174,,New_Customer,Direct,46-55,Medium,58.13,0.53,True,True,True,,22,Electronics,6,5,1,327.08,65.416,2024-07-20,2025-06-04,1,4,99.16,227.92,Beauty,379.0,Dormant,True,False,True
557,Joseph,Myers,joseph.myers@hotmail.com,-9397,,High_Value,Social,26-35,Medium,209.58,0.39,True,True,True,,2,Electronics,7,6,1,1391.76,231.96,2024-07-18,2025-07-03,1,5,343.11,1048.65,Clothing,350.0,Dormant,True,False,True
558,John,Delgado,john.delgadoyahoo.com,-3165,,High_Value,SMS,46-55,Medium,299.92,0.25,True,True,False,,37,Clothing,6,5,0,1462.35,292.47,2024-08-17,2025-04-04,0,5,0.0,1462.35,Electronics,440.0,Dormant,True,False,True
559,Cheryl,Castillo,cherylcastillo@outlook.com,-9905,,Low_Value,Direct,18-25,Low,31.69,0.7,True,False,True,,39,Clothing,8,7,1,249.84,35.691428571428574,2024-09-28,2025-06-13,2,5,76.26,173.58,Books,370.0,Dormant,True,False,True
560,Katie,Jenkins,katie.jenkins@gmail.com,-10799,,Medium_Value,SMS,18-25,Premium,101.15,0.49,False,False,False,,28,Electronics,2,2,0,208.81,104.405,2025-03-17,2025-04-30,0,2,0.0,208.81,Electronics,414.0,Dormant,True,True,True
561,Brian,Walter,brian358@gmail.com,-11642,,Low_Value,Social,26-35,Premium,95.53,0.85,False,False,False,,9,Beauty,11,11,0,1171.64,106.51272727272728,2024-07-10,2025-06-04,3,8,402.62,769.02,Home,379.0,Dormant,True,True,True
562,Amanda,Gonzales,amanda.gonzales@yahoo.com,-8414,,High_Value,Social,26-35,Low,312.93,0.37,False,False,True,,28,Books,8,6,2,2092.04,348.67333333333335,2024-07-25,2025-06-11,0,6,0.0,2092.04,Beauty,372.0,Dormant,True,False,True
563,Sheryl,Holmes,sheryl427@gmail.com,-10573,,Low_Value,Direct,Unknown,Low,71.86,0.62,False,True,True,,25,Electronics,3,2,1,154.64,77.32,2024-07-27,2025-05-29,0,2,0.0,154.64,Clothing,385.0,Dormant,True,False,True
564,Jennifer,Jackson,jenniferjackson@hotmail.com,-8760,,High_Value,Push,26-35,High,454.77,0.22,False,True,True,,40,Clothing,8,8,0,3653.54,456.6925,2024-09-03,2025-06-18,0,8,0.0,3653.54,Home,365.0,Dormant,True,False,True
565,Jennifer,Hooper,jennifer406@outlook.com,-7482,,High_Value,SMS,55+,High,385.13,0.27,True,False,True,,27,Sports,7,3,4,1300.91,433.63666666666666,2024-11-20,2025-05-22,1,2,526.41,774.5,Beauty,392.0,Dormant,True,False,True
566,Sara,Hernandez,sara846@gmail.com,-7462,,Low_Value,Email,18-25,Medium,38.74,0.68,True,True,True,,38,Electronics,9,8,1,316.21,39.52625,2024-07-12,2025-05-12,2,6,97.65,218.56,Books,402.0,Dormant,True,True,True
567,Lisa,Crosby,lisacrosby@gmail.com,-6066,,High_Value,Push,46-55,High,457.16,0.29,True,True,False,,19,Electronics,5,4,1,1943.65,485.9125,2024-07-31,2025-02-27,1,3,552.7,1390.95,Clothing,476.0,Dormant,True,False,True
568,Brian,Marsh,brianmarsh@yahoo.com,-8533,,New_Customer,SMS,55+,Medium,143.94,0.63,True,True,True,,20,Home,6,6,0,888.71,148.11833333333334,2024-07-17,2025-06-01,1,5,207.11,681.6,Electronics,382.0,Dormant,True,False,True
569,Melissa,White,melissa.white@gmail.com,-6749,,Low_Value,Social,18-25,High,92.53,0.87,True,False,True,,26,Clothing,7,6,1,683.15,113.85833333333333,2024-07-19,2025-04-28,3,3,419.29,263.86,Beauty,416.0,Dormant,True,False,True
570,Rebecca,Ferrell,rebecca807@hotmail.com,-4235,,Medium_Value,Push,46-55,High,177.47,0.47,False,False,True,,34,Beauty,7,6,1,1134.51,189.085,2024-07-15,2025-05-14,1,5,201.74,932.77,Clothing,400.0,Dormant,True,False,True
571,Kenneth,Schneider,kenneth.schneider@gmail.com,-9090,,High_Value,SMS,46-55,High,169.32,0.39,False,True,False,,6,Sports,5,5,0,1018.74,203.748,2024-08-24,2025-05-24,3,2,710.62,308.12,Beauty,390.0,Dormant,True,True,True
572,Lisa,Wilkins,lisa.wilkins@outlook.com,-7507,,High_Value,Social,46-55,Unknown,376.56,0.39,False,True,False,,44,Home,5,4,1,1774.7,443.675,2024-08-06,2025-03-17,1,3,563.76,1210.94,Electronics,458.0,Dormant,True,True,True
573,April,Anderson,april348@outlook.com,-6113,,Medium_Value,SMS,36-45,Premium,91.74,0.57,True,True,False,,15,Clothing,8,8,0,904.97,113.12125,2024-07-18,2025-08-01,5,3,681.18,223.79,Books,321.0,Dormant,True,False,True
574,Roberta,Rice,roberta421@outlook.com,-10534,,High_Value,Email,26-35,Medium,483.84,0.22,False,True,False,,5,Beauty,4,4,0,2309.74,577.435,2024-08-28,2025-03-19,1,3,839.71,1470.03,Sports,456.0,Dormant,True,False,True
575,Travis,Orr,travisorr@hotmail.com,-10332,,New_Customer,Email,55+,Premium,45.94,0.72,False,True,True,,31,Books,13,12,1,680.36,56.696666666666665,2024-08-09,2025-07-02,6,6,393.11,287.25,Sports,351.0,Dormant,True,True,True
576,Amber,Vaughan,amber983@outlook.com,-3150,,Medium_Value,SMS,Unknown,High,198.8,0.64,False,True,False,,20,Sports,10,7,3,1320.73,188.6757142857143,2024-08-27,2025-01-31,0,7,0.0,1320.73,Sports,503.0,Dormant,True,True,True
577,Adrienne,Green,adriennegreen@outlook.com,-7270,,New_Customer,Social,Unknown,Low,136.07,0.79,False,False,False,,30,Sports,9,9,0,1145.04,127.22666666666667,2024-07-11,2025-07-04,1,8,172.45,972.59,Books,349.0,Dormant,True,False,True
578,Lori,Moss,lorimoss@outlook.com,-7019,,New_Customer,Push,36-45,Medium,69.22,0.64,False,True,True,,38,Electronics,7,6,1,494.89,82.48166666666667,2024-08-06,2025-06-29,1,5,114.51,380.38,Sports,354.0,Dormant,True,False,True
579,Vicki,Jones,vicki179@hotmail.com,-2190,,Medium_Value,SMS,18-25,Low,110.52,0.51,False,True,False,,24,Home,9,6,3,826.73,137.78833333333333,2024-09-18,2025-06-15,2,4,328.86,497.87,Beauty,368.0,Dormant,True,True,True
580,Anna,Richard,annarichard@hotmail.com,-4020,,New_Customer,Email,46-55,Low,127.81,0.69,False,True,True,,20,Beauty,9,8,1,1107.21,138.40125,2024-08-02,2025-07-01,2,6,415.86,691.35,Electronics,352.0,Dormant,True,False,True
581,Timothy,Alexander,timothy.alexander@yahoo.com,-11256,,Medium_Value,Email,18-25,Medium,160.62,0.59,True,True,False,,13,Sports,7,6,1,1277.88,212.98,2024-07-24,2025-06-29,3,3,735.72,542.16,Sports,354.0,Dormant,True,False,True
582,Natalie,Clements,natalieclements@outlook.com,-5264,,Low_Value,Push,26-35,Medium,44.99,0.68,False,False,False,,33,Sports,6,6,0,274.85,45.80833333333333,2024-09-09,2025-05-03,1,5,72.87,201.98,Home,411.0,Dormant,True,False,True
583,William,Sullivan,william745@hotmail.com,-3782,,High_Value,SMS,36-45,Unknown,374.1,0.27,True,True,True,,2,Electronics,13,9,4,3711.49,412.3877777777778,2024-07-26,2025-07-04,0,9,0.0,3711.49,Electronics,349.0,Dormant,True,True,True
584,Doris,Mcdaniel,dorismcdaniel@outlook.com,-5313,,Low_Value,Push,46-55,Low,48.34,0.63,False,True,True,,8,Home,9,6,3,301.51,50.251666666666665,2024-08-08,2025-05-01,1,5,85.45,216.06,Sports,413.0,Dormant,True,False,True
585,Ruben,Donaldson,ruben.donaldson@outlook.com,-8179,,New_Customer,Push,26-35,Medium,65.82,0.79,False,False,False,,15,Clothing,6,5,1,398.06,79.612,2024-08-02,2025-03-05,3,2,275.21,122.85,Clothing,470.0,Dormant,True,True,True
586,Joan,Allison,joanallison@gmail.com,-8948,,Low_Value,Social,18-25,Unknown,37.03,0.78,False,False,True,,12,Sports,13,12,1,494.58,41.215,2024-08-22,2025-03-18,3,9,139.01,355.57,Electronics,457.0,Dormant,True,False,True
587,Elizabeth,Sullivan,elizabeth.sullivan@outlook.com,-2297,,Medium_Value,Push,18-25,Premium,155.07,0.42,False,False,False,,9,Home,11,8,3,1459.16,182.395,2024-09-01,2025-06-04,3,5,649.62,809.54,Home,379.0,Dormant,True,False,True
588,Anne,Miller,annemiller@yahoo.com,-7774,,Medium_Value,Push,55+,Low,90.2,0.51,False,False,True,,37,Books,9,7,2,678.99,96.99857142857142,2024-12-25,2025-06-05,2,5,235.18,443.81,Clothing,378.0,Dormant,True,False,True
589,Alexis,Fletcher,alexis.fletcher@outlook.com,-5462,,Low_Value,Push,46-55,Low,78.42,0.9,False,True,True,,38,Home,6,5,1,398.86,79.772,2024-07-06,2025-06-10,0,5,0.0,398.86,Books,373.0,Dormant,True,False,True
590,Teresa,Burgess,teresaburgess@hotmail.com,-4151,,High_Value,Email,46-55,Medium,436.64,0.39,True,True,True,,9,Home,10,9,1,4424.69,491.6322222222222,2024-07-19,2025-06-22,0,9,0.0,4424.69,Electronics,361.0,Dormant,True,False,True
591,Katrina,Barr,katrinabarr@yahoo.com,-3790,,Low_Value,Direct,36-45,Premium,47.54,0.73,False,False,True,,41,Books,6,6,0,272.17,45.361666666666665,2024-09-26,2025-05-17,0,6,0.0,272.17,Electronics,397.0,Dormant,True,False,True
592,Erik,Johnson,erik.johnsonhotmail.com,-7844,,Medium_Value,SMS,55+,Medium,134.36,0.63,True,False,True,,22,Clothing,7,7,0,1124.78,160.68285714285713,2024-07-06,2025-06-30,3,4,589.02,535.76,Home,353.0,Dormant,True,True,True
593,Scott,Howell,scott.howell@gmail.com,-4388,,New_Customer,SMS,18-25,Medium,81.94,0.66,False,True,False,,3,Electronics,6,4,2,346.66,86.665,2024-10-15,2025-04-14,1,3,121.14,225.52,Home,430.0,Dormant,True,False,True
594,Nicole,Ortega,nicoleortega@gmail.com,-6405,,High_Value,Push,46-55,Low,266.91,0.36,True,True,True,,30,Electronics,12,9,3,2287.89,254.21,2024-08-14,2025-06-16,1,8,347.12,1940.77,Books,367.0,Dormant,True,False,True
595,Mary,Richardson,mary.richardson@hotmail.com,-9331,,High_Value,Push,26-35,High,371.68,0.34,False,True,True,,19,Beauty,7,6,1,2093.15,348.85833333333335,2024-08-02,2025-07-02,0,6,0.0,2093.15,Beauty,351.0,Dormant,True,False,True
596,Brian,Fischer,brianfischer@outlook.com,-3867,,Medium_Value,Email,36-45,High,162.05,0.65,True,True,False,,6,Home,4,3,1,582.01,194.00333333333333,2024-07-11,2025-05-21,1,2,230.31,351.7,Books,393.0,Dormant,True,False,True
597,Robert,White,robertwhite@gmail.com,-10406,,Medium_Value,Email,36-45,High,136.63,0.7,True,True,False,,7,Beauty,8,6,2,883.41,147.235,2024-07-05,2025-06-26,1,5,164.64,718.77,Clothing,357.0,Dormant,True,False,True
598,Laura,Benson,laurabenson@gmail.com,-4189,,High_Value,Social,55+,High,370.51,0.27,False,True,False,,29,Home,7,7,0,2657.9,379.7,2024-08-05,2025-06-29,0,7,0.0,2657.9,Clothing,354.0,Dormant,True,False,True
599,Scott,Morrison,scott769@yahoo.com,-6718,,Low_Value,Push,26-35,Unknown,61.09,0.72,True,False,False,,27,Beauty,6,5,1,330.52,66.104,2024-07-17,2025-06-24,1,4,84.33,246.19,Clothing,359.0,Dormant,True,False,True
600,Travis,Jenkins,travisjenkins@yahoo.com,-6317,,New_Customer,SMS,26-35,Medium,37.82,0.63,False,True,False,,25,Clothing,3,2,1,61.51,30.755,2024-07-29,2025-04-30,0,2,0.0,61.51,Sports,414.0,Dormant,True,False,True
601,Robert,Mccoy,robert686@gmail.com,-6521,,Medium_Value,Social,18-25,Low,114.84,0.47,True,False,True,,12,Sports,7,6,1,776.79,129.465,2024-07-25,2025-07-02,1,5,166.45,610.34,Sports,351.0,Dormant,True,False,True
602,Tiffany,Hall,tiffanyhall@yahoo.com,-8748,,High_Value,Social,55+,Unknown,349.29,0.39,True,False,False,,14,Clothing,7,6,1,2133.41,355.5683333333333,2024-10-22,2025-06-12,0,6,0.0,2133.41,Clothing,371.0,Dormant,True,False,True
603,Chelsea,Fox,chelsea.fox@hotmail.com,-6875,,Medium_Value,SMS,46-55,Low,107.8,0.66,False,True,True,,28,Electronics,4,3,1,501.58,167.19333333333333,2024-08-08,2025-04-13,2,1,374.96,126.62,Beauty,431.0,Dormant,True,False,True
604,Alison,Castillo,alison280@outlook.com,-4415,,New_Customer,SMS,55+,Low,120.6,0.57,False,False,False,,7,Electronics,10,10,0,1396.01,139.601,2024-08-23,2025-06-22,4,6,757.87,638.14,Electronics,361.0,Dormant,True,False,True
605,Susan,Mcdaniel,susan196@hotmail.com,-7997,,Low_Value,Email,46-55,Unknown,59.34,0.61,True,False,True,,44,Home,10,9,1,604.09,67.1211111111111,2024-07-12,2025-06-08,1,8,102.78,501.31,Sports,375.0,Dormant,True,False,True
606,Ricardo,Andrade,ricardoandrade@gmail.com,-4776,,High_Value,SMS,36-45,Low,471.23,0.26,False,False,False,,29,Books,5,4,1,2326.31,581.5775,2024-08-20,2025-05-24,2,2,1409.07,917.24,Beauty,390.0,Dormant,True,True,True
607,Paige,Bridges,paigebridges@yahoo.com,-9220,,New_Customer,Social,36-45,High,100.13,0.58,False,False,False,,10,Home,10,8,2,909.73,113.71625,2024-07-31,2025-05-30,1,7,116.61,793.12,Clothing,384.0,Dormant,True,False,True
608,Stephanie,Cooper,stephaniecooper@yahoo.com,-7307,,New_Customer,Email,46-55,High,142.01,0.55,True,True,False,,37,Electronics,9,8,1,1347.34,168.4175,2024-07-04,2025-07-31,2,6,445.78,901.56,Clothing,322.0,Dormant,True,False,True
609,Frank,Thomas,frank.thomas@gmail.com,-1932,,High_Value,Email,55+,High,375.57,0.31,False,True,True,,26,Books,7,6,1,2103.18,350.53,2024-08-30,2025-06-09,0,6,0.0,2103.18,Books,374.0,Dormant,True,True,True
610,Edward,Fuentes,edward.fuentes@hotmail.com,-10109,,High_Value,Email,55+,Medium,479.38,0.3,True,False,True,,47,Beauty,6,6,0,2991.03,498.505,2024-08-27,2025-05-04,0,6,0.0,2991.03,Books,410.0,Dormant,True,False,True
611,Ralph,Collins,ralph.collins@outlook.com,-8698,,New_Customer,Push,46-55,Low,56.19,0.63,True,False,False,,24,Electronics,11,11,0,779.97,70.90636363636364,2024-08-23,2025-06-16,6,5,479.66,300.31,Beauty,367.0,Dormant,True,False,True
612,Karen,Cabrera,karen327@gmail.com,-5834,,New_Customer,Push,26-35,High,101.78,0.74,True,False,False,,41,Clothing,6,3,3,260.27,86.75666666666666,2024-08-29,2025-03-03,0,3,0.0,260.27,Electronics,472.0,Dormant,True,False,True
613,Brian,Payne,brian.payne@yahoo.com,-7231,,New_Customer,Email,26-35,Medium,113.04,0.78,True,True,False,,6,Beauty,6,4,2,485.3,121.325,2024-09-22,2025-04-10,1,3,187.07,298.23,Books,434.0,Dormant,True,False,True
614,Brittney,Snow,brittney.snow@hotmail.com,-2453,,New_Customer,Email,18-25,High,48.45,0.64,True,False,True,,2,Books,8,7,1,385.35,55.05,2024-07-14,2025-04-24,2,5,136.5,248.85,Home,420.0,Dormant,True,False,True
615,Timothy,Jones,timothy115@hotmail.com,-10203,,Low_Value,SMS,55+,Unknown,34.64,0.82,False,True,False,,25,Clothing,8,7,1,294.21,42.03,2024-07-22,2025-06-02,5,2,236.99,57.22,Books,381.0,Dormant,True,False,True
616,Rachel,Norman,rachel.norman@outlook.com,-7878,,Medium_Value,Push,55+,Premium,178.54,0.61,True,False,False,,19,Books,4,4,0,748.89,187.2225,2024-09-13,2024-12-09,0,4,0.0,748.89,Clothing,556.0,Dormant,True,False,True
617,Whitney,Keller,whitneykeller@yahoo.com,-5751,,High_Value,Push,18-25,High,396.71,0.32,True,True,False,,9,Home,10,8,2,3820.61,477.57625,2024-07-10,2025-06-12,3,5,1935.61,1885.0,Books,371.0,Dormant,True,False,True
618,Julia,Hensley,juliahensley@gmail.com,-6285,,New_Customer,SMS,46-55,Premium,94.46,0.75,False,True,False,,20,Home,4,4,0,397.69,99.4225,2024-10-08,2025-05-09,0,4,0.0,397.69,Sports,405.0,Dormant,True,True,True
619,Mary,Cameron,mary460@gmail.com,-10164,,New_Customer,Email,26-35,Unknown,121.67,0.68,True,True,False,,14,Sports,6,6,0,752.22,125.37,2024-08-13,2025-06-10,1,5,168.69,583.53,Sports,373.0,Dormant,True,False,True
620,Thomas,Lawson,thomaslawson@gmail.com,-8209,,Medium_Value,Push,26-35,Premium,192.71,0.67,False,True,True,,31,Home,8,8,0,1719.33,214.91625,2024-07-10,2025-05-22,2,6,602.99,1116.34,Books,392.0,Dormant,True,True,True
621,Ryan,Gallagher,ryan560@outlook.com,-5322,,Low_Value,SMS,36-45,Low,41.78,0.71,True,False,False,,0,Beauty,4,3,1,133.8,44.6,2024-12-14,2025-02-24,1,2,55.08,78.72,Home,479.0,Dormant,True,False,True
622,David,Weiss,davidweiss@yahoo.com,-7711,,New_Customer,SMS,36-45,Premium,106.39,0.75,True,False,False,,37,Beauty,11,8,2,1005.83,125.72875,2024-07-17,2025-03-26,2,6,369.29,636.54,Beauty,449.0,Dormant,True,True,True
623,Amanda,Harmon,amanda703@gmail.com,-10371,,Low_Value,Social,26-35,High,72.33,0.9,False,False,True,,33,Electronics,7,6,1,520.07,86.67833333333333,2024-07-10,2025-06-04,2,4,229.02,291.05,Sports,379.0,Dormant,True,False,True
624,Stacey,Carter,stacey.carter@hotmail.com,-11316,,High_Value,Push,26-35,Medium,187.91,0.23,False,True,True,,28,Electronics,5,4,1,787.51,196.8775,2024-09-09,2025-04-29,0,4,0.0,787.51,Home,415.0,Dormant,True,False,True
625,Brian,Graves,briangraves@yahoo.com,-9926,,Low_Value,Social,46-55,High,84.36,0.67,False,True,False,,42,Electronics,7,7,0,650.9,92.98571428571428,2024-10-02,2025-07-03,2,5,289.07,361.83,Beauty,350.0,Dormant,True,False,True
626,Elizabeth,Hernandez,elizabeth.hernandez@yahoo.com,-2951,,High_Value,SMS,46-55,Medium,220.99,0.29,False,True,False,,33,Home,9,8,1,1989.24,248.655,2024-07-26,2025-05-30,1,7,378.6,1610.64,Home,384.0,Dormant,True,False,True
627,Jacob,Perez,jacob.perez@hotmail.com,-7051,,New_Customer,Email,26-35,High,79.27,0.5,True,False,True,,6,Home,7,7,0,636.19,90.88428571428571,2024-08-18,2025-04-22,2,5,208.93,427.26,Electronics,422.0,Dormant,True,False,True
628,Kimberly,Anderson,kimberly25@gmail.com,-4860,,High_Value,Push,Unknown,Premium,365.73,0.28,False,True,False,,9,Sports,6,5,1,2104.14,420.828,2024-10-14,2025-05-19,1,4,464.03,1640.11,Sports,395.0,Dormant,True,False,True
629,Emily,Torres,emily.torres@yahoo.com,-9886,,New_Customer,SMS,55+,Unknown,121.64,0.78,True,False,False,,38,Books,9,7,2,831.75,118.82142857142857,2024-07-11,2025-06-29,2,5,346.95,484.8,Electronics,354.0,Dormant,True,True,True
630,Jennifer,Black,jenniferblack@gmail.com,-8219,,New_Customer,Push,18-25,High,117.46,0.52,True,False,False,,16,Beauty,9,8,1,962.91,120.36375,2024-07-12,2025-05-28,2,6,330.91,632.0,Electronics,386.0,Dormant,True,False,True
631,Amy,Lane,amylane@yahoo.com,-4578,,New_Customer,Push,55+,Medium,37.26,0.57,True,False,False,,16,Home,8,7,1,290.27,41.46714285714286,2024-10-22,2025-06-25,1,6,60.91,229.36,Beauty,358.0,Dormant,True,False,True
632,Lindsey,Young,lindseyyoung@hotmail.com,-2447,,High_Value,Direct,36-45,Unknown,304.95,0.24,False,True,True,,47,Beauty,11,10,1,3163.29,316.329,2024-07-07,2025-06-18,0,10,0.0,3163.29,Sports,365.0,Dormant,True,False,True
633,Corey,Thomas,corey.thomas@outlook.com,-5982,,Medium_Value,Social,18-25,High,195.76,0.46,True,True,True,,24,Sports,7,6,1,1311.51,218.585,2024-10-29,2025-06-03,2,4,489.46,822.05,Clothing,380.0,Dormant,True,False,True
634,Sheila,Smith,sheila8@outlook.com,-3408,,Medium_Value,Email,36-45,Premium,125.55,0.69,True,False,True,,40,Books,7,7,0,1036.16,148.02285714285713,2024-07-29,2025-06-19,2,5,381.85,654.31,Clothing,364.0,Dormant,True,False,True
635,Robert,Smith,robertsmith@outlook.com,-8957,,High_Value,Social,36-45,Medium,165.19,0.34,False,False,True,,20,Clothing,9,8,1,1592.18,199.0225,2024-08-23,2025-05-24,3,5,877.4,714.78,Books,390.0,Dormant,True,False,True
636,Donna,Miller,donna983@gmail.com,-6190,,High_Value,Push,26-35,High,478.23,0.32,False,True,False,,39,Electronics,14,12,2,6502.14,541.845,2024-07-04,2025-05-08,2,10,1347.66,5154.48,Home,406.0,Dormant,True,False,True
637,Donald,Peters,donald.peters@hotmail.com,-8515,,Medium_Value,Push,36-45,Premium,86.41,0.63,True,False,True,,12,Sports,2,2,0,170.7,85.35,2025-05-14,2025-05-26,0,2,0.0,170.7,Sports,388.0,Dormant,True,False,True
638,Sean,James,sean.james@outlook.com,-3123,,Low_Value,Social,26-35,Premium,26.68,0.89,False,False,True,,13,Beauty,8,7,1,239.51,34.215714285714284,2024-08-16,2025-02-21,4,3,161.11,78.4,Clothing,482.0,Dormant,True,False,True
639,Diana,Cooke,diana111@yahoo.com,-8469,,Low_Value,Push,46-55,Premium,64.86,0.61,True,False,False,,44,Books,9,8,1,503.15,62.89375,2024-07-05,2025-07-03,2,6,152.47,350.68,Beauty,350.0,Dormant,True,False,True
640,Casey,Case,casey643@outlook.com,-3492,,Medium_Value,Direct,55+,High,100.7,0.47,True,False,True,,39,Electronics,8,8,0,836.14,104.5175,2024-08-25,2025-06-13,1,7,140.34,695.8,Electronics,370.0,Dormant,True,False,True
641,Meagan,Diaz,meagan.diazhotmail.com,-7871,,New_Customer,Push,46-55,High,54.41,0.56,True,True,False,,44,Clothing,5,5,0,272.15,54.43,2024-11-05,2025-05-26,1,4,69.79,202.36,Clothing,388.0,Dormant,True,False,True
642,Jacqueline,Lewis,jacqueline875@gmail.com,-7476,,Medium_Value,Social,26-35,Medium,111.63,0.41,False,False,False,,50,Sports,1,1,0,135.59,135.59,2025-01-02,2025-01-02,1,0,135.59,0.0,Beauty,532.0,Dormant,True,False,True
643,Samuel,Gonzalez,samuel889@gmail.com,-8949,,Low_Value,Email,26-35,Premium,26.63,0.6,True,False,True,,20,Sports,6,5,1,134.16,26.832,2024-08-20,2025-03-03,0,5,0.0,134.16,Clothing,472.0,Dormant,True,False,True
644,Craig,Harrison,craig104@yahoo.com,-6659,,Medium_Value,SMS,36-45,Low,107.24,0.59,True,False,True,,13,Home,5,4,1,535.44,133.86,2024-10-21,2025-06-09,3,1,446.22,89.22,Books,374.0,Dormant,True,False,True
645,David,Kramer,davidkramer@gmail.com,-6508,,Medium_Value,Email,26-35,Medium,197.12,0.62,True,True,True,,12,Sports,6,6,0,1334.75,222.45833333333334,2024-07-31,2025-06-30,0,6,0.0,1334.75,Books,353.0,Dormant,True,False,True
646,Sergio,Mcmahon,sergio767@yahoo.com,-5091,,High_Value,Social,26-35,Low,424.35,0.38,True,False,False,,13,Electronics,10,9,1,4106.71,456.3011111111111,2024-07-22,2025-06-21,1,8,728.52,3378.19,Beauty,362.0,Dormant,True,False,True
647,Nancy,Fuentes,nancyfuentes@gmail.com,-7799,,High_Value,Email,36-45,Low,398.14,0.21,True,False,True,,28,Sports,4,3,1,1309.83,436.61,2024-09-21,2025-06-23,0,3,0.0,1309.83,Home,360.0,Dormant,True,False,True
648,Angelica,Graham,angelica808@hotmail.com,-6493,,Low_Value,Push,18-25,Premium,37.84,0.84,True,True,True,,30,Books,10,7,3,319.42,45.63142857142857,2024-08-03,2025-04-07,3,4,166.72,152.7,Home,437.0,Dormant,True,False,True
649,Philip,Carrillo,philip567@hotmail.com,-5746,,Low_Value,Email,36-45,Medium,86.31,0.88,True,False,False,,24,Clothing,10,8,2,728.02,91.0025,2024-08-08,2025-05-12,2,6,263.88,464.14,Books,402.0,Dormant,True,False,True
650,Edward,Greene,edwardgreene@gmail.com,-5398,,High_Value,Email,55+,Low,345.65,0.23,False,False,True,,7,Beauty,10,8,2,3142.74,392.8425,2024-07-10,2025-01-03,2,6,1094.09,2048.65,Home,531.0,Dormant,True,False,True
651,Justin,Juarez,justin558@outlook.com,-8465,,Low_Value,SMS,36-45,High,52.01,0.83,True,False,True,,4,Books,9,8,1,543.93,67.99125,2024-07-16,2025-01-22,2,6,183.79,360.14,Beauty,512.0,Dormant,True,False,True
652,Cassandra,Smith,cassandrasmith@hotmail.com,-9432,,Medium_Value,Direct,Unknown,Medium,104.84,0.52,False,False,False,,4,Electronics,5,5,0,589.14,117.828,2024-08-12,2025-06-23,0,5,0.0,589.14,Books,360.0,Dormant,True,False,True
653,Jonathan,Peterson,jonathan.peterson@hotmail.com,-7811,,Low_Value,Email,46-55,Medium,80.15,0.73,False,False,True,,11,Beauty,6,6,0,651.25,108.54166666666667,2024-07-13,2025-06-11,4,2,506.1,145.15,Beauty,372.0,Dormant,True,False,True
654,Kari,Reynolds,kari.reynolds@hotmail.com,-5452,,Low_Value,Direct,26-35,Medium,98.06,0.72,False,False,True,,27,Home,5,4,1,381.81,95.4525,2024-12-15,2025-05-18,0,4,0.0,381.81,Books,396.0,Dormant,True,False,True
655,Thomas,Davis,thomas922@outlook.com,-3892,,Low_Value,Direct,55+,High,35.03,0.9,False,True,True,,29,Electronics,6,5,1,182.31,36.462,2024-11-20,2025-05-14,1,4,41.01,141.3,Electronics,400.0,Dormant,True,False,True
656,Timothy,Henderson,timothy.henderson@yahoo.com,-5346,,High_Value,Email,18-25,High,308.55,0.22,True,True,True,,6,Electronics,4,4,0,1225.83,306.4575,2024-07-23,2025-04-17,1,3,345.71,880.12,Home,427.0,Dormant,True,False,True
657,Scott,White,scottwhite@yahoo.com,-9048,,High_Value,Social,46-55,High,449.27,0.22,True,True,True,,26,Sports,5,5,0,2005.4,401.08,2024-07-15,2025-06-01,0,5,0.0,2005.4,Beauty,382.0,Dormant,True,False,True
658,Kenneth,Stevenson,kenneth.stevenson@yahoo.com,-8807,,Medium_Value,SMS,18-25,Unknown,145.05,0.46,True,False,False,,31,Books,8,6,2,1059.4,176.56666666666666,2024-12-17,2025-06-28,3,3,601.71,457.69,Sports,355.0,Dormant,True,False,True
659,Michael,Hunt,michaelhunt@outlook.com,-7005,,Medium_Value,Push,36-45,High,109.2,0.48,False,False,True,,41,Clothing,6,5,1,542.07,108.414,2024-08-12,2025-02-27,0,5,0.0,542.07,Clothing,476.0,Dormant,True,False,True
660,Stefanie,Jones,stefanie.jones@yahoo.com,-11449,,High_Value,Social,18-25,High,375.74,0.23,False,False,True,,38,Books,8,6,2,2599.03,433.1716666666667,2024-07-21,2025-07-03,1,5,646.33,1952.7,Electronics,350.0,Dormant,True,False,True
661,Tami,Hickman,tami663@outlook.com,-6872,,Medium_Value,Direct,46-55,Medium,195.51,0.52,False,True,True,,15,Books,8,6,2,1485.17,247.52833333333334,2024-08-02,2025-06-26,3,3,867.98,617.19,Home,357.0,Dormant,True,False,True
662,William,Prince,williamprince@yahoo.com,-4773,,High_Value,Email,55+,Unknown,202.67,0.23,True,True,False,,10,Electronics,8,6,2,1160.32,193.38666666666666,2024-07-12,2025-05-16,0,6,0.0,1160.32,Sports,398.0,Dormant,True,False,True
663,Ashley,Jackson,ashleyjackson@outlook.com,-7998,,Medium_Value,Direct,26-35,High,138.37,0.68,False,True,True,,37,Sports,6,6,0,979.9,163.31666666666666,2024-08-31,2025-01-08,2,4,373.42,606.48,Clothing,526.0,Dormant,True,False,True
664,Amy,Figueroa,amy.figueroa@hotmail.com,-3730,,High_Value,Direct,55+,High,229.96,0.24,False,False,True,,27,Sports,10,9,1,2224.19,247.13222222222223,2024-07-05,2025-04-11,0,9,0.0,2224.19,Beauty,433.0,Dormant,True,True,True
665,Jessica,Medina,jessica.medina@gmail.com,-4509,,New_Customer,Social,18-25,High,73.73,0.65,False,False,False,,7,Electronics,10,8,2,702.4,87.8,2024-07-13,2025-05-22,4,4,392.68,309.72,Clothing,392.0,Dormant,True,False,True
666,Mandy,Jones,mandy352@gmail.com,-6793,,High_Value,Push,26-35,Unknown,249.64,0.35,False,True,False,,19,Sports,9,8,1,2069.55,258.69375,2024-10-31,2025-06-10,1,7,354.57,1714.98,Books,373.0,Dormant,True,False,True
667,William,Smith,william.smith@hotmail.com,-9962,,Low_Value,Direct,18-25,High,99.37,0.77,False,False,True,,10,Electronics,7,6,1,742.47,123.745,2024-07-11,2025-05-27,3,3,463.76,278.71,Electronics,387.0,Dormant,True,True,True
668,Cassandra,Carter,cassandracarter@outlook.com,-6308,,New_Customer,SMS,46-55,Medium,37.75,0.56,False,True,False,,3,Clothing,6,6,0,270.82,45.13666666666666,2024-07-09,2025-06-30,3,3,163.35,107.47,Home,353.0,Dormant,True,False,True
669,Kristen,Chavez,kristen625@outlook.com,-8197,,Medium_Value,Social,26-35,Low,113.72,0.42,False,True,True,,8,Home,15,12,3,1370.96,114.24666666666667,2024-07-17,2025-06-29,2,10,334.77,1036.19,Home,354.0,Dormant,True,False,True
670,Lisa,Davies,lisa985@yahoo.com,-6558,,High_Value,Email,Unknown,Premium,309.86,0.4,True,False,False,,19,Sports,9,8,1,2831.09,353.88625,2024-08-08,2025-02-17,1,7,393.05,2438.04,Books,486.0,Dormant,True,False,True
671,Ruth,Williams,ruth238@yahoo.com,-10674,,Medium_Value,Email,26-35,Medium,102.72,0.41,False,True,True,,40,Home,5,4,1,368.43,92.1075,2024-08-03,2025-03-14,0,4,0.0,368.43,Books,461.0,Dormant,True,False,True
672,Tiffany,Acosta,tiffanyacosta@gmail.com,-5200,,High_Value,Direct,46-55,High,333.7,0.23,False,False,False,,38,Electronics,2,2,0,722.39,361.195,2024-09-23,2024-12-03,0,2,0.0,722.39,Sports,562.0,Dormant,True,False,True
673,Kristen,Butler,kristen.butler@outlook.com,-6345,,New_Customer,Email,36-45,Premium,75.11,0.51,True,True,False,,15,Beauty,8,4,4,372.05,93.0125,2025-01-21,2025-06-30,1,3,116.64,255.41,Books,353.0,Dormant,True,False,True
674,John,Harrell,john.harrell@hotmail.com,-4218,,Medium_Value,Direct,46-55,Medium,195.26,0.52,False,True,False,,13,Clothing,6,6,0,1278.33,213.055,2024-07-16,2025-07-03,1,5,268.11,1010.22,Clothing,350.0,Dormant,True,False,True
675,Kimberly,Gray,kimberly.gray@yahoo.com,-5836,,Low_Value,Email,26-35,High,92.66,0.84,False,True,False,,42,Home,5,5,0,556.29,111.258,2024-07-24,2025-05-13,3,2,387.71,168.58,Clothing,401.0,Dormant,True,False,True
676,Michelle,Guerra,michelleguerra@hotmail.com,-10719,,New_Customer,Direct,36-45,Low,129.52,0.72,False,False,True,,34,Sports,11,9,2,1252.94,139.21555555555557,2024-07-12,2025-04-25,2,7,379.98,872.96,Home,419.0,Dormant,True,False,True
677,Dorothy,Lozano,dorothy.lozano@outlook.com,-2462,,Medium_Value,SMS,55+,Low,176.22,0.59,False,True,True,,5,Clothing,6,4,2,726.67,181.6675,2024-07-10,2025-03-24,0,4,0.0,726.67,Clothing,451.0,Dormant,True,False,True
678,Jason,Ortiz,jason.ortiz@outlook.com,-5868,,High_Value,Social,18-25,Medium,239.62,0.39,True,False,True,,37,Clothing,6,5,1,1462.55,292.51,2024-07-30,2025-06-10,1,4,419.82,1042.73,Home,373.0,Dormant,True,False,True
679,Kathryn,Jones,kathryn521@yahoo.com,-2771,,Medium_Value,SMS,46-55,Low,75.64,0.65,False,True,False,,32,Books,6,6,0,534.19,89.03166666666667,2024-08-12,2025-04-20,2,4,264.72,269.47,Home,424.0,Dormant,True,False,True
680,Melissa,Perry,melissaperry@gmail.com,-6918,,Low_Value,Push,18-25,Low,79.84,0.7,True,True,True,,26,Clothing,4,3,1,293.67,97.89,2024-11-11,2025-07-01,1,2,130.55,163.12,Sports,352.0,Dormant,True,False,True
681,Jacqueline,Yates,jacqueline.yates@gmail.com,-10679,,Medium_Value,Email,26-35,High,141.69,0.47,False,False,True,,29,Sports,3,3,0,468.04,156.01333333333332,2024-08-08,2025-02-04,0,3,0.0,468.04,Home,499.0,Dormant,True,False,True
682,Christopher,Foster,christopher.foster@gmail.com,-9011,,New_Customer,Direct,55+,Low,144.64,0.61,True,False,True,,24,Books,8,8,0,1344.55,168.06875,2024-09-19,2025-02-22,2,6,415.86,928.69,Home,481.0,Dormant,True,False,True
683,Monica,Adams,monicaadams@outlook.com,-4298,,New_Customer,Push,46-55,Premium,78.51,0.68,False,True,False,,27,Books,13,12,1,1126.25,93.85416666666667,2024-09-06,2025-05-15,5,7,563.87,562.38,Beauty,399.0,Dormant,True,False,True
684,Miguel,Lewis,miguel.lewis@hotmail.com,-3666,,Low_Value,Push,18-25,Unknown,77.27,0.71,False,False,True,,50,Books,7,7,0,633.86,90.55142857142857,2024-07-07,2025-06-10,3,4,321.25,312.61,Clothing,373.0,Dormant,True,False,True
685,Ryan,Massey,ryanmassey@outlook.com,-9384,,High_Value,Email,46-55,Premium,313.38,0.36,True,True,False,,15,Books,7,5,2,1842.97,368.594,2024-08-28,2025-04-23,1,4,476.4,1366.57,Home,421.0,Dormant,True,False,True
686,Mark,Livingston,mark.livingston@outlook.com,-8143,,Medium_Value,Social,18-25,Medium,163.49,0.68,False,False,False,,35,Home,7,6,1,1210.21,201.70166666666665,2024-08-24,2025-02-10,1,5,283.82,926.39,Home,493.0,Dormant,True,True,True
687,Richard,Roberson,richardroberson@yahoo.com,-7859,,Medium_Value,SMS,18-25,Low,196.93,0.61,True,False,True,,2,Sports,11,10,1,2533.88,253.388,2024-07-07,2025-06-22,4,6,1333.49,1200.39,Beauty,361.0,Dormant,True,False,True
688,Daniel,Lara,daniellara@yahoo.com,-5180,,New_Customer,Email,55+,Premium,49.5,0.63,False,False,True,,10,Beauty,13,11,2,631.4,57.4,2024-08-18,2025-06-14,2,9,151.88,479.52,Sports,369.0,Dormant,True,False,True
689,Paul,Lee,paullee@outlook.com,-7807,,Low_Value,SMS,26-35,High,48.05,0.73,True,True,True,,46,Sports,8,5,3,272.77,54.554,2024-07-22,2025-06-25,3,2,199.76,73.01,Electronics,358.0,Dormant,True,True,True
690,Daniel,Miller,daniel.miller@gmail.com,-10541,,New_Customer,Direct,55+,Medium,80.88,0.75,True,False,True,,32,Electronics,7,5,2,487.51,97.502,2024-11-22,2025-06-07,3,2,337.33,150.18,Clothing,376.0,Dormant,True,False,True
691,Jennifer,Jackson,jennifer273@outlook.com,-4691,,High_Value,Email,26-35,Unknown,159.5,0.3,False,False,True,,24,Electronics,6,3,3,430.05,143.35,2024-08-04,2024-11-30,0,3,0.0,430.05,Clothing,565.0,Dormant,True,False,True
692,Tommy,Brown,tommy857@gmail.com,-10914,,High_Value,Email,26-35,High,187.66,0.23,True,True,False,,15,Sports,7,4,3,849.53,212.3825,2024-09-24,2025-07-02,0,4,0.0,849.53,Electronics,351.0,Dormant,True,True,True
693,Whitney,Walker,whitneywalker@gmail.com,-8526,,Medium_Value,Email,36-45,Medium,128.63,0.49,False,False,True,,3,Beauty,8,7,1,1149.32,164.18857142857144,2024-09-08,2025-05-17,5,2,928.12,221.2,Clothing,397.0,Dormant,True,False,True
694,Peter,Valdez,petervaldez@outlook.com,-6966,,New_Customer,Social,18-25,Premium,75.92,0.64,True,False,False,,20,Books,2,2,0,186.91,93.455,2024-10-18,2025-02-03,0,2,0.0,186.91,Home,500.0,Dormant,True,True,True
695,Evan,Nelson,evan.nelson@outlook.com,-9268,,Medium_Value,SMS,36-45,Unknown,179.55,0.54,True,False,False,,44,Sports,7,7,0,1311.98,187.4257142857143,2024-07-25,2025-06-14,2,5,480.11,831.87,Books,369.0,Dormant,True,False,True
696,Erica,Walters,erica326@gmail.com,-6915,,Low_Value,Push,55+,Medium,32.97,0.79,False,True,True,,16,Sports,7,7,0,247.95,35.42142857142857,2024-08-16,2025-05-07,2,5,91.43,156.52,Books,407.0,Dormant,True,True,True
697,Amanda,Hudson,amanda407@outlook.com,-7277,,Low_Value,Social,26-35,Premium,64.66,0.82,True,True,True,,13,Clothing,3,3,0,249.83,83.27666666666667,2024-11-26,2025-04-06,2,1,191.58,58.25,Sports,438.0,Dormant,True,False,True
698,Daniel,Rice,daniel35@gmail.com,-7321,,Low_Value,Direct,55+,Low,96.97,0.65,True,True,True,,3,Electronics,7,6,1,671.41,111.90166666666667,2024-07-25,2025-03-13,1,5,143.41,528.0,Books,462.0,Dormant,True,False,True
699,Elizabeth,Baker,elizabeth684@outlook.com,-6991,,High_Value,Push,26-35,Medium,336.16,0.25,False,True,True,,25,Home,6,5,1,1410.33,282.066,2024-09-25,2025-05-27,0,5,0.0,1410.33,Home,387.0,Dormant,True,False,True
700,Michael,Lewis,michaellewis@outlook.com,-4174,,New_Customer,Push,Unknown,High,66.23,0.58,False,False,False,,29,Beauty,12,10,2,654.13,65.413,2024-08-09,2025-06-09,0,10,0.0,654.13,Electronics,374.0,Dormant,True,False,True
701,Alicia,Miller,alicia323@gmail.com,-4565,,Low_Value,Social,26-35,High,95.94,0.72,True,True,False,,18,Books,6,4,2,444.13,111.0325,2024-07-22,2025-06-05,1,3,118.87,325.26,Sports,378.0,Dormant,True,False,True
702,Alicia,Fowler,alicia5@hotmail.com,-9141,,Medium_Value,SMS,55+,High,146.0,0.53,False,True,True,,42,Books,6,5,1,877.16,175.432,2024-07-24,2025-03-25,1,4,259.35,617.81,Books,450.0,Dormant,True,False,True
703,Jesse,Smith,jesse220@yahoo.com,-2202,,High_Value,Direct,18-25,High,330.48,0.2,False,True,False,,37,Sports,7,6,1,2100.52,350.08666666666664,2024-09-15,2025-04-28,0,6,0.0,2100.52,Beauty,416.0,Dormant,True,False,True
704,Jennifer,Rush,jennifer.rush@outlook.com,-7209,,Low_Value,SMS,36-45,Medium,73.06,0.67,False,False,True,,0,Beauty,6,5,1,484.4,96.88,2024-08-08,2025-05-17,4,1,402.74,81.66,Books,397.0,Dormant,True,False,True
705,Erin,Brown,erinbrown@outlook.com,-4414,,Medium_Value,SMS,55+,Medium,137.63,0.41,False,True,False,,3,Sports,8,6,2,758.21,126.36833333333334,2024-07-13,2025-05-06,0,6,0.0,758.21,Sports,408.0,Dormant,True,True,True
706,Laura,Mcpherson,lauramcpherson@hotmail.com,-5833,,New_Customer,Social,26-35,High,121.55,0.75,True,False,False,,27,Beauty,7,5,2,557.2,111.44,2024-08-20,2025-07-01,0,5,0.0,557.2,Beauty,352.0,Dormant,True,False,True
707,Michelle,Snyder,michelle.snyder@hotmail.com,-3132,,New_Customer,Direct,46-55,High,86.97,0.74,True,True,True,,50,Books,7,5,2,436.4,87.28,2024-08-17,2025-06-29,1,4,111.24,325.16,Electronics,354.0,Dormant,True,False,True
708,Jesse,Hart,jesse.hart@outlook.com,-8172,,New_Customer,Direct,26-35,Low,121.85,0.71,True,False,False,,1,Sports,8,6,2,806.42,134.40333333333334,2024-10-10,2025-07-01,1,5,141.45,664.97,Home,352.0,Dormant,True,True,True
709,Renee,Edwards,renee.edwards@hotmail.com,-6167,,Medium_Value,Direct,55+,Medium,85.78,0.68,False,False,False,,35,Home,7,6,1,631.19,105.19833333333334,2024-08-25,2025-06-22,2,4,274.32,356.87,Beauty,361.0,Dormant,True,False,True
710,Heather,Campos,heather.campos@hotmail.com,-9434,,Medium_Value,Direct,36-45,Medium,93.95,0.5,False,False,True,,41,Sports,6,5,1,559.5,111.9,2024-08-10,2025-04-07,1,4,155.16,404.34,Beauty,437.0,Dormant,True,False,True
711,Erika,Lee,erika.lee@yahoo.com,-5023,,New_Customer,Email,55+,Premium,60.35,0.76,True,True,True,,2,Sports,6,6,0,378.11,63.01833333333333,2024-07-12,2025-02-22,1,5,83.01,295.1,Clothing,481.0,Dormant,True,False,True
712,Michelle,Griffin,michellegriffin@gmail.com,-6964,,Medium_Value,Social,26-35,Medium,199.98,0.5,False,False,False,,17,Electronics,7,7,0,1441.88,205.98285714285714,2024-07-21,2025-04-08,1,6,236.61,1205.27,Home,436.0,Dormant,True,False,True
713,Ronald,Riddle,ronald.riddle@outlook.com,-3320,,Medium_Value,SMS,36-45,Premium,181.14,0.46,True,True,True,,42,Sports,10,10,0,2014.34,201.434,2024-07-31,2025-06-26,3,7,816.31,1198.03,Sports,357.0,Dormant,True,False,True
714,Diane,Young,diane.young@yahoo.com,-11404,,Medium_Value,Direct,46-55,Low,96.47,0.57,False,True,True,,25,Sports,7,6,1,564.4,94.06666666666666,2024-10-02,2025-03-21,1,5,141.36,423.04,Electronics,454.0,Dormant,True,False,True
715,Lindsay,Weber,lindsay865@gmail.com,-5063,,Medium_Value,Email,55+,Unknown,175.86,0.61,False,False,False,,32,Electronics,8,7,1,1628.56,232.65142857142857,2024-08-08,2025-06-20,4,3,1045.19,583.37,Electronics,363.0,Dormant,True,False,True
716,Sonia,Andrews,soniaandrews@gmail.com,-8798,,Low_Value,Social,55+,High,59.72,0.63,False,False,False,,29,Beauty,7,5,2,315.48,63.096,2024-08-21,2025-04-30,0,5,0.0,315.48,Sports,414.0,Dormant,True,False,True
717,Thomas,Howell,thomashowell@hotmail.com,-8027,,Low_Value,Direct,55+,High,78.22,0.66,True,False,True,,38,Home,8,8,0,616.52,77.065,2024-08-26,2025-04-17,1,7,101.41,515.11,Clothing,427.0,Dormant,True,False,True
718,Caleb,Stein,caleb.stein@gmail.com,-10876,,New_Customer,Social,55+,Premium,71.68,0.77,True,True,False,,31,Clothing,7,5,2,374.68,74.936,2024-08-25,2025-06-30,0,5,0.0,374.68,Beauty,353.0,Dormant,True,False,True
719,Martin,Ferguson,martinferguson@yahoo.com,-9179,,Medium_Value,Direct,46-55,Premium,160.92,0.45,True,False,True,,20,Books,11,9,2,1333.44,148.16,2024-07-06,2025-01-20,1,8,255.44,1078.0,Beauty,514.0,Dormant,True,False,True
720,Dana,Mason,danamason@yahoo.com,-11006,,New_Customer,Push,55+,Premium,96.93,0.71,True,False,False,,42,Books,5,5,0,596.89,119.378,2024-07-23,2025-05-08,1,4,159.54,437.35,Sports,406.0,Dormant,True,False,True
721,Mary,Baker,mary601@hotmail.com,-7731,,Medium_Value,Push,36-45,Unknown,101.74,0.6,True,False,True,,36,Sports,11,9,2,995.57,110.61888888888889,2024-07-11,2025-07-01,2,7,242.69,752.88,Books,352.0,Dormant,True,False,True
722,Hunter,Gould,huntergould@yahoo.com,-4762,,Medium_Value,Email,18-25,Low,174.68,0.51,False,True,False,,22,Books,8,7,1,1314.43,187.7757142857143,2024-07-19,2025-07-03,2,5,494.12,820.31,Electronics,350.0,Dormant,True,False,True
723,Rachel,Hodge,rachel857@gmail.com,-9847,,Medium_Value,Email,46-55,High,173.57,0.54,False,True,False,,18,Books,8,5,3,953.1,190.62,2024-09-06,2025-06-13,1,4,299.27,653.83,Sports,370.0,Dormant,True,False,True
724,Rebecca,Christian,rebecca.christian@gmail.com,-8671,,Low_Value,Social,26-35,High,92.76,0.68,True,True,False,,50,Beauty,9,6,3,541.58,90.26333333333334,2024-07-19,2025-04-09,1,5,104.43,437.15,Clothing,435.0,Dormant,True,False,True
725,Sean,Hill,seanhill@gmail.com,-5682,,New_Customer,Direct,26-35,Low,126.0,0.55,True,True,True,,39,Beauty,3,2,1,310.93,155.465,2024-09-26,2025-06-24,1,1,177.48,133.45,Sports,359.0,Dormant,True,False,True
726,Gabriel,Martin,gabrielmartin@gmail.com,-7383,,Medium_Value,SMS,26-35,Unknown,100.79,0.51,True,True,False,,40,Sports,10,9,1,1036.58,115.17555555555556,2024-09-12,2025-06-28,2,7,347.11,689.47,Electronics,355.0,Dormant,True,False,True
727,Robert,Foster,robert189@outlook.com,-8316,,Medium_Value,SMS,18-25,Premium,129.06,0.55,False,True,False,,16,Home,6,6,0,924.25,154.04166666666666,2024-08-11,2025-04-03,2,4,438.65,485.6,Books,441.0,Dormant,True,False,True
728,Christine,Patterson,christine75@yahoo.com,-7346,,High_Value,Social,46-55,Premium,480.33,0.35,False,False,False,,10,Beauty,7,5,2,2804.44,560.888,2024-09-17,2025-04-29,1,4,800.29,2004.15,Electronics,415.0,Dormant,True,False,True
729,Kathleen,Sandoval,kathleensandoval@outlook.com,-3064,,Low_Value,Push,Unknown,Unknown,32.03,0.71,False,True,True,,3,Books,10,9,1,326.15,36.23888888888889,2024-07-14,2025-02-04,3,6,142.33,183.82,Home,499.0,Dormant,True,False,True
730,Adrienne,Martinez,adriennemartinez@hotmail.com,-7450,,Low_Value,Social,26-35,Premium,52.87,0.76,True,True,False,,14,Beauty,8,6,2,396.02,66.00333333333333,2024-12-19,2025-05-28,3,3,211.59,184.43,Beauty,386.0,Dormant,True,False,True
731,Tina,Watts,tinawatts@gmail.com,-6944,,New_Customer,Push,26-35,Premium,35.2,0.68,True,True,False,,5,Books,11,8,3,275.09,34.38625,2024-10-18,2025-06-25,1,7,57.57,217.52,Sports,358.0,Dormant,True,True,True
732,Heidi,Dyer,heidi.dyer@hotmail.com,-10158,,Medium_Value,Social,18-25,Low,91.57,0.69,True,False,True,,40,Sports,9,9,0,850.52,94.50222222222222,2024-07-07,2025-05-22,0,9,0.0,850.52,Clothing,392.0,Dormant,True,False,True
733,Gregory,Williams,gregory.williams@yahoo.com,-3634,,Medium_Value,Direct,46-55,High,172.08,0.52,True,False,False,,18,Home,11,11,0,2178.85,198.0772727272727,2024-07-26,2025-06-14,5,6,1147.56,1031.29,Books,369.0,Dormant,True,False,True
734,Kristi,Burke,kristi.burke@gmail.com,-2957,,Medium_Value,SMS,36-45,Low,196.52,0.45,True,False,False,,22,Clothing,12,11,1,2185.54,198.68545454545455,2024-08-10,2025-06-17,2,9,478.72,1706.82,Sports,366.0,Dormant,True,False,True
735,Chelsea,Nunez,chelsea.nunez@gmail.com,-8777,,Low_Value,Email,18-25,Medium,88.93,0.74,True,True,True,,43,Clothing,2,2,0,193.33,96.665,2024-09-27,2025-04-27,0,2,0.0,193.33,Beauty,417.0,Dormant,True,False,True
736,Erik,Rivera,erikrivera@yahoo.com,-10177,,Low_Value,Push,18-25,High,53.44,0.63,False,False,True,,32,Electronics,5,4,1,199.35,49.8375,2024-09-27,2025-02-24,0,4,0.0,199.35,Clothing,479.0,Dormant,True,False,True
737,Jeremy,Smith,jeremysmith@gmail.com,-6660,,Medium_Value,Email,46-55,Medium,169.78,0.57,True,False,True,,0,Sports,8,7,1,1301.22,185.88857142857142,2024-08-24,2025-05-23,0,7,0.0,1301.22,Clothing,391.0,Dormant,True,False,True
738,Anna,Cooper,anna.cooper@hotmail.com,-10690,,High_Value,Direct,36-45,High,156.52,0.3,True,True,False,,24,Sports,7,7,0,1115.32,159.33142857142857,2024-09-29,2025-06-25,0,7,0.0,1115.32,Sports,358.0,Dormant,True,False,True
739,Lauren,Martinez,lauren545@gmail.com,-11123,,Low_Value,Push,46-55,Unknown,36.61,0.75,True,False,False,,41,Beauty,5,4,1,176.12,44.03,2024-10-30,2025-06-16,1,3,62.07,114.05,Beauty,367.0,Dormant,True,True,True
740,James,Hernandez,jameshernandez@gmail.com,-9497,,Medium_Value,SMS,46-55,Unknown,143.64,0.54,False,True,True,,34,Home,9,8,1,1257.43,157.17875,2024-07-27,2025-05-01,2,6,338.69,918.74,Sports,413.0,Dormant,True,True,True
741,Jill,Guerrero,jillguerrero@outlook.com,-3106,,High_Value,SMS,36-45,Low,405.66,0.21,True,False,False,,13,Electronics,9,8,1,3471.81,433.97625,2024-08-15,2025-06-02,1,7,499.35,2972.46,Sports,381.0,Dormant,True,False,True
742,Samuel,Ramirez,samuel.ramirez@hotmail.com,-10934,,Low_Value,Email,26-35,High,62.8,0.88,True,False,True,,39,Books,11,8,3,591.14,73.8925,2024-08-28,2025-06-04,4,4,358.91,232.23,Books,379.0,Dormant,True,False,True
743,Douglas,Wolf,douglaswolf@yahoo.com,-5123,,High_Value,Direct,18-25,Medium,494.0,0.2,False,False,True,,43,Beauty,4,4,0,2132.38,533.095,2024-09-09,2025-04-29,0,4,0.0,2132.38,Clothing,415.0,Dormant,True,True,True
744,Robert,Wright,robert661@hotmail.com,-7727,,Medium_Value,SMS,26-35,Premium,174.56,0.55,False,False,False,,7,Home,9,9,0,1685.44,187.2711111111111,2024-07-07,2025-05-10,2,7,493.54,1191.9,Beauty,404.0,Dormant,True,False,True
745,Brandon,Harrison,brandon.harrison@hotmail.com,-5648,,New_Customer,Social,Unknown,Medium,60.04,0.56,True,False,False,,0,Clothing,6,5,1,298.19,59.638,2024-07-27,2025-05-18,1,4,77.42,220.77,Clothing,396.0,Dormant,True,True,True
746,Peter,Moore,peter767@hotmail.com,-7979,,Low_Value,SMS,36-45,Low,72.16,0.62,False,True,True,,15,Books,7,7,0,593.68,84.81142857142858,2024-07-07,2025-06-28,2,5,234.6,359.08,Beauty,355.0,Dormant,True,True,True
747,Charles,Reilly,charles355@gmail.com,-5022,,Low_Value,Social,46-55,Low,52.5,0.76,False,False,False,,9,Home,5,4,1,258.15,64.5375,2024-07-09,2025-01-20,1,3,91.45,166.7,Home,514.0,Dormant,True,False,True
748,Kimberly,Acosta,kimberly385@outlook.com,-7332,,New_Customer,SMS,46-55,Unknown,52.05,0.71,False,False,True,,30,Books,10,8,2,429.95,53.74375,2024-07-28,2025-05-22,0,8,0.0,429.95,Books,392.0,Dormant,True,False,True
749,Patrick,Brown,patrick.brown@outlook.com,-8185,,Medium_Value,Direct,26-35,Premium,125.8,0.63,True,False,True,,25,Books,6,6,0,760.3,126.71666666666667,2024-12-13,2025-05-11,2,4,361.57,398.73,Clothing,403.0,Dormant,True,True,True
750,Mary,Greene,marygreene@yahoo.com,-6014,,High_Value,Social,36-45,Premium,277.28,0.27,False,False,False,,18,Beauty,11,11,0,3167.97,287.99727272727273,2024-07-10,2025-07-03,2,9,858.85,2309.12,Sports,350.0,Dormant,True,False,True
751,Justin,Holloway,justinholloway@gmail.com,-10500,,High_Value,SMS,26-35,Premium,296.72,0.35,True,True,False,,15,Sports,8,5,3,1454.11,290.822,2024-07-20,2025-06-13,0,5,0.0,1454.11,Clothing,370.0,Dormant,True,False,True
752,Megan,Webster,meganwebster@outlook.com,-9975,,Low_Value,Push,18-25,Medium,32.32,0.88,True,True,True,,12,Sports,3,3,0,108.77,36.25666666666667,2024-08-16,2025-06-11,1,2,51.43,57.34,Clothing,372.0,Dormant,True,True,True
753,Kelsey,Dunn,kelsey.dunn@hotmail.com,-6136,,Medium_Value,Email,46-55,Medium,97.2,0.51,False,False,True,,41,Electronics,6,5,1,605.38,121.076,2024-12-09,2025-05-05,2,3,308.65,296.73,Beauty,409.0,Dormant,True,False,True
754,Shelby,Benson,shelby.benson@yahoo.com,-2900,,Low_Value,Push,55+,High,93.74,0.64,False,False,False,,32,Home,5,4,1,399.87,99.9675,2024-11-05,2025-02-07,1,3,148.21,251.66,Beauty,496.0,Dormant,True,False,True
755,Timothy,Buchanan,timothy.buchanan@yahoo.com,-4888,,New_Customer,Push,36-45,High,128.98,0.56,True,False,True,,10,Clothing,7,7,0,1022.53,146.0757142857143,2024-07-08,2025-06-06,2,5,332.8,689.73,Home,377.0,Dormant,True,True,True
756,Alexander,Weber,alexander869@gmail.com,-5472,,New_Customer,Direct,46-55,Premium,84.57,0.75,True,False,True,,45,Electronics,3,2,1,199.92,99.96,2025-03-04,2025-06-06,0,2,0.0,199.92,Books,377.0,Dormant,True,False,True
757,Sarah,Fisher,sarah.fisher@yahoo.com,-6821,,New_Customer,Push,18-25,Premium,68.54,0.71,False,True,False,,46,Sports,8,7,1,607.93,86.84714285714286,2024-07-20,2025-05-26,3,4,347.77,260.16,Sports,388.0,Dormant,True,False,True
758,Regina,Stanley,regina.stanley@gmail.com,-8871,,New_Customer,Social,55+,Low,148.09,0.55,False,True,False,,5,Clothing,5,5,0,778.49,155.698,2024-11-02,2025-06-15,0,5,0.0,778.49,Books,368.0,Dormant,True,False,True
759,Jeffery,Rice,jefferyrice@yahoo.com,-4173,,Medium_Value,SMS,46-55,Unknown,181.53,0.42,True,False,True,,38,Beauty,10,7,3,1673.87,239.12428571428572,2024-09-28,2025-06-28,3,4,865.38,808.49,Home,355.0,Dormant,True,True,True
760,Wendy,Taylor,wendytaylor@hotmail.com,-7002,,New_Customer,Push,18-25,Premium,146.49,0.76,True,True,False,,50,Books,10,9,1,1450.59,161.17666666666668,2024-08-21,2025-06-02,1,8,240.1,1210.49,Home,381.0,Dormant,True,False,True
761,Jennifer,Cortez,jennifer.cortez@gmail.com,-4972,,High_Value,SMS,18-25,Medium,188.73,0.35,True,False,True,,27,Clothing,3,3,0,508.89,169.63,2024-07-06,2025-01-25,0,3,0.0,508.89,Sports,509.0,Dormant,True,False,True
762,Bruce,Stevens,bruce.stevens@yahoo.com,-5149,,High_Value,Push,46-55,Low,437.58,0.27,False,False,False,,6,Clothing,8,6,2,2884.83,480.805,2024-07-16,2025-05-24,1,5,625.3,2259.53,Books,390.0,Dormant,True,True,True
763,Courtney,Pearson,courtneypearson@gmail.com,-2164,,Medium_Value,Push,36-45,Medium,99.94,0.51,True,False,True,,21,Sports,2,2,0,230.31,115.155,2025-03-04,2025-04-02,0,2,0.0,230.31,Beauty,442.0,Dormant,True,False,True
764,Matthew,Owens,matthew.owens@yahoo.com,-4018,,High_Value,SMS,36-45,Low,478.94,0.32,False,True,False,,32,Books,5,4,1,1734.28,433.57,2024-09-03,2024-12-11,0,4,0.0,1734.28,Clothing,554.0,Dormant,True,False,True
765,Eric,May,eric608@gmail.com,-9871,,Medium_Value,Social,36-45,Medium,128.34,0.52,False,False,True,,39,Clothing,6,4,2,561.49,140.3725,2024-09-05,2025-04-11,2,2,350.42,211.07,Sports,433.0,Dormant,True,False,True
766,Laura,Green,laura.green@hotmail.com,-10491,,New_Customer,Direct,46-55,Low,106.31,0.73,True,True,False,,24,Electronics,7,6,1,793.07,132.17833333333334,2024-07-10,2025-06-21,2,4,350.57,442.5,Books,362.0,Dormant,True,False,True
767,Angela,Hubbard,angela797@yahoo.com,-10624,,High_Value,Email,36-45,High,207.56,0.36,True,True,False,,19,Beauty,11,10,1,2521.38,252.138,2024-09-12,2025-07-01,3,7,924.08,1597.3,Electronics,352.0,Dormant,True,False,True
768,Matthew,Rogers,matthewrogers@outlook.com,-3395,,Low_Value,SMS,36-45,Low,34.15,0.8,False,True,True,,29,Books,12,10,2,333.16,33.316,2024-07-22,2025-07-01,2,8,84.23,248.93,Electronics,352.0,Dormant,True,False,True
769,Sarah,Perkins,sarah57@gmail.com,-4618,,Low_Value,SMS,18-25,High,89.93,0.68,True,True,True,,38,Clothing,7,5,2,404.57,80.914,2024-07-28,2025-04-29,0,5,0.0,404.57,Beauty,415.0,Dormant,True,False,True
770,Leslie,Hebert,lesliehebert@gmail.com,-9981,,High_Value,SMS,55+,Medium,344.62,0.36,False,False,True,,10,Books,7,6,1,2261.69,376.9483333333333,2024-08-23,2025-05-07,1,5,382.12,1879.57,Electronics,407.0,Dormant,True,False,True
771,Lisa,Anderson,lisa905@hotmail.com,-8819,,High_Value,Direct,55+,Low,444.42,0.36,False,True,False,,49,Books,3,3,0,1172.04,390.68,2024-10-28,2024-11-30,0,3,0.0,1172.04,Clothing,565.0,Dormant,True,False,True
772,Karen,Brady,karen21@hotmail.com,-7069,,High_Value,Email,26-35,High,459.02,0.33,True,True,True,,8,Electronics,5,4,1,2209.56,552.39,2024-10-03,2025-06-19,2,2,1277.75,931.81,Home,364.0,Dormant,True,False,True
773,Jill,Rubio,jillrubio@gmail.com,-7010,,Medium_Value,Email,26-35,Low,164.87,0.68,False,True,False,,44,Home,4,3,1,537.61,179.20333333333335,2024-11-25,2025-05-02,1,2,230.56,307.05,Clothing,412.0,Dormant,True,True,True
774,Karen,Sampson,karen.sampson@hotmail.com,-3033,,High_Value,Social,46-55,Medium,277.78,0.32,False,True,True,,33,Sports,3,3,0,869.2,289.73333333333335,2025-04-02,2025-06-05,0,3,0.0,869.2,Beauty,378.0,Dormant,True,False,True
775,Brandon,Hall,brandonhall@outlook.com,-4429,,Low_Value,SMS,55+,Medium,87.65,0.61,True,True,True,,48,Electronics,10,9,1,818.38,90.93111111111111,2024-07-21,2025-06-12,0,9,0.0,818.38,Home,371.0,Dormant,True,True,True
776,Crystal,Clark,crystal855@outlook.com,-3433,,Medium_Value,Push,55+,Premium,146.26,0.63,False,True,False,,1,Sports,4,3,1,577.28,192.42666666666668,2025-01-02,2025-03-04,1,2,251.68,325.6,Home,471.0,Dormant,True,False,True
777,Jennifer,Frazier,jennifer427@gmail.com,-6319,,High_Value,Email,36-45,Medium,345.74,0.31,True,True,False,,13,Sports,8,6,2,2265.15,377.525,2024-07-26,2025-04-23,1,5,580.98,1684.17,Books,421.0,Dormant,True,False,True
778,Breanna,Kelly,breannakelly@hotmail.com,-10499,,Low_Value,Direct,36-45,Medium,79.28,0.85,True,True,False,,39,Sports,7,6,1,507.82,84.63666666666667,2024-08-03,2025-04-20,2,4,230.98,276.84,Books,424.0,Dormant,True,False,True
779,Karen,King,karen.king@hotmail.com,-6233,,New_Customer,Push,55+,Premium,63.06,0.53,True,False,True,,45,Clothing,7,6,1,388.07,64.67833333333333,2024-07-06,2025-06-21,1,5,100.98,287.09,Books,362.0,Dormant,True,False,True
780,Tyler,Ryan,tyler861@yahoo.com,-9271,,Medium_Value,Push,36-45,Premium,162.97,0.63,True,True,False,,7,Books,10,8,2,1532.32,191.54,2024-10-12,2025-05-22,2,6,482.59,1049.73,Beauty,392.0,Dormant,True,True,True
781,Sergio,Diaz,sergio.diaz@hotmail.com,-5898,,Low_Value,Direct,36-45,Unknown,57.7,0.71,True,False,False,,15,Home,6,5,1,384.35,76.87,2024-08-05,2025-05-08,2,3,190.79,193.56,Electronics,406.0,Dormant,True,False,True
782,Steven,Ward,steven.ward@outlook.com,-2346,,Medium_Value,Email,18-25,High,195.0,0.43,True,False,False,,21,Electronics,5,5,0,873.2,174.64,2024-07-12,2025-06-25,0,5,0.0,873.2,Electronics,358.0,Dormant,True,False,True
783,Nathaniel,Martinez,nathanielmartinez@hotmail.com,-5184,,Low_Value,Email,26-35,High,99.25,0.68,False,False,True,,5,Electronics,6,6,0,855.93,142.655,2024-08-01,2025-03-09,4,2,639.47,216.46,Electronics,466.0,Dormant,True,False,True
784,Robert,Moore,robertmoore@outlook.com,-9977,,Medium_Value,SMS,36-45,High,146.0,0.65,False,False,True,,8,Electronics,7,7,0,1128.01,161.1442857142857,2024-11-19,2025-06-18,2,5,428.13,699.88,Electronics,365.0,Dormant,True,False,True
785,Meghan,Rodriguez,meghanrodriguez@outlook.com,-4512,,High_Value,SMS,36-45,Unknown,499.14,0.24,False,False,True,,47,Electronics,9,6,3,2935.75,489.2916666666667,2024-11-14,2025-07-02,0,6,0.0,2935.75,Electronics,351.0,Dormant,True,True,True
786,Betty,Ortiz,bettyortiz@hotmail.com,-5500,,Medium_Value,Email,36-45,Medium,128.45,0.43,True,True,True,,4,Beauty,8,7,1,900.62,128.66,2024-07-06,2025-07-03,1,6,142.51,758.11,Beauty,350.0,Dormant,True,False,True
787,Jesse,Holmes,jesse444@outlook.com,-10619,,Medium_Value,Social,26-35,Medium,78.94,0.59,False,False,True,,11,Clothing,6,5,1,416.48,83.296,2024-07-15,2025-04-10,1,4,128.69,287.79,Beauty,434.0,Dormant,True,True,True
788,Leslie,Davis,leslie.davis@yahoo.com,-7226,,High_Value,Push,46-55,Medium,495.99,0.36,False,True,False,,25,Books,10,9,1,4704.82,522.7577777777777,2024-08-20,2025-05-26,0,9,0.0,4704.82,Books,388.0,Dormant,True,False,True
789,Darren,Bennett,darren.bennett@hotmail.com,-8901,,High_Value,Direct,Unknown,Low,474.54,0.31,True,False,True,,42,Home,6,5,1,2849.98,569.996,2024-07-27,2025-04-06,1,4,725.3,2124.68,Sports,438.0,Dormant,True,False,True
790,Melinda,Hernandez,melindahernandez@outlook.com,-8990,,Low_Value,Direct,18-25,Medium,73.64,0.76,False,True,True,,5,Books,10,9,1,706.44,78.49333333333334,2024-07-17,2025-06-25,4,5,368.92,337.52,Books,358.0,Dormant,True,True,True
791,Mary,Durham,marydurham@hotmail.com,-9072,,High_Value,Push,36-45,High,295.8,0.24,False,False,False,,14,Books,7,6,1,2236.39,372.7316666666667,2024-08-30,2025-05-06,2,4,934.58,1301.81,Clothing,408.0,Dormant,True,False,True
792,Donna,Coleman,donnacoleman@hotmail.com,-6115,,New_Customer,Direct,36-45,Premium,146.41,0.61,True,False,True,,32,Electronics,6,5,1,740.77,148.154,2024-11-02,2025-03-14,1,4,207.71,533.06,Sports,461.0,Dormant,True,False,True
793,Kevin,Warren,kevin.warren@yahoo.com,-3506,,Medium_Value,Email,26-35,Medium,189.25,0.42,True,True,False,,7,Sports,7,7,0,1436.22,205.1742857142857,2024-07-28,2025-05-22,1,6,315.69,1120.53,Books,392.0,Dormant,True,False,True
794,Ellen,Brown,ellen601@yahoo.com,-6286,,Low_Value,Direct,18-25,High,82.16,0.8,False,True,False,,42,Beauty,9,8,1,795.09,99.38625,2024-09-14,2025-03-13,3,5,360.53,434.56,Clothing,462.0,Dormant,True,False,True
795,Kevin,Reyes,kevin.reyes@gmail.com,-5043,,High_Value,Email,55+,High,258.48,0.23,True,True,True,,34,Books,5,5,0,1249.84,249.968,2024-09-15,2025-05-29,0,5,0.0,1249.84,Sports,385.0,Dormant,True,False,True
796,Andrew,Shaffer,andrew783@hotmail.com,-7501,,Low_Value,Direct,36-45,Premium,51.07,0.86,False,False,False,,27,Clothing,10,10,0,619.15,61.915,2024-09-29,2025-05-04,2,8,147.11,472.04,Electronics,410.0,Dormant,True,False,True
797,Elizabeth,Perez,elizabeth858@hotmail.com,-4705,,New_Customer,Social,36-45,Low,120.5,0.69,True,True,True,,34,Clothing,7,6,1,759.42,126.57,2024-08-19,2025-05-26,1,5,191.98,567.44,Beauty,388.0,Dormant,True,False,True
798,Stacey,Roberts,stacey971@gmail.com,-6995,,Medium_Value,Direct,55+,High,153.07,0.48,False,False,False,,9,Clothing,9,7,2,1308.25,186.89285714285714,2024-07-13,2025-04-18,3,4,623.69,684.56,Clothing,426.0,Dormant,True,False,True
799,Sandra,Powers,sandrapowers@gmail.com,-10521,,High_Value,SMS,55+,Low,412.86,0.33,False,True,True,,27,Electronics,7,7,0,3378.04,482.57714285714286,2024-08-04,2025-06-16,1,6,722.28,2655.76,Clothing,367.0,Dormant,True,False,True
800,Valerie,Bates,valerie.bates@yahoo.com,-6387,,High_Value,Email,55+,High,188.0,0.26,True,False,True,,25,Clothing,5,4,1,650.31,162.5775,2024-11-05,2025-07-28,1,3,214.39,435.92,Electronics,325.0,Dormant,True,False,True
801,Holly,Gonzalez,holly.gonzalez@outlook.com,-7914,,Medium_Value,SMS,46-55,Unknown,105.72,0.48,True,True,False,,9,Sports,4,3,1,383.28,127.76,2024-10-27,2025-06-29,2,1,261.77,121.51,Home,354.0,Dormant,True,False,True
802,Kyle,Ochoa,kyle338@gmail.com,-4685,,New_Customer,Email,55+,High,103.41,0.68,False,False,True,,6,Beauty,9,7,2,813.26,116.18,2024-10-18,2025-05-12,2,5,290.47,522.79,Home,402.0,Dormant,True,False,True
803,Bradley,Perez,bradley156@gmail.com,-9602,,Low_Value,Email,18-25,Low,75.38,0.61,False,True,False,,39,Clothing,9,8,1,656.6,82.075,2024-07-08,2025-05-18,1,7,103.78,552.82,Clothing,396.0,Dormant,True,False,True
804,Christopher,Pham,christopher555@yahoo.com,-10479,,New_Customer,Email,18-25,High,101.78,0.8,True,True,False,,13,Beauty,6,6,0,666.7,111.11666666666666,2024-08-31,2025-06-16,2,4,325.18,341.52,Beauty,367.0,Dormant,True,False,True
805,Isaac,Jones,isaac.jones@outlook.com,-2820,,High_Value,Direct,26-35,Medium,398.79,0.28,True,True,False,,14,Clothing,6,6,0,3147.23,524.5383333333333,2024-08-09,2025-03-01,2,4,1351.17,1796.06,Electronics,474.0,Dormant,True,False,True
806,Melissa,Jones,melissa.jones@outlook.com,-2922,,High_Value,Email,18-25,Premium,453.25,0.28,True,True,False,,16,Electronics,7,7,0,3241.35,463.05,2024-07-07,2025-05-22,2,5,1203.19,2038.16,Sports,392.0,Dormant,True,True,True
807,Christopher,Miller,christopher369@yahoo.com,-9200,,New_Customer,Direct,18-25,Low,135.78,0.7,False,False,False,,17,Beauty,7,6,1,965.99,160.99833333333333,2024-11-29,2025-05-12,3,3,595.58,370.41,Beauty,402.0,Dormant,True,False,True
808,Ana,Vargas,anavargas@yahoo.com,-10143,,High_Value,Direct,26-35,High,161.3,0.24,True,True,False,,49,Beauty,6,6,0,1028.25,171.375,2024-09-07,2025-02-17,1,5,211.7,816.55,Clothing,486.0,Dormant,True,False,True
809,Martin,Black,martin207@hotmail.com,-5975,,Low_Value,SMS,46-55,Premium,34.67,0.7,False,False,False,,4,Sports,2,1,1,55.11,55.11,2024-07-22,2024-07-22,1,0,55.11,0.0,Books,696.0,Dormant,True,True,True
810,Savannah,Saunders,savannahsaunders@hotmail.com,-9803,,High_Value,Social,55+,Premium,156.91,0.39,True,False,True,,17,Beauty,9,6,3,932.31,155.385,2024-07-23,2025-06-26,0,6,0.0,932.31,Books,357.0,Dormant,True,False,True
811,Kyle,Hernandez,kyle.hernandez@yahoo.com,-5869,,High_Value,SMS,55+,Medium,211.07,0.27,True,True,True,,29,Sports,7,6,1,1454.67,242.445,2024-12-26,2025-07-03,1,5,326.86,1127.81,Beauty,350.0,Dormant,True,False,True
812,Randy,Johnson,randy179@hotmail.com,-8621,,Medium_Value,Email,55+,Premium,155.53,0.43,True,False,True,,28,Books,6,5,0,878.24,175.648,2024-08-10,2025-05-29,0,5,0.0,878.24,Clothing,385.0,Dormant,True,False,True
813,Perry,Martin,perrymartin@hotmail.com,-9089,,New_Customer,Email,36-45,Medium,96.29,0.78,True,False,True,,49,Sports,7,7,0,844.68,120.66857142857143,2024-07-26,2025-06-12,4,3,546.87,297.81,Clothing,371.0,Dormant,True,False,True
814,Ryan,Riley,ryan.riley@yahoo.com,-2519,,Low_Value,Push,36-45,Unknown,72.26,0.6,True,True,True,,6,Electronics,8,8,0,678.5,84.8125,2024-09-23,2025-04-26,3,5,313.31,365.19,Beauty,418.0,Dormant,True,False,True
815,Bryan,Blanchard,bryan934@yahoo.com,-11164,,New_Customer,Direct,46-55,Medium,103.7,0.56,False,False,False,,37,Home,4,4,0,468.67,117.1675,2024-08-27,2025-03-25,1,3,184.61,284.06,Sports,450.0,Dormant,True,True,True
816,Roy,James,roy31@outlook.com,-8567,,Low_Value,SMS,18-25,Unknown,36.66,0.81,False,True,False,,11,Home,5,3,2,95.01,31.67,2025-04-18,2025-06-20,0,3,0.0,95.01,Home,363.0,Dormant,True,True,True
817,Max,Briggs,max212@hotmail.com,-2817,,Medium_Value,SMS,26-35,Premium,85.68,0.55,True,False,True,,36,Books,7,6,1,481.64,80.27333333333333,2024-08-12,2025-06-30,0,6,0.0,481.64,Books,353.0,Dormant,True,False,True
818,Rebecca,Sexton,rebecca.sexton@hotmail.com,-9324,,High_Value,Direct,Unknown,Premium,430.65,0.24,True,False,True,,25,Electronics,5,5,0,2352.11,470.422,2024-08-05,2024-12-16,1,4,569.81,1782.3,Home,549.0,Dormant,True,False,True
819,James,Richmond,james.richmond@outlook.com,-10906,,High_Value,Direct,26-35,High,165.27,0.31,False,True,True,,15,Books,3,3,0,586.46,195.48666666666668,2024-07-30,2024-11-30,0,3,0.0,586.46,Beauty,565.0,Dormant,True,True,True
820,James,Nelson,james461@hotmail.com,-5170,,High_Value,Social,18-25,Premium,197.06,0.23,False,False,True,,47,Books,6,3,3,683.33,227.77666666666667,2024-08-09,2024-11-16,0,3,0.0,683.33,Books,579.0,Dormant,True,False,True
821,Natalie,Phillips,natalie228@gmail.com,-10454,,Low_Value,Email,36-45,Low,82.59,0.76,False,False,False,,19,Clothing,9,9,0,795.05,88.33888888888889,2024-08-22,2025-05-21,2,7,239.37,555.68,Home,393.0,Dormant,True,False,True
822,Amanda,Fields,amanda129@yahoo.com,-3903,,High_Value,Social,36-45,Premium,307.95,0.35,False,True,False,,17,Electronics,14,13,1,4209.9,323.83846153846156,2024-08-23,2025-06-16,0,13,0.0,4209.9,Books,367.0,Dormant,True,False,True
823,Shelley,Rodriguez,shelley967@gmail.com,-5910,,Medium_Value,SMS,55+,Medium,117.56,0.4,True,False,False,,47,Home,4,4,0,434.43,108.6075,2024-07-16,2025-03-20,0,4,0.0,434.43,Books,455.0,Dormant,True,True,True
824,Alyssa,Baxter,alyssa.baxter@outlook.com,-5328,,Medium_Value,SMS,46-55,High,186.91,0.45,True,False,False,,30,Electronics,4,4,0,894.19,223.5475,2024-08-07,2025-04-13,1,3,271.24,622.95,Beauty,431.0,Dormant,True,False,True
825,Cynthia,Miranda,cynthia51@outlook.com,-10016,,Medium_Value,SMS,36-45,Unknown,93.43,0.4,False,True,False,,50,Home,7,7,0,669.08,95.58285714285714,2024-11-09,2025-05-04,0,7,0.0,669.08,Books,410.0,Dormant,True,False,True
826,Benjamin,Wells,benjaminwells@hotmail.com,-4790,,Low_Value,Social,18-25,Medium,74.07,0.72,True,True,True,,9,Sports,6,5,1,382.55,76.51,2025-01-23,2025-06-21,0,5,0.0,382.55,Sports,362.0,Dormant,True,False,True
827,Nicholas,Parker,nicholas.parker@hotmail.com,-5166,,High_Value,Push,46-55,High,271.28,0.28,False,False,False,,40,Beauty,2,1,1,371.58,371.58,2024-12-17,2024-12-17,1,0,371.58,0.0,Sports,548.0,Dormant,True,False,True
828,John,Torres,john.torres@yahoo.com,-7143,,Low_Value,Push,36-45,High,89.62,0.76,True,False,False,,25,Home,2,2,0,275.83,137.915,2024-12-24,2025-02-15,1,1,160.56,115.27,Beauty,488.0,Dormant,True,True,True
829,Mark,Brooks,mark396@outlook.com,-7882,,Medium_Value,SMS,26-35,Low,146.66,0.55,False,False,True,,36,Home,10,9,1,1360.61,151.17888888888888,2024-07-13,2025-04-20,0,9,0.0,1360.61,Clothing,424.0,Dormant,True,False,True
830,Veronica,Graham,veronicagraham@hotmail.com,-9695,,New_Customer,Email,36-45,Low,37.05,0.73,True,False,True,,12,Electronics,9,8,1,327.0,40.875,2024-09-05,2025-06-05,2,6,106.56,220.44,Books,378.0,Dormant,True,False,True
831,Bridget,Williams,bridget.williams@outlook.com,-7989,,Low_Value,Direct,46-55,Premium,45.53,0.76,False,True,True,,22,Electronics,4,4,0,262.86,65.715,2024-10-12,2025-06-06,2,2,154.67,108.19,Home,377.0,Dormant,True,False,True
832,Calvin,Waller,calvinwaller@outlook.com,-8908,,Low_Value,Push,55+,High,68.08,0.76,False,False,False,,25,Home,7,7,0,571.87,81.69571428571429,2024-09-22,2025-04-12,3,4,296.39,275.48,Books,432.0,Dormant,True,False,True
833,Megan,Henry,meganhenry@hotmail.com,-6721,,High_Value,Email,36-45,High,339.74,0.36,True,False,True,,27,Electronics,11,9,2,3291.06,365.67333333333335,2024-07-27,2025-05-17,2,7,1046.7,2244.36,Sports,397.0,Dormant,True,False,True
834,Christopher,Rangel,christopherrangel@yahoo.com,-5341,,Low_Value,Direct,46-55,High,86.25,0.86,True,True,True,,3,Electronics,4,4,0,404.75,101.1875,2024-08-13,2025-06-11,2,2,233.33,171.42,Electronics,372.0,Dormant,True,True,True
835,James,Spencer,james.spencer@gmail.com,-3601,,High_Value,Email,46-55,Low,213.36,0.27,True,False,True,,50,Books,10,8,2,1866.99,233.37375,2024-10-12,2025-06-17,0,8,0.0,1866.99,Beauty,366.0,Dormant,True,True,True
836,Brian,Cox,briancox@outlook.com,-9206,,New_Customer,Push,36-45,Low,143.46,0.65,False,True,False,,5,Sports,6,4,2,820.7,205.175,2025-01-14,2025-06-09,3,1,697.38,123.32,Beauty,374.0,Dormant,True,False,True
837,Derek,Chavez,derek689@hotmail.com,-8541,,High_Value,Direct,46-55,Premium,331.55,0.4,False,False,False,,41,Beauty,3,2,1,578.09,289.045,2025-03-24,2025-06-08,0,2,0.0,578.09,Clothing,375.0,Dormant,True,False,True
838,Diana,Hunter,diana.hunter@outlook.com,-4018,,High_Value,Email,46-55,Low,233.28,0.38,True,True,False,,14,Books,8,6,2,1330.13,221.68833333333333,2024-07-21,2025-06-01,0,6,0.0,1330.13,Sports,382.0,Dormant,True,True,True
839,Jonathan,Mclaughlin,jonathanmclaughlin@yahoo.com,-9743,,New_Customer,Direct,18-25,High,120.07,0.57,False,False,True,,42,Books,8,7,1,893.09,127.58428571428571,2024-07-31,2025-07-03,1,6,157.23,735.86,Electronics,350.0,Dormant,True,False,True
840,Danielle,Mendoza,daniellemendoza@gmail.com,-11610,,New_Customer,Push,Unknown,Medium,70.4,0.68,True,True,False,,47,Beauty,4,2,2,144.92,72.46,2024-10-11,2024-12-09,0,2,0.0,144.92,Sports,556.0,Dormant,True,False,True
841,Juan,Moody,juan.moody@gmail.com,-6717,,Medium_Value,Direct,26-35,Premium,135.92,0.53,True,False,True,,48,Books,7,6,1,933.97,155.66166666666666,2024-07-31,2025-07-02,1,5,239.74,694.23,Clothing,351.0,Dormant,True,False,True
842,Stacy,Chavez,stacy.chavez@outlook.com,-8802,,Medium_Value,Email,26-35,Premium,184.5,0.53,True,False,True,,18,Beauty,10,10,0,2104.4,210.44,2024-08-16,2025-06-17,3,7,847.78,1256.62,Beauty,366.0,Dormant,True,False,True
843,Tanya,Turner,tanya.turner@yahoo.com,-4584,,Low_Value,Email,46-55,High,76.29,0.76,True,False,False,,5,Books,8,6,2,448.95,74.825,2024-08-14,2025-03-14,1,5,112.16,336.79,Books,461.0,Dormant,True,False,True
844,Emily,Lam,emily.lam@outlook.com,-9209,,Low_Value,Push,55+,Low,45.64,0.77,False,False,True,,27,Books,9,7,1,370.76,52.965714285714284,2024-11-23,2025-05-25,3,4,191.28,179.48,Books,389.0,Dormant,True,False,True
845,Robert,Buck,robert303@outlook.com,-8208,,Medium_Value,Push,18-25,Unknown,83.34,0.4,False,False,True,,30,Electronics,6,6,0,569.12,94.85333333333334,2024-07-17,2025-06-06,0,6,0.0,569.12,Clothing,377.0,Dormant,True,False,True
846,Amber,Gardner,ambergardner@yahoo.com,-7059,,New_Customer,Push,18-25,Medium,128.49,0.77,True,False,True,,4,Sports,8,8,0,1132.83,141.60375,2024-07-16,2025-06-09,3,5,527.9,604.93,Beauty,374.0,Dormant,True,False,True
847,Stephanie,Bass,stephanie.bass@hotmail.com,-5020,,Medium_Value,Email,26-35,Low,87.36,0.63,True,True,False,,5,Home,5,5,0,493.28,98.656,2024-10-26,2025-04-03,2,3,263.69,229.59,Clothing,441.0,Dormant,True,False,True
848,April,Ramos,april724@hotmail.com,-6632,,High_Value,Direct,55+,High,424.21,0.35,True,True,False,,0,Electronics,4,2,2,672.09,336.045,2024-10-31,2025-05-10,0,2,0.0,672.09,Books,404.0,Dormant,True,False,True
849,Danielle,Duran,danielle.duran@gmail.com,-5502,,Medium_Value,Push,18-25,Premium,142.3,0.61,False,False,False,,2,Home,6,5,1,771.72,154.344,2024-07-07,2025-05-11,2,3,364.4,407.32,Beauty,403.0,Dormant,True,False,True
850,Brett,Ball,brett.ball@yahoo.com,-5442,,New_Customer,Push,46-55,High,131.15,0.56,False,True,False,,50,Beauty,2,2,0,338.21,169.105,2024-09-04,2025-05-20,1,1,171.59,166.62,Clothing,394.0,Dormant,True,False,True
851,Julie,Goodwin,julie244@outlook.com,-10488,,New_Customer,Push,55+,High,41.93,0.78,True,True,True,,37,Sports,7,6,1,287.44,47.906666666666666,2024-09-04,2025-06-17,1,5,66.63,220.81,Beauty,366.0,Dormant,True,True,True
852,Sabrina,Singleton,sabrina.singleton@gmail.com,-4518,,Medium_Value,Email,46-55,Low,167.11,0.62,True,False,False,,10,Clothing,10,8,2,1532.46,191.5575,2024-08-11,2025-05-25,3,5,691.25,841.21,Books,389.0,Dormant,True,False,True
853,Judith,Johnston,judith172@outlook.com,-5393,,Medium_Value,Direct,46-55,Unknown,160.12,0.66,False,True,False,,49,Home,9,7,2,1263.07,180.43857142857144,2024-10-21,2025-07-03,3,4,638.01,625.06,Clothing,350.0,Dormant,True,False,True
854,Carol,Thomas,carol.thomas@gmail.com,-4753,,Medium_Value,Push,18-25,Low,83.96,0.68,True,False,True,,19,Books,7,7,0,618.85,88.40714285714286,2024-07-09,2025-03-22,1,6,134.52,484.33,Electronics,453.0,Dormant,True,False,True
855,Daniel,Hill,daniel125@hotmail.com,-6286,,Low_Value,SMS,Unknown,Premium,73.43,0.81,False,True,True,,47,Electronics,7,5,2,382.35,76.47,2024-08-17,2025-04-12,2,3,206.73,175.62,Beauty,432.0,Dormant,True,False,True
856,Michael,Roman,michael.roman@hotmail.com,-10382,,High_Value,Email,18-25,High,179.13,0.35,False,True,False,,28,Beauty,3,3,0,610.65,203.55,2025-01-23,2025-06-27,0,3,0.0,610.65,Home,356.0,Dormant,True,False,True
857,Mary,Keller,mary.keller@yahoo.com,-11151,,Medium_Value,Email,46-55,Medium,100.84,0.66,True,False,False,,45,Beauty,7,6,1,763.19,127.19833333333334,2024-07-11,2025-06-14,3,3,466.24,296.95,Sports,369.0,Dormant,True,False,True
858,Elizabeth,Cervantes,elizabeth863@hotmail.com,-9951,,New_Customer,Push,46-55,High,58.33,0.61,True,False,True,,25,Electronics,5,3,2,244.28,81.42666666666666,2024-09-28,2025-04-28,2,1,169.82,74.46,Sports,416.0,Dormant,True,False,True
859,John,Parker,john.parker@hotmail.com,-2249,,New_Customer,Social,55+,Medium,56.41,0.78,True,True,False,,34,Home,8,8,0,468.61,58.57625,2024-07-23,2025-06-19,2,6,144.93,323.68,Clothing,364.0,Dormant,True,False,True
860,Priscilla,Lester,priscilla146@hotmail.com,-4608,,High_Value,Direct,36-45,Low,261.61,0.38,True,True,True,,4,Books,10,7,3,1929.01,275.5728571428571,2024-07-30,2025-04-16,0,7,0.0,1929.01,Home,428.0,Dormant,True,False,True
861,Nancy,Murray,nancy415@outlook.com,-9357,,High_Value,Direct,46-55,High,184.94,0.22,True,False,True,,23,Sports,7,6,1,1285.97,214.32833333333335,2024-10-18,2025-03-07,1,5,328.48,957.49,Clothing,468.0,Dormant,True,True,True
862,James,Avery,james637@outlook.com,-8310,,Medium_Value,Email,46-55,Unknown,167.83,0.56,True,True,False,,21,Books,8,4,4,849.87,212.4675,2024-11-12,2025-05-08,2,2,555.02,294.85,Electronics,406.0,Dormant,True,True,True
863,Shannon,Hayes,shannon.hayes@gmail.com,-6513,,Low_Value,Direct,36-45,Low,95.25,0.65,False,False,False,,48,Books,5,4,1,375.64,93.91,2024-08-24,2025-06-18,0,4,0.0,375.64,Sports,365.0,Dormant,True,False,True
864,Emily,Jenkins,emily228@outlook.com,-5962,,Low_Value,SMS,55+,High,29.46,0.65,True,False,True,,48,Electronics,5,4,1,158.15,39.5375,2024-07-15,2025-05-31,2,2,101.98,56.17,Clothing,383.0,Dormant,True,False,True
865,Robin,Hernandez,robin.hernandez@yahoo.com,-2990,,High_Value,Direct,26-35,Medium,364.52,0.39,True,False,True,,11,Electronics,7,4,3,1450.18,362.545,2024-08-19,2024-09-27,1,3,450.62,999.56,Beauty,629.0,Dormant,True,True,True
866,Andrew,Vazquez,andrewvazquez@gmail.com,-2301,,Medium_Value,Push,46-55,Low,155.61,0.64,True,False,False,,46,Electronics,6,6,0,1087.85,181.30833333333334,2024-09-08,2025-05-20,2,4,482.46,605.39,Home,394.0,Dormant,True,False,True
867,Ronald,Benton,ronald.benton@hotmail.com,-6654,,Low_Value,Social,26-35,Low,74.24,0.85,True,True,False,,1,Home,1,1,0,83.12,83.12,2025-04-15,2025-04-15,1,0,83.12,0.0,Books,429.0,Dormant,True,False,True
868,William,Diaz,williamdiaz@hotmail.com,-6534,,Low_Value,Email,46-55,Medium,62.92,0.69,True,False,False,,37,Beauty,7,6,1,398.32,66.38666666666667,2024-08-28,2025-06-30,1,5,105.85,292.47,Beauty,353.0,Dormant,True,False,True
869,Stephanie,Avila,stephanie105@yahoo.com,-7598,,High_Value,Social,46-55,Low,421.93,0.21,False,False,False,,26,Electronics,7,7,0,3235.39,462.1985714285714,2024-10-28,2025-06-05,0,7,0.0,3235.39,Books,378.0,Dormant,True,False,True
870,Erik,Perkins,erik.perkins@yahoo.com,-3832,,Medium_Value,Social,36-45,High,158.72,0.64,True,True,True,,14,Beauty,11,11,0,2170.61,197.32818181818183,2024-07-11,2025-06-13,5,6,1259.95,910.66,Books,370.0,Dormant,True,True,True
871,Karen,Kelly,karenkelly@hotmail.com,-5751,,High_Value,Direct,18-25,High,213.51,0.37,True,True,False,,4,Home,4,4,0,910.3,227.575,2024-11-03,2025-03-15,1,3,295.14,615.16,Beauty,460.0,Dormant,True,False,True
872,Seth,Guerrero,seth.guerrero@hotmail.com,-2854,,New_Customer,Email,18-25,Unknown,57.93,0.67,True,True,False,,33,Clothing,9,6,3,466.34,77.72333333333333,2024-10-09,2025-07-03,3,3,266.13,200.21,Beauty,350.0,Dormant,True,True,True
873,Andrea,Garcia,andrea445@yahoo.com,-11773,,New_Customer,Email,55+,Low,61.54,0.71,True,True,True,,7,Clothing,3,3,0,213.48,71.16,2024-10-07,2025-05-05,1,2,106.87,106.61,Beauty,409.0,Dormant,True,True,True
874,Juan,Aguilar,juan434@yahoo.com,-2035,,New_Customer,Direct,55+,Low,86.01,0.58,False,False,False,,13,Clothing,4,3,1,253.32,84.44,2024-07-22,2025-03-11,1,2,101.83,151.49,Clothing,464.0,Dormant,True,True,True
875,Teresa,Perkins,teresa359@yahoo.com,-9838,,Low_Value,Social,46-55,Medium,66.23,0.83,True,False,True,,29,Sports,6,5,1,430.73,86.146,2024-07-28,2025-03-27,3,2,283.39,147.34,Clothing,448.0,Dormant,True,True,True
876,Annette,Rios,annette.rios@yahoo.com,-6644,,High_Value,Push,36-45,Premium,275.94,0.25,False,True,False,,11,Beauty,1,1,0,235.81,235.81,2024-12-29,2024-12-29,0,1,0.0,235.81,Sports,536.0,Dormant,True,False,True
877,Andrea,Rodriguez,andrea.rodriguez@yahoo.com,-10804,,High_Value,SMS,26-35,Low,231.06,0.36,False,True,False,,42,Books,9,7,2,1681.38,240.19714285714286,2024-08-02,2025-03-03,0,7,0.0,1681.38,Clothing,472.0,Dormant,True,False,True
878,Kelsey,Rios,kelsey.rios@yahoo.com,-5464,,Low_Value,Social,55+,Premium,58.74,0.69,True,True,True,,18,Clothing,6,5,1,307.95,61.59,2024-07-05,2025-06-16,1,4,86.4,221.55,Clothing,367.0,Dormant,True,False,True
879,Victoria,Mcdonald,victoria696@yahoo.com,-2702,,Low_Value,Direct,36-45,Medium,77.29,0.86,True,False,True,,13,Books,3,3,0,199.94,66.64666666666666,2024-07-21,2025-02-10,0,3,0.0,199.94,Sports,493.0,Dormant,True,False,True
880,Krystal,Adkins,krystal.adkins@yahoo.com,-3375,,High_Value,Email,Unknown,Medium,170.57,0.32,True,True,True,,22,Clothing,9,8,1,1613.11,201.63875,2024-08-20,2025-04-20,2,6,539.86,1073.25,Books,424.0,Dormant,True,True,True
881,Jerry,Berg,jerry171@hotmail.com,-10686,,Low_Value,Social,46-55,High,43.12,0.79,False,False,False,,33,Clothing,4,1,3,52.43,52.43,2024-11-02,2024-11-02,0,1,0.0,52.43,Books,593.0,Dormant,True,False,True
882,Heather,Weaver,heather828@yahoo.com,-8515,,New_Customer,Push,46-55,High,139.83,0.72,True,True,True,,39,Books,4,3,0,461.7,153.9,2024-11-05,2025-07-03,1,2,179.54,282.16,Beauty,350.0,Dormant,True,False,True
883,Hayley,Anderson,hayley.anderson@hotmail.com,-4724,,High_Value,Email,26-35,Premium,231.21,0.36,False,False,False,,32,Clothing,12,11,1,2612.87,237.53363636363636,2024-09-21,2025-06-20,1,10,267.95,2344.92,Home,363.0,Dormant,True,False,True
884,Henry,Jones,henryjones@yahoo.com,-4599,,Medium_Value,Email,46-55,Medium,176.68,0.64,True,True,False,,40,Electronics,7,7,0,1462.18,208.88285714285715,2024-09-02,2025-05-17,4,3,935.18,527.0,Books,397.0,Dormant,True,False,True
885,Randy,Sanchez,randy.sanchez@outlook.com,-7472,,Low_Value,Social,46-55,High,99.98,0.84,False,False,True,,22,Clothing,11,11,0,1325.99,120.54454545454546,2024-07-16,2025-05-05,3,8,442.52,883.47,Electronics,409.0,Dormant,True,True,True
886,Jeffrey,Cameron,jeffrey.cameron@hotmail.com,-4650,,Low_Value,Direct,36-45,Medium,83.55,0.87,True,True,True,,6,Home,9,8,1,810.08,101.26,2024-09-11,2025-05-03,3,5,358.6,451.48,Clothing,411.0,Dormant,True,False,True
887,Levi,Brown,levi621@outlook.com,-5108,,Low_Value,SMS,Unknown,Premium,41.25,0.7,False,True,True,,20,Beauty,11,9,2,459.59,51.065555555555555,2024-10-13,2025-06-28,3,6,208.65,250.94,Books,355.0,Dormant,True,False,True
888,Teresa,Fletcher,teresa.fletcher@gmail.com,-9590,,New_Customer,Email,46-55,Unknown,72.51,0.7,False,True,False,,7,Books,7,6,1,454.76,75.79333333333334,2024-11-30,2025-06-18,1,5,95.98,358.78,Electronics,365.0,Dormant,True,False,True
889,Jennifer,Jacobs,jenniferjacobs@gmail.com,-5475,,High_Value,SMS,46-55,Medium,363.84,0.38,False,False,False,,1,Clothing,9,9,0,3661.6,406.84444444444443,2024-07-16,2025-06-17,2,7,1175.44,2486.16,Books,366.0,Dormant,True,False,True
890,Jacob,Lucas,jacoblucas@gmail.com,-5356,,Low_Value,Direct,55+,High,91.77,0.66,False,True,True,,7,Sports,8,7,1,739.8,105.68571428571428,2024-07-19,2025-05-24,3,4,380.02,359.78,Electronics,390.0,Dormant,True,False,True
891,Corey,Hogan,corey.hogan@gmail.com,-7585,,New_Customer,Email,36-45,Unknown,128.74,0.55,False,False,False,,36,Clothing,8,6,2,720.96,120.16,2024-08-13,2025-05-29,0,6,0.0,720.96,Clothing,385.0,Dormant,True,False,True
892,Peter,Jones,peter744@outlook.com,-10671,,Medium_Value,SMS,46-55,Unknown,171.52,0.68,True,False,False,,0,Books,7,6,1,1109.41,184.90166666666667,2024-08-30,2025-05-04,2,4,472.75,636.66,Clothing,410.0,Dormant,True,False,True
893,Jessica,Christian,jessica.christian@outlook.com,-6484,,High_Value,Direct,46-55,Low,461.56,0.34,False,False,False,,32,Home,12,11,1,5156.61,468.7827272727273,2024-09-12,2025-06-15,1,10,704.59,4452.02,Books,368.0,Dormant,True,True,True
894,Jessica,Huber,jessicahuber@outlook.com,-3642,,Low_Value,Direct,26-35,High,59.49,0.83,False,False,False,,16,Sports,4,3,1,180.34,60.11333333333334,2024-09-04,2025-05-30,0,3,0.0,180.34,Home,384.0,Dormant,True,False,True
895,Amber,Roberts,amberroberts@hotmail.com,-11292,,Medium_Value,Social,26-35,High,76.37,0.49,True,True,True,,13,Clothing,6,4,2,404.33,101.0825,2024-07-28,2025-06-09,1,3,118.5,285.83,Books,374.0,Dormant,True,False,True
896,Michelle,Gentry,michelle.gentry@gmail.com,-9688,,Low_Value,SMS,26-35,Medium,78.17,0.7,False,True,False,,43,Clothing,6,4,2,334.61,83.6525,2024-12-20,2025-06-10,1,3,117.55,217.06,Beauty,373.0,Dormant,True,True,True
897,Alyssa,Smith,alyssasmith@gmail.com,-8640,,High_Value,SMS,36-45,Unknown,300.41,0.36,False,False,False,,15,Beauty,3,3,0,1079.92,359.97333333333336,2024-12-31,2025-06-12,1,2,366.29,713.63,Electronics,371.0,Dormant,True,False,True
898,Michael,Adams,michael837@yahoo.com,-6550,,New_Customer,SMS,55+,Unknown,145.29,0.76,False,True,False,,0,Clothing,10,9,1,1604.36,178.26222222222222,2024-07-15,2025-05-17,4,5,904.31,700.05,Sports,397.0,Dormant,True,False,True
899,Stephanie,Hull,stephanie.hull@hotmail.com,-11351,,High_Value,Email,55+,High,236.46,0.2,True,True,False,,46,Home,8,8,0,1963.64,245.455,2024-08-03,2025-06-16,1,7,374.56,1589.08,Home,367.0,Dormant,True,False,True
900,Stacie,Morrison,staciemorrison@outlook.com,-5913,,New_Customer,Direct,Unknown,Premium,93.55,0.55,False,True,False,,5,Beauty,7,6,1,616.14,102.69,2024-10-22,2025-06-23,1,5,138.64,477.5,Electronics,360.0,Dormant,True,False,True
901,Daniel,Johnson,daniel.johnson@yahoo.com,-5188,,New_Customer,Email,26-35,Low,60.17,0.67,True,False,False,,50,Sports,9,8,1,561.76,70.22,2024-07-14,2025-06-29,3,5,294.41,267.35,Books,354.0,Dormant,True,True,True
902,Robert,Estrada,robert573@hotmail.com,-3037,,Low_Value,Push,26-35,High,28.39,0.78,True,True,True,,46,Clothing,11,10,1,316.1,31.61,2024-07-05,2025-06-09,2,8,87.61,228.49,Electronics,374.0,Dormant,True,False,True
903,Sarah,Wilson,sarah.wilson@gmail.com,-8234,,New_Customer,Push,55+,High,89.34,0.63,True,True,True,,6,Clothing,6,5,1,492.45,98.49,2024-08-21,2025-04-25,1,4,102.6,389.85,Electronics,419.0,Dormant,True,True,True
904,Veronica,Lara,veronica.lara@yahoo.com,-8693,,Low_Value,Push,18-25,Unknown,44.77,0.86,False,True,True,,37,Sports,7,6,1,329.29,54.88166666666667,2024-08-20,2025-06-19,3,3,211.26,118.03,Books,364.0,Dormant,True,False,True
905,Heather,Horn,heatherhorn@outlook.com,-8912,,Low_Value,Push,55+,Low,60.19,0.61,False,False,False,,47,Books,4,3,1,186.31,62.10333333333333,2024-11-04,2025-01-10,0,3,0.0,186.31,Clothing,524.0,Dormant,True,True,True
906,Tiffany,Woods,tiffany.woods@yahoo.com,-5387,,New_Customer,SMS,26-35,Low,131.3,0.75,False,False,True,,30,Clothing,9,6,3,1028.88,171.48,2024-07-06,2025-06-11,3,3,625.84,403.04,Books,372.0,Dormant,True,True,True
907,Karen,Garcia,karengarcia@outlook.com,-2690,,New_Customer,Push,36-45,Medium,61.26,0.77,True,True,True,,6,Electronics,3,3,0,206.97,68.99,2024-07-26,2025-05-21,1,2,91.5,115.47,Books,393.0,Dormant,True,False,True
908,Wanda,Turner,wanda.turner@outlook.com,-8487,,Low_Value,Push,26-35,Medium,43.81,0.66,False,True,False,,15,Books,8,7,1,300.83,42.97571428571428,2024-07-25,2025-06-03,1,6,48.63,252.2,Sports,380.0,Dormant,True,False,True
909,Lacey,Williams,lacey740@gmail.com,-11483,,Low_Value,Push,46-55,Premium,41.65,0.63,True,False,True,,49,Home,5,5,0,273.24,54.648,2024-09-08,2025-05-20,3,2,185.47,87.77,Electronics,394.0,Dormant,True,False,True
910,Dennis,Mcdonald,dennismcdonald@outlook.com,-6479,,Medium_Value,SMS,26-35,Medium,84.84,0.56,False,False,False,,17,Electronics,3,2,1,161.3,80.65,2025-03-08,2025-06-15,0,2,0.0,161.3,Books,368.0,Dormant,True,False,True
911,Jacob,Thompson,jacob.thompson@hotmail.com,-3720,,Medium_Value,Social,55+,Low,122.25,0.44,False,True,False,,35,Beauty,8,6,2,857.52,142.92,2024-07-06,2025-06-29,3,3,466.8,390.72,Beauty,354.0,Dormant,True,True,True
912,Miranda,Johnson,mirandajohnson@yahoo.com,-10218,,Medium_Value,Email,46-55,Low,108.21,0.6,False,False,True,,39,Home,4,4,0,428.65,107.1625,2024-07-21,2025-06-06,1,3,122.93,305.72,Books,377.0,Dormant,True,False,True
913,Mary,Cross,mary419@gmail.com,-3291,,High_Value,Email,46-55,Low,223.28,0.38,True,True,True,,22,Home,9,7,2,1701.75,243.10714285714286,2024-09-26,2025-06-09,1,6,332.64,1369.11,Electronics,374.0,Dormant,True,False,True
914,Miguel,Smith,miguel.smith@hotmail.com,-2160,,New_Customer,Direct,18-25,High,91.54,0.5,False,True,True,,36,Home,7,6,1,545.06,90.84333333333333,2024-07-11,2025-04-16,0,6,0.0,545.06,Electronics,428.0,Dormant,True,False,True
915,Lisa,Dyer,lisa.dyer@yahoo.com,-10012,,New_Customer,Email,46-55,Medium,147.53,0.68,True,False,False,,13,Books,3,3,0,573.37,191.12333333333333,2024-09-23,2025-03-25,1,2,237.7,335.67,Clothing,450.0,Dormant,True,False,True
916,Russell,Contreras,russellcontreras@yahoo.com,-3945,,Medium_Value,Direct,46-55,Premium,102.98,0.44,False,False,True,,10,Sports,2,2,0,230.55,115.275,2024-09-23,2025-06-23,0,2,0.0,230.55,Beauty,360.0,Dormant,True,False,True
917,Kelly,Brown,kelly.brown@outlook.com,-5065,,Medium_Value,SMS,Unknown,Medium,137.69,0.46,False,False,False,,50,Electronics,10,9,1,1539.88,171.09777777777776,2024-07-06,2025-06-22,3,6,596.93,942.95,Home,361.0,Dormant,True,False,True
918,Vincent,Martinez,vincent555@hotmail.com,-8909,,High_Value,Email,46-55,High,332.82,0.21,False,True,True,,40,Books,6,3,3,843.1,281.03333333333336,2024-07-08,2024-08-29,0,3,0.0,843.1,Clothing,658.0,Dormant,True,False,True
919,Scott,Wright,scott895@gmail.com,-9181,,High_Value,Push,26-35,High,280.97,0.36,False,True,True,,38,Clothing,8,7,1,1870.83,267.26142857142855,2024-07-08,2025-05-29,0,7,0.0,1870.83,Clothing,385.0,Dormant,True,False,True
920,Andrea,Rich,andrearich@yahoo.com,-3962,,New_Customer,Direct,36-45,Low,138.73,0.51,False,True,False,,45,Clothing,6,5,1,628.74,125.748,2024-08-10,2025-05-13,0,5,0.0,628.74,Beauty,401.0,Dormant,True,False,True
921,Micheal,Parker,micheal330@outlook.com,-6155,,Medium_Value,SMS,18-25,Unknown,183.99,0.64,False,True,True,,25,Clothing,2,1,1,195.42,195.42,2024-07-17,2024-07-17,0,1,0.0,195.42,Home,701.0,Dormant,True,False,True
922,Seth,Barnett,seth358@yahoo.com,-10725,,Low_Value,Direct,55+,Premium,48.42,0.7,False,True,False,,0,Sports,6,5,1,326.96,65.392,2024-07-11,2025-04-18,3,2,240.55,86.41,Clothing,426.0,Dormant,True,True,True
923,Barbara,Burke,barbara97@hotmail.com,-6435,,New_Customer,Push,36-45,Premium,80.25,0.77,True,True,False,,39,Books,11,9,2,893.32,99.25777777777778,2024-07-23,2025-06-30,5,4,538.31,355.01,Electronics,353.0,Dormant,True,False,True
924,Jacqueline,Mullen,jacquelinemullen@yahoo.com,-9155,,High_Value,Email,46-55,Medium,226.43,0.32,False,False,True,,17,Books,7,5,2,1238.4,247.68,2024-11-01,2025-06-22,1,4,336.95,901.45,Clothing,361.0,Dormant,True,False,True
925,Hannah,Dawson,hannah.dawson@outlook.com,-2790,,High_Value,Push,26-35,High,422.5,0.27,True,False,True,,46,Clothing,6,6,0,2652.68,442.11333333333334,2024-07-06,2025-05-20,1,5,691.83,1960.85,Electronics,394.0,Dormant,True,False,True
926,Lisa,Lewis,lisa.lewis@yahoo.com,-9404,,High_Value,Social,46-55,Low,443.2,0.32,True,False,False,,35,Electronics,10,9,1,4328.27,480.9188888888889,2024-08-10,2025-05-03,2,7,1152.87,3175.4,Home,411.0,Dormant,True,False,True
927,Gary,Chase,garychase@gmail.com,-9941,,High_Value,SMS,18-25,Premium,466.51,0.38,True,True,True,,48,Electronics,4,3,1,1311.02,437.00666666666666,2024-08-15,2025-03-31,0,3,0.0,1311.02,Beauty,444.0,Dormant,True,False,True
928,Raymond,Griffin,raymond959@yahoo.com,-5952,,Low_Value,Push,26-35,Low,34.31,0.74,False,False,False,,29,Beauty,5,4,1,135.6,33.9,2024-08-16,2025-06-19,0,4,0.0,135.6,Home,364.0,Dormant,True,True,True
929,Melissa,Norton,melissa247@hotmail.com,-6853,,Low_Value,Email,Unknown,High,66.66,0.84,True,True,False,,6,Books,12,10,2,760.45,76.045,2024-09-28,2025-04-27,4,6,356.41,404.04,Beauty,417.0,Dormant,True,False,True
930,Jason,Johnson,jason.johnson@hotmail.com,-2092,,New_Customer,Email,18-25,Premium,59.99,0.75,True,True,False,,34,Sports,7,6,1,445.96,74.32666666666667,2024-07-31,2025-06-03,2,4,188.39,257.57,Electronics,380.0,Dormant,True,False,True
931,Ricky,Hill,rickyhill@hotmail.com,-5924,,Medium_Value,SMS,36-45,Medium,150.59,0.58,True,False,False,,44,Clothing,3,3,0,407.8,135.93333333333334,2024-08-20,2025-01-09,0,3,0.0,407.8,Books,525.0,Dormant,True,False,True
932,Christopher,Torres,christophertorres@outlook.com,-5461,,Low_Value,Push,46-55,Low,41.81,0.62,True,False,False,,43,Home,11,7,4,331.63,47.37571428571429,2024-08-12,2025-06-06,2,5,112.75,218.88,Electronics,377.0,Dormant,True,False,True
933,Francisco,Ball,francisco.ball@yahoo.com,-4177,,High_Value,Email,36-45,Low,471.29,0.24,False,False,False,,16,Clothing,9,7,2,3549.48,507.06857142857143,2024-08-09,2025-06-20,1,6,640.86,2908.62,Electronics,363.0,Dormant,True,False,True
934,Joshua,Cain,joshua.cain@gmail.com,-4219,,Medium_Value,SMS,46-55,Medium,100.39,0.64,False,True,False,,24,Home,6,5,1,629.1,125.82,2024-07-22,2025-06-30,2,3,323.16,305.94,Beauty,353.0,Dormant,True,False,True
935,Levi,Bennett,levi.bennett@gmail.com,-7053,,New_Customer,Push,18-25,Medium,65.85,0.67,True,False,True,,4,Sports,7,5,2,405.46,81.092,2024-08-07,2025-06-05,2,3,202.23,203.23,Electronics,378.0,Dormant,True,False,True
936,Joshua,Harrison,joshua.harrison@gmail.com,-5557,,Medium_Value,Direct,46-55,Premium,144.27,0.48,True,True,True,,38,Books,12,9,3,1518.65,168.73888888888888,2024-07-15,2025-06-12,3,6,623.48,895.17,Books,371.0,Dormant,True,False,True
937,Olivia,Salazar,oliviasalazar@gmail.com,-4882,,Low_Value,Email,36-45,High,53.3,0.64,False,True,False,,49,Electronics,7,4,3,250.24,62.56,2024-10-19,2025-03-26,2,2,161.89,88.35,Sports,449.0,Dormant,True,False,True
938,Anthony,Hart,anthony.hart@hotmail.com,-2547,,New_Customer,Direct,18-25,Medium,149.84,0.59,True,True,True,,47,Home,9,9,0,1488.12,165.34666666666666,2024-08-08,2025-05-08,3,6,698.68,789.44,Books,406.0,Dormant,True,False,True
939,Melinda,Mcdaniel,melinda.mcdaniel@yahoo.com,-9297,,Medium_Value,Push,55+,Low,147.45,0.66,True,True,False,,0,Sports,6,4,2,635.68,158.92,2024-12-30,2025-04-02,1,3,193.68,442.0,Sports,442.0,Dormant,True,True,True
940,Pamela,Davenport,pamela584@yahoo.com,-3418,,New_Customer,Email,Unknown,Medium,79.0,0.76,True,True,True,,22,Home,6,5,1,502.14,100.428,2024-07-31,2025-06-20,2,3,239.97,262.17,Clothing,363.0,Dormant,True,True,True
941,Paul,Kirby,paul.kirby@yahoo.com,-7976,,Low_Value,Direct,36-45,High,72.84,0.68,True,False,True,,16,Electronics,8,6,2,421.73,70.28833333333333,2024-08-06,2025-04-15,0,6,0.0,421.73,Sports,429.0,Dormant,True,True,True
942,Sean,Allen,sean.allen@yahoo.com,-9932,,Medium_Value,Email,36-45,Low,92.43,0.42,False,True,False,,4,Clothing,9,9,0,896.21,99.57888888888888,2024-09-03,2025-07-07,3,6,348.13,548.08,Sports,346.0,Dormant,True,False,True
943,Angela,Riggs,angela.riggs@hotmail.com,-8447,,High_Value,SMS,46-55,Unknown,309.92,0.21,True,False,False,,23,Beauty,9,6,3,1927.25,321.2083333333333,2024-07-18,2025-02-25,0,6,0.0,1927.25,Books,478.0,Dormant,True,False,True
944,Amy,Mckay,amy814@gmail.com,-8635,,Low_Value,SMS,18-25,Premium,58.31,0.82,False,True,True,,23,Clothing,5,4,1,222.81,55.7025,2024-08-07,2025-05-01,1,3,69.18,153.63,Clothing,413.0,Dormant,True,True,True
945,Lindsay,Hardy,lindsay153@outlook.com,-4769,,Medium_Value,Direct,18-25,Unknown,169.42,0.59,False,True,True,,49,Sports,10,7,3,1299.8,185.68571428571428,2024-09-27,2025-04-22,0,7,0.0,1299.8,Books,422.0,Dormant,True,False,True
946,Walter,Simmons,waltersimmons@outlook.com,-7385,,Medium_Value,SMS,18-25,Unknown,168.92,0.42,False,False,True,,12,Home,8,7,1,1070.77,152.96714285714285,2024-08-13,2025-04-10,1,6,189.65,881.12,Home,434.0,Dormant,True,False,True
947,Mary,Wilson,mary996@yahoo.com,-5668,,Medium_Value,Direct,46-55,Premium,139.72,0.51,False,False,False,,17,Home,6,4,2,694.37,173.5925,2024-10-21,2025-06-22,2,2,433.14,261.23,Home,361.0,Dormant,True,False,True
948,Joseph,Davis,joseph630@outlook.com,-3512,,New_Customer,SMS,36-45,Low,64.3,0.51,True,True,True,,10,Clothing,10,7,3,519.51,74.21571428571428,2024-08-06,2025-05-12,2,5,166.16,353.35,Home,402.0,Dormant,True,False,True
949,Brian,Walter,brian241@hotmail.com,-3544,,Medium_Value,Push,18-25,Medium,109.13,0.4,True,True,True,,33,Books,5,4,1,386.62,96.655,2024-07-30,2025-05-24,0,4,0.0,386.62,Clothing,390.0,Dormant,True,False,True
950,Aaron,Lewis,aaron.lewis@yahoo.com,-6582,,New_Customer,Push,36-45,Premium,110.52,0.54,True,True,True,,40,Clothing,4,4,0,536.77,134.1925,2024-08-12,2024-12-30,0,4,0.0,536.77,Books,535.0,Dormant,True,False,True
951,Jacqueline,Ochoa,jacqueline376@hotmail.com,-4776,,Medium_Value,Direct,26-35,Premium,178.42,0.57,False,True,False,,38,Home,8,8,0,1459.41,182.42625,2024-07-22,2025-04-30,0,8,0.0,1459.41,Books,414.0,Dormant,True,False,True
952,Ricky,Turner,ricky509@hotmail.com,-3072,,Low_Value,Email,55+,Low,86.76,0.6,False,False,True,,25,Home,8,6,2,495.41,82.56833333333333,2024-08-25,2025-06-25,1,5,103.61,391.8,Clothing,358.0,Dormant,True,False,True
953,Austin,Snyder,austin.snyder@hotmail.com,-3303,,Low_Value,Social,36-45,Premium,79.98,0.85,True,True,False,,18,Books,8,7,1,681.39,97.34142857142857,2024-08-03,2025-05-02,3,4,346.56,334.83,Electronics,412.0,Dormant,True,False,True
954,Tyler,Johnson,tyler279@hotmail.com,-6957,,Medium_Value,Direct,Unknown,Premium,131.92,0.6,True,True,True,,8,Books,8,6,2,780.34,130.05666666666667,2024-09-10,2025-06-19,0,6,0.0,780.34,Home,364.0,Dormant,True,False,True
955,Amber,Sandoval,ambersandoval@hotmail.com,-7153,,New_Customer,Email,Unknown,Low,137.85,0.68,True,True,True,,18,Beauty,8,6,2,824.14,137.35666666666665,2024-08-06,2025-05-30,0,6,0.0,824.14,Sports,384.0,Dormant,True,False,True
956,Mark,Hammond,mark.hammond@gmail.com,-4677,,Medium_Value,Push,36-45,High,157.46,0.55,True,False,False,,21,Books,5,5,0,922.53,184.506,2024-08-01,2025-04-16,1,4,277.69,644.84,Books,428.0,Dormant,True,True,True
957,Cameron,Sanchez,cameronsanchez@yahoo.com,-10857,,Low_Value,SMS,46-55,Low,45.78,0.62,False,True,False,,46,Electronics,4,3,1,145.77,48.59,2024-09-04,2025-06-27,0,3,0.0,145.77,Home,356.0,Dormant,True,False,True
958,Crystal,White,crystalwhite@hotmail.com,-2824,,New_Customer,Direct,18-25,Premium,47.02,0.52,False,True,True,,7,Electronics,7,7,0,368.51,52.644285714285715,2024-09-22,2025-04-15,2,5,127.51,241.0,Beauty,429.0,Dormant,True,True,True
959,Amanda,Bennett,amandabennett@yahoo.com,-8662,,New_Customer,Push,36-45,Medium,49.82,0.61,False,True,True,,40,Beauty,6,4,2,186.98,46.745,2024-12-07,2025-01-25,0,4,0.0,186.98,Sports,509.0,Dormant,True,False,True
960,Tamara,Wallace,tamara364@outlook.com,-8265,,New_Customer,Push,55+,Unknown,63.04,0.8,False,True,True,,0,Clothing,6,5,1,378.2,75.64,2024-07-13,2025-03-05,2,3,174.71,203.49,Beauty,470.0,Dormant,True,False,True
961,Jennifer,Chambers,jennifer.chambers@yahoo.com,-10506,,High_Value,Push,18-25,High,155.22,0.32,True,False,True,,33,Beauty,6,6,0,914.85,152.475,2024-08-05,2025-04-13,0,6,0.0,914.85,Home,431.0,Dormant,True,False,True
962,Kimberly,Gibson,kimberly.gibson@gmail.com,-3680,,Low_Value,SMS,18-25,Premium,33.2,0.78,False,False,False,,20,Electronics,9,9,0,321.57,35.73,2024-07-05,2025-06-16,3,6,137.02,184.55,Sports,367.0,Dormant,True,False,True
963,Jamie,Rowe,jamie.rowe@yahoo.com,-2240,,High_Value,Email,26-35,Premium,312.3,0.31,True,False,False,,21,Sports,7,5,2,1349.28,269.856,2024-08-19,2025-05-11,0,5,0.0,1349.28,Sports,403.0,Dormant,True,False,True
964,Andrew,Brown,andrew.brown@gmail.com,-9920,,Low_Value,Push,36-45,Premium,96.54,0.62,True,False,False,,47,Electronics,9,7,2,757.88,108.26857142857143,2024-07-04,2025-05-01,2,5,326.05,431.83,Sports,413.0,Dormant,True,False,True
965,April,Waters,april.waters@yahoo.com,-3311,,High_Value,SMS,26-35,Medium,291.65,0.22,False,False,True,,23,Books,8,7,1,2392.91,341.8442857142857,2024-09-09,2025-07-02,1,6,454.3,1938.61,Home,351.0,Dormant,True,False,True
966,Michele,Zavala,michele943@hotmail.com,-5125,,New_Customer,Push,Unknown,Medium,120.71,0.64,True,False,False,,24,Clothing,10,8,2,1070.39,133.79875,2024-07-21,2025-06-16,2,6,364.71,705.68,Sports,367.0,Dormant,True,True,True
967,Zachary,Frazier,zacharyfrazier@gmail.com,-6784,,Low_Value,SMS,46-55,Premium,72.64,0.87,False,True,True,,5,Sports,9,7,2,673.6,96.22857142857143,2024-07-23,2025-06-23,6,1,590.22,83.38,Clothing,360.0,Dormant,True,False,True
968,Kelsey,Moore,kelsey.moore@hotmail.com,-7958,,Medium_Value,Email,36-45,High,106.26,0.47,False,False,True,,17,Sports,7,5,2,621.97,124.394,2024-09-05,2025-03-21,1,4,167.55,454.42,Books,454.0,Dormant,True,False,True
969,Amanda,Burgess,amanda173@gmail.com,-9945,,High_Value,Push,Unknown,High,160.1,0.4,False,False,False,,46,Clothing,13,12,1,2196.29,183.02416666666667,2024-09-09,2025-06-25,3,9,685.23,1511.06,Sports,358.0,Dormant,True,False,True
970,Alexis,King,alexisking@outlook.com,-4911,,Low_Value,SMS,26-35,Premium,41.99,0.81,True,False,True,,47,Electronics,14,11,3,509.17,46.28818181818182,2024-09-07,2025-06-06,3,8,181.7,327.47,Beauty,377.0,Dormant,True,False,True
971,Annette,Smith,annettesmith@outlook.com,-3660,,Medium_Value,SMS,55+,Medium,82.85,0.42,False,True,False,,41,Sports,8,7,1,584.33,83.47571428571429,2024-08-31,2025-03-26,0,7,0.0,584.33,Home,449.0,Dormant,True,False,True
972,Donna,Henry,donna988@outlook.com,-10247,,Medium_Value,Social,55+,Medium,112.6,0.65,True,False,False,,39,Beauty,7,6,1,559.57,93.26166666666667,2024-07-22,2025-04-30,0,6,0.0,559.57,Home,414.0,Dormant,True,True,True
973,Marie,Floyd,marie341@outlook.com,-7467,,New_Customer,Push,46-55,High,68.29,0.76,True,False,True,,30,Electronics,13,10,3,763.47,76.347,2024-08-03,2025-05-27,2,8,210.27,553.2,Clothing,387.0,Dormant,True,False,True
974,Ruben,Gould,ruben.gould@yahoo.com,-5651,,New_Customer,SMS,26-35,High,102.63,0.55,False,True,False,,45,Books,6,4,2,532.68,133.17,2024-10-20,2025-04-27,1,3,153.44,379.24,Books,417.0,Dormant,True,True,True
975,Bonnie,Anderson,bonnieanderson@gmail.com,-10572,,Low_Value,Push,26-35,Medium,44.45,0.68,False,True,False,,29,Electronics,6,6,0,310.73,51.788333333333334,2024-08-12,2025-06-27,1,5,56.91,253.82,Beauty,356.0,Dormant,True,False,True
976,Thomas,Morales,thomas.morales@yahoo.com,-7811,,New_Customer,Email,18-25,Medium,40.57,0.78,False,False,True,,39,Clothing,6,6,0,319.08,53.18,2024-10-10,2025-06-13,4,2,231.0,88.08,Books,370.0,Dormant,True,False,True
977,Randall,Cooper,randall708@yahoo.com,-10645,,Low_Value,Push,55+,Premium,85.76,0.79,True,True,False,,16,Electronics,7,5,2,483.22,96.644,2024-08-09,2025-06-21,2,3,240.46,242.76,Home,362.0,Dormant,True,False,True
978,Cynthia,Love,cynthia126@hotmail.com,-2014,,Low_Value,Direct,18-25,Medium,86.78,0.85,False,True,True,,7,Electronics,7,7,0,661.38,94.48285714285714,2024-07-24,2025-06-13,2,5,267.37,394.01,Home,370.0,Dormant,True,False,True
979,Shane,Garcia,shanegarcia@hotmail.com,-7844,,New_Customer,Email,36-45,Premium,96.56,0.68,True,True,True,,26,Electronics,8,5,3,514.86,102.972,2024-12-25,2025-04-12,1,4,140.17,374.69,Clothing,432.0,Dormant,True,False,True
980,Amber,Mccall,amber.mccall@gmail.com,-4642,,New_Customer,Push,18-25,Premium,61.98,0.67,True,True,False,,30,Sports,5,3,2,222.9,74.3,2024-09-10,2025-04-26,1,2,80.87,142.03,Clothing,418.0,Dormant,True,False,True
981,Cathy,Parker,cathy.parker@gmail.com,-4107,,Medium_Value,SMS,55+,Low,138.4,0.4,True,True,False,,26,Clothing,6,5,1,747.58,149.516,2024-11-09,2025-06-25,0,5,0.0,747.58,Home,358.0,Dormant,True,False,True
982,Virginia,Coleman,virginia.coleman@hotmail.com,-4730,,Medium_Value,Direct,26-35,High,183.09,0.5,True,True,False,,2,Clothing,9,7,2,1292.69,184.67,2024-07-11,2025-06-18,1,6,290.58,1002.11,Clothing,365.0,Dormant,True,False,True
983,Kyle,Dean,kyle.dean@gmail.com,-7280,,High_Value,Direct,55+,High,351.26,0.24,False,True,True,,30,Beauty,12,12,0,4468.16,372.3466666666667,2024-07-22,2025-06-12,2,10,918.32,3549.84,Electronics,371.0,Dormant,True,False,True
984,Amber,Rodgers,amber.rodgers@outlook.com,-5347,,New_Customer,Social,36-45,High,93.64,0.66,True,False,True,,21,Sports,11,10,1,939.03,93.903,2024-09-26,2025-06-26,2,8,253.43,685.6,Home,357.0,Dormant,True,True,True
985,Omar,Stein,omarstein@outlook.com,-7054,,Low_Value,Social,46-55,Premium,27.16,0.83,False,False,True,,15,Electronics,9,8,1,275.24,34.405,2024-08-02,2025-06-27,4,4,161.36,113.88,Home,356.0,Dormant,True,False,True
986,Tiffany,Roy,tiffanyroy@gmail.com,-2878,,Medium_Value,SMS,18-25,Low,161.75,0.46,False,True,False,,38,Electronics,7,5,2,755.61,151.122,2024-07-06,2025-05-11,0,5,0.0,755.61,Sports,403.0,Dormant,True,True,True
987,Christopher,Bennett,christopherbennett@gmail.com,-5729,,High_Value,Email,55+,Medium,253.13,0.35,False,True,False,,33,Books,7,6,1,1443.87,240.645,2024-09-20,2025-02-07,0,6,0.0,1443.87,Home,496.0,Dormant,True,True,True
988,Tracy,Nixon,tracynixon@outlook.com,-3349,,Medium_Value,Push,46-55,High,164.6,0.64,False,False,True,,42,Sports,10,8,2,1482.98,185.3725,2024-07-18,2025-03-06,2,6,438.36,1044.62,Beauty,469.0,Dormant,True,False,True
989,Steven,Chambers,steven380@gmail.com,-5860,,New_Customer,Email,26-35,Premium,44.72,0.54,True,True,True,,21,Home,9,9,0,444.17,49.352222222222224,2024-07-14,2025-05-18,4,5,234.27,209.9,Sports,396.0,Dormant,True,False,True
990,Sara,Herrera,sara.herrera@gmail.com,-5655,,High_Value,Push,55+,High,289.67,0.32,False,False,False,,2,Home,9,8,1,2306.84,288.355,2024-08-20,2025-06-14,0,8,0.0,2306.84,Clothing,369.0,Dormant,True,False,True
991,Jessica,Torres,jessicatorres@hotmail.com,-6673,,New_Customer,Direct,36-45,Low,119.6,0.72,True,True,True,,14,Electronics,5,3,2,422.91,140.97,2024-07-12,2025-02-25,0,3,0.0,422.91,Clothing,478.0,Dormant,True,False,True
992,Michael,Wilson,michael.wilson@yahoo.com,-6382,,New_Customer,Social,18-25,Medium,123.49,0.6,False,True,False,,14,Home,9,7,2,851.16,121.59428571428572,2024-10-06,2025-06-07,0,7,0.0,851.16,Sports,376.0,Dormant,True,False,True
993,Alicia,Cook,alicia.cook@hotmail.com,-4427,,Medium_Value,Social,36-45,High,119.08,0.47,False,True,False,,5,Home,4,4,0,564.41,141.1025,2025-02-11,2025-05-07,2,2,327.29,237.12,Sports,407.0,Dormant,True,False,True
994,Crystal,Gomez,crystal.gomez@outlook.com,-9647,,High_Value,Social,46-55,Medium,361.33,0.3,False,True,True,,35,Beauty,8,6,2,2032.18,338.69666666666666,2024-07-05,2025-06-21,0,6,0.0,2032.18,Home,362.0,Dormant,True,False,True
995,Jamie,Jones,jamiejones@hotmail.com,-2422,,Medium_Value,Push,55+,Premium,85.99,0.46,False,False,False,,50,Beauty,6,4,2,398.24,99.56,2024-07-31,2025-06-10,3,1,337.4,60.84,Home,373.0,Dormant,True,False,True
996,Ryan,Miller,ryanmillergmail.com,-4452,,Medium_Value,Social,26-35,Low,184.76,0.58,True,False,False,,39,Books,9,7,2,1666.28,238.04,2024-07-23,2025-05-07,5,2,1250.78,415.5,Clothing,407.0,Dormant,True,False,True
997,Gary,Bryant,gary253@hotmail.com,-5984,,New_Customer,SMS,36-45,High,139.16,0.61,True,True,False,,44,Books,7,6,1,990.76,165.12666666666667,2024-08-10,2025-06-21,3,3,535.24,455.52,Electronics,362.0,Dormant,True,False,True
998,Steve,Hurley,stevehurley@hotmail.com,-7329,,New_Customer,Social,46-55,High,95.31,0.64,False,False,False,,34,Clothing,4,2,2,290.39,145.195,2024-08-03,2025-01-25,1,1,167.67,122.72,Clothing,509.0,Dormant,True,False,True
999,Elizabeth,Warren,elizabethwarren@hotmail.com,-4046,,High_Value,SMS,36-45,Low,438.96,0.33,True,True,False,,43,Books,7,6,1,3292.29,548.715,2024-07-27,2025-03-01,4,2,2588.35,703.94,Books,474.0,Dormant,True,False,True
1000,Melissa,Marks,melissa46@outlook.com,-8558,,High_Value,SMS,26-35,High,214.28,0.22,True,False,True,,24,Beauty,10,10,0,2208.17,220.817,2024-07-16,2025-05-10,0,10,0.0,2208.17,Beauty,404.0,Dormant,True,False,True
1001,Alexandria,Farrell,alexandria353@hotmail.com,-3679,,New_Customer,SMS,18-25,Premium,143.99,0.59,False,False,True,,9,Clothing,9,8,1,1117.33,139.66625,2025-02-08,2025-04-21,0,8,0.0,1117.33,Home,423.0,Dormant,True,False,True
1002,Angela,Villanueva,angelavillanueva@yahoo.com,-7217,,Low_Value,Social,18-25,Unknown,90.87,0.72,True,True,True,,0,Books,4,3,1,457.85,152.61666666666667,2024-09-19,2025-03-04,3,0,457.85,0.0,Home,471.0,Dormant,True,False,True
1003,Kelly,Ford,kellyford@outlook.com,-9908,,New_Customer,Social,26-35,Medium,90.15,0.65,True,True,True,,15,Beauty,8,7,1,774.7,110.67142857142858,2024-07-08,2025-05-05,3,4,400.07,374.63,Clothing,409.0,Dormant,True,True,True
1004,Mary,Roberts,maryroberts@yahoo.com,-2683,,Medium_Value,Direct,26-35,Medium,116.94,0.65,True,False,True,,26,Clothing,8,8,0,1015.51,126.93875,2024-10-08,2025-07-01,1,7,179.57,835.94,Books,352.0,Dormant,True,False,True
1005,Ronnie,Little,ronnie.little@gmail.com,-10226,,High_Value,Social,26-35,Medium,489.04,0.24,False,True,False,,3,Beauty,6,5,1,2470.8,494.16,2024-10-05,2025-03-16,1,4,797.65,1673.15,Books,459.0,Dormant,True,False,True
1006,Parker,Hawkins,parker.hawkins@hotmail.com,-4713,,Medium_Value,Email,26-35,Low,112.83,0.44,False,True,True,,34,Clothing,10,8,2,969.53,121.19125,2024-07-20,2025-05-08,1,7,134.87,834.66,Home,406.0,Dormant,True,False,True
1007,Hunter,Benton,hunter.benton@yahoo.com,-6244,,Medium_Value,SMS,46-55,Low,117.45,0.7,False,False,False,,27,Electronics,9,8,1,1008.46,126.0575,2024-07-28,2025-04-01,2,6,321.15,687.31,Electronics,443.0,Dormant,True,False,True
1008,Brent,White,brent125@hotmail.com,-11150,,High_Value,Social,Unknown,Low,252.38,0.27,True,True,False,,36,Beauty,7,5,1,1256.32,251.264,2024-09-18,2025-06-07,0,5,0.0,1256.32,Home,376.0,Dormant,True,False,True
1009,Jesse,Richard,jesserichard@hotmail.com,-7888,,Low_Value,Push,55+,Medium,27.73,0.72,False,True,False,,8,Home,9,7,2,231.83,33.11857142857143,2024-07-15,2025-06-03,2,5,80.57,151.26,Books,380.0,Dormant,True,False,True
1010,Richard,Sampson,richardsampson@yahoo.com,-10413,,Low_Value,Social,36-45,High,83.19,0.76,False,True,False,,42,Electronics,12,11,1,877.56,79.77818181818182,2024-07-30,2025-06-23,1,10,107.13,770.43,Clothing,360.0,Dormant,True,False,True
1011,Brenda,Young,brendayoung@outlook.com,-3919,,Medium_Value,Direct,26-35,Premium,171.4,0.67,True,True,False,,50,Sports,12,8,4,1608.87,201.10875,2024-08-04,2025-06-26,2,6,461.96,1146.91,Clothing,357.0,Dormant,True,True,True
1012,Brandon,Li,brandon.li@hotmail.com,-3362,,High_Value,Social,36-45,Premium,306.7,0.34,False,False,False,,6,Sports,11,10,1,3039.41,303.941,2024-07-06,2025-06-27,1,9,415.99,2623.42,Home,356.0,Dormant,True,False,True
1013,Jessica,Lawrence,jessica.lawrence@hotmail.com,-5950,,High_Value,Email,26-35,Premium,235.22,0.38,False,False,False,,3,Sports,3,3,0,810.01,270.00333333333333,2024-07-11,2025-04-23,0,3,0.0,810.01,Home,421.0,Dormant,True,False,True
1014,Clayton,Dennis,clayton.dennis@yahoo.com,-5907,,New_Customer,Direct,18-25,Low,63.69,0.69,False,True,True,,50,Books,5,5,0,363.64,72.728,2024-08-06,2025-05-21,1,4,101.12,262.52,Home,393.0,Dormant,True,False,True
1015,Chelsey,Davis,chelsey651@yahoo.com,-7927,,New_Customer,SMS,46-55,Medium,135.01,0.63,True,True,False,,27,Sports,10,6,4,985.28,164.21333333333334,2024-08-17,2025-03-02,4,2,719.22,266.06,Beauty,473.0,Dormant,True,False,True
1016,Rachel,Marks,rachel874@hotmail.com,-8734,,High_Value,Social,26-35,High,228.19,0.27,False,True,True,,1,Books,9,8,1,2103.9,262.9875,2024-09-14,2025-07-04,1,7,318.18,1785.72,Books,349.0,Dormant,True,False,True
1017,Kimberly,Clark,kimberlyclark@gmail.com,-8536,,High_Value,Push,55+,Medium,344.54,0.23,True,False,False,,4,Books,10,10,0,3258.53,325.853,2024-07-10,2025-06-02,1,9,420.31,2838.22,Clothing,381.0,Dormant,True,True,True
1018,Kelsey,Sanchez,kelsey.sanchez@gmail.com,-8885,,Medium_Value,Direct,36-45,Premium,129.78,0.51,True,True,False,,45,Beauty,7,7,0,963.09,137.58428571428573,2024-08-01,2025-05-19,3,4,479.18,483.91,Home,395.0,Dormant,True,False,True
1019,John,Tucker,john.tucker@hotmail.com,-3221,,High_Value,Email,26-35,Premium,391.87,0.35,True,True,True,,10,Electronics,6,6,0,2767.43,461.23833333333334,2024-09-04,2025-05-10,1,5,657.92,2109.51,Home,404.0,Dormant,True,True,True
1020,Madison,Brewer,madison.brewer@hotmail.com,-7408,,Low_Value,SMS,18-25,Medium,58.07,0.71,True,False,True,,36,Home,10,9,1,580.21,64.46777777777778,2024-08-11,2025-03-02,4,5,339.57,240.64,Electronics,473.0,Dormant,True,False,True
1021,Kyle,Horne,kylehorne@outlook.com,-8216,,New_Customer,SMS,36-45,Premium,107.97,0.76,True,False,True,,9,Electronics,9,9,0,951.32,105.70222222222222,2024-07-14,2025-06-29,2,7,255.29,696.03,Beauty,354.0,Dormant,True,False,True
1022,Jason,Cook,jason253@yahoo.com,-9545,,Medium_Value,SMS,55+,Medium,106.71,0.44,False,False,True,,42,Beauty,2,1,1,120.25,120.25,2024-08-12,2024-08-12,1,0,120.25,0.0,Electronics,675.0,Dormant,True,True,True
1023,Matthew,Blake,matthew129@gmail.com,-2663,,New_Customer,Push,18-25,Medium,84.51,0.79,True,True,False,,39,Home,10,8,2,757.41,94.67625,2024-07-10,2025-06-29,3,5,333.67,423.74,Home,354.0,Dormant,True,False,True
1024,Sheryl,Brooks,sheryl351@outlook.com,-8196,,New_Customer,Push,36-45,Medium,111.72,0.75,True,True,False,,45,Sports,9,8,1,905.34,113.1675,2024-07-04,2025-04-23,2,6,297.6,607.74,Beauty,421.0,Dormant,True,False,True
1025,Jonathan,Fernandez,jonathan.fernandez@outlook.com,-5563,,Medium_Value,Push,18-25,Low,96.28,0.49,False,True,False,,39,Clothing,7,6,1,638.45,106.40833333333333,2024-12-07,2025-05-06,2,4,241.24,397.21,Clothing,408.0,Dormant,True,False,True
1026,Emma,Spencer,emma479@outlook.com,-4610,,High_Value,Email,55+,Medium,439.24,0.36,False,True,True,,36,Home,7,5,2,1827.99,365.598,2024-07-07,2025-07-01,0,5,0.0,1827.99,Clothing,352.0,Dormant,True,False,True
1027,Amanda,Wood,amanda.wood@hotmail.com,-8516,,Low_Value,Social,36-45,High,61.9,0.73,True,False,False,,41,Beauty,6,5,1,397.93,79.586,2024-09-12,2025-06-24,3,2,265.01,132.92,Beauty,359.0,Dormant,True,False,True
1028,Catherine,Jones,catherine913@hotmail.com,-8659,,Medium_Value,Email,46-55,Premium,95.74,0.55,False,False,True,,16,Sports,7,4,3,371.11,92.7775,2024-09-01,2025-04-30,1,3,107.34,263.77,Beauty,414.0,Dormant,True,False,True
1029,Mary,Chan,marychan@gmail.com,-6193,,Medium_Value,Direct,36-45,Premium,81.37,0.48,False,False,False,,40,Sports,9,7,2,654.69,93.52714285714286,2024-07-06,2025-05-29,2,5,265.16,389.53,Home,385.0,Dormant,True,True,True
1030,Timothy,Carr,timothy.carr@gmail.com,-2130,,New_Customer,Direct,36-45,High,45.26,0.7,False,False,False,,43,Books,7,6,1,357.42,59.57,2024-08-04,2024-11-28,3,3,221.75,135.67,Clothing,567.0,Dormant,True,False,True
1031,Stacey,Francis,staceyfrancis@yahoo.com,-3445,,Medium_Value,Direct,26-35,Premium,98.81,0.41,True,True,True,,47,Beauty,8,6,2,623.23,103.87166666666667,2024-07-12,2025-05-07,2,4,300.63,322.6,Beauty,407.0,Dormant,True,False,True
1032,Debra,Long,debra819@yahoo.com,-2427,,High_Value,Social,55+,Low,369.84,0.26,True,False,True,,41,Books,9,9,0,3745.88,416.2088888888889,2024-08-10,2025-06-30,2,7,1052.51,2693.37,Books,353.0,Dormant,True,False,True
1033,Lauren,Sampson,lauren.sampson@hotmail.com,-4078,,Medium_Value,SMS,18-25,Unknown,103.65,0.49,False,True,True,,2,Books,7,4,3,526.37,131.5925,2024-09-24,2025-03-02,1,3,167.03,359.34,Electronics,473.0,Dormant,True,True,True
1034,Seth,Jones,seth998@yahoo.com,-6111,,Medium_Value,Email,18-25,Medium,121.57,0.45,False,False,False,,34,Clothing,5,4,1,641.29,160.3225,2024-12-01,2025-04-06,2,2,350.39,290.9,Electronics,438.0,Dormant,True,True,True
1035,Guy,Baker,guy963@yahoo.com,-9173,,Medium_Value,Push,36-45,Premium,174.44,0.54,True,True,True,,8,Home,10,9,1,1786.14,198.46,2024-07-10,2025-06-26,3,6,724.16,1061.98,Books,357.0,Dormant,True,False,True
1036,Linda,Davis,lindadavis@outlook.com,-10274,,High_Value,Email,18-25,Low,459.26,0.35,False,True,True,,39,Electronics,10,7,3,3400.78,485.8257142857143,2024-08-08,2025-06-11,1,6,711.8,2688.98,Beauty,372.0,Dormant,True,False,True
1037,David,Morgan,david.morgan@yahoo.com,-9504,,Low_Value,Social,26-35,High,76.26,0.68,True,False,True,,15,Electronics,8,7,1,598.69,85.52714285714286,2024-08-11,2025-03-29,3,4,323.88,274.81,Books,446.0,Dormant,True,True,True
1038,Desiree,Dawson,desiree.dawson@hotmail.com,-7018,,Low_Value,SMS,26-35,High,41.95,0.61,False,False,True,,21,Sports,6,3,2,146.34,48.78,2024-10-27,2025-02-01,0,3,0.0,146.34,Books,502.0,Dormant,True,False,True
1039,Dana,Carrillo,dana539@gmail.com,-10380,,High_Value,SMS,55+,Low,285.14,0.29,True,True,False,,26,Beauty,9,7,2,1899.57,271.3671428571429,2024-10-10,2025-06-26,0,7,0.0,1899.57,Books,357.0,Dormant,True,False,True
1040,Jordan,Bean,jordan871@yahoo.com,-6760,,Medium_Value,Social,36-45,Low,198.32,0.41,True,True,True,,3,Beauty,7,6,1,1245.17,207.52833333333334,2024-08-24,2025-05-12,0,6,0.0,1245.17,Books,402.0,Dormant,True,False,True
1041,Lauren,Johnson,laurenjohnson@outlook.com,-6917,,New_Customer,Direct,55+,High,30.88,0.68,True,False,False,,7,Clothing,9,7,2,242.74,34.677142857142854,2024-10-31,2025-06-18,1,6,42.92,199.82,Beauty,365.0,Dormant,True,False,True
1042,Victor,Bullock,victor251@gmail.com,-8329,,Medium_Value,Push,26-35,High,165.13,0.64,True,False,False,,38,Books,5,5,0,1024.66,204.932,2024-09-13,2025-06-03,2,3,540.36,484.3,Home,380.0,Dormant,True,False,True
1043,Gail,Davis,gail.davis@outlook.com,-5882,,Low_Value,Direct,55+,Low,75.7,0.65,False,True,True,,18,Electronics,7,6,1,454.61,75.76833333333333,2024-09-09,2025-05-11,1,5,93.86,360.75,Sports,403.0,Dormant,True,True,True
1044,Steven,Leon,steven166@gmail.com,-9760,,High_Value,Email,26-35,Medium,174.29,0.29,False,False,True,,18,Clothing,10,8,2,1529.27,191.15875,2024-07-29,2025-06-01,2,6,500.93,1028.34,Sports,382.0,Dormant,True,False,True
1045,David,Savage,davidsavage@outlook.com,-7143,,New_Customer,Email,26-35,Low,127.64,0.57,False,False,False,,43,Sports,6,6,0,821.0,136.83333333333334,2024-07-24,2025-07-03,0,6,0.0,821.0,Clothing,350.0,Dormant,True,True,True
1046,Steven,Nguyen,stevennguyen@gmail.com,-9692,,Medium_Value,Email,18-25,Medium,167.03,0.66,False,True,True,,23,Sports,11,8,3,1254.96,156.87,2024-10-11,2025-06-02,0,8,0.0,1254.96,Home,381.0,Dormant,True,False,True
1047,Jillian,Guzman,jillian.guzman@gmail.com,-6978,,Low_Value,SMS,36-45,High,77.58,0.78,True,True,False,,1,Sports,5,4,1,343.78,85.945,2024-09-20,2025-05-07,2,2,203.57,140.21,Clothing,407.0,Dormant,True,True,True
1048,Jodi,Smith,jodi.smith@gmail.com,-10708,,New_Customer,SMS,36-45,Unknown,116.12,0.73,True,True,False,,42,Sports,7,7,0,993.36,141.90857142857143,2024-08-09,2025-05-07,2,5,384.76,608.6,Beauty,407.0,Dormant,True,False,True
1049,Kimberly,Hernandez,kimberly.hernandez@yahoo.com,-6095,,Low_Value,Direct,26-35,Medium,54.66,0.71,True,False,True,,29,Books,5,4,1,254.78,63.695,2024-10-15,2025-04-16,1,3,79.41,175.37,Electronics,428.0,Dormant,True,False,True
1050,Brian,Robertson,brianrobertson@outlook.com,-10932,,High_Value,SMS,55+,Medium,359.32,0.38,False,True,False,,8,Books,9,8,1,2821.33,352.66625,2024-07-17,2025-02-25,0,8,0.0,2821.33,Books,478.0,Dormant,True,False,True
1051,Kenneth,Johnson,kenneth623@yahoo.com,-9228,,New_Customer,Social,Unknown,High,63.05,0.79,True,True,False,,9,Clothing,9,8,1,656.32,82.04,2024-07-27,2025-05-08,4,4,368.0,288.32,Beauty,406.0,Dormant,True,True,True
1052,Amanda,Martinez,amandamartinez@outlook.com,-10335,,High_Value,Email,46-55,High,195.9,0.33,False,True,True,,48,Books,2,2,0,438.39,219.195,2024-08-15,2024-12-09,0,2,0.0,438.39,Sports,556.0,Dormant,True,False,True
1053,Steven,Allen,steven736@hotmail.com,-3201,,Low_Value,SMS,36-45,Medium,94.07,0.81,True,True,False,,29,Home,9,8,1,884.58,110.5725,2024-07-24,2025-06-23,2,6,240.49,644.09,Sports,360.0,Dormant,True,True,True
1054,Cheryl,Pena,cheryl.pena@outlook.com,-2586,,Medium_Value,Direct,Unknown,High,125.72,0.43,True,True,False,,16,Electronics,8,8,0,1019.59,127.44875,2024-08-03,2025-03-18,2,6,292.45,727.14,Books,457.0,Dormant,True,True,True
1055,Beverly,Gutierrez,beverly.gutierrez@hotmail.com,-8676,,Medium_Value,Email,26-35,Unknown,199.51,0.48,True,False,False,,23,Sports,7,7,0,1537.72,219.6742857142857,2024-07-22,2025-06-09,1,6,344.04,1193.68,Home,374.0,Dormant,True,False,True
1056,Virginia,Allen,virginia.allen@gmail.com,-3363,,Medium_Value,SMS,18-25,Medium,162.77,0.49,False,False,False,,50,Sports,11,7,4,1293.52,184.78857142857143,2024-09-08,2025-06-02,1,6,184.01,1109.51,Books,381.0,Dormant,True,True,True
1057,John,Stevens,john.stevens@hotmail.com,-5958,,New_Customer,Direct,26-35,Premium,54.45,0.76,True,False,False,,11,Books,10,10,0,491.94,49.194,2024-09-03,2025-06-23,1,9,64.13,427.81,Clothing,360.0,Dormant,True,False,True
1058,Jeremy,Thomas,jeremy.thomas@yahoo.com,-9435,,High_Value,SMS,46-55,Medium,248.84,0.4,True,True,True,,0,Clothing,7,6,1,1628.08,271.3466666666667,2024-10-18,2025-05-10,1,5,281.36,1346.72,Beauty,404.0,Dormant,True,False,True
1059,David,Mitchell,david.mitchell@gmail.com,-4688,,Low_Value,Push,26-35,Medium,25.17,0.72,True,True,False,,50,Beauty,3,2,1,53.8,26.9,2025-04-23,2025-05-24,0,2,0.0,53.8,Clothing,390.0,Dormant,True,True,True
1060,Victoria,Ruiz,victoria.ruizoutlook.com,-3965,,High_Value,Push,36-45,High,172.2,0.23,True,False,False,,35,Electronics,5,4,1,795.4,198.85,2024-07-06,2025-04-04,1,3,273.94,521.46,Clothing,440.0,Dormant,True,False,True
1061,Cathy,Yates,cathy113@outlook.com,-4885,,New_Customer,SMS,36-45,Premium,80.91,0.55,True,False,True,,4,Clothing,12,9,3,847.58,94.17555555555556,2024-07-18,2025-05-02,4,5,517.54,330.04,Home,412.0,Dormant,True,False,True
1062,Kelsey,Mcdonald,kelsey232@outlook.com,-6165,,Medium_Value,Email,26-35,Low,174.9,0.52,True,True,True,,42,Electronics,7,7,0,1273.08,181.86857142857144,2024-07-07,2025-03-26,0,7,0.0,1273.08,Clothing,449.0,Dormant,True,False,True
1063,Anne,Barber,anne811@gmail.com,-8272,,New_Customer,SMS,18-25,Medium,69.1,0.69,True,False,False,,35,Clothing,9,8,1,705.7,88.2125,2024-08-22,2025-06-01,4,4,410.18,295.52,Books,382.0,Dormant,True,False,True
1064,Jeremy,Martinez,jeremy.martinez@hotmail.com,-8711,,New_Customer,SMS,46-55,Unknown,106.58,0.56,True,True,True,,26,Clothing,8,7,1,988.17,141.16714285714286,2024-09-07,2025-05-28,3,4,496.69,491.48,Electronics,386.0,Dormant,True,False,True
1065,Jennifer,Reeves,jenniferreeves@outlook.com,-5955,,New_Customer,Push,55+,Low,75.5,0.77,False,False,True,,35,Sports,6,6,0,596.0,99.33333333333333,2025-01-07,2025-06-28,3,3,360.77,235.23,Clothing,355.0,Dormant,True,False,True
1066,Dylan,Clark,dylan.clark@outlook.com,-5463,,High_Value,SMS,26-35,Premium,211.36,0.26,True,True,False,,5,Sports,9,9,0,1987.89,220.87666666666667,2024-09-11,2025-06-09,1,8,307.82,1680.07,Electronics,374.0,Dormant,True,False,True
1067,Ashley,Ward,ashleyward@hotmail.com,-3063,,New_Customer,Direct,26-35,Premium,82.29,0.67,True,False,True,,22,Clothing,3,3,0,263.49,87.83,2024-07-30,2025-05-27,0,3,0.0,263.49,Sports,387.0,Dormant,True,False,True
1068,Gary,Bryant,gary.bryant@gmail.com,-9394,,High_Value,Email,18-25,Unknown,205.22,0.25,True,False,False,,50,Clothing,9,9,0,2143.81,238.20111111111112,2024-10-12,2025-05-27,2,7,634.75,1509.06,Sports,387.0,Dormant,True,False,True
1069,Allen,Russo,allenrusso@yahoo.com,-9243,,New_Customer,Email,26-35,High,122.54,0.79,True,False,True,,43,Beauty,5,4,1,577.75,144.4375,2024-07-18,2024-10-05,1,3,200.65,377.1,Beauty,621.0,Dormant,True,False,True
1070,Felicia,Anderson,felicia.anderson@outlook.com,-3985,,New_Customer,SMS,18-25,Low,102.04,0.66,False,True,False,,2,Books,5,4,1,542.7,135.675,2025-02-09,2025-06-09,3,1,422.71,119.99,Books,374.0,Dormant,True,False,True
1071,Grant,Reeves,grantreeves@outlook.com,-4603,,Medium_Value,Direct,26-35,Medium,94.32,0.57,False,True,False,,1,Beauty,6,6,0,572.48,95.41333333333333,2024-08-12,2025-05-19,1,5,150.76,421.72,Home,395.0,Dormant,True,False,True
1072,Lisa,Shaw,lisashaw@outlook.com,-3432,,Low_Value,Direct,46-55,Premium,34.27,0.84,True,False,False,,29,Sports,7,6,1,212.23,35.37166666666667,2024-10-07,2025-04-02,1,5,52.44,159.79,Home,442.0,Dormant,True,False,True
1073,Anthony,Flores,anthony925@gmail.com,-3242,,High_Value,Email,26-35,Low,338.1,0.26,True,True,True,,6,Clothing,10,10,0,3229.42,322.942,2024-09-27,2025-06-19,0,10,0.0,3229.42,Home,364.0,Dormant,True,False,True
1074,Joshua,Miller,joshua.miller@yahoo.com,-7597,,New_Customer,Push,36-45,High,48.52,0.66,False,True,False,,9,Books,11,11,0,685.55,62.32272727272727,2024-08-04,2025-06-13,6,5,425.27,260.28,Beauty,370.0,Dormant,True,False,True
1075,Jasmine,Casey,jasmine.casey@hotmail.com,-9483,,Medium_Value,Direct,36-45,High,138.05,0.42,True,True,False,,9,Books,14,10,4,1574.45,157.445,2024-07-16,2025-06-25,2,8,386.38,1188.07,Electronics,358.0,Dormant,True,False,True
1076,Janet,Walton,janet82@yahoo.com,-7997,,High_Value,Email,18-25,Low,429.78,0.31,False,False,True,,39,Beauty,3,3,0,1173.9,391.3,2025-03-04,2025-05-10,0,3,0.0,1173.9,Home,404.0,Dormant,True,False,True
1077,Sarah,Hale,sarah146@yahoo.com,-5153,,High_Value,Direct,36-45,Medium,215.14,0.39,False,True,True,,27,Books,10,9,1,1930.72,214.52444444444444,2024-07-27,2025-06-25,0,9,0.0,1930.72,Home,358.0,Dormant,True,False,True
1078,Michael,Duncan,michael.duncan@gmail.com,-10180,,High_Value,Direct,36-45,Premium,422.19,0.33,False,True,False,,25,Clothing,7,7,0,2885.3,412.1857142857143,2024-08-06,2025-06-07,0,7,0.0,2885.3,Electronics,376.0,Dormant,True,False,True
1079,Mary,Curry,mary272@yahoo.com,-9188,,Low_Value,Social,26-35,Unknown,80.67,0.87,True,True,True,,43,Sports,6,5,1,492.02,98.404,2024-07-23,2025-01-09,3,2,342.12,149.9,Beauty,525.0,Dormant,True,False,True
1080,Eric,Carter,eric.carter@gmail.com,-9183,,Medium_Value,SMS,18-25,High,104.94,0.62,True,True,False,,24,Clothing,8,7,1,824.4,117.77142857142857,2024-07-29,2025-06-19,1,6,119.0,705.4,Books,364.0,Dormant,True,False,True
1081,Nicole,Alexander,nicole.alexander@gmail.com,-4188,,Low_Value,Direct,26-35,Low,72.69,0.74,False,True,True,,25,Electronics,7,6,1,569.18,94.86333333333333,2024-07-29,2025-04-24,3,3,346.8,222.38,Home,420.0,Dormant,True,False,True
1082,Kayla,Bray,kayla34@hotmail.com,-5640,,Medium_Value,SMS,36-45,High,80.25,0.54,False,True,True,,37,Home,11,10,1,832.96,83.296,2024-10-19,2025-07-23,2,8,212.38,620.58,Clothing,330.0,Dormant,True,False,True
1083,David,Johnson,david672@outlook.com,-6322,,Low_Value,Push,36-45,Low,42.16,0.84,False,False,True,,3,Books,8,6,2,229.78,38.29666666666667,2024-09-22,2025-06-27,2,4,99.51,130.27,Home,356.0,Dormant,True,False,True
1084,Dorothy,Long,dorothylong@yahoo.com,-4520,,Medium_Value,Email,46-55,Premium,153.76,0.65,True,False,True,,18,Sports,6,4,2,712.43,178.1075,2024-09-01,2025-05-13,1,3,275.15,437.28,Clothing,401.0,Dormant,True,False,True
1085,Dean,Robles,deanrobles@yahoo.com,-10491,,Medium_Value,SMS,26-35,Premium,156.1,0.44,True,True,True,,31,Sports,10,8,2,1189.97,148.74625,2024-07-10,2025-05-22,0,8,0.0,1189.97,Beauty,392.0,Dormant,True,True,True
1086,Aaron,Keith,aaron512@outlook.com,-5686,,Low_Value,Email,26-35,Premium,59.3,0.85,True,False,True,,11,Home,6,5,0,409.45,81.89,2024-08-21,2025-04-04,2,3,211.79,197.66,Sports,440.0,Dormant,True,False,True
1087,Ronald,Clayton,ronaldclayton@yahoo.com,-7115,,New_Customer,Direct,46-55,Medium,76.17,0.54,True,True,True,,7,Beauty,3,2,1,200.81,100.405,2024-11-06,2025-03-22,1,1,108.27,92.54,Home,453.0,Dormant,True,True,True
1088,Julia,Garcia,juliagarcia@outlook.com,-4486,,Medium_Value,Email,18-25,Medium,123.52,0.64,False,False,True,,24,Beauty,6,5,1,763.3,152.66,2024-07-05,2025-03-31,2,3,422.75,340.55,Books,444.0,Dormant,True,False,True
1089,Scott,Allen,scottallen@hotmail.com,-7825,,Medium_Value,SMS,46-55,Premium,162.88,0.5,True,False,True,,27,Home,7,3,3,674.58,224.86,2024-07-23,2025-06-26,1,2,283.26,391.32,Beauty,357.0,Dormant,True,False,True
1090,Heather,Carter,heather.carter@gmail.com,-10039,,High_Value,SMS,Unknown,Medium,258.88,0.3,True,True,False,,46,Sports,8,6,2,1533.18,255.53,2024-08-14,2025-05-20,0,6,0.0,1533.18,Clothing,394.0,Dormant,True,False,True
1091,Cynthia,Wells,cynthia.wellshotmail.com,-2167,,High_Value,Social,36-45,Premium,179.7,0.23,True,False,False,,45,Sports,5,4,1,799.47,199.8675,2024-09-23,2025-04-12,0,4,0.0,799.47,Books,432.0,Dormant,True,False,True
1092,Daniel,Parker,daniel.parker@outlook.com,-6068,,Low_Value,Email,46-55,Medium,51.06,0.72,False,False,False,,43,Beauty,8,6,1,391.65,65.275,2024-08-09,2025-05-28,2,4,166.52,225.13,Books,386.0,Dormant,True,True,True
1093,Mariah,Roth,mariahroth@yahoo.com,-10605,,New_Customer,Direct,46-55,Premium,108.97,0.57,True,True,True,,2,Beauty,7,5,2,587.92,117.584,2024-08-10,2025-06-24,1,4,131.0,456.92,Sports,359.0,Dormant,True,False,True
1094,Christopher,Green,christopher493@hotmail.com,-8912,,Low_Value,Social,18-25,Unknown,57.98,0.69,False,True,True,,26,Electronics,12,12,0,818.7,68.225,2024-07-24,2025-06-10,4,8,359.26,459.44,Clothing,373.0,Dormant,True,False,True
1095,Cassandra,Camacho,cassandra24@hotmail.com,-9781,,Low_Value,Social,55+,Medium,49.11,0.68,True,True,True,,28,Clothing,7,6,1,324.33,54.055,2024-07-04,2025-06-28,2,4,137.88,186.45,Beauty,355.0,Dormant,True,False,True
1096,Ann,Lucero,ann417@outlook.com,-4205,,High_Value,Direct,46-55,Medium,333.12,0.4,False,False,False,,1,Beauty,8,7,1,2641.26,377.3228571428571,2024-08-05,2025-05-31,2,5,780.21,1861.05,Books,383.0,Dormant,True,True,True
1097,Mary,Moore,mary.moore@outlook.com,-6342,,High_Value,SMS,46-55,High,291.12,0.26,True,False,True,,32,Clothing,10,8,2,2447.78,305.9725,2024-07-16,2025-05-27,0,8,0.0,2447.78,Beauty,387.0,Dormant,True,True,True
1098,Matthew,Saunders,matthewsaunders@outlook.com,-4390,,Medium_Value,Social,18-25,High,86.17,0.68,False,False,True,,41,Beauty,5,4,1,371.88,92.97,2024-11-10,2025-03-23,1,3,107.09,264.79,Home,452.0,Dormant,True,False,True
1099,Joseph,Scott,joseph567@yahoo.com,-5417,,Low_Value,Push,18-25,High,50.58,0.66,True,True,True,,1,Sports,12,10,2,504.1,50.41,2024-07-16,2025-07-03,3,7,191.97,312.13,Books,350.0,Dormant,True,False,True
1100,Cynthia,Saunders,cynthia88@gmail.com,-4185,,Low_Value,SMS,55+,Low,78.33,0.89,False,True,True,,12,Home,6,5,1,405.14,81.028,2024-07-14,2025-02-19,1,4,121.6,283.54,Clothing,484.0,Dormant,True,False,True
1101,Megan,Baxter,megan.baxter@gmail.com,-6709,,Medium_Value,SMS,36-45,Low,78.3,0.62,True,False,False,,6,Home,7,5,2,419.47,83.894,2024-09-12,2025-03-18,1,4,115.14,304.33,Clothing,457.0,Dormant,True,True,True
1102,William,Young,william.young@outlook.com,-8490,,High_Value,Social,55+,High,183.84,0.4,True,False,False,,32,Electronics,6,5,1,899.79,179.958,2024-08-10,2025-05-29,0,5,0.0,899.79,Clothing,385.0,Dormant,True,False,True
1103,Matthew,Moss,matthew.moss@yahoo.com,-3596,,Medium_Value,Push,18-25,Medium,175.81,0.5,False,True,True,,11,Home,6,5,1,1194.07,238.814,2024-08-20,2025-04-27,2,3,531.82,662.25,Beauty,417.0,Dormant,True,False,True
1104,Brian,Hernandez,brian421@gmail.com,-9591,,Low_Value,Social,Unknown,High,53.09,0.8,False,False,True,,36,Home,8,6,2,296.96,49.49333333333333,2024-08-18,2025-03-10,1,5,62.02,234.94,Electronics,465.0,Dormant,True,False,True
1105,Adam,Malone,adam89@gmail.com,-10533,,Low_Value,SMS,36-45,Medium,93.21,0.64,False,False,False,,23,Home,4,4,0,446.3,111.575,2025-03-11,2025-05-10,1,3,107.06,339.24,Clothing,404.0,Dormant,True,False,True
1106,Donna,May,donna782@hotmail.com,-2674,,Low_Value,Social,26-35,Low,94.89,0.9,True,False,True,,6,Sports,5,5,0,455.04,91.008,2024-07-06,2025-06-18,0,5,0.0,455.04,Books,365.0,Dormant,True,False,True
1107,Daniel,Walker,danielwalker@gmail.com,-7121,,Low_Value,Direct,Unknown,Medium,86.08,0.65,True,True,True,,6,Electronics,10,8,2,772.11,96.51375,2024-07-26,2025-01-16,4,4,452.7,319.41,Beauty,518.0,Dormant,True,False,True
1108,Alex,May,alex.may@outlook.com,-4393,,New_Customer,SMS,55+,Premium,51.95,0.52,False,False,False,,50,Electronics,7,7,0,352.84,50.40571428571429,2024-09-10,2025-06-02,0,7,0.0,352.84,Beauty,381.0,Dormant,True,True,True
1109,John,Gentry,john.gentry@gmail.com,-10699,,Low_Value,Direct,55+,Medium,66.14,0.71,True,True,False,,8,Books,7,5,2,400.87,80.174,2024-08-29,2024-11-09,1,4,105.19,295.68,Sports,586.0,Dormant,True,False,True
1110,Kylie,Smith,kylie.smith@gmail.com,-9683,,New_Customer,Email,55+,High,99.5,0.55,False,True,True,,19,Beauty,3,2,1,239.1,119.55,2025-03-31,2025-06-18,0,2,0.0,239.1,Home,365.0,Dormant,True,True,True
1111,Willie,Elliott,willieelliott@yahoo.com,-2385,,Low_Value,Email,36-45,High,58.57,0.78,True,False,False,,26,Home,7,7,0,494.73,70.67571428571429,2024-11-09,2025-04-24,3,4,268.77,225.96,Home,420.0,Dormant,True,False,True
1112,Tammy,Galloway,tammy547@outlook.com,-5786,,Low_Value,Email,18-25,Low,52.37,0.8,True,True,True,,34,Home,4,3,1,198.5,66.16666666666667,2025-01-02,2025-05-31,1,2,86.1,112.4,Beauty,383.0,Dormant,True,False,True
1113,Jack,Evans,jackevans@gmail.com,-8015,,High_Value,Push,26-35,Low,366.23,0.27,False,False,True,,31,Clothing,9,8,1,2921.47,365.18375,2024-08-04,2025-03-14,0,8,0.0,2921.47,Books,461.0,Dormant,True,False,True
1114,Bobby,Vazquez,bobby.vazquez@gmail.com,-2108,,Low_Value,Email,55+,Medium,75.85,0.79,True,True,True,,12,Beauty,8,6,1,617.45,102.90833333333333,2024-07-26,2025-05-14,4,2,468.95,148.5,Sports,400.0,Dormant,True,False,True
1115,Karen,Perry,karenperry@hotmail.com,-9669,,Low_Value,Email,36-45,Premium,62.35,0.62,False,True,False,,27,Clothing,3,3,0,233.15,77.71666666666667,2024-08-15,2025-05-14,1,2,95.35,137.8,Electronics,400.0,Dormant,True,False,True
1116,Benjamin,Bryant,benjamin620@yahoo.com,-2287,,Medium_Value,Push,55+,Premium,107.78,0.42,True,False,True,,49,Electronics,6,6,0,693.33,115.555,2024-10-08,2025-04-13,3,3,421.45,271.88,Sports,431.0,Dormant,True,False,True
1117,Jasmine,Wilkins,jasmine661@outlook.com,-7045,,Medium_Value,Direct,18-25,Unknown,166.39,0.41,False,False,True,,35,Books,10,9,1,1538.01,170.89,2024-08-22,2025-05-09,1,8,269.63,1268.38,Clothing,405.0,Dormant,True,True,True
1118,Erica,Lawson,erica572@yahoo.com,-6566,,Medium_Value,Direct,55+,Medium,157.25,0.57,True,True,False,,6,Clothing,7,7,0,1029.82,147.11714285714285,2024-07-11,2025-04-29,1,6,206.31,823.51,Electronics,415.0,Dormant,True,False,True
1119,Valerie,Scott,valerie.scott@outlook.com,-4885,,High_Value,Email,55+,Low,226.29,0.21,True,True,True,,25,Clothing,4,3,1,934.93,311.6433333333333,2024-09-21,2025-03-08,2,1,719.98,214.95,Clothing,467.0,Dormant,True,False,True
1120,John,Lee,john.lee@outlook.com,-5063,,Medium_Value,Push,46-55,Low,88.28,0.6,False,True,False,,20,Beauty,6,6,0,575.68,95.94666666666667,2024-07-06,2025-05-12,1,5,153.38,422.3,Sports,402.0,Dormant,True,False,True
1121,Gina,Clark,ginaclark@hotmail.com,-4647,,Low_Value,Social,26-35,Premium,35.61,0.7,True,True,True,,3,Beauty,6,3,3,123.09,41.03,2025-04-12,2025-05-27,1,2,56.7,66.39,Home,387.0,Dormant,True,False,True
1122,Jose,James,jose641@gmail.com,-10130,,Low_Value,Push,46-55,Low,63.51,0.68,True,False,False,,10,Beauty,9,8,1,574.8,71.85,2024-08-31,2025-05-03,2,6,181.01,393.79,Beauty,411.0,Dormant,True,False,True
1123,Sarah,Dunn,sarahdunn@hotmail.com,-5595,,New_Customer,Push,55+,Premium,109.56,0.72,True,False,False,,12,Sports,11,10,1,1085.61,108.561,2024-09-11,2025-06-01,0,10,0.0,1085.61,Beauty,382.0,Dormant,True,False,True
1124,Nicole,Fox,nicole.fox@hotmail.com,-10179,,High_Value,Push,18-25,Medium,372.94,0.3,True,True,False,,41,Clothing,4,4,0,1740.16,435.04,2024-09-09,2025-06-11,1,3,621.11,1119.05,Home,372.0,Dormant,True,False,True
1125,Aaron,Davis,aaron.davis@hotmail.com,-11059,,Medium_Value,Push,55+,Medium,93.6,0.56,True,False,False,,48,Electronics,7,6,1,621.2,103.53333333333333,2024-08-05,2025-06-05,2,4,241.91,379.29,Electronics,378.0,Dormant,True,False,True
1126,Jennifer,Martinez,jennifer513@yahoo.com,-4157,,Medium_Value,Social,18-25,Unknown,172.19,0.44,True,False,True,,10,Books,7,6,1,1171.35,195.225,2024-07-05,2025-06-13,1,5,273.23,898.12,Books,370.0,Dormant,True,False,True
1127,Andrew,Rodriguez,andrew.rodriguez@outlook.com,-7580,,High_Value,Social,55+,Medium,353.97,0.35,False,False,True,,25,Books,7,6,1,2202.77,367.12833333333333,2024-08-05,2025-07-02,0,6,0.0,2202.77,Clothing,351.0,Dormant,True,False,True
1128,Sylvia,Casey,sylviacasey@gmail.com,-2931,,Low_Value,Push,26-35,Low,69.77,0.84,True,False,True,,11,Electronics,6,5,1,446.17,89.234,2024-11-13,2025-06-15,1,4,112.22,333.95,Sports,368.0,Dormant,True,False,True
1129,Margaret,Murillo,margaret765@yahoo.com,-6928,,Medium_Value,SMS,18-25,Premium,111.08,0.48,True,True,True,,33,Beauty,9,8,1,895.32,111.915,2024-08-02,2025-06-11,1,7,143.42,751.9,Books,372.0,Dormant,True,False,True
1130,Amanda,Logan,amanda.logan@outlook.com,-10655,,Medium_Value,Email,46-55,Premium,105.49,0.56,True,True,False,,6,Books,8,8,0,988.75,123.59375,2024-07-12,2025-06-07,4,4,615.84,372.91,Electronics,376.0,Dormant,True,False,True
1131,Stephen,Boyd,stephen.boyd@outlook.com,-8345,,Medium_Value,Push,18-25,Premium,123.78,0.48,True,False,True,,47,Beauty,6,4,2,473.6,118.4,2024-08-20,2025-06-18,0,4,0.0,473.6,Books,365.0,Dormant,True,False,True
1132,Jamie,Jones,jamie.jones@yahoo.com,-9453,,Medium_Value,Push,26-35,Unknown,199.94,0.62,False,False,True,,19,Electronics,4,3,1,660.98,220.32666666666665,2024-09-20,2025-06-08,1,2,223.63,437.35,Home,375.0,Dormant,True,False,True
1134,Philip,Morton,philipmorton@yahoo.com,-2640,,High_Value,Social,26-35,High,349.58,0.25,False,False,True,,28,Sports,10,9,1,3174.0,352.6666666666667,2024-08-26,2025-05-24,0,9,0.0,3174.0,Beauty,390.0,Dormant,True,False,True
1135,Ryan,Wong,ryanwong@outlook.com,-6519,,New_Customer,SMS,18-25,Medium,134.98,0.65,False,False,True,,4,Home,12,10,2,1572.21,157.221,2024-07-26,2025-06-04,4,6,819.03,753.18,Books,379.0,Dormant,True,False,True
1136,Mary,Wise,marywise@gmail.com,-7770,,High_Value,Push,55+,Premium,152.26,0.29,True,False,False,,17,Home,9,9,0,1282.63,142.51444444444445,2024-07-13,2025-04-29,1,8,174.82,1107.81,Electronics,415.0,Dormant,True,False,True
1137,Carl,Wallace,carl667@outlook.com,-7789,,Low_Value,Social,18-25,Premium,54.25,0.74,False,False,True,,24,Sports,9,6,3,389.61,64.935,2024-08-09,2025-06-14,2,4,159.14,230.47,Books,369.0,Dormant,True,True,True
1138,Gregory,Richmond,gregory6@hotmail.com,-5858,,High_Value,Email,18-25,Medium,238.29,0.4,False,False,True,,30,Books,8,7,1,1663.52,237.6457142857143,2024-08-17,2025-05-27,0,7,0.0,1663.52,Books,387.0,Dormant,True,True,True
1139,Robert,Sharp,robert.sharp@gmail.com,-10311,,New_Customer,Push,18-25,Medium,94.39,0.53,False,True,True,,28,Electronics,5,3,2,243.15,81.05,2024-08-03,2024-11-28,0,3,0.0,243.15,Home,567.0,Dormant,True,False,True
1140,Anthony,Jones,anthony.jones@hotmail.com,-2671,,Low_Value,Direct,46-55,Medium,40.26,0.68,False,False,False,,17,Books,6,5,1,208.27,41.654,2024-09-22,2025-04-10,0,5,0.0,208.27,Electronics,434.0,Dormant,True,False,True
1141,Heather,Porter,heather.porter@hotmail.com,-8571,,High_Value,Push,Unknown,Premium,160.6,0.37,True,True,False,,15,Clothing,8,5,3,905.93,181.186,2024-07-29,2025-04-25,1,4,275.08,630.85,Books,419.0,Dormant,True,False,True
1142,Melissa,Wade,melissa543@yahoo.com,-8880,,High_Value,SMS,26-35,Premium,470.95,0.22,False,True,True,,9,Clothing,10,8,2,3828.44,478.555,2024-08-10,2025-04-21,0,8,0.0,3828.44,Clothing,423.0,Dormant,True,False,True
1143,Brooke,Ewing,brooke.ewinggmail.com,-7904,,Medium_Value,Direct,36-45,Medium,100.96,0.69,False,False,False,,36,Sports,8,8,0,910.49,113.81125,2024-09-19,2025-05-01,1,7,168.05,742.44,Books,413.0,Dormant,True,True,True
1144,Derek,Chavez,derekchavez@gmail.com,-10725,,Medium_Value,Email,36-45,High,79.41,0.45,True,False,False,,7,Beauty,8,6,2,578.43,96.405,2024-08-07,2025-06-03,3,3,362.12,216.31,Books,380.0,Dormant,True,False,True
1145,Jeremy,Martin,jeremymartin@hotmail.com,-5647,,Medium_Value,Direct,18-25,Low,167.51,0.67,False,True,True,,46,Sports,10,8,2,1352.86,169.1075,2024-07-07,2025-04-26,2,6,428.33,924.53,Electronics,418.0,Dormant,True,False,True
1146,Wendy,Roberson,wendyroberson@hotmail.com,-6724,,Low_Value,Social,26-35,Low,97.88,0.65,True,False,True,,18,Electronics,3,3,0,430.7,143.56666666666666,2024-07-10,2024-11-26,2,1,339.6,91.1,Home,569.0,Dormant,True,True,True
1147,Shaun,Green,shaun.green@outlook.com,-8427,,Medium_Value,Direct,36-45,Low,118.23,0.42,False,False,True,,29,Clothing,11,8,3,989.03,123.62875,2024-09-20,2025-05-31,1,7,149.78,839.25,Home,383.0,Dormant,True,False,True
1148,Jason,Drake,jason.drake@hotmail.com,-3045,,New_Customer,Email,36-45,Low,36.95,0.51,True,True,True,,19,Sports,7,6,1,219.57,36.595,2024-07-11,2025-05-24,0,6,0.0,219.57,Home,390.0,Dormant,True,False,True
1149,Shawn,Graham,shawn.graham@outlook.com,-5204,,High_Value,Direct,55+,Premium,252.03,0.25,False,False,True,,11,Electronics,8,6,2,1809.85,301.64166666666665,2024-07-23,2025-05-14,1,5,450.88,1358.97,Clothing,400.0,Dormant,True,False,True
1150,Steven,Hess,steven.hess@gmail.com,-10862,,Low_Value,Push,36-45,Medium,75.71,0.79,True,True,False,,28,Books,12,11,1,921.35,83.75909090909092,2024-07-10,2025-06-20,2,9,185.81,735.54,Beauty,363.0,Dormant,True,False,True
1151,Kevin,Martinez,kevin373@outlook.com,-4833,,New_Customer,Email,55+,Low,74.74,0.59,False,False,True,,32,Electronics,12,9,3,749.72,83.30222222222223,2024-07-10,2025-06-28,2,7,216.66,533.06,Home,355.0,Dormant,True,False,True
1152,Lisa,King,lisa.king@gmail.com,-6410,,Low_Value,Email,26-35,Low,78.82,0.62,True,False,False,,31,Books,10,9,1,709.18,78.79777777777778,2024-07-10,2025-06-23,0,9,0.0,709.18,Books,360.0,Dormant,True,True,True
1153,Colin,Jimenez,colin.jimenez@outlook.com,-3378,,New_Customer,Push,55+,High,30.1,0.67,True,True,False,,26,Sports,7,5,2,155.79,31.158,2024-10-20,2025-04-19,1,4,38.07,117.72,Home,425.0,Dormant,True,False,True
1154,Amanda,Donaldson,amanda.donaldson@outlook.com,-6503,,High_Value,SMS,26-35,Medium,442.56,0.33,True,True,True,,47,Books,7,6,1,2801.57,466.92833333333334,2024-09-29,2025-06-27,0,6,0.0,2801.57,Books,356.0,Dormant,True,False,True
1155,Patricia,Taylor,patricia.taylor@outlook.com,-6521,,High_Value,SMS,26-35,Medium,378.18,0.36,True,True,False,,27,Home,4,3,1,1360.03,453.3433333333333,2024-08-06,2025-06-12,1,2,603.14,756.89,Beauty,371.0,Dormant,True,False,True
1156,Michael,Brooks,michael.brooks@hotmail.com,-10533,,High_Value,SMS,55+,Low,230.16,0.25,True,True,True,,49,Sports,10,8,2,2069.24,258.655,2024-08-23,2025-07-03,2,6,626.5,1442.74,Sports,350.0,Dormant,True,False,True
1157,Michael,Hawkins,michael.hawkins@yahoo.com,-2595,,Medium_Value,SMS,26-35,High,109.09,0.55,False,False,False,,25,Home,8,6,2,728.86,121.47666666666667,2024-09-15,2025-06-16,1,5,147.83,581.03,Sports,367.0,Dormant,True,False,True
1158,Sheri,Lee,sherilee@hotmail.com,-7122,,Medium_Value,Push,18-25,Premium,97.89,0.51,True,False,False,,36,Sports,10,7,3,904.73,129.24714285714285,2024-07-09,2025-05-27,4,3,594.19,310.54,Beauty,387.0,Dormant,True,False,True
1159,Sherri,Dudley,sherridudley@outlook.com,-5736,,Low_Value,Direct,46-55,High,83.14,0.6,False,False,True,,37,Books,6,6,0,543.34,90.55666666666667,2024-08-06,2025-05-27,1,5,134.64,408.7,Clothing,387.0,Dormant,True,False,True
1160,Ronald,Jackson,ronald.jackson@yahoo.com,-4429,,Medium_Value,Social,18-25,High,173.41,0.58,True,True,False,,11,Sports,10,8,2,1574.91,196.86375,2024-07-20,2025-04-02,2,6,515.76,1059.15,Beauty,442.0,Dormant,True,False,True
1161,Anthony,Ochoa,anthonyochoa@gmail.com,-4269,,High_Value,Push,55+,Medium,470.68,0.3,True,True,False,,45,Books,5,4,1,2159.61,539.9025,2024-09-14,2024-12-27,1,3,787.74,1371.87,Beauty,538.0,Dormant,True,False,True
1162,Theresa,Romero,theresaromero@gmail.com,-3094,,Medium_Value,Email,Unknown,Premium,147.34,0.53,False,False,True,,47,Electronics,3,3,0,578.63,192.87666666666667,2024-09-01,2025-04-20,1,2,251.59,327.04,Home,424.0,Dormant,True,False,True
1163,Troy,Juarez,troy449@hotmail.com,-10409,,Low_Value,Email,26-35,Low,38.86,0.71,False,False,False,,16,Clothing,12,10,2,374.87,37.487,2024-07-06,2025-06-20,1,9,55.12,319.75,Sports,363.0,Dormant,True,True,True
1164,Cristina,Fitzgerald,cristina.fitzgerald@hotmail.com,-10474,,Low_Value,Push,36-45,Unknown,32.66,0.79,True,False,True,,27,Books,7,4,3,134.78,33.695,2024-09-19,2024-12-21,1,3,38.46,96.32,Clothing,544.0,Dormant,True,False,True
1165,Benjamin,Cooke,benjamin262@outlook.com,-9442,,High_Value,Direct,26-35,Premium,362.3,0.28,False,False,False,,10,Sports,11,9,2,3131.94,347.99333333333334,2024-09-01,2025-05-16,0,9,0.0,3131.94,Sports,398.0,Dormant,True,False,True
1166,Michael,Tapia,michael.tapia@yahoo.com,-4355,,High_Value,Email,18-25,Premium,375.01,0.28,False,False,True,,34,Sports,11,9,2,4081.03,453.4477777777778,2024-08-02,2025-06-25,2,7,1193.95,2887.08,Home,358.0,Dormant,True,True,True
1167,Catherine,Galvan,catherine813@hotmail.com,-9012,,New_Customer,Email,26-35,Medium,88.76,0.68,True,False,True,,25,Home,8,6,2,541.83,90.305,2024-11-04,2025-07-01,1,5,99.11,442.72,Home,352.0,Dormant,True,True,True
1168,Ryan,Quinn,ryan.quinn@hotmail.com,-6721,,Low_Value,Direct,36-45,High,35.5,0.65,False,False,False,,42,Clothing,6,5,1,167.74,33.548,2024-08-09,2025-03-20,0,5,0.0,167.74,Home,455.0,Dormant,True,False,True
1169,William,Wells,williamwells@gmail.com,-7027,,Low_Value,Email,18-25,Low,75.95,0.76,True,True,True,,35,Beauty,8,7,1,651.45,93.06428571428572,2024-09-24,2025-06-14,1,6,119.61,531.84,Sports,369.0,Dormant,True,False,True
1170,Katherine,Bailey,katherine.bailey@outlook.com,-2316,,Medium_Value,Email,55+,Low,180.75,0.68,False,True,False,,23,Home,6,5,1,959.52,191.904,2024-09-19,2025-06-17,0,5,0.0,959.52,Home,366.0,Dormant,True,False,True
1171,Christopher,Griffith,christopher.griffith@gmail.com,-8752,,Low_Value,Push,26-35,Low,79.67,0.67,False,False,False,,43,Sports,4,3,1,356.09,118.69666666666667,2024-07-15,2025-05-20,3,0,356.09,0.0,Beauty,394.0,Dormant,True,False,True
1172,Aaron,Cook,aaron412@outlook.com,-8002,,Medium_Value,Direct,46-55,Premium,149.29,0.66,False,False,False,,20,Beauty,8,6,2,960.93,160.155,2024-08-12,2025-04-08,0,6,0.0,960.93,Sports,436.0,Dormant,True,False,True
1173,Emily,Nicholson,emily.nicholson@outlook.com,-9529,,New_Customer,Direct,36-45,Unknown,67.38,0.76,False,True,True,,32,Electronics,9,5,4,451.89,90.378,2025-01-07,2025-06-15,3,2,304.66,147.23,Clothing,368.0,Dormant,True,False,True
1174,Joshua,Robinson,joshua542@hotmail.com,-2835,,Low_Value,SMS,36-45,High,42.04,0.73,True,True,True,,48,Beauty,5,4,1,184.86,46.215,2024-07-20,2025-06-15,0,4,0.0,184.86,Home,368.0,Dormant,True,True,True
1175,Benjamin,Perez,benjamin.perez@outlook.com,-4881,,Low_Value,Social,18-25,Premium,76.59,0.7,False,False,True,,42,Sports,13,10,3,843.6,84.36,2024-08-05,2025-05-06,3,7,313.82,529.78,Electronics,408.0,Dormant,True,False,True
1176,Joel,Ray,joel636@outlook.com,-10759,,New_Customer,Social,26-35,High,41.48,0.65,False,False,False,,10,Electronics,5,4,1,195.3,48.825,2024-07-22,2024-11-07,1,3,46.43,148.87,Beauty,588.0,Dormant,True,False,True
1177,Kimberly,Vega,kimberly412@yahoo.com,-6135,,Medium_Value,Social,18-25,High,146.31,0.51,True,True,False,,46,Sports,9,8,1,1209.88,151.235,2024-07-27,2025-05-30,1,7,201.38,1008.5,Beauty,384.0,Dormant,True,False,True
1178,Ethan,Hayes,ethan25@gmail.com,-8512,,High_Value,Direct,Unknown,Medium,388.61,0.24,True,True,True,,38,Home,11,9,2,3491.15,387.90555555555557,2024-07-21,2025-06-07,0,9,0.0,3491.15,Clothing,376.0,Dormant,True,False,True
1179,Karen,Griffin,karengriffin@yahoo.com,-6756,,High_Value,Push,55+,Premium,380.73,0.4,False,False,False,,14,Home,5,4,1,1568.32,392.08,2024-08-21,2025-05-05,0,4,0.0,1568.32,Clothing,409.0,Dormant,True,False,True
1180,Deanna,Harper,deanna165@gmail.com,-7276,,New_Customer,SMS,55+,High,105.43,0.79,True,False,False,,39,Beauty,6,4,2,410.55,102.6375,2024-12-17,2025-05-24,0,4,0.0,410.55,Clothing,390.0,Dormant,True,False,True
1181,Zachary,Torres,zachary528@yahoo.com,-6484,,Medium_Value,Direct,18-25,Medium,195.41,0.68,False,False,True,,49,Books,11,8,3,2110.75,263.84375,2024-11-19,2025-06-29,4,4,1312.17,798.58,Home,354.0,Dormant,True,False,True
1182,Martha,Turner,martha.turner@gmail.com,-11622,,High_Value,Email,36-45,Low,358.56,0.28,True,False,True,,27,Clothing,6,4,2,1486.75,371.6875,2024-12-19,2025-05-26,0,4,0.0,1486.75,Home,388.0,Dormant,True,True,True
1183,Ricky,Murray,rickymurray@gmail.com,-7824,,High_Value,Direct,26-35,Unknown,398.1,0.22,False,False,True,,47,Beauty,4,4,0,1488.64,372.16,2024-10-24,2025-06-09,0,4,0.0,1488.64,Sports,374.0,Dormant,True,False,True
1184,Natalie,Fisher,natalie.fisher@outlook.com,-3406,,New_Customer,Email,46-55,High,131.73,0.57,True,True,True,,20,Clothing,8,6,2,896.06,149.34333333333333,2024-12-29,2025-05-05,1,5,190.93,705.13,Books,409.0,Dormant,True,False,True
1185,Tammy,Hernandez,tammyhernandez@gmail.com,-2332,,New_Customer,Direct,36-45,Medium,62.54,0.53,False,False,False,,49,Electronics,5,5,0,293.71,58.742,2024-07-10,2025-01-14,1,4,81.06,212.65,Clothing,520.0,Dormant,True,False,True
1186,Linda,Norris,linda925@gmail.com,-4044,,High_Value,Email,18-25,Low,381.69,0.22,False,True,True,,44,Books,7,6,1,2330.93,388.48833333333334,2024-07-09,2025-04-28,0,6,0.0,2330.93,Clothing,416.0,Dormant,True,True,True
1187,Victoria,Rivas,victoria588@hotmail.com,-6333,,High_Value,Email,18-25,Medium,400.36,0.27,False,True,True,,20,Beauty,10,7,3,2748.55,392.65,2024-07-15,2025-06-27,2,5,1061.99,1686.56,Beauty,356.0,Dormant,True,False,True
1188,Michael,Roberts,michael.roberts@gmail.com,-6338,,High_Value,Direct,55+,Premium,335.51,0.22,True,True,False,,16,Clothing,7,4,3,1321.67,330.4175,2024-10-14,2025-06-18,0,4,0.0,1321.67,Clothing,365.0,Dormant,True,True,True
1189,Jose,Oconnor,joseoconnor@gmail.com,-8783,,Low_Value,Social,46-55,Premium,40.36,0.69,True,True,False,,27,Clothing,11,10,1,463.45,46.345,2024-07-08,2025-06-27,5,5,268.58,194.87,Electronics,356.0,Dormant,True,False,True
1190,Beth,Henderson,bethhenderson@outlook.com,-3339,,Medium_Value,SMS,55+,High,102.49,0.64,False,False,True,,7,Clothing,11,10,1,1159.22,115.922,2024-10-08,2025-06-18,4,6,583.65,575.57,Beauty,365.0,Dormant,True,True,True
1191,Holly,Smith,holly.smith@outlook.com,-5306,,Low_Value,Push,36-45,Premium,99.95,0.9,False,True,False,,43,Beauty,11,10,1,1217.21,121.721,2024-09-27,2025-05-16,4,6,598.34,618.87,Home,398.0,Dormant,True,True,True
1192,Denise,Arnold,denise.arnold@outlook.com,-3194,,High_Value,Social,18-25,High,361.03,0.35,False,False,False,,10,Home,12,11,1,4310.7,391.8818181818182,2024-08-09,2025-06-18,1,10,560.12,3750.58,Sports,365.0,Dormant,True,False,True
1193,Daniel,Pennington,daniel232@gmail.com,-4048,,Low_Value,Social,36-45,Premium,99.96,0.85,True,True,True,,19,Home,8,8,0,941.55,117.69375,2024-07-17,2025-06-15,3,5,452.81,488.74,Home,368.0,Dormant,True,False,True
1194,Marissa,Smith,marissa212@outlook.com,-9138,,Medium_Value,Email,36-45,Premium,187.8,0.61,True,True,True,,36,Beauty,8,8,0,1480.98,185.1225,2024-08-20,2025-04-10,0,8,0.0,1480.98,Home,434.0,Dormant,True,True,True
1195,Gabriel,Anderson,gabriel.anderson@outlook.com,-2804,,High_Value,Push,55+,Premium,344.6,0.33,True,True,False,,1,Home,7,5,2,1869.53,373.906,2024-08-22,2025-05-16,2,3,872.81,996.72,Books,398.0,Dormant,True,False,True
1196,Kayla,Robinson,kaylarobinson@gmail.com,-4835,,High_Value,Social,55+,Medium,404.6,0.29,False,False,False,,0,Clothing,12,8,4,3787.77,473.47125,2024-08-08,2025-05-05,2,6,1135.84,2651.93,Electronics,409.0,Dormant,True,True,True
1197,Amy,Jenkins,amy152@gmail.com,-5493,,Medium_Value,Push,46-55,Medium,156.91,0.41,True,False,False,,28,Beauty,9,8,1,1490.92,186.365,2024-08-26,2025-04-25,2,6,518.16,972.76,Books,419.0,Dormant,True,False,True
1198,Kimberly,Martin,kimberly.martin@gmail.com,-6411,,High_Value,SMS,46-55,Medium,384.4,0.27,False,False,True,,9,Books,5,5,0,2150.07,430.014,2024-08-13,2025-05-19,1,4,569.86,1580.21,Books,395.0,Dormant,True,False,True
1199,Mark,Ellis,mark.ellis@gmail.com,-3565,,High_Value,Direct,55+,Medium,383.2,0.32,False,True,False,,18,Electronics,7,7,0,2760.44,394.3485714285714,2024-12-29,2025-07-02,0,7,0.0,2760.44,Beauty,351.0,Dormant,True,False,True
1200,Kent,Landry,kent728@yahoo.com,-7703,,High_Value,Push,46-55,Premium,341.64,0.2,False,False,True,,12,Clothing,6,6,0,2015.85,335.975,2024-07-16,2025-06-24,1,5,449.94,1565.91,Books,359.0,Dormant,True,True,True
1201,Melissa,Mason,melissamason@outlook.com,-4347,,New_Customer,Direct,26-35,High,105.32,0.66,False,False,False,,25,Home,10,7,3,816.81,116.68714285714286,2024-08-10,2025-06-06,1,6,163.68,653.13,Home,377.0,Dormant,True,True,True
1202,Erika,Johnson,erika.johnson@hotmail.com,-3462,,High_Value,Push,26-35,Medium,215.78,0.31,True,False,False,,30,Sports,7,7,0,1592.68,227.5257142857143,2024-07-07,2025-02-02,1,6,332.32,1260.36,Home,501.0,Dormant,True,False,True
1203,Holly,Aguilar,holly.aguilar@hotmail.com,-8478,,Low_Value,Email,46-55,Premium,75.22,0.73,True,True,False,,21,Home,7,4,3,368.97,92.2425,2024-07-07,2025-07-02,2,2,211.89,157.08,Home,351.0,Dormant,True,False,True
1204,Gerald,Parks,gerald814@gmail.com,-11068,,Low_Value,Push,26-35,High,54.58,0.61,True,False,True,,37,Beauty,8,7,1,377.46,53.92285714285714,2024-07-05,2025-03-11,1,6,64.37,313.09,Books,464.0,Dormant,True,False,True
1205,Jennifer,Lang,jenniferlang@gmail.com,-6444,,High_Value,Push,18-25,High,231.27,0.33,False,True,False,,18,Sports,6,6,0,1566.66,261.11,2024-09-27,2024-12-29,1,5,394.14,1172.52,Home,536.0,Dormant,True,False,True
1206,Isaac,Bradley,isaacbradley@yahoo.com,-6123,,Medium_Value,Direct,Unknown,Medium,185.51,0.64,False,True,False,,18,Clothing,4,4,0,861.13,215.2825,2024-08-17,2025-08-03,2,2,551.21,309.92,Books,319.0,Dormant,True,False,True
1207,Randy,Williamson,randy267@gmail.com,-6210,,New_Customer,SMS,46-55,Medium,142.27,0.57,True,False,False,,8,Electronics,6,4,2,542.01,135.5025,2024-07-25,2025-05-01,0,4,0.0,542.01,Sports,413.0,Dormant,True,False,True
1208,David,Coleman,david14@outlook.com,-5972,,New_Customer,Email,26-35,Premium,144.65,0.65,True,True,False,,24,Beauty,10,9,1,1386.34,154.0377777777778,2024-08-14,2025-03-13,0,9,0.0,1386.34,Books,462.0,Dormant,True,False,True
1209,Jon,Williams,jon717@gmail.com,-10339,,New_Customer,Email,55+,Medium,121.67,0.77,True,False,False,,12,Books,5,5,0,648.38,129.676,2024-09-23,2025-04-26,0,5,0.0,648.38,Home,418.0,Dormant,True,False,True
1210,Raymond,Patterson,raymond227@outlook.com,-7291,,New_Customer,Email,55+,Medium,55.83,0.65,False,True,True,,35,Books,8,6,2,439.81,73.30166666666666,2024-09-05,2025-06-30,5,1,390.91,48.9,Clothing,353.0,Dormant,True,False,True
1211,Anna,Johnson,anna.johnson@outlook.com,-6320,,Medium_Value,Direct,18-25,Premium,185.63,0.42,False,False,True,,23,Beauty,8,7,1,1621.56,231.65142857142857,2024-08-14,2025-05-25,2,5,599.55,1022.01,Home,389.0,Dormant,True,False,True
1212,Amanda,Oliver,amandaoliver@yahoo.com,-10131,,New_Customer,Direct,55+,Medium,40.96,0.77,False,True,True,,36,Sports,10,10,0,507.26,50.726,2024-11-11,2025-07-11,5,5,295.16,212.1,Clothing,342.0,Dormant,True,True,True
1213,Sherri,Grimes,sherri861@yahoo.com,-10421,,High_Value,Social,55+,Premium,192.62,0.27,False,False,True,,10,Sports,5,5,0,1056.28,211.256,2024-09-03,2025-04-29,2,3,440.19,616.09,Sports,415.0,Dormant,True,False,True
1214,Megan,Clements,meganclements@outlook.com,-7259,,New_Customer,Social,26-35,Medium,138.61,0.63,True,True,True,,22,Books,11,9,2,1339.36,148.8177777777778,2024-07-17,2025-06-08,3,6,596.05,743.31,Electronics,375.0,Dormant,True,True,True
1215,Keith,Rollins,keith500@hotmail.com,-8325,,New_Customer,SMS,26-35,Premium,104.11,0.69,False,True,True,,31,Clothing,9,9,0,1152.91,128.10111111111112,2024-08-29,2025-02-05,6,3,862.41,290.5,Electronics,498.0,Dormant,True,True,True
1216,David,Hill,david.hill@outlook.com,-5867,,High_Value,Email,46-55,High,343.8,0.33,True,True,False,,30,Beauty,4,4,0,1718.2,429.55,2024-08-04,2025-04-27,2,2,906.3,811.9,Books,417.0,Dormant,True,False,True
1217,Jerry,Bennett,jerry.bennett@hotmail.com,-9225,,Low_Value,Push,55+,Premium,59.77,0.68,True,False,True,,5,Electronics,7,5,2,367.48,73.496,2024-08-07,2025-05-28,1,4,105.15,262.33,Electronics,386.0,Dormant,True,False,True
1218,Michelle,Carter,michelle206@gmail.com,-8772,,High_Value,Social,26-35,High,403.45,0.34,True,False,True,,7,Home,5,4,1,1930.86,482.715,2024-07-22,2025-02-23,1,3,607.12,1323.74,Electronics,480.0,Dormant,True,True,True
1219,Pamela,Hoffman,pamelahoffman@outlook.com,-6079,,New_Customer,SMS,18-25,High,100.77,0.52,True,False,True,,18,Books,6,5,1,577.85,115.57,2024-10-12,2025-06-08,0,5,0.0,577.85,Clothing,375.0,Dormant,True,True,True
1220,Amber,Holmes,amber484@hotmail.com,-7299,,High_Value,Direct,Unknown,Low,450.4,0.35,False,True,False,,46,Home,9,8,1,3653.57,456.69625,2024-09-23,2025-06-01,2,6,992.2,2661.37,Clothing,382.0,Dormant,True,True,True
1221,Matthew,Rodriguez,matthew.rodriguez@gmail.com,-6772,,Low_Value,Direct,18-25,Medium,55.14,0.68,False,False,False,,46,Books,9,8,1,515.06,64.3825,2024-07-09,2025-05-12,3,5,235.3,279.76,Home,402.0,Dormant,True,False,True
1223,Anthony,Brooks,anthony.brooks@gmail.com,-2916,,New_Customer,Direct,55+,High,46.29,0.61,False,False,True,,43,Electronics,3,2,1,114.53,57.265,2024-08-30,2025-05-04,1,1,79.27,35.26,Electronics,410.0,Dormant,True,False,True
1224,Lisa,Harrison,lisa.harrison@outlook.com,-5135,,Low_Value,Social,26-35,Low,92.62,0.7,True,True,False,,32,Home,6,5,1,667.53,133.506,2024-08-30,2025-06-10,4,1,583.03,84.5,Books,373.0,Dormant,True,False,True
1225,Cheyenne,Carr,cheyennecarr@hotmail.com,-5297,,Medium_Value,SMS,26-35,High,112.79,0.42,False,False,True,,17,Clothing,8,8,0,899.06,112.3825,2024-07-08,2025-03-19,1,7,153.19,745.87,Books,456.0,Dormant,True,False,True
1226,Jennifer,Rogers,jennifer.rogers@gmail.com,-3891,,New_Customer,SMS,55+,High,47.12,0.51,False,False,True,,41,Books,4,4,0,205.85,51.4625,2024-08-26,2025-05-31,0,4,0.0,205.85,Electronics,383.0,Dormant,True,True,True
1227,Aimee,Perez,aimeeperez@outlook.com,-5908,,Medium_Value,Email,46-55,Premium,143.32,0.52,False,True,True,,26,Sports,9,6,3,924.58,154.09666666666666,2024-09-23,2025-03-26,1,5,196.75,727.83,Sports,449.0,Dormant,True,True,True
1228,Harold,Edwards,haroldedwards@gmail.com,-9236,,New_Customer,Social,46-55,Premium,134.07,0.61,False,False,False,,38,Home,7,6,1,868.25,144.70833333333334,2024-08-15,2025-04-03,0,6,0.0,868.25,Books,441.0,Dormant,True,False,True
1229,Laura,Spencer,laura802@hotmail.com,-5156,,Low_Value,SMS,46-55,Premium,42.05,0.76,True,False,False,,36,Home,10,8,2,386.17,48.27125,2024-07-09,2025-06-22,1,7,74.86,311.31,Beauty,361.0,Dormant,True,False,True
1230,Jerry,Howe,jerryhowe@yahoo.com,-7693,,High_Value,Email,55+,High,262.57,0.34,True,False,False,,4,Clothing,11,9,2,2338.59,259.8433333333333,2024-07-10,2025-06-07,0,9,0.0,2338.59,Clothing,376.0,Dormant,True,False,True
1231,Jacob,Johnson,jacobjohnson@hotmail.com,-9053,,High_Value,Email,18-25,High,316.34,0.28,True,True,True,,0,Beauty,9,8,1,2506.26,313.2825,2024-12-05,2025-06-19,0,8,0.0,2506.26,Beauty,364.0,Dormant,True,False,True
1232,Anthony,Martinez,anthony348@hotmail.com,-9234,,New_Customer,Email,55+,Unknown,134.74,0.65,False,False,True,,5,Sports,5,4,1,632.6,158.15,2024-08-16,2025-05-30,2,2,375.67,256.93,Clothing,384.0,Dormant,True,False,True
1233,Brett,Walker,brett.walker@gmail.com,-5250,,High_Value,Direct,46-55,Unknown,355.83,0.24,False,False,False,,19,Sports,4,4,0,1383.57,345.8925,2024-07-22,2025-04-08,1,3,474.06,909.51,Home,436.0,Dormant,True,False,True
1234,Steven,Nunez,steven181@yahoo.com,-6725,,New_Customer,Direct,36-45,Low,115.9,0.72,True,False,False,,33,Electronics,6,6,0,835.88,139.31333333333333,2024-10-02,2025-04-16,2,4,373.78,462.1,Sports,428.0,Dormant,True,True,True
1235,Monica,Galvan,monicagalvan@outlook.com,-4179,,Medium_Value,SMS,55+,Low,90.55,0.42,True,True,True,,36,Home,11,7,4,717.92,102.56,2024-08-20,2025-04-11,1,6,160.18,557.74,Beauty,433.0,Dormant,True,True,True
1236,Katherine,Vargas,katherine957@yahoo.com,-4538,,High_Value,Social,26-35,Medium,397.53,0.37,False,True,True,,39,Books,9,7,2,3176.12,453.7314285714286,2024-08-08,2025-05-22,1,6,604.87,2571.25,Beauty,392.0,Dormant,True,False,True
1237,Craig,Browning,craig552@yahoo.com,-10213,,Low_Value,Direct,18-25,Low,59.84,0.67,False,True,False,,49,Electronics,9,9,0,576.66,64.07333333333334,2024-08-08,2025-05-18,0,9,0.0,576.66,Electronics,396.0,Dormant,True,False,True
1238,Brittany,Hughes,brittanyhughes@outlook.com,-10295,,High_Value,Social,46-55,Premium,288.15,0.21,True,True,True,,20,Clothing,12,9,3,2610.34,290.03777777777776,2024-08-30,2025-03-12,2,7,859.2,1751.14,Beauty,463.0,Dormant,True,True,True
1239,John,Wagner,john.wagner@hotmail.com,-9234,,Medium_Value,Social,36-45,Low,173.39,0.54,False,True,False,,25,Clothing,6,5,1,1031.67,206.334,2024-10-25,2025-06-15,2,3,508.38,523.29,Clothing,368.0,Dormant,True,False,True
1240,Christian,Martin,christian880@hotmail.com,-3397,,Low_Value,Social,55+,High,84.24,0.86,True,True,True,,44,Home,5,5,0,613.51,122.702,2024-10-05,2025-06-13,3,2,399.85,213.66,Home,370.0,Dormant,True,False,True
1241,Rachel,Smith,rachel.smith@outlook.com,-5521,,Medium_Value,Push,36-45,Premium,189.38,0.65,False,False,True,,29,Books,5,4,1,865.97,216.4925,2024-08-24,2025-04-21,3,1,716.37,149.6,Electronics,423.0,Dormant,True,False,True
1242,Shawn,Miller,shawn489@hotmail.com,-8545,,Medium_Value,SMS,55+,Premium,86.89,0.44,False,True,False,,12,Sports,4,4,0,429.42,107.355,2024-09-10,2025-05-14,2,2,272.7,156.72,Home,400.0,Dormant,True,False,True
1243,Robert,Bridges,robert680@outlook.com,-3431,,Medium_Value,Email,55+,High,107.28,0.52,True,True,True,,35,Books,7,7,0,707.94,101.13428571428571,2024-12-14,2025-06-12,1,6,139.45,568.49,Clothing,371.0,Dormant,True,False,True
1244,Erin,Miranda,erin.miranda@outlook.com,-10251,,High_Value,Social,46-55,Low,448.22,0.37,True,True,False,,35,Beauty,8,8,0,3594.01,449.25125,2024-08-23,2025-06-27,0,8,0.0,3594.01,Home,356.0,Dormant,True,False,True
1245,Isaac,Jackson,isaacjackson@gmail.com,-4328,,Low_Value,Direct,36-45,Low,60.7,0.77,False,False,True,,12,Home,6,4,2,319.69,79.9225,2024-11-10,2025-06-12,3,1,253.68,66.01,Books,371.0,Dormant,True,False,True
1246,Scott,Schultz,scottschultz@hotmail.com,-2883,,Low_Value,SMS,26-35,High,85.89,0.9,False,False,True,,32,Beauty,7,7,0,723.06,103.29428571428572,2024-11-25,2025-06-04,2,5,251.28,471.78,Clothing,379.0,Dormant,True,True,True
1247,Sean,Lloyd,sean.lloyd@gmail.com,-7429,,New_Customer,Push,36-45,Unknown,57.18,0.72,False,True,False,,50,Sports,3,3,0,167.68,55.89333333333333,2025-02-03,2025-06-04,0,3,0.0,167.68,Books,379.0,Dormant,True,False,True
1248,Justin,Lopez,justinlopez@gmail.com,-8014,,New_Customer,Push,18-25,Low,113.22,0.64,False,False,False,,5,Sports,9,5,4,663.22,132.644,2024-09-21,2025-02-23,1,4,196.12,467.1,Books,480.0,Dormant,True,False,True
1249,Ricardo,West,ricardowest@hotmail.com,-4043,,New_Customer,Email,26-35,Medium,148.14,0.53,True,False,True,,23,Electronics,9,6,3,996.18,166.03,2024-09-27,2025-07-25,2,4,404.06,592.12,Books,328.0,Dormant,True,False,True
1250,Jeffrey,Moore,jeffreymoore@gmail.com,-8220,,New_Customer,Push,18-25,Low,32.27,0.69,False,False,True,,0,Books,10,9,1,341.56,37.95111111111111,2024-09-07,2025-06-26,4,5,182.95,158.61,Books,357.0,Dormant,True,False,True
1251,Miranda,Williams,miranda406@yahoo.com,-7446,,New_Customer,SMS,26-35,Premium,67.91,0.59,False,True,True,,24,Clothing,9,7,2,512.06,73.15142857142857,2024-07-19,2025-04-18,2,5,190.94,321.12,Beauty,426.0,Dormant,True,False,True
1252,Brandon,Powell,brandon22@gmail.com,-4964,,Low_Value,SMS,18-25,Premium,90.14,0.83,False,True,True,,46,Home,6,5,1,508.25,101.65,2024-12-06,2025-07-02,1,4,122.95,385.3,Clothing,351.0,Dormant,True,False,True
1253,James,Hart,jameshart@gmail.com,-1947,,Medium_Value,Social,18-25,High,193.09,0.42,True,True,False,,9,Clothing,5,5,0,1130.85,226.17,2024-07-06,2025-04-03,1,4,314.3,816.55,Beauty,441.0,Dormant,True,True,True
1254,Derrick,Jones,derrick731@yahoo.com,-3315,,Medium_Value,Direct,46-55,Low,162.14,0.53,True,True,True,,20,Clothing,5,4,1,660.69,165.1725,2024-09-01,2025-05-08,0,4,0.0,660.69,Home,406.0,Dormant,True,True,True
1255,Ronald,Paul,ronald.paul@gmail.com,-8312,,Low_Value,SMS,Unknown,High,28.26,0.77,True,True,True,,28,Clothing,16,14,2,420.58,30.041428571428572,2024-07-14,2025-06-27,4,10,157.29,263.29,Beauty,356.0,Dormant,True,True,True
1256,Matthew,Smith,matthewsmith@gmail.com,-5492,,New_Customer,Push,26-35,Low,121.69,0.59,True,False,True,,40,Beauty,9,7,2,1051.0,150.14285714285714,2024-11-29,2025-05-21,3,4,542.51,508.49,Beauty,393.0,Dormant,True,False,True
1257,Krista,Strong,kristastrong@yahoo.com,-4674,,New_Customer,SMS,26-35,Low,65.3,0.62,True,False,False,,48,Beauty,7,5,2,365.42,73.084,2024-07-16,2025-01-24,1,4,92.42,273.0,Home,510.0,Dormant,True,False,True
1258,Sydney,Phillips,sydney880@yahoo.com,-6979,,Medium_Value,Email,36-45,Medium,112.99,0.56,True,False,False,,12,Electronics,6,5,1,527.39,105.478,2024-07-15,2025-05-13,0,5,0.0,527.39,Electronics,401.0,Dormant,True,True,True
1259,Robert,Henson,robert169@gmail.com,-10278,,New_Customer,Social,55+,High,130.23,0.63,False,True,False,,49,Books,4,2,2,295.97,147.985,2024-09-07,2024-11-01,1,1,160.59,135.38,Beauty,594.0,Dormant,True,False,True
1260,Amanda,Hughes,amandahughes@outlook.com,-10090,,New_Customer,Email,18-25,Unknown,90.68,0.67,True,False,False,,37,Beauty,5,4,0,353.76,88.44,2024-09-13,2025-06-09,0,4,0.0,353.76,Sports,374.0,Dormant,True,False,True
1261,Lindsey,Conway,lindsey.conway@gmail.com,-4447,,Medium_Value,Direct,46-55,Premium,123.22,0.42,True,True,True,,11,Clothing,8,6,2,834.9,139.15,2024-07-21,2025-02-09,2,4,311.31,523.59,Sports,494.0,Dormant,True,True,True
1262,Christopher,Torres,christopher963@gmail.com,-2523,,Low_Value,Social,18-25,Low,99.21,0.82,True,False,False,,37,Clothing,7,6,1,614.26,102.37666666666667,2024-08-21,2025-04-30,2,4,253.73,360.53,Home,414.0,Dormant,True,True,True
1263,Spencer,Stevens,spencer831@outlook.com,-8653,,Low_Value,SMS,Unknown,High,99.43,0.61,True,False,True,,41,Books,5,2,3,187.67,93.835,2024-09-07,2025-06-03,0,2,0.0,187.67,Home,380.0,Dormant,True,False,True
1264,Ashley,Dyer,ashleydyer@outlook.com,-9327,,New_Customer,Email,36-45,Unknown,107.13,0.57,True,True,True,,23,Electronics,10,9,1,1047.01,116.33444444444444,2024-07-15,2025-06-28,2,7,254.54,792.47,Home,355.0,Dormant,True,True,True
1265,Vincent,Herrera,vincentherrera@outlook.com,-7661,,New_Customer,SMS,26-35,High,75.6,0.78,False,True,False,,28,Home,9,8,1,773.67,96.70875,2024-07-29,2025-06-30,4,4,462.09,311.58,Home,353.0,Dormant,True,True,True
1266,David,Jackson,david.jackson@yahoo.com,-3260,,Low_Value,Direct,55+,Premium,79.68,0.63,True,True,True,,8,Home,3,2,1,202.13,101.065,2024-11-17,2025-04-17,1,1,104.08,98.05,Clothing,427.0,Dormant,True,False,True
1267,Kaitlyn,Mullen,kaitlyn.mullen@gmail.com,-4214,,New_Customer,SMS,55+,Medium,139.56,0.66,False,True,True,,23,Books,11,9,2,1338.46,148.71777777777777,2024-07-08,2025-05-13,3,6,525.33,813.13,Electronics,401.0,Dormant,True,False,True
1268,Brian,Blair,brianblair@yahoo.com,-10425,,Medium_Value,Social,46-55,Unknown,131.0,0.46,True,False,False,,23,Sports,14,12,2,1699.36,141.61333333333334,2024-07-21,2025-05-21,2,10,364.73,1334.63,Books,393.0,Dormant,True,False,True
1269,Carmen,Sullivan,carmen.sullivan@gmail.com,-4609,,Medium_Value,Email,36-45,Medium,77.16,0.64,True,True,False,,27,Electronics,10,8,2,681.73,85.21625,2024-07-23,2025-06-07,1,7,108.45,573.28,Beauty,376.0,Dormant,True,False,True
1270,Chloe,Nichols,chloe601@gmail.com,-3373,,Low_Value,Email,36-45,Premium,84.35,0.64,True,False,False,,10,Home,12,10,2,906.83,90.683,2024-10-16,2025-06-30,3,7,407.34,499.49,Books,353.0,Dormant,True,False,True
1271,Natalie,Washington,natalie203@hotmail.com,-6872,,Medium_Value,Email,26-35,High,107.76,0.61,True,False,False,,17,Beauty,7,5,2,519.43,103.886,2024-08-06,2025-04-10,0,5,0.0,519.43,Sports,434.0,Dormant,True,False,True
1272,Ricardo,Young,ricardo.young@hotmail.com,-10512,,High_Value,Direct,26-35,Unknown,476.89,0.28,False,True,True,,16,Sports,5,4,1,2257.54,564.385,2024-10-25,2025-02-11,1,3,677.08,1580.46,Electronics,492.0,Dormant,True,False,True
1273,Thomas,Elliott,thomas.elliott@outlook.com,-6573,,New_Customer,SMS,36-45,Low,142.8,0.65,True,True,False,,15,Sports,6,5,1,873.79,174.758,2024-09-24,2025-04-19,2,3,401.68,472.11,Home,425.0,Dormant,True,False,True
1274,Amber,Eaton,ambereaton@gmail.com,-5300,,Low_Value,SMS,18-25,Low,33.09,0.78,True,False,True,,46,Books,6,5,1,239.05,47.81,2024-08-24,2025-05-21,5,0,239.05,0.0,Clothing,393.0,Dormant,True,False,True
1275,Lisa,Davenport,lisadavenport@yahoo.com,-9987,,Medium_Value,Direct,55+,Premium,91.91,0.56,False,True,False,,24,Electronics,7,7,0,688.01,98.28714285714285,2024-07-15,2025-06-09,2,5,280.78,407.23,Beauty,374.0,Dormant,True,False,True
1276,Deborah,Russo,deborah.russo@gmail.com,-6034,,New_Customer,SMS,36-45,Low,106.44,0.6,True,True,True,,12,Electronics,10,9,1,1078.32,119.81333333333333,2024-09-05,2025-05-28,3,6,492.84,585.48,Electronics,386.0,Dormant,True,False,True
1277,Margaret,Bailey,margaretbailey@gmail.com,-2483,,Medium_Value,SMS,18-25,Low,152.14,0.7,True,True,True,,26,Home,6,6,0,1020.69,170.115,2024-08-23,2025-05-11,1,5,232.24,788.45,Home,403.0,Dormant,True,False,True
1278,Heather,Hall,heatherhall@hotmail.com,-6085,,High_Value,Social,46-55,Low,414.85,0.34,False,False,False,,19,Clothing,10,9,1,3886.07,431.78555555555556,2024-07-30,2025-07-03,0,9,0.0,3886.07,Books,350.0,Dormant,True,False,True
1279,Toni,Murray,tonimurray@yahoo.com,-8294,,Medium_Value,Push,36-45,Medium,166.91,0.41,True,True,False,,39,Home,12,6,6,1039.88,173.31333333333333,2024-10-19,2025-05-18,0,6,0.0,1039.88,Books,396.0,Dormant,True,False,True
1280,Nancy,Mcguire,nancymcguire@gmail.com,-11327,,Medium_Value,Push,55+,Medium,147.48,0.41,False,False,False,,17,Sports,6,6,0,1039.72,173.28666666666666,2024-08-09,2025-04-15,1,5,217.69,822.03,Home,429.0,Dormant,True,False,True
1281,Emily,Roman,emily.roman@gmail.com,-9272,,High_Value,SMS,55+,Medium,384.52,0.35,True,False,False,,11,Books,8,5,3,1889.91,377.982,2024-11-08,2025-05-29,0,5,0.0,1889.91,Clothing,385.0,Dormant,True,False,True
1282,Joseph,Hernandez,joseph.hernandez@hotmail.com,-5058,,Low_Value,Direct,26-35,Premium,98.51,0.83,True,False,True,,10,Books,7,2,5,233.52,116.76,2024-07-08,2024-10-09,1,1,117.99,115.53,Clothing,617.0,Dormant,True,False,True
1283,Karen,Wright,karenwright@gmail.com,-2219,,High_Value,SMS,26-35,Premium,337.92,0.34,False,True,False,,18,Books,9,9,0,3198.42,355.38,2024-07-14,2025-06-17,0,9,0.0,3198.42,Books,366.0,Dormant,True,False,True
1284,Patricia,Young,patricia.young@hotmail.com,-3464,,New_Customer,Social,26-35,High,68.55,0.59,True,True,False,,23,Home,9,7,2,542.06,77.43714285714286,2024-10-07,2025-06-27,2,5,189.21,352.85,Books,356.0,Dormant,True,False,True
1285,Frederick,Watson,frederick871@hotmail.com,-2141,,Medium_Value,Email,Unknown,Premium,159.26,0.66,True,True,True,,46,Home,10,7,3,1240.78,177.25428571428571,2024-09-03,2025-04-18,1,6,279.48,961.3,Beauty,426.0,Dormant,True,True,True
1286,Raymond,Boyd,raymond141@outlook.com,-8586,,New_Customer,SMS,36-45,High,131.13,0.54,True,True,True,,30,Sports,8,7,1,1106.29,158.04142857142858,2024-07-13,2025-06-02,3,4,565.78,540.51,Beauty,381.0,Dormant,True,False,True
1287,Audrey,Vasquez,audrey.vasquez@outlook.com,-7948,,High_Value,Direct,46-55,Low,465.62,0.37,False,False,True,,5,Books,7,6,1,3286.36,547.7266666666667,2024-08-29,2025-04-12,1,5,612.13,2674.23,Books,432.0,Dormant,True,False,True
1288,Jonathan,Fowler,jonathan.fowler@gmail.com,-6256,,High_Value,Push,18-25,Premium,174.99,0.32,True,False,True,,23,Books,7,5,2,865.02,173.004,2024-07-13,2025-07-04,0,5,0.0,865.02,Sports,349.0,Dormant,True,False,True
1289,Rachel,Harris,rachelharris@hotmail.com,-7269,,Low_Value,Social,36-45,High,59.13,0.86,False,True,False,,50,Sports,4,3,1,180.84,60.28,2025-04-11,2025-05-29,0,3,0.0,180.84,Home,385.0,Dormant,True,False,True
1290,Bryan,Gibson,bryan.gibson@hotmail.com,-4658,,Medium_Value,Direct,36-45,High,197.29,0.58,False,True,True,,17,Books,8,6,2,1114.62,185.77,2024-09-25,2025-02-11,0,6,0.0,1114.62,Books,492.0,Dormant,True,False,True
1291,Cheryl,Pitts,cherylpitts@gmail.com,-8302,,Low_Value,Direct,26-35,Low,86.25,0.69,True,False,True,,11,Books,5,5,0,493.13,98.626,2024-07-04,2024-11-29,1,4,141.45,351.68,Beauty,566.0,Dormant,True,False,True
1292,Chad,Smith,chad741@yahoo.com,-7347,,High_Value,Social,26-35,Premium,326.95,0.33,True,True,False,,47,Sports,8,5,3,1822.84,364.568,2024-07-08,2024-12-03,1,4,439.39,1383.45,Clothing,562.0,Dormant,True,False,True
1293,Henry,Pham,henry.pham@outlook.com,-6349,,Medium_Value,Push,18-25,Premium,192.94,0.64,False,True,False,,5,Electronics,6,5,1,840.26,168.052,2024-12-30,2025-06-13,0,5,0.0,840.26,Books,370.0,Dormant,True,False,True
1294,Jacqueline,Torres,jacquelinetorres@outlook.com,-1971,,Medium_Value,Email,55+,Low,170.93,0.4,False,True,False,,18,Books,4,4,0,691.88,172.97,2024-10-22,2025-06-25,0,4,0.0,691.88,Clothing,358.0,Dormant,True,False,True
1295,Brittany,Smith,brittany.smith@yahoo.com,-5315,,High_Value,Social,55+,Medium,308.1,0.26,False,True,False,,43,Sports,7,7,0,2388.36,341.19428571428574,2024-09-02,2025-06-20,0,7,0.0,2388.36,Clothing,363.0,Dormant,True,False,True
1296,Corey,Erickson,coreyerickson@yahoo.com,-8957,,High_Value,Push,55+,Medium,466.39,0.39,False,False,True,,29,Electronics,4,4,0,2559.61,639.9025,2024-07-09,2025-02-15,2,2,1523.74,1035.87,Clothing,488.0,Dormant,True,False,True
1297,Tammy,Padilla,tammy508@outlook.com,-8215,,New_Customer,Email,18-25,Medium,50.22,0.54,False,True,False,,23,Home,11,11,0,586.87,53.35181818181818,2024-07-09,2025-07-03,1,10,59.61,527.26,Beauty,350.0,Dormant,True,False,True
1298,Marco,Ray,marcoray@gmail.com,-9697,,New_Customer,SMS,18-25,Medium,118.04,0.5,False,False,False,,38,Electronics,5,4,1,517.35,129.3375,2024-09-19,2025-06-02,1,3,136.5,380.85,Books,381.0,Dormant,True,False,True
1299,Deborah,Ruiz,deborah.ruiz@gmail.com,-10261,,High_Value,SMS,55+,Medium,224.16,0.37,False,True,False,,28,Beauty,5,4,1,968.28,242.07,2024-08-23,2025-03-01,1,3,289.41,678.87,Clothing,474.0,Dormant,True,False,True
1300,Christie,Stanley,christiestanley@yahoo.com,-11176,,New_Customer,Push,36-45,Low,127.69,0.55,False,False,False,,5,Sports,5,4,1,505.12,126.28,2024-07-16,2025-06-10,0,4,0.0,505.12,Books,373.0,Dormant,True,False,True
1301,Michelle,Blake,michelle511@yahoo.com,-2206,,New_Customer,Push,46-55,Unknown,86.34,0.52,True,False,False,,2,Beauty,6,5,1,396.33,79.266,2024-08-07,2025-06-19,0,5,0.0,396.33,Home,364.0,Dormant,True,True,True
1302,Nicholas,Shannon,nicholasshannon@outlook.com,-6332,,Low_Value,Email,36-45,Medium,82.03,0.81,True,True,True,,32,Books,6,6,0,608.38,101.39666666666666,2024-08-15,2025-05-12,3,3,355.53,252.85,Sports,402.0,Dormant,True,True,True
1303,Logan,Ray,loganray@yahoo.com,-7852,,New_Customer,Push,46-55,Medium,71.29,0.58,False,False,True,,25,Home,12,11,1,894.04,81.27636363636364,2024-07-25,2025-05-25,4,7,406.23,487.81,Clothing,389.0,Dormant,True,False,True
1304,Andrew,Beck,andrew477@gmail.com,-7061,,Low_Value,SMS,26-35,Medium,63.35,0.67,False,True,False,,42,Books,9,8,1,652.28,81.535,2024-07-05,2025-06-28,5,3,444.87,207.41,Clothing,355.0,Dormant,True,False,True
1305,Ryan,Harmon,ryanharmon@gmail.com,-10572,,Medium_Value,Email,18-25,Premium,92.82,0.57,False,True,True,,2,Beauty,9,9,0,993.46,110.38444444444444,2024-10-17,2025-06-15,4,5,515.49,477.97,Home,368.0,Dormant,True,True,True
1306,Brian,Kent,brian.kent@outlook.com,-2788,,Low_Value,Push,36-45,Low,96.73,0.73,True,True,False,,38,Beauty,8,7,1,805.22,115.03142857142858,2024-08-30,2025-05-12,3,4,416.03,389.19,Beauty,402.0,Dormant,True,False,True
1307,Sara,Holmes,sara.holmes@gmail.com,-7564,,Medium_Value,SMS,55+,Unknown,107.19,0.64,False,True,False,,35,Clothing,9,8,1,985.14,123.1425,2024-08-09,2025-06-29,1,7,160.96,824.18,Books,354.0,Dormant,True,False,True
1308,Kevin,Chan,kevin524@hotmail.com,-8471,,High_Value,Social,55+,Medium,329.25,0.38,False,True,True,,39,Clothing,10,10,0,3175.77,317.577,2024-07-07,2025-06-12,1,9,545.92,2629.85,Books,371.0,Dormant,True,False,True
1309,Ashley,Brewer,ashleybrewer@hotmail.com,-10550,,Medium_Value,SMS,46-55,Low,97.3,0.65,True,False,False,,21,Books,8,7,1,697.3,99.61428571428571,2024-07-14,2025-05-13,2,5,232.14,465.16,Beauty,401.0,Dormant,True,False,True
1310,Ruth,Farrell,ruth.farrell@outlook.com,-9876,,Low_Value,Push,36-45,Premium,50.74,0.67,True,True,True,,31,Electronics,7,6,1,390.05,65.00833333333334,2024-11-05,2025-06-26,2,4,171.71,218.34,Sports,357.0,Dormant,True,True,True
1311,Kenneth,Knight,kenneth.knight@hotmail.com,-9816,,Medium_Value,Push,26-35,Premium,102.5,0.5,True,False,True,,40,Home,6,6,0,711.78,118.63,2024-08-01,2025-06-10,1,5,171.95,539.83,Clothing,373.0,Dormant,True,True,True
1312,Keith,Lowery,keith.lowery@outlook.com,-4742,,Low_Value,Email,26-35,Unknown,51.67,0.69,True,False,True,,1,Electronics,7,6,1,347.22,57.87,2024-07-21,2024-11-16,1,5,72.74,274.48,Sports,579.0,Dormant,True,True,True
1313,Jonathan,Campbell,jonathan587@yahoo.com,-10609,,New_Customer,Social,55+,Premium,129.79,0.66,True,True,True,,26,Sports,2,2,0,270.02,135.01,2024-07-21,2024-08-22,0,2,0.0,270.02,Clothing,665.0,Dormant,True,False,True
1314,Jonathan,Hall,jonathan.hall@outlook.com,-8331,,New_Customer,Social,55+,Medium,55.05,0.76,False,False,False,,45,Electronics,7,5,2,336.32,67.264,2024-08-30,2025-06-03,2,3,177.8,158.52,Books,380.0,Dormant,True,False,True
1315,Debra,Harvey,debra588@yahoo.com,-4538,,High_Value,Push,46-55,Low,175.48,0.33,True,False,False,,44,Sports,6,6,0,1223.15,203.85833333333332,2024-08-03,2025-05-20,1,5,294.16,928.99,Electronics,394.0,Dormant,True,False,True
1316,James,James,james.james@yahoo.com,-8635,,High_Value,Push,46-55,Low,488.88,0.38,True,False,True,,23,Home,9,8,1,4157.75,519.71875,2024-09-26,2025-06-30,2,6,1398.63,2759.12,Clothing,353.0,Dormant,True,False,True
1317,Terri,Douglas,terri.douglas@yahoo.com,-6341,,Low_Value,SMS,36-45,Premium,91.67,0.77,True,False,False,,1,Books,5,5,0,567.82,113.564,2024-07-09,2025-05-27,2,3,291.47,276.35,Electronics,387.0,Dormant,True,False,True
1318,Adrian,Turner,adrianturner@gmail.com,-3288,,Low_Value,Push,55+,Low,85.69,0.69,False,False,True,,27,Home,9,9,0,927.9,103.1,2024-09-06,2025-06-20,3,6,378.26,549.64,Beauty,363.0,Dormant,True,True,True
1319,Jessica,Taylor,jessica180@outlook.com,-4613,,High_Value,Email,18-25,Medium,392.04,0.27,True,False,False,,38,Beauty,6,4,2,2064.11,516.0275,2024-09-03,2025-06-17,1,3,665.48,1398.63,Beauty,366.0,Dormant,True,False,True
1320,Ronald,Sheppard,ronald.sheppard@hotmail.com,-9723,,New_Customer,Email,55+,Medium,71.95,0.73,False,True,False,,1,Clothing,16,15,1,1114.85,74.32333333333334,2024-07-22,2025-07-01,3,12,335.02,779.83,Beauty,352.0,Dormant,True,False,True
1321,Bridget,Kim,bridget.kim@yahoo.com,-10452,,New_Customer,Social,18-25,Unknown,130.76,0.64,True,True,True,,38,Electronics,3,3,0,382.15,127.38333333333334,2024-12-06,2025-01-24,1,2,177.91,204.24,Home,510.0,Dormant,True,False,True
1322,Brian,Velazquez,brianvelazquez@hotmail.com,-11320,,Low_Value,Push,46-55,Premium,34.74,0.72,True,False,True,,32,Electronics,5,5,0,201.0,40.2,2024-08-06,2025-05-17,1,4,60.71,140.29,Clothing,397.0,Dormant,True,False,True
1323,Audrey,Mercer,audrey329@hotmail.com,-10968,,Medium_Value,Direct,55+,Medium,165.95,0.59,True,False,True,,32,Sports,6,5,1,721.2,144.24,2024-07-11,2025-04-06,0,5,0.0,721.2,Home,438.0,Dormant,True,False,True
1324,Joshua,Johnson,joshua795@gmail.com,-9434,,High_Value,SMS,46-55,Premium,333.89,0.27,True,False,False,,30,Books,12,11,1,3894.04,354.00363636363636,2024-08-29,2025-05-30,1,10,464.94,3429.1,Books,384.0,Dormant,True,True,True
1325,Joyce,West,joycewest@hotmail.com,-2394,,New_Customer,Email,18-25,Low,37.71,0.59,False,True,False,,38,Sports,7,4,3,174.78,43.695,2024-07-24,2025-07-03,1,3,57.77,117.01,Sports,350.0,Dormant,True,False,True
1326,April,Grant,april205@yahoo.com,-3104,,Low_Value,Direct,46-55,High,62.82,0.75,False,False,False,,31,Clothing,9,8,1,622.35,77.79375,2024-08-17,2025-06-08,3,5,305.31,317.04,Clothing,375.0,Dormant,True,False,True
1327,Jennifer,Reese,jenniferreese@outlook.com,-4307,,Medium_Value,Push,18-25,High,105.26,0.62,True,True,False,,34,Books,7,5,2,607.73,121.546,2024-12-16,2025-06-27,0,5,0.0,607.73,Beauty,356.0,Dormant,True,False,True
1328,Andrew,Hall,andrew.hall@hotmail.com,-4232,,New_Customer,SMS,Unknown,Low,65.5,0.55,False,False,False,,5,Books,7,6,1,408.54,68.09,2024-08-05,2025-03-22,1,5,88.8,319.74,Home,453.0,Dormant,True,False,True
1329,William,Perry,williamperry@gmail.com,-9357,,Medium_Value,Social,Unknown,Premium,162.74,0.55,True,False,True,,38,Home,7,4,3,710.82,177.705,2024-10-24,2025-06-26,2,2,386.28,324.54,Beauty,357.0,Dormant,True,False,True
1330,Angela,Morales,angela800@hotmail.com,-3554,,Medium_Value,Direct,55+,High,125.62,0.49,True,True,True,,36,Home,6,4,2,531.54,132.885,2024-07-11,2025-04-25,1,3,178.45,353.09,Electronics,419.0,Dormant,True,False,True
1331,Stacy,Sandoval,stacy.sandoval@outlook.com,-7745,,High_Value,Email,55+,High,215.03,0.33,False,True,True,,42,Sports,7,6,1,1157.4,192.9,2024-07-27,2025-03-28,0,6,0.0,1157.4,Sports,447.0,Dormant,True,True,True
1332,Ryan,Reynolds,ryanreynolds@outlook.com,-3630,,Low_Value,Direct,55+,Low,25.79,0.77,False,False,False,,34,Home,7,4,3,86.36,21.59,2024-09-02,2025-02-28,0,4,0.0,86.36,Books,475.0,Dormant,True,False,True
1333,David,Smith,david799@yahoo.com,-8820,,Medium_Value,Social,26-35,High,154.84,0.5,True,True,True,,20,Sports,7,6,1,844.07,140.67833333333334,2024-07-13,2025-04-12,0,6,0.0,844.07,Beauty,432.0,Dormant,True,False,True
1334,Sherry,Castillo,sherry.castillo@yahoo.com,-3640,,New_Customer,Direct,18-25,Low,65.82,0.5,False,False,False,,33,Clothing,4,3,1,172.56,57.52,2024-07-12,2025-05-30,0,3,0.0,172.56,Clothing,384.0,Dormant,True,False,True
1335,Danielle,Peters,danielle772@gmail.com,-3795,,High_Value,Push,26-35,Premium,407.51,0.36,False,True,True,,17,Sports,5,5,0,1961.4,392.28,2024-09-14,2025-05-12,0,5,0.0,1961.4,Sports,402.0,Dormant,True,False,True
1336,Tara,Cox,tara.cox@outlook.com,-7798,,High_Value,Social,55+,Premium,200.57,0.27,True,False,True,,28,Books,11,10,1,2065.06,206.506,2024-07-08,2025-06-25,0,10,0.0,2065.06,Books,358.0,Dormant,True,False,True
1337,Claudia,Hunt,claudiahunt@hotmail.com,-5747,,Low_Value,Push,55+,Medium,56.38,0.65,False,False,False,,45,Clothing,9,7,2,432.48,61.78285714285714,2024-12-10,2025-03-14,2,5,183.38,249.1,Books,461.0,Dormant,True,False,True
1338,Tyler,Pena,tyler884@gmail.com,-2628,,Medium_Value,Email,26-35,Medium,76.67,0.51,False,True,True,,2,Clothing,14,12,2,976.24,81.35333333333334,2024-07-31,2025-05-26,2,10,244.78,731.46,Sports,388.0,Dormant,True,False,True
1339,Allen,Robinson,allen.robinson@yahoo.com,-8431,,Low_Value,Push,46-55,Medium,79.84,0.61,True,True,False,,5,Electronics,4,4,0,347.89,86.9725,2024-10-03,2025-03-14,0,4,0.0,347.89,Books,461.0,Dormant,True,False,True
1340,Chris,Rhodes,chris.rhodes@outlook.com,-10146,,Low_Value,Email,Unknown,Medium,85.76,0.6,True,False,False,,33,Home,9,8,1,829.88,103.735,2024-07-20,2025-05-06,1,7,144.65,685.23,Home,408.0,Dormant,True,False,True
1341,Kelly,Anderson,kelly309@hotmail.com,-8679,,High_Value,SMS,Unknown,Low,213.32,0.39,False,True,False,,31,Beauty,10,9,1,2069.49,229.94333333333333,2024-07-08,2025-06-17,3,6,826.22,1243.27,Beauty,366.0,Dormant,True,True,True
1342,Eric,Lewis,eric.lewis@yahoo.com,-2566,,Low_Value,Social,Unknown,Premium,96.06,0.83,False,True,False,,0,Home,9,9,0,1001.27,111.25222222222222,2024-07-13,2025-05-31,4,5,557.99,443.28,Home,383.0,Dormant,True,False,True
1343,James,Sandoval,james697@yahoo.com,-7105,,Low_Value,Push,46-55,Premium,36.97,0.8,False,False,False,,39,Beauty,9,8,1,364.48,45.56,2024-07-09,2025-06-30,3,5,162.23,202.25,Beauty,353.0,Dormant,True,False,True
1344,Crystal,Sawyer,crystal.sawyer@gmail.com,-8124,,New_Customer,Social,46-55,Medium,50.39,0.65,False,True,False,,3,Beauty,7,5,2,324.9,64.98,2025-01-13,2025-06-25,3,2,219.16,105.74,Beauty,358.0,Dormant,True,False,True
1345,Eric,Neal,eric.neal@hotmail.com,-2790,,New_Customer,Email,46-55,High,130.88,0.56,False,False,True,,1,Sports,11,10,1,1437.47,143.747,2024-07-08,2025-05-02,4,6,748.48,688.99,Home,412.0,Dormant,True,False,True
1346,James,Shields,james.shields@yahoo.com,-6428,,Low_Value,Direct,55+,Medium,56.37,0.83,False,False,False,,9,Sports,7,6,1,376.57,62.76166666666666,2024-09-15,2025-07-02,1,5,93.51,283.06,Clothing,351.0,Dormant,True,True,True
1347,Brooke,Norman,brooke17@outlook.com,-7179,,Low_Value,Email,46-55,Medium,71.0,0.63,False,False,True,,46,Sports,9,8,1,568.69,71.08625,2024-09-09,2025-06-17,1,7,109.05,459.64,Electronics,366.0,Dormant,True,False,True
1348,Kenneth,Riley,kenneth.riley@yahoo.com,-7816,,High_Value,Social,36-45,Low,277.15,0.24,False,True,True,,3,Sports,6,6,0,1801.73,300.28833333333336,2024-10-07,2025-06-26,1,5,496.07,1305.66,Beauty,357.0,Dormant,True,True,True
1349,Judith,Marks,judithmarks@hotmail.com,-5681,,Medium_Value,SMS,46-55,High,101.15,0.46,False,True,False,,43,Home,7,6,1,706.3,117.71666666666667,2024-08-25,2025-06-19,2,4,276.0,430.3,Home,364.0,Dormant,True,True,True
1350,Kristina,Pennington,kristina.pennington@gmail.com,-4951,,High_Value,Direct,55+,Premium,410.68,0.26,True,False,False,,40,Clothing,7,5,1,2101.1,420.22,2024-07-21,2025-06-15,0,5,0.0,2101.1,Electronics,368.0,Dormant,True,False,True
1351,Ellen,Jackson,ellen.jackson@outlook.com,-7012,,Low_Value,SMS,26-35,Premium,88.55,0.88,False,False,False,,23,Electronics,6,5,1,447.02,89.404,2024-07-12,2025-04-13,0,5,0.0,447.02,Electronics,431.0,Dormant,True,False,True
1352,Eric,Cochran,ericcochran@gmail.com,-9619,,Low_Value,Push,46-55,High,94.27,0.86,True,False,False,,18,Beauty,9,8,1,772.44,96.555,2024-09-05,2025-07-04,1,7,146.17,626.27,Clothing,349.0,Dormant,True,False,True
1353,Jay,Thompson,jay569@hotmail.com,-7775,,Medium_Value,Email,46-55,Medium,182.51,0.63,False,True,True,,23,Books,7,5,2,1122.32,224.464,2024-08-18,2025-04-01,1,4,279.91,842.41,Home,443.0,Dormant,True,False,True
1354,Patricia,Lynch,patricia747@outlook.com,-3839,,Low_Value,Social,55+,Premium,54.61,0.76,True,True,False,,15,Clothing,15,14,1,816.24,58.30285714285714,2024-07-21,2025-06-13,3,11,239.14,577.1,Clothing,370.0,Dormant,True,False,True
1355,Kirsten,Wilson,kirsten.wilson@yahoo.com,-7257,,Medium_Value,Push,46-55,High,121.16,0.49,True,False,False,,29,Beauty,7,6,1,746.2,124.36666666666666,2024-08-17,2025-06-27,1,5,215.77,530.43,Sports,356.0,Dormant,True,False,True
1356,Clayton,Wade,clayton263@hotmail.com,-8504,,High_Value,Direct,26-35,High,258.63,0.3,True,False,True,,42,Books,6,5,1,1355.59,271.118,2024-10-02,2025-02-22,0,5,0.0,1355.59,Beauty,481.0,Dormant,True,False,True
1357,Charlotte,Kelly,charlottekelly@hotmail.com,-10133,,Medium_Value,Email,36-45,High,168.6,0.65,False,False,False,,32,Electronics,8,7,1,1323.69,189.09857142857143,2024-07-28,2025-05-10,2,5,539.2,784.49,Books,404.0,Dormant,True,False,True
1358,Michelle,Robinson,michellerobinson@gmail.com,-7859,,Medium_Value,Push,18-25,Premium,91.82,0.58,True,False,True,,45,Electronics,8,6,2,574.17,95.695,2024-07-16,2024-12-18,1,5,122.93,451.24,Clothing,547.0,Dormant,True,False,True
1359,Megan,Wright,megan.wright@gmail.com,-2468,,New_Customer,Email,36-45,Premium,46.17,0.54,True,True,False,,25,Electronics,5,4,1,172.01,43.0025,2024-09-24,2025-03-16,0,4,0.0,172.01,Electronics,459.0,Dormant,True,False,True
1360,Stephen,Martin,stephenmartin@yahoo.com,-6074,,Low_Value,SMS,55+,High,52.72,0.74,False,False,False,,0,Home,9,7,2,429.54,61.362857142857145,2024-07-21,2025-06-29,3,4,246.91,182.63,Books,354.0,Dormant,True,False,True
1361,Michael,Wilson,michael316@gmail.com,-2812,,High_Value,Push,55+,Premium,188.17,0.38,True,False,True,,22,Books,8,5,3,1073.03,214.606,2025-02-10,2025-05-01,2,3,611.12,461.91,Beauty,413.0,Dormant,True,False,True
1362,Susan,Peterson,susan601@yahoo.com,-6966,,New_Customer,Email,55+,Medium,70.17,0.65,False,True,True,,35,Clothing,13,11,2,908.34,82.57636363636364,2024-08-17,2025-03-01,3,8,331.85,576.49,Books,474.0,Dormant,True,False,True
1363,Anthony,Potts,anthony82@hotmail.com,-2825,,New_Customer,Social,26-35,Low,144.41,0.51,False,True,True,,2,Sports,10,9,1,1284.91,142.76777777777778,2024-08-05,2025-06-29,1,8,178.96,1105.95,Books,354.0,Dormant,True,False,True
1364,Brittany,Wilson,brittanywilson@gmail.com,-7573,,New_Customer,SMS,18-25,Medium,71.56,0.61,False,True,False,,23,Beauty,4,3,1,259.53,86.51,2025-01-31,2025-05-30,1,2,117.57,141.96,Books,384.0,Dormant,True,True,True
1365,Patricia,Wong,patriciawong@gmail.com,-6566,,Medium_Value,Email,36-45,High,139.24,0.52,False,True,False,,18,Home,9,8,1,1185.98,148.2475,2024-07-18,2025-05-11,2,6,423.5,762.48,Home,403.0,Dormant,True,True,True
1366,April,Adams,apriladams@gmail.com,-9588,,High_Value,Direct,55+,High,472.32,0.36,False,False,True,,35,Beauty,7,7,0,3235.17,462.16714285714284,2024-08-10,2025-06-11,1,6,642.58,2592.59,Home,372.0,Dormant,True,False,True
1367,Heather,Johnson,heather911@hotmail.com,-5953,,High_Value,Push,18-25,Medium,414.55,0.27,False,True,False,,8,Electronics,8,8,0,3731.63,466.45375,2024-09-11,2025-06-08,1,7,560.7,3170.93,Electronics,375.0,Dormant,True,False,True
1368,Jacqueline,Thompson,jacquelinethompson@outlook.com,-7779,,High_Value,SMS,36-45,Unknown,450.71,0.3,True,True,False,,49,Sports,10,9,1,4006.53,445.17,2024-07-05,2025-04-04,1,8,519.85,3486.68,Books,440.0,Dormant,True,True,True
1369,Stephanie,Rivera,stephanie127@hotmail.com,-5284,,High_Value,SMS,18-25,Premium,300.05,0.39,False,True,True,,40,Electronics,4,4,0,1420.08,355.02,2024-07-11,2025-06-20,1,3,333.28,1086.8,Books,363.0,Dormant,True,False,True
1370,Isaiah,Young,isaiah644@gmail.com,-6016,,Low_Value,Email,26-35,Low,84.74,0.64,False,True,True,,24,Beauty,6,5,1,454.18,90.836,2024-08-02,2025-05-28,0,5,0.0,454.18,Beauty,386.0,Dormant,True,False,True
1371,Ashley,Cole,ashley643@yahoo.com,-6038,,Low_Value,Email,55+,Premium,43.45,0.6,False,True,True,,19,Books,10,9,1,463.91,51.54555555555556,2024-07-10,2025-05-27,3,6,202.28,261.63,Beauty,387.0,Dormant,True,False,True
1372,Sara,Reynolds,sarareynolds@yahoo.com,-4262,,Low_Value,SMS,36-45,Premium,29.13,0.7,True,True,False,,27,Sports,11,9,2,289.19,32.132222222222225,2024-07-14,2025-06-15,2,7,76.84,212.35,Beauty,368.0,Dormant,True,False,True
1373,Jason,Solomon,jason.solomon@outlook.com,-9152,,Low_Value,SMS,46-55,Premium,56.51,0.61,True,False,True,,48,Electronics,6,5,1,293.37,58.674,2024-07-08,2025-06-25,1,4,73.55,219.82,Sports,358.0,Dormant,True,False,True
1374,Shane,Cordova,shanecordova@hotmail.com,-7672,,New_Customer,SMS,55+,Medium,114.05,0.64,True,False,True,,9,Books,4,4,0,569.92,142.48,2024-10-08,2025-05-23,2,2,356.67,213.25,Sports,391.0,Dormant,True,True,True
1375,Shannon,Maxwell,shannon.maxwell@outlook.com,-5538,,New_Customer,Direct,55+,Low,42.98,0.74,True,True,True,,10,Sports,7,6,1,274.37,45.72833333333333,2024-07-24,2025-06-16,2,4,125.63,148.74,Electronics,367.0,Dormant,True,False,True
1376,Robert,Miller,robert844@hotmail.com,-9698,,Medium_Value,Direct,55+,Medium,134.09,0.61,True,True,True,,1,Clothing,7,7,0,915.3,130.75714285714287,2024-12-19,2025-05-12,0,7,0.0,915.3,Beauty,402.0,Dormant,True,False,True
1377,Paul,Estrada,paul.estrada@outlook.com,-7309,,New_Customer,Social,18-25,High,145.78,0.76,False,True,True,,39,Clothing,9,9,0,1467.49,163.05444444444444,2024-09-02,2025-06-09,3,6,611.14,856.35,Clothing,374.0,Dormant,True,True,True
1378,Scott,Norton,scottnorton@hotmail.com,-10680,,Medium_Value,Social,55+,Medium,159.58,0.64,False,False,False,,43,Home,9,6,3,1057.31,176.21833333333333,2024-08-26,2025-07-03,1,5,243.29,814.02,Sports,350.0,Dormant,True,True,True
1379,Steven,Bonilla,steven.bonilla@outlook.com,-3484,,Low_Value,SMS,26-35,Medium,28.2,0.73,False,False,True,,47,Clothing,7,7,0,218.94,31.277142857142856,2024-07-10,2025-06-27,1,6,39.23,179.71,Beauty,356.0,Dormant,True,False,True
1380,Eric,Chaney,ericchaney@outlook.com,-10278,,High_Value,SMS,55+,High,369.52,0.31,True,True,True,,26,Clothing,5,4,1,1737.61,434.4025,2024-10-29,2025-06-18,2,2,862.86,874.75,Clothing,365.0,Dormant,True,False,True
1381,Mark,Schultz,mark73@outlook.com,-10329,,High_Value,SMS,18-25,Low,191.6,0.24,True,False,True,,35,Clothing,12,9,3,1805.24,200.5822222222222,2024-07-10,2025-05-24,1,8,244.82,1560.42,Beauty,390.0,Dormant,True,False,True
1382,Crystal,Robinson,crystalrobinson@yahoo.com,-2851,,High_Value,Direct,36-45,Unknown,194.52,0.25,False,False,True,,3,Electronics,7,6,0,1277.4,212.9,2024-08-14,2025-05-24,0,6,0.0,1277.4,Clothing,390.0,Dormant,True,False,True
1383,Craig,Morgan,craig.morgan@outlook.com,-5125,,Medium_Value,Email,18-25,Premium,193.67,0.43,False,True,False,,25,Electronics,4,2,2,504.4,252.2,2024-11-11,2024-11-11,1,1,260.04,244.36,Clothing,584.0,Dormant,True,False,True
1384,Stacie,Mills,stacie.mills@outlook.com,-7204,,High_Value,Push,18-25,High,296.47,0.26,True,False,False,,44,Books,12,10,2,3110.23,311.023,2024-08-12,2025-07-02,1,9,472.85,2637.38,Sports,351.0,Dormant,True,False,True
1385,Krista,Coleman,krista799@gmail.com,-2361,,High_Value,Social,46-55,Low,241.01,0.29,False,True,False,,7,Beauty,5,5,0,1565.56,313.112,2024-08-05,2025-05-08,2,3,847.17,718.39,Beauty,406.0,Dormant,True,False,True
1386,Angela,Griffith,angela.griffith@yahoo.com,-5856,,Medium_Value,Direct,36-45,High,185.47,0.49,False,True,True,,29,Books,4,3,1,525.45,175.15,2024-07-30,2025-06-03,0,3,0.0,525.45,Home,380.0,Dormant,True,False,True
1387,Melissa,Richmond,melissa988@outlook.com,-7379,,High_Value,Social,55+,Low,311.2,0.35,True,False,True,,6,Electronics,6,4,2,1495.72,373.93,2024-07-10,2025-06-07,2,2,839.76,655.96,Books,376.0,Dormant,True,True,True
1388,Carol,May,carol.may@yahoo.com,-6070,,Low_Value,Push,26-35,High,88.29,0.61,False,True,False,,15,Beauty,8,6,2,568.55,94.75833333333334,2024-07-17,2025-05-22,3,3,316.96,251.59,Clothing,392.0,Dormant,True,False,True
1389,Thomas,Lopez,thomaslopez@gmail.com,-5428,,Low_Value,SMS,36-45,Medium,51.89,0.64,False,False,True,,49,Clothing,9,8,1,490.55,61.31875,2024-07-24,2025-06-06,3,5,227.09,263.46,Electronics,377.0,Dormant,True,False,True
1390,Jason,Craig,jasoncraig@hotmail.com,-6776,,Low_Value,Push,36-45,High,48.27,0.68,False,True,False,,29,Sports,8,7,1,381.88,54.55428571428571,2024-07-18,2025-06-17,2,5,116.22,265.66,Books,366.0,Dormant,True,False,True
1391,Christopher,Hall,christopher.hall@yahoo.com,-10836,,Low_Value,SMS,26-35,Unknown,30.0,0.8,True,True,True,,26,Home,3,3,0,104.83,34.943333333333335,2024-12-15,2025-04-23,0,3,0.0,104.83,Home,421.0,Dormant,True,False,True
1392,Bobby,Castillo,bobbycastillo@hotmail.com,-6479,,New_Customer,SMS,36-45,Medium,116.83,0.75,False,True,True,,32,Beauty,8,8,0,1035.3,129.4125,2024-07-29,2025-04-15,2,6,330.36,704.94,Beauty,429.0,Dormant,True,True,True
1393,Matthew,Walker,matthew.walker@outlook.com,-10719,,High_Value,Social,36-45,Premium,354.75,0.38,False,False,True,,47,Clothing,6,6,0,1913.47,318.9116666666667,2024-08-03,2025-07-03,0,6,0.0,1913.47,Clothing,350.0,Dormant,True,True,True
1394,Michelle,Clark,michelleclark@hotmail.com,-4728,,Medium_Value,Email,18-25,Premium,105.59,0.47,True,True,False,,24,Home,8,8,0,875.66,109.4575,2024-07-06,2025-06-12,0,8,0.0,875.66,Books,371.0,Dormant,True,False,True
1395,Alec,Sandoval,alec.sandoval@outlook.com,-7917,,Medium_Value,Push,26-35,Low,198.93,0.48,True,True,True,,42,Beauty,7,5,2,1019.86,203.972,2024-11-17,2025-06-30,0,5,0.0,1019.86,Clothing,353.0,Dormant,True,False,True
1396,Robert,Parks,robertparks@yahoo.com,-6384,,Medium_Value,SMS,36-45,Low,92.9,0.62,False,False,False,,3,Books,12,11,1,994.1,90.37272727272727,2024-07-08,2025-06-28,1,10,119.56,874.54,Beauty,355.0,Dormant,True,False,True
1397,William,Manning,william723@gmail.com,-11059,,New_Customer,Direct,55+,Low,79.95,0.67,True,True,True,,32,Sports,11,11,0,903.37,82.12454545454545,2024-07-23,2025-05-23,1,10,125.85,777.52,Electronics,391.0,Dormant,True,False,True
1398,Vanessa,Harris,vanessa.harris@hotmail.com,-7303,,New_Customer,Email,36-45,Unknown,127.45,0.55,True,False,False,,22,Books,7,7,0,1045.52,149.36,2024-07-21,2025-04-20,3,4,487.2,558.32,Beauty,424.0,Dormant,True,False,True
1399,Wesley,Jones,wesley.jones@yahoo.com,-5150,,New_Customer,SMS,26-35,Medium,74.92,0.51,True,False,False,,31,Clothing,11,7,4,526.16,75.16571428571429,2024-07-12,2025-05-19,1,6,89.61,436.55,Beauty,395.0,Dormant,True,False,True
1400,Tina,Fleming,tina.fleming@yahoo.com,-9237,,Medium_Value,Social,26-35,High,116.03,0.56,False,True,True,,12,Clothing,7,6,1,935.11,155.85166666666666,2024-09-07,2025-05-26,3,3,527.92,407.19,Clothing,388.0,Dormant,True,True,True
1401,Mark,Bell,mark391@outlook.com,-6456,,Medium_Value,Push,46-55,Low,175.06,0.41,False,False,True,,40,Beauty,8,6,2,1331.1,221.85,2024-07-22,2025-06-10,3,3,705.05,626.05,Electronics,373.0,Dormant,True,False,True
1402,Andre,Gardner,andre191@outlook.com,-10319,,New_Customer,Direct,26-35,High,145.53,0.67,True,False,True,,10,Electronics,5,3,2,509.78,169.92666666666668,2024-10-29,2025-05-02,1,2,198.26,311.52,Clothing,412.0,Dormant,True,False,True
1403,Karen,Hunter,karen.hunter@gmail.com,-2585,,Medium_Value,Email,46-55,High,102.08,0.69,True,False,False,,44,Electronics,5,4,1,491.06,122.765,2024-07-21,2025-05-02,1,3,173.67,317.39,Home,412.0,Dormant,True,False,True
1404,Cheryl,Ayala,cherylayala@outlook.com,-10245,,New_Customer,Email,46-55,High,63.8,0.62,True,True,False,,46,Books,5,5,0,379.25,75.85,2024-08-12,2025-04-13,1,4,103.42,275.83,Clothing,431.0,Dormant,True,False,True
1405,Richard,Osborne,richard476@yahoo.com,-8145,,Medium_Value,Direct,36-45,Premium,138.4,0.58,True,True,True,,34,Clothing,12,10,2,1465.85,146.585,2024-07-07,2025-05-03,2,8,331.93,1133.92,Beauty,411.0,Dormant,True,True,True
1406,Theodore,Lynch,theodorelynch@yahoo.com,-6267,,Low_Value,Push,55+,Medium,66.7,0.85,False,False,False,,45,Home,8,7,1,525.58,75.08285714285714,2024-07-25,2025-06-08,2,5,176.64,348.94,Electronics,375.0,Dormant,True,False,True
1407,Rebecca,Morgan,rebecca697@yahoo.com,-2904,,Low_Value,SMS,26-35,Unknown,87.88,0.7,True,True,False,,0,Beauty,14,11,3,1158.12,105.28363636363636,2024-08-28,2025-05-30,2,9,306.99,851.13,Books,384.0,Dormant,True,False,True
1408,Catherine,Larson,catherinelarson@yahoo.com,-6127,,New_Customer,Social,46-55,Low,80.79,0.73,False,False,True,,21,Books,9,8,1,776.96,97.12,2024-07-12,2025-06-17,4,4,490.04,286.92,Beauty,366.0,Dormant,True,False,True
1409,Jamie,Diaz,jamiediaz@gmail.com,-8803,,High_Value,Email,26-35,Medium,190.93,0.31,True,False,True,,9,Beauty,9,9,0,1886.16,209.57333333333332,2024-10-18,2025-06-17,2,7,566.33,1319.83,Clothing,366.0,Dormant,True,False,True
1410,Francisco,Jimenez,franciscojimenez@outlook.com,-3199,,Medium_Value,Social,55+,Unknown,174.99,0.49,False,True,True,,43,Beauty,7,6,1,1261.4,210.23333333333332,2024-11-13,2025-06-14,2,4,546.07,715.33,Books,369.0,Dormant,True,False,True
1411,Maria,Conley,maria.conley@hotmail.com,-9533,,Medium_Value,SMS,46-55,Premium,112.37,0.55,False,False,True,,36,Home,5,4,1,529.67,132.4175,2024-09-04,2025-04-03,2,2,311.85,217.82,Books,441.0,Dormant,True,False,True
1412,Kyle,Montes,kyle.montes@hotmail.com,-5900,,High_Value,SMS,46-55,Premium,268.92,0.26,True,True,False,,46,Books,7,5,2,1307.46,261.492,2024-09-15,2025-02-03,1,4,316.28,991.18,Electronics,500.0,Dormant,True,False,True
1413,Sarah,Young,sarahyoung@hotmail.com,-9874,,New_Customer,Push,46-55,Low,93.39,0.58,True,False,False,,31,Electronics,9,8,1,856.54,107.0675,2024-09-19,2025-06-25,1,7,162.7,693.84,Beauty,358.0,Dormant,True,False,True
1414,Chelsea,Koch,chelsea.koch@hotmail.com,-2595,,High_Value,SMS,46-55,Premium,399.91,0.36,True,True,False,,17,Books,9,5,4,2197.43,439.486,2024-08-28,2025-04-30,1,4,575.32,1622.11,Books,414.0,Dormant,True,False,True
1415,Cassandra,Holmes,cassandra.holmes@hotmail.com,-10602,,Low_Value,SMS,36-45,High,94.51,0.85,True,True,False,,41,Sports,10,9,1,949.07,105.45222222222222,2024-08-01,2025-06-06,4,5,517.14,431.93,Sports,377.0,Dormant,True,False,True
1416,Nancy,Brown,nancy465@yahoo.com,-7484,,New_Customer,Push,55+,Medium,40.67,0.55,True,False,True,,45,Home,9,6,3,306.89,51.14833333333333,2025-01-09,2025-04-29,2,4,127.42,179.47,Electronics,415.0,Dormant,True,True,True
1417,Michelle,Jones,michelle130@hotmail.com,-3655,,High_Value,Push,46-55,High,309.06,0.37,False,False,True,,5,Clothing,9,8,1,2406.97,300.87125,2024-08-07,2025-06-22,0,8,0.0,2406.97,Books,361.0,Dormant,True,False,True
1418,Alexander,Smith,alexandersmith@gmail.com,-4684,,Medium_Value,SMS,18-25,Premium,164.85,0.53,False,False,True,,48,Books,8,5,2,782.55,156.51,2024-08-20,2025-04-16,0,5,0.0,782.55,Home,428.0,Dormant,True,True,True
1419,Gary,Ortega,gary.ortega@outlook.com,-8805,,High_Value,Push,26-35,Premium,187.29,0.35,True,False,False,,3,Sports,6,5,1,1065.85,213.17,2024-07-24,2025-04-24,1,4,276.36,789.49,Home,420.0,Dormant,True,False,True
1420,Lori,Cain,lori616@gmail.com,-10785,,New_Customer,Social,18-25,High,64.42,0.69,False,True,True,,37,Books,10,7,3,529.66,75.66571428571429,2024-07-30,2025-05-01,3,4,291.45,238.21,Beauty,413.0,Dormant,True,False,True
1421,Yesenia,Walters,yesenia452@yahoo.com,-6505,,New_Customer,Social,55+,Premium,84.0,0.57,False,True,False,,15,Clothing,10,9,1,903.48,100.38666666666667,2024-08-18,2025-06-06,3,6,384.27,519.21,Beauty,377.0,Dormant,True,False,True
1422,Gordon,Figueroa,gordon751@hotmail.com,-4188,,New_Customer,Email,18-25,Premium,58.66,0.62,False,True,False,,28,Beauty,7,7,0,399.0,57.0,2024-07-12,2025-06-15,0,7,0.0,399.0,Beauty,368.0,Dormant,True,True,True
1423,Jennifer,Long,jennifer568@yahoo.com,-4752,,High_Value,Push,46-55,Low,453.15,0.36,False,False,False,,41,Beauty,5,4,1,1802.62,450.655,2024-07-19,2025-04-22,0,4,0.0,1802.62,Home,422.0,Dormant,True,False,True
1424,Roger,Reeves,roger.reeves@gmail.com,-6439,,High_Value,Social,46-55,Premium,201.58,0.26,False,True,True,,15,Clothing,4,4,0,869.02,217.255,2024-10-15,2025-06-29,1,3,256.54,612.48,Books,354.0,Dormant,True,True,True
1425,Sean,Hughes,sean675@yahoo.com,-5860,,Low_Value,Direct,36-45,Medium,58.49,0.66,True,True,True,,30,Books,7,7,0,467.97,66.85285714285715,2024-08-29,2025-04-16,3,4,249.78,218.19,Home,428.0,Dormant,True,False,True
1426,Martin,Mcdonald,martin.mcdonald@hotmail.com,-6559,,Low_Value,Push,36-45,Premium,71.65,0.88,False,True,False,,38,Beauty,4,3,1,177.36,59.12,2024-09-05,2025-01-29,0,3,0.0,177.36,Beauty,505.0,Dormant,True,False,True
1427,Kara,Morgan,karamorgan@hotmail.com,-10632,,Medium_Value,Direct,46-55,High,190.66,0.57,True,True,False,,42,Home,9,9,0,2079.1,231.01111111111112,2024-08-28,2025-05-23,2,7,636.42,1442.68,Home,391.0,Dormant,True,False,True
1428,Lindsay,Mahoney,lindsay300@outlook.com,-4230,,Medium_Value,Email,18-25,Low,199.37,0.62,True,True,False,,19,Books,8,6,2,1140.84,190.14,2024-08-07,2025-04-03,0,6,0.0,1140.84,Sports,441.0,Dormant,True,False,True
1429,Vanessa,Cruz,vanessacruz@hotmail.com,-7943,,Medium_Value,SMS,26-35,Low,178.69,0.51,True,True,False,,6,Beauty,9,7,2,1271.49,181.64142857142858,2024-09-19,2025-06-21,0,7,0.0,1271.49,Electronics,362.0,Dormant,True,False,True
1430,Brent,Thomas,brentthomas@outlook.com,-5852,,High_Value,SMS,36-45,Premium,385.12,0.25,True,True,False,,15,Clothing,9,7,2,2175.61,310.8014285714286,2024-10-05,2025-05-31,0,7,0.0,2175.61,Electronics,383.0,Dormant,True,False,True
1431,Adrian,Johnson,adrian.johnson@yahoo.com,-10662,,Medium_Value,SMS,36-45,Low,139.62,0.54,True,False,False,,17,Electronics,8,4,4,645.55,161.3875,2024-09-30,2025-06-20,1,3,190.79,454.76,Beauty,363.0,Dormant,True,True,True
1432,Lisa,Johnson,lisajohnson@gmail.com,-3432,,Low_Value,Social,55+,Low,40.33,0.87,False,False,True,,32,Clothing,6,5,1,226.18,45.236,2024-10-19,2025-05-28,2,3,115.25,110.93,Books,386.0,Dormant,True,False,True
1433,Angelica,Chan,angelica.chan@gmail.com,-9947,,Medium_Value,Email,55+,Low,130.1,0.7,True,False,True,,27,Sports,7,6,1,957.03,159.505,2024-10-04,2025-06-28,2,4,434.97,522.06,Electronics,355.0,Dormant,True,False,True
1434,Denise,Andrews,denise.andrews@gmail.com,-3896,,High_Value,Direct,Unknown,Premium,352.89,0.28,False,False,True,,3,Electronics,10,8,1,2954.43,369.30375,2024-07-12,2025-05-26,1,7,606.56,2347.87,Beauty,388.0,Dormant,True,True,True
1435,Dominic,Cline,dominic.cline@outlook.com,-10038,,Medium_Value,Push,46-55,High,197.76,0.54,False,True,True,,11,Home,12,11,1,2325.69,211.42636363636365,2024-08-08,2025-05-16,2,9,520.79,1804.9,Sports,398.0,Dormant,True,False,True
1436,Kayla,Walker,kayla301@yahoo.com,-6336,,New_Customer,Push,46-55,Unknown,83.13,0.56,False,True,True,,12,Electronics,4,3,1,284.64,94.88,2024-07-10,2025-04-09,0,3,0.0,284.64,Clothing,435.0,Dormant,True,True,True
1437,Philip,Ward,philipward@hotmail.com,-8828,,Medium_Value,Social,55+,Low,75.62,0.4,False,True,False,,6,Clothing,7,6,1,541.05,90.175,2024-07-21,2025-06-10,1,5,120.55,420.5,Beauty,373.0,Dormant,True,False,True
1438,Stacy,Mills,stacymills@yahoo.com,-7720,,Medium_Value,Direct,46-55,Medium,136.55,0.45,True,False,True,,2,Electronics,7,7,0,897.54,128.22,2024-07-29,2025-06-07,0,7,0.0,897.54,Electronics,376.0,Dormant,True,False,True
1439,Sean,Crawford,sean624@gmail.com,-6168,,Medium_Value,Push,36-45,High,192.91,0.58,False,True,True,,4,Books,7,6,1,1212.89,202.14833333333334,2024-09-03,2025-03-08,2,4,537.51,675.38,Books,467.0,Dormant,True,False,True
1440,Savannah,Lowe,savannah455@gmail.com,-8847,,Medium_Value,SMS,18-25,Low,179.74,0.64,False,True,True,,15,Books,6,6,0,1108.15,184.69166666666666,2024-08-23,2025-05-23,1,5,198.36,909.79,Beauty,391.0,Dormant,True,False,True
1441,Tammy,Reynolds,tammy607@outlook.com,-6235,,New_Customer,SMS,46-55,Premium,68.68,0.6,False,False,True,,1,Books,9,8,1,634.88,79.36,2024-07-15,2025-07-01,2,6,224.02,410.86,Sports,352.0,Dormant,True,False,True
1442,Jacob,Smith,jacob839@hotmail.com,-2516,,High_Value,Direct,36-45,Low,470.97,0.34,True,False,True,,27,Sports,5,4,1,2274.36,568.59,2024-10-05,2025-06-08,1,3,743.92,1530.44,Clothing,375.0,Dormant,True,True,True
1443,Bobby,Anderson,bobby697@hotmail.com,-2418,,Medium_Value,Direct,Unknown,Low,147.0,0.56,True,False,False,,44,Clothing,10,8,2,1063.26,132.9075,2024-10-13,2025-07-03,1,7,162.39,900.87,Books,350.0,Dormant,True,False,True
1444,Kyle,Morris,kylemorris@outlook.com,-5553,,High_Value,Social,55+,Medium,339.46,0.37,True,True,False,,9,Home,6,5,1,1607.65,321.53,2024-09-22,2025-06-15,0,5,0.0,1607.65,Home,368.0,Dormant,True,False,True
1445,Gabriel,Lester,gabriel699@yahoo.com,-4097,,Medium_Value,Push,46-55,Premium,143.47,0.59,True,False,True,,30,Clothing,7,7,0,976.84,139.54857142857142,2024-08-29,2025-05-30,0,7,0.0,976.84,Beauty,384.0,Dormant,True,False,True
1446,Lisa,Gill,lisa140@outlook.com,-10004,,New_Customer,SMS,55+,Low,100.91,0.58,True,True,True,,45,Books,12,11,1,1185.33,107.75727272727272,2024-07-10,2025-04-20,3,8,400.02,785.31,Clothing,424.0,Dormant,True,True,True
1447,Calvin,Torres,calvintorres@gmail.com,-8999,,High_Value,SMS,46-55,High,269.23,0.39,False,True,False,,45,Clothing,9,8,1,2109.13,263.64125,2024-07-30,2025-07-02,1,7,377.9,1731.23,Electronics,351.0,Dormant,True,False,True
1448,Jason,Burke,jasonburke@yahoo.com,-7743,,Low_Value,Push,36-45,Premium,29.72,0.8,False,False,False,,1,Clothing,6,6,0,191.33,31.888333333333332,2024-07-17,2025-06-28,2,4,83.51,107.82,Home,355.0,Dormant,True,False,True
1449,Sara,King,sara.king@outlook.com,-6920,,New_Customer,Social,55+,Medium,124.25,0.65,False,True,False,,18,Electronics,8,4,4,683.79,170.9475,2024-11-08,2025-02-13,2,2,406.58,277.21,Electronics,490.0,Dormant,True,False,True
1450,Bryan,Stephens,bryan.stephens@gmail.com,-2703,,Low_Value,Social,46-55,Low,39.07,0.76,False,True,False,,2,Books,6,6,0,238.65,39.775,2024-08-10,2025-05-02,0,6,0.0,238.65,Books,412.0,Dormant,True,True,True
1451,Raymond,Bradshaw,raymond.bradshaw@gmail.com,-3245,,Medium_Value,Social,18-25,Low,122.38,0.48,True,True,False,,15,Books,10,9,1,1119.68,124.4088888888889,2024-07-09,2025-04-10,1,8,201.07,918.61,Clothing,434.0,Dormant,True,True,True
1452,Andre,Wilkerson,andre.wilkerson@gmail.com,-6346,,Low_Value,Direct,18-25,Premium,70.98,0.84,False,True,True,,5,Home,3,3,0,231.83,77.27666666666667,2024-08-21,2025-06-21,1,2,92.8,139.03,Clothing,362.0,Dormant,True,True,True
1453,Isaac,Edwards,isaac.edwards@gmail.com,-2887,,Low_Value,Push,46-55,Medium,92.49,0.82,False,False,True,,23,Beauty,6,6,0,734.99,122.49833333333333,2024-09-17,2025-06-23,4,2,531.44,203.55,Beauty,360.0,Dormant,True,True,True
1454,Shelby,Gonzales,shelby18@gmail.com,-2320,,High_Value,Social,36-45,Medium,203.73,0.33,False,False,False,,31,Books,7,7,0,1540.5,220.07142857142858,2024-11-02,2025-06-13,1,6,233.99,1306.51,Home,370.0,Dormant,True,False,True
1455,Michael,Weaver,michael325@yahoo.com,-10367,,High_Value,Email,55+,Medium,391.08,0.34,True,True,False,,33,Clothing,7,7,0,2796.26,399.4657142857143,2024-07-26,2025-02-24,0,7,0.0,2796.26,Electronics,479.0,Dormant,True,False,True
1456,Timothy,Holder,timothy681@outlook.com,-2294,,High_Value,Push,46-55,High,338.51,0.36,False,False,True,,35,Books,12,10,2,3301.13,330.113,2024-08-07,2025-05-21,0,10,0.0,3301.13,Home,393.0,Dormant,True,True,True
1457,Jennifer,Fuller,jennifer.fuller@gmail.com,-8940,,High_Value,Email,46-55,Unknown,242.26,0.39,False,True,False,,46,Electronics,7,7,0,1743.79,249.11285714285714,2024-11-06,2025-06-14,1,6,267.96,1475.83,Books,369.0,Dormant,True,True,True
1458,Theresa,Montgomery,theresa.montgomery@outlook.com,-5352,,Medium_Value,SMS,46-55,Premium,188.14,0.4,False,False,False,,43,Electronics,5,3,2,549.11,183.03666666666666,2024-10-08,2025-05-20,0,3,0.0,549.11,Clothing,394.0,Dormant,True,False,True
1459,Theresa,Taylor,theresataylor@outlook.com,-9166,,New_Customer,SMS,Unknown,Low,148.47,0.64,False,False,False,,35,Electronics,8,7,1,1045.67,149.38142857142856,2024-09-30,2025-05-14,1,6,199.41,846.26,Sports,400.0,Dormant,True,False,True
1460,Melissa,Mann,melissa.mann@yahoo.com,-8224,,Medium_Value,Push,26-35,Premium,116.85,0.51,False,True,True,,12,Clothing,2,2,0,213.84,106.92,2025-03-19,2025-05-04,0,2,0.0,213.84,Sports,410.0,Dormant,True,False,True
1461,Morgan,Wilson,morganwilson@yahoo.com,-11478,,High_Value,SMS,46-55,Unknown,332.36,0.24,False,False,True,,24,Sports,4,3,1,893.5,297.8333333333333,2024-09-11,2025-04-22,0,3,0.0,893.5,Home,422.0,Dormant,True,True,True
1462,Mariah,Foster,mariahfoster@outlook.com,-10815,,Medium_Value,Email,36-45,Premium,164.56,0.46,True,False,False,,9,Beauty,1,1,0,191.5,191.5,2025-05-13,2025-05-13,1,0,191.5,0.0,Clothing,401.0,Dormant,True,True,True
1463,Amanda,Moore,amanda.moore@hotmail.com,-3962,,Medium_Value,Social,46-55,High,116.11,0.55,False,False,False,,42,Books,6,6,0,698.94,116.49,2024-08-03,2025-05-28,1,5,163.28,535.66,Beauty,386.0,Dormant,True,False,True
1464,Shane,Wells,shane213@gmail.com,-2616,,New_Customer,SMS,36-45,Premium,118.09,0.74,False,False,False,,29,Electronics,4,2,2,379.51,189.755,2024-08-21,2025-01-01,2,0,379.51,0.0,Home,533.0,Dormant,True,False,True
1465,Christy,Reynolds,christy637@yahoo.com,-10779,,New_Customer,Social,55+,High,74.46,0.63,True,False,True,,40,Home,5,4,1,348.6,87.15,2024-07-27,2025-03-03,1,3,128.31,220.29,Beauty,472.0,Dormant,True,True,True
1466,Elizabeth,Flores,elizabethflores@yahoo.com,-2494,,New_Customer,Social,36-45,Low,117.92,0.58,False,True,False,,32,Home,5,4,1,474.39,118.5975,2024-08-24,2025-01-20,1,3,151.52,322.87,Beauty,514.0,Dormant,True,False,True
1467,Kylie,Atkinson,kylie.atkinson@outlook.com,-4177,,Medium_Value,Social,36-45,High,122.14,0.44,False,True,True,,2,Beauty,6,5,1,526.03,105.206,2024-08-19,2025-05-12,0,5,0.0,526.03,Books,402.0,Dormant,True,False,True
1468,Norma,Lewis,norma472@hotmail.com,-9158,,New_Customer,Direct,36-45,Premium,83.36,0.67,True,False,False,,41,Clothing,5,4,1,336.41,84.1025,2024-07-29,2024-12-26,1,3,108.3,228.11,Sports,539.0,Dormant,True,False,True
1469,Katherine,Campbell,katherinecampbell@yahoo.com,-4552,,Low_Value,Direct,36-45,Medium,32.22,0.64,False,True,True,,11,Sports,6,6,0,211.9,35.31666666666667,2024-07-30,2025-06-30,2,4,92.48,119.42,Clothing,353.0,Dormant,True,False,True
1470,Brian,Fox,brianfox@outlook.com,-5058,,High_Value,SMS,Unknown,Low,353.35,0.2,True,True,False,,32,Sports,8,4,4,1665.34,416.335,2024-08-25,2025-04-21,0,4,0.0,1665.34,Beauty,423.0,Dormant,True,False,True
1471,Jennifer,Williams,jennifer62@gmail.com,-2564,,New_Customer,Social,46-55,Premium,62.66,0.59,False,True,False,,33,Beauty,5,5,0,310.33,62.066,2024-08-01,2025-05-17,0,5,0.0,310.33,Beauty,397.0,Dormant,True,False,True
1472,Jeremy,Brooks,jeremy517@yahoo.com,-11439,,Low_Value,SMS,18-25,High,79.21,0.75,False,True,True,,17,Electronics,5,3,2,339.58,113.19333333333333,2024-12-01,2025-04-15,2,1,248.89,90.69,Books,429.0,Dormant,True,False,True
1473,Stacy,Ellis,stacyellis@gmail.com,-4214,,Low_Value,Social,18-25,Medium,85.71,0.74,True,True,True,,6,Books,7,5,2,499.83,99.966,2024-07-10,2025-06-30,3,2,330.82,169.01,Home,353.0,Dormant,True,True,True
1474,John,Smith,johnsmith@hotmail.com,-3576,,New_Customer,Social,46-55,High,77.62,0.78,False,True,True,,45,Clothing,4,4,0,324.69,81.1725,2024-08-10,2025-01-13,1,3,97.5,227.19,Clothing,521.0,Dormant,True,False,True
1475,William,Oneill,william.oneill@yahoo.com,-4210,,Medium_Value,Direct,36-45,Medium,171.65,0.6,False,False,True,,29,Sports,8,7,1,1199.01,171.28714285714287,2024-07-16,2025-05-02,1,6,288.76,910.25,Electronics,412.0,Dormant,True,False,True
1476,Austin,Graham,austingraham@yahoo.com,-5956,,New_Customer,SMS,Unknown,High,149.91,0.57,False,False,True,,19,Sports,14,11,3,1855.28,168.66181818181818,2024-07-07,2025-06-13,3,8,560.43,1294.85,Sports,370.0,Dormant,True,False,True
1477,Andrew,Carrillo,andrew254@hotmail.com,-3080,,High_Value,Direct,55+,High,436.64,0.25,False,False,True,,38,Electronics,10,9,1,3675.61,408.4011111111111,2024-08-23,2025-06-13,0,9,0.0,3675.61,Books,370.0,Dormant,True,False,True
1478,Justin,Walker,justin130@gmail.com,-8465,,Low_Value,Push,46-55,Medium,47.24,0.9,True,False,True,,15,Sports,9,7,2,405.6,57.94285714285714,2024-07-28,2025-06-14,3,4,225.85,179.75,Electronics,369.0,Dormant,True,False,True
1479,Melinda,Austin,melindaaustin@gmail.com,-3769,,High_Value,SMS,46-55,Premium,472.24,0.2,False,False,True,,50,Clothing,4,4,0,1698.01,424.5025,2024-08-06,2025-03-02,0,4,0.0,1698.01,Home,473.0,Dormant,True,False,True
1480,Jill,Sullivan,jillsullivan@hotmail.com,-5467,,New_Customer,Push,36-45,Low,112.1,0.55,True,True,False,,46,Books,3,3,0,353.72,117.90666666666667,2024-07-04,2024-11-07,0,3,0.0,353.72,Home,588.0,Dormant,True,False,True
1481,Daniel,Rivera,daniel.rivera@outlook.com,-10712,,Medium_Value,SMS,46-55,Premium,101.68,0.55,True,False,False,,4,Clothing,9,8,1,826.94,103.3675,2024-07-16,2025-06-19,0,8,0.0,826.94,Sports,364.0,Dormant,True,False,True
1482,Travis,Evans,travis.evans@outlook.com,-7093,,High_Value,SMS,18-25,High,239.59,0.36,False,True,True,,50,Home,12,9,3,2250.46,250.0511111111111,2024-07-25,2025-04-22,3,6,882.26,1368.2,Beauty,422.0,Dormant,True,False,True
1483,Jenny,Robinson,jennyrobinson@yahoo.com,-10305,,High_Value,SMS,55+,Premium,371.88,0.33,True,False,False,,47,Books,9,8,1,3706.88,463.36,2024-07-28,2025-05-17,2,6,1286.38,2420.5,Home,397.0,Dormant,True,True,True
1484,Angela,Clayton,angela457@gmail.com,-8359,,Medium_Value,Email,46-55,Unknown,89.99,0.65,True,True,True,,15,Clothing,7,7,0,658.22,94.03142857142858,2024-10-15,2025-05-23,1,6,105.13,553.09,Books,391.0,Dormant,True,True,True
1485,David,Le,david795@gmail.com,-4080,,High_Value,Social,26-35,Unknown,212.02,0.36,True,False,True,,18,Beauty,8,7,1,1533.2,219.02857142857144,2024-09-17,2025-06-22,0,7,0.0,1533.2,Electronics,361.0,Dormant,True,False,True
1486,Dakota,Griffin,dakotagriffin@gmail.com,-7482,,Medium_Value,Email,18-25,Medium,80.5,0.5,True,True,True,,14,Sports,6,3,3,333.91,111.30333333333333,2025-01-28,2025-05-28,2,1,275.32,58.59,Clothing,386.0,Dormant,True,False,True
1487,Patrick,Wright,patrick.wright@gmail.com,-2038,,Low_Value,Push,55+,Medium,82.55,0.63,True,False,False,,15,Beauty,14,12,2,1016.09,84.67416666666666,2024-07-07,2025-06-07,1,11,97.46,918.63,Beauty,376.0,Dormant,True,False,True
1488,John,Thompson,john.thompson@gmail.com,-7013,,Low_Value,Direct,36-45,Medium,90.7,0.6,False,True,False,,46,Books,13,10,3,1024.14,102.414,2024-09-03,2025-06-16,4,6,511.85,512.29,Home,367.0,Dormant,True,False,True
1489,Catherine,Guerra,catherine775@hotmail.com,-11652,,Low_Value,Social,18-25,Low,88.68,0.9,True,True,False,,3,Home,4,2,2,280.92,140.46,2024-10-22,2024-10-23,2,0,280.92,0.0,Electronics,603.0,Dormant,True,True,True
1490,Michelle,Ross,michelle.ross@outlook.com,-4215,,New_Customer,Push,26-35,Medium,117.95,0.68,True,False,False,,14,Beauty,9,6,3,707.42,117.90333333333334,2024-07-06,2025-03-26,1,5,141.8,565.62,Sports,449.0,Dormant,True,True,True
1491,Elizabeth,Whitaker,elizabethwhitaker@outlook.com,-8317,,Medium_Value,SMS,36-45,Low,115.67,0.43,False,False,True,,37,Sports,5,4,1,457.66,114.415,2024-07-15,2025-02-07,0,4,0.0,457.66,Home,496.0,Dormant,True,False,True
1492,Laura,Pennington,laura.pennington@gmail.com,-5454,,High_Value,Social,46-55,Medium,472.72,0.23,False,False,True,,21,Home,5,4,1,2272.63,568.1575,2024-12-12,2025-06-17,1,3,846.13,1426.5,Electronics,366.0,Dormant,True,False,True
1493,Kelly,Prince,kellyprince@gmail.com,-8138,,Low_Value,SMS,46-55,Unknown,45.93,0.74,False,False,True,,31,Beauty,6,6,0,317.46,52.91,2024-09-03,2025-05-19,1,5,77.55,239.91,Beauty,395.0,Dormant,True,False,True
1494,Patrick,Watson,patrick.watson@outlook.com,-8506,,New_Customer,Push,26-35,Low,110.38,0.59,True,True,True,,33,Clothing,7,6,1,825.56,137.59333333333333,2024-07-26,2025-05-22,1,5,198.61,626.95,Electronics,392.0,Dormant,True,True,True
1495,Shawn,Peters,shawn.peters@hotmail.com,-10190,,Low_Value,Social,46-55,Premium,47.48,0.76,False,False,False,,33,Home,7,4,3,223.29,55.8225,2024-08-05,2025-06-29,0,4,0.0,223.29,Electronics,354.0,Dormant,True,False,True
1496,Nancy,Murphy,nancy.murphy@gmail.com,-8311,,New_Customer,SMS,Unknown,Premium,31.02,0.54,False,False,True,,29,Clothing,10,9,1,277.96,30.884444444444444,2024-07-13,2025-06-13,2,7,80.93,197.03,Electronics,370.0,Dormant,True,False,True
1497,Emily,Miller,emily.miller@gmail.com,-10349,,New_Customer,Direct,55+,Premium,44.62,0.5,True,False,False,,42,Electronics,3,3,0,118.9,39.63333333333333,2024-08-15,2025-03-25,0,3,0.0,118.9,Electronics,450.0,Dormant,True,False,True
1498,Paul,Powell,paul794@outlook.com,-4383,,Medium_Value,Push,Unknown,Unknown,99.42,0.59,False,True,True,,26,Electronics,4,4,0,503.33,125.8325,2024-08-10,2025-05-18,1,3,178.59,324.74,Home,396.0,Dormant,True,False,True
1499,Andrea,Macias,andrea.macias@yahoo.com,-10721,,New_Customer,Social,55+,Low,65.88,0.6,False,True,True,,33,Clothing,4,3,1,207.4,69.13333333333334,2024-07-24,2025-01-10,0,3,0.0,207.4,Electronics,524.0,Dormant,True,False,True
1500,Joshua,Thomas,joshuathomas@gmail.com,-3998,,New_Customer,Email,55+,High,141.31,0.67,True,True,True,,8,Home,10,8,2,1347.32,168.415,2024-10-01,2025-05-14,3,5,662.04,685.28,Books,400.0,Dormant,True,False,True
1501,Marc,Richardson,marc909@outlook.com,-5013,,Low_Value,SMS,36-45,Unknown,27.56,0.62,True,False,True,,50,Beauty,11,10,1,289.99,28.999,2024-07-19,2025-07-04,1,9,44.29,245.7,Books,349.0,Dormant,True,False,True
1502,Joshua,Reyes,joshua.reyes@gmail.com,-2657,,High_Value,SMS,55+,Low,202.92,0.34,True,False,True,,8,Clothing,3,3,0,570.8,190.26666666666668,2024-09-26,2025-02-23,0,3,0.0,570.8,Sports,480.0,Dormant,True,True,True
1503,Anita,Raymond,anita132@outlook.com,-10832,,Medium_Value,Social,26-35,High,157.71,0.69,False,False,False,,21,Home,8,7,1,1227.67,175.38142857142856,2024-09-14,2025-07-01,0,7,0.0,1227.67,Beauty,352.0,Dormant,True,False,True
1504,Wendy,Sandoval,wendysandoval@hotmail.com,-11590,,High_Value,Social,Unknown,High,363.61,0.36,False,True,True,,35,Books,8,8,0,2956.86,369.6075,2024-08-18,2025-06-23,0,8,0.0,2956.86,Sports,360.0,Dormant,True,False,True
1505,Tony,Prince,tony663@hotmail.com,-6289,,Low_Value,Direct,55+,High,65.89,0.78,True,False,False,,48,Clothing,8,8,0,547.97,68.49625,2024-09-06,2025-04-08,2,6,184.72,363.25,Home,436.0,Dormant,True,False,True
1506,Kevin,Bautista,kevinbautista@hotmail.com,-8739,,Low_Value,Push,55+,Unknown,73.04,0.78,False,False,False,,11,Clothing,12,9,3,704.53,78.28111111111112,2024-07-24,2025-04-14,2,7,204.47,500.06,Home,430.0,Dormant,True,False,True
1507,Ricky,Davis,ricky.davis@outlook.com,-7125,,High_Value,Email,Unknown,Premium,407.98,0.29,True,True,False,,30,Clothing,8,8,0,3377.83,422.22875,2024-08-20,2025-05-13,0,8,0.0,3377.83,Electronics,401.0,Dormant,True,False,True
1508,Maria,Clark,maria.clark@yahoo.com,-9723,,New_Customer,Social,55+,Medium,142.49,0.66,False,False,True,,40,Home,7,7,0,1046.36,149.48,2024-07-04,2025-04-09,2,5,379.75,666.61,Electronics,435.0,Dormant,True,False,True
1509,Lisa,White,lisawhite@hotmail.com,-7358,,High_Value,Direct,55+,High,190.25,0.3,False,False,False,,30,Home,7,7,0,1229.85,175.69285714285715,2024-08-09,2025-05-02,0,7,0.0,1229.85,Beauty,412.0,Dormant,True,True,True
1510,Nathan,Lester,nathanlester@hotmail.com,-7771,,New_Customer,Email,46-55,Premium,107.57,0.61,True,True,True,,13,Books,11,11,0,1368.75,124.43181818181819,2024-07-22,2025-03-30,4,7,620.96,747.79,Clothing,445.0,Dormant,True,False,True
1511,Ashley,Brown,ashley873@outlook.com,-9207,,High_Value,Social,18-25,Premium,175.7,0.32,True,False,True,,20,Home,8,7,1,1300.92,185.84571428571428,2024-08-13,2025-06-16,0,7,0.0,1300.92,Home,367.0,Dormant,True,False,True
1512,Erica,Walker,erica279@hotmail.com,-2720,,New_Customer,SMS,36-45,Premium,115.52,0.52,True,False,False,,23,Sports,10,6,4,833.4,138.9,2024-09-17,2025-04-06,3,3,530.28,303.12,Home,438.0,Dormant,True,False,True
1513,Mark,Arnold,markarnold@outlook.com,-9948,,High_Value,SMS,18-25,Low,493.71,0.27,False,False,True,,2,Electronics,8,7,1,3569.64,509.9485714285714,2024-07-22,2025-04-24,0,7,0.0,3569.64,Clothing,420.0,Dormant,True,False,True
1514,James,Crosby,james750@gmail.com,-8535,,New_Customer,Push,36-45,Low,104.57,0.54,True,False,False,,18,Electronics,8,8,0,882.95,110.36875,2024-07-08,2025-06-18,1,7,151.56,731.39,Clothing,365.0,Dormant,True,True,True
1515,Amy,Skinner,amy.skinner@gmail.com,-5581,,New_Customer,Email,26-35,Low,98.93,0.79,True,False,False,,18,Home,11,9,2,974.19,108.24333333333334,2024-07-10,2025-06-26,2,7,246.64,727.55,Electronics,357.0,Dormant,True,False,True
1516,Samuel,Lewis,samuel662@gmail.com,-2041,,High_Value,SMS,18-25,Premium,416.94,0.28,True,False,True,,8,Beauty,5,5,0,2199.79,439.958,2024-11-02,2025-05-25,0,5,0.0,2199.79,Electronics,389.0,Dormant,True,False,True
1517,Mario,Washington,mario.washington@yahoo.com,-3824,,High_Value,Social,Unknown,Premium,457.94,0.38,False,True,False,,40,Sports,6,4,2,1937.66,484.415,2024-08-22,2025-06-29,1,3,542.13,1395.53,Clothing,354.0,Dormant,True,False,True
1518,Timothy,Gutierrez,timothygutierrez@outlook.com,-7239,,New_Customer,Social,55+,Low,47.87,0.69,False,True,False,,15,Beauty,14,12,2,663.58,55.29833333333333,2024-07-30,2025-06-27,3,9,223.42,440.16,Beauty,356.0,Dormant,True,False,True
1519,Sarah,Schneider,sarahschneider@gmail.com,-8543,,Low_Value,Direct,55+,Premium,79.99,0.88,True,False,False,,40,Beauty,10,10,0,834.64,83.464,2024-07-05,2025-03-15,2,8,221.92,612.72,Home,460.0,Dormant,True,False,True
1520,Lee,Johnson,lee.johnson@outlook.com,-8229,,Medium_Value,Push,36-45,Low,113.36,0.62,False,False,True,,0,Books,10,8,2,1052.15,131.51875,2024-09-21,2025-05-15,2,6,324.68,727.47,Clothing,399.0,Dormant,True,False,True
1521,Donna,Klein,donna.klein@outlook.com,-10816,,Medium_Value,Direct,18-25,High,98.32,0.42,True,True,False,,7,Electronics,8,6,2,573.83,95.63833333333334,2024-09-12,2025-03-29,0,6,0.0,573.83,Clothing,446.0,Dormant,True,True,True
1522,Michael,Bell,michaelbell@gmail.com,-5196,,New_Customer,Direct,36-45,Low,69.29,0.71,False,False,False,,48,Beauty,6,6,0,430.83,71.805,2024-07-17,2025-01-18,1,5,84.17,346.66,Books,516.0,Dormant,True,False,True
1523,Michelle,Rivera,michellerivera@gmail.com,-7406,,Medium_Value,Push,36-45,High,131.77,0.55,True,True,True,,50,Books,3,3,0,470.15,156.71666666666667,2024-08-14,2025-05-21,1,2,148.6,321.55,Books,393.0,Dormant,True,False,True
1524,Howard,Roberts,howard.roberts@outlook.com,-8997,,Low_Value,Social,18-25,Premium,86.3,0.64,False,False,False,,1,Sports,6,5,1,495.78,99.156,2024-09-09,2025-04-23,3,2,345.17,150.61,Home,421.0,Dormant,True,False,True
1525,Joyce,Williams,joycewilliams@outlook.com,-2059,,Low_Value,Direct,18-25,Medium,60.13,0.75,False,False,False,,18,Clothing,11,9,2,558.27,62.03,2024-08-29,2025-05-28,2,7,161.15,397.12,Clothing,386.0,Dormant,True,True,True
1526,Chelsea,Edwards,chelseaedwards@outlook.com,-5690,,Medium_Value,Direct,46-55,Low,89.55,0.54,True,True,False,,26,Beauty,10,10,0,962.44,96.244,2024-07-08,2025-06-11,2,8,261.19,701.25,Electronics,372.0,Dormant,True,False,True
1527,Natalie,Lambert,natalie860@yahoo.com,-4002,,Medium_Value,SMS,Unknown,Medium,113.82,0.59,False,True,True,,15,Beauty,7,4,3,581.03,145.2575,2024-12-13,2025-05-30,4,0,581.03,0.0,Sports,384.0,Dormant,True,False,True
1528,Scott,Green,scott410@outlook.com,-7041,,Medium_Value,SMS,36-45,Medium,144.86,0.41,False,True,True,,34,Beauty,5,5,0,702.77,140.554,2024-11-22,2025-04-29,1,4,210.94,491.83,Home,415.0,Dormant,True,False,True
1529,Matthew,Walker,matthewwalker@yahoo.com,-6235,,High_Value,SMS,36-45,Premium,259.78,0.34,True,False,False,,9,Sports,7,6,1,1697.91,282.985,2024-09-14,2025-04-09,1,5,363.04,1334.87,Electronics,435.0,Dormant,True,False,True
1530,Philip,Goodwin,philip.goodwin@outlook.com,-6505,,New_Customer,SMS,55+,Medium,138.25,0.66,True,True,False,,31,Electronics,8,7,1,1095.03,156.43285714285713,2024-09-07,2025-05-14,2,5,412.17,682.86,Home,400.0,Dormant,True,True,True
1531,Joanna,Kennedy,joanna.kennedy@gmail.com,-10432,,Low_Value,Push,26-35,High,75.89,0.9,False,False,True,,9,Books,8,8,0,639.55,79.94375,2024-07-31,2025-06-05,3,5,291.93,347.62,Home,378.0,Dormant,True,False,True
1532,Gregory,Ryan,gregory495@gmail.com,-10198,,High_Value,SMS,55+,Medium,361.58,0.27,False,True,False,,27,Home,8,7,1,2874.19,410.5985714285714,2024-08-04,2025-06-15,3,4,1372.54,1501.65,Clothing,368.0,Dormant,True,False,True
1533,Douglas,Kelley,douglaskelley@hotmail.com,-10247,,Low_Value,SMS,26-35,Premium,50.37,0.87,True,True,True,,22,Beauty,14,10,4,575.42,57.542,2024-08-11,2025-06-16,4,6,281.89,293.53,Books,367.0,Dormant,True,False,True
1534,Xavier,Green,xavier.green@yahoo.com,-3377,,Low_Value,SMS,26-35,Low,96.96,0.81,False,True,False,,35,Sports,10,8,2,1015.32,126.915,2024-07-25,2025-06-15,4,4,639.36,375.96,Beauty,368.0,Dormant,True,False,True
1535,Holly,Ball,holly945@hotmail.com,-3563,,New_Customer,Social,36-45,Medium,56.99,0.52,False,True,True,,18,Clothing,6,5,1,302.88,60.576,2024-10-22,2025-05-11,1,4,64.03,238.85,Sports,403.0,Dormant,True,False,True
1536,Dominique,Webster,dominique.webster@gmail.com,-5536,,High_Value,Email,26-35,Medium,277.85,0.23,False,False,False,,31,Beauty,8,5,3,1328.94,265.788,2024-09-27,2025-05-22,0,5,0.0,1328.94,Beauty,392.0,Dormant,True,False,True
1537,Miguel,Patterson,miguel.patterson@gmail.com,-6870,,High_Value,Email,26-35,Low,389.03,0.24,False,False,True,,49,Clothing,11,11,0,5205.31,473.21,2024-07-21,2025-07-01,4,7,2186.85,3018.46,Home,352.0,Dormant,True,False,True
1538,Kevin,Choi,kevin.choi@gmail.com,-7480,,Low_Value,Social,18-25,Low,32.54,0.73,True,False,True,,39,Clothing,8,7,1,230.16,32.88,2024-08-31,2025-03-23,0,7,0.0,230.16,Books,452.0,Dormant,True,False,True
1539,Shane,Hall,shane.hall@outlook.com,-6184,,New_Customer,Email,55+,High,70.25,0.75,True,True,False,,48,Books,6,5,1,377.06,75.412,2024-11-15,2025-05-20,1,4,90.02,287.04,Clothing,394.0,Dormant,True,False,True
1540,Kristen,Fisher,kristenfisher@outlook.com,-6969,,New_Customer,SMS,55+,Premium,94.33,0.6,False,False,False,,0,Clothing,10,9,1,938.19,104.24333333333334,2024-08-16,2025-06-26,2,7,278.43,659.76,Electronics,357.0,Dormant,True,False,True
1541,Claudia,Gutierrez,claudia.gutierrez@gmail.com,-8847,,Medium_Value,Push,Unknown,Premium,159.03,0.54,True,True,False,,27,Home,3,3,0,489.42,163.14,2024-08-28,2025-05-14,0,3,0.0,489.42,Home,400.0,Dormant,True,False,True
1542,Michael,Carroll,michaelcarroll@gmail.com,-9691,,Medium_Value,Email,55+,Medium,83.63,0.51,True,False,True,,32,Electronics,4,3,1,284.12,94.70666666666666,2024-07-06,2024-11-29,2,1,206.5,77.62,Home,566.0,Dormant,True,False,True
1543,Brian,White,brianwhite@outlook.com,-5940,,New_Customer,Push,55+,Low,50.12,0.67,False,True,False,,16,Electronics,4,4,0,248.48,62.12,2024-09-16,2025-04-23,1,3,87.3,161.18,Books,421.0,Dormant,True,True,True
1544,Mark,Hernandez,mark101@gmail.com,-5819,,New_Customer,Email,36-45,Premium,138.46,0.58,False,True,True,,25,Beauty,14,11,3,1869.2,169.92727272727274,2024-07-29,2025-05-25,3,8,682.33,1186.87,Books,389.0,Dormant,True,False,True
1545,Kevin,Rodriguez,kevin.rodriguez@yahoo.com,-4097,,New_Customer,Social,36-45,Low,94.14,0.53,False,True,True,,16,Clothing,6,5,1,471.59,94.318,2024-12-28,2025-04-28,0,5,0.0,471.59,Beauty,416.0,Dormant,True,False,True
1546,Annette,Williams,annettewilliams@outlook.com,-11131,,Medium_Value,SMS,18-25,Low,77.94,0.51,False,False,False,,8,Beauty,8,8,0,651.97,81.49625,2024-08-02,2025-06-13,1,7,131.07,520.9,Electronics,370.0,Dormant,True,True,True
1547,Karen,Anderson,karen.anderson@yahoo.com,-3381,,Medium_Value,Email,55+,Medium,198.76,0.56,False,False,True,,46,Beauty,8,5,3,1124.45,224.89,2024-07-24,2025-05-03,1,4,339.52,784.93,Electronics,411.0,Dormant,True,False,True
1548,Derrick,Forbes,derrick.forbes@hotmail.com,-8974,,Low_Value,Push,55+,Premium,52.74,0.64,False,False,False,,12,Electronics,9,7,2,422.78,60.39714285714286,2024-10-09,2025-05-29,2,5,154.28,268.5,Beauty,385.0,Dormant,True,True,True
1549,David,Williams,david297@gmail.com,-4639,,Low_Value,Email,55+,High,69.6,0.8,False,True,True,,18,Sports,14,13,1,1007.19,77.47615384615385,2024-07-05,2025-06-01,2,11,240.76,766.43,Electronics,382.0,Dormant,True,False,True
1550,Kathy,Jones,kathyjones@outlook.com,-6851,,High_Value,Direct,18-25,Medium,323.76,0.28,True,False,False,,24,Books,5,4,1,1748.74,437.185,2024-08-02,2025-03-22,2,2,1077.98,670.76,Beauty,453.0,Dormant,True,False,True
1551,Brenda,Underwood,brenda.underwood@gmail.com,-8747,,New_Customer,Email,55+,Unknown,120.69,0.71,False,False,False,,15,Electronics,7,4,3,444.77,111.1925,2024-07-26,2025-06-03,0,4,0.0,444.77,Clothing,380.0,Dormant,True,False,True
1552,Adam,Stephens,adam377@yahoo.com,-7637,,Low_Value,Direct,36-45,Premium,88.5,0.7,True,True,False,,48,Home,10,9,1,861.84,95.76,2024-07-10,2025-06-03,2,7,223.34,638.5,Home,380.0,Dormant,True,False,True
1553,Kelli,Goodwin,kelli.goodwin@yahoo.com,-7616,,Low_Value,Social,36-45,Unknown,35.04,0.68,True,False,False,,15,Electronics,6,5,1,165.29,33.058,2024-08-07,2025-03-01,0,5,0.0,165.29,Clothing,474.0,Dormant,True,False,True
1554,Taylor,Taylor,taylortaylor@gmail.com,-7664,,High_Value,Social,46-55,Premium,445.54,0.32,True,True,False,,44,Home,7,5,2,2177.83,435.566,2024-07-26,2025-07-04,0,5,0.0,2177.83,Sports,349.0,Dormant,True,False,True
1555,Mark,Marsh,mark870@yahoo.com,-7104,,Medium_Value,Push,Unknown,Unknown,104.36,0.64,False,True,True,,46,Clothing,6,5,1,495.78,99.156,2024-07-12,2025-07-02,0,5,0.0,495.78,Electronics,351.0,Dormant,True,False,True
1556,Thomas,Hill,thomas.hill@outlook.com,-6322,,New_Customer,Direct,46-55,Premium,129.88,0.78,True,False,True,,18,Clothing,10,8,2,1119.31,139.91375,2024-08-03,2025-04-17,1,7,228.32,890.99,Sports,427.0,Dormant,True,True,True
1557,Mikayla,Hudson,mikaylahudson@yahoo.com,-8442,,High_Value,Push,55+,Premium,312.53,0.28,True,True,True,,37,Clothing,8,7,0,2150.39,307.1985714285714,2024-10-13,2025-05-30,0,7,0.0,2150.39,Books,384.0,Dormant,True,False,True
1558,Oscar,Davis,oscardavis@gmail.com,-4992,,Low_Value,Email,36-45,Low,61.52,0.88,False,False,True,,33,Clothing,5,4,1,225.87,56.4675,2024-12-02,2025-05-02,0,4,0.0,225.87,Electronics,412.0,Dormant,True,False,True
1559,Brenda,Potts,brenda938@hotmail.com,-10139,,New_Customer,SMS,46-55,Premium,33.01,0.59,False,True,True,,32,Electronics,12,10,2,406.86,40.686,2024-07-19,2025-05-22,4,6,188.59,218.27,Beauty,392.0,Dormant,True,False,True
1560,Paige,Davis,paigedavis@yahoo.com,-10994,,Medium_Value,Direct,55+,Low,88.59,0.5,True,False,True,,10,Home,8,6,2,542.6,90.43333333333334,2024-08-12,2025-05-26,1,5,142.07,400.53,Books,388.0,Dormant,True,False,True
1561,Kenneth,Johnson,kennethjohnson@hotmail.com,-10828,,New_Customer,Email,46-55,Low,47.1,0.75,True,False,True,,11,Books,7,7,0,366.48,52.354285714285716,2024-09-14,2025-06-27,1,6,80.15,286.33,Electronics,356.0,Dormant,True,False,True
1562,Devon,Neal,devon.neal@outlook.com,-4641,,High_Value,Direct,46-55,Premium,406.5,0.24,False,True,True,,48,Electronics,8,6,2,2607.22,434.5366666666667,2024-07-27,2025-06-10,0,6,0.0,2607.22,Electronics,373.0,Dormant,True,True,True
1563,Heather,Davis,heather706@hotmail.com,-4316,,High_Value,Direct,26-35,Medium,443.77,0.28,True,True,True,,10,Electronics,10,8,2,3396.68,424.585,2024-08-11,2025-06-10,0,8,0.0,3396.68,Beauty,373.0,Dormant,True,False,True
1564,Chris,Lee,chris.lee@yahoo.com,-8782,,Low_Value,SMS,55+,Low,84.13,0.66,False,False,True,,7,Sports,9,6,3,563.86,93.97666666666667,2024-07-31,2025-06-04,1,5,127.07,436.79,Sports,379.0,Dormant,True,False,True
1565,Jay,Hoffman,jay.hoffman@hotmail.com,-6863,,Low_Value,Push,55+,High,83.79,0.89,True,True,True,,44,Electronics,4,4,0,416.33,104.0825,2024-07-15,2025-06-07,2,2,242.66,173.67,Electronics,376.0,Dormant,True,False,True
1566,Mark,Russell,mark.russell@yahoo.com,-6659,,Low_Value,Social,Unknown,High,78.44,0.62,False,False,True,,46,Books,7,7,0,684.09,97.72714285714285,2024-07-17,2025-03-04,3,4,347.11,336.98,Beauty,471.0,Dormant,True,False,True
1567,Amanda,Edwards,amandaedwards@yahoo.com,-9875,,High_Value,Social,36-45,Premium,296.85,0.22,True,False,True,,21,Books,7,5,2,1464.58,292.916,2024-11-03,2025-04-06,0,5,0.0,1464.58,Books,438.0,Dormant,True,False,True
1568,Angela,Bennett,angelabennett@gmail.com,-4782,,Medium_Value,Email,36-45,Medium,113.85,0.49,False,False,True,,23,Beauty,14,12,2,1437.82,119.81833333333333,2024-07-24,2025-05-08,0,12,0.0,1437.82,Books,406.0,Dormant,True,False,True
1569,Zachary,Moreno,zachary436@yahoo.com,-10697,,Medium_Value,Social,18-25,High,172.5,0.59,False,False,False,,42,Beauty,11,7,4,1227.55,175.36428571428573,2024-07-27,2025-03-18,1,6,227.23,1000.32,Electronics,457.0,Dormant,True,True,True
1570,Michelle,Bullock,michelle551@yahoo.com,-5508,,New_Customer,Push,55+,Low,88.29,0.57,False,True,True,,50,Books,3,1,2,93.18,93.18,2025-01-15,2025-01-15,0,1,0.0,93.18,Clothing,519.0,Dormant,True,False,True
1571,Sabrina,Webb,sabrina627@hotmail.com,-5071,,High_Value,Email,26-35,Medium,432.04,0.36,False,False,True,,31,Home,6,4,2,1865.3,466.325,2024-09-24,2025-06-28,1,3,602.02,1263.28,Clothing,355.0,Dormant,True,False,True
1572,Angela,Smith,angelasmith@gmail.com,-9923,,Medium_Value,SMS,26-35,Medium,179.25,0.55,True,True,True,,17,Books,9,6,3,1076.1,179.35,2024-07-09,2025-04-11,0,6,0.0,1076.1,Books,433.0,Dormant,True,False,True
1573,Jill,Navarro,jill17@yahoo.com,-7779,,Low_Value,Direct,Unknown,Medium,39.09,0.7,True,False,True,,13,Sports,8,6,2,239.15,39.858333333333334,2024-07-25,2025-05-16,1,5,51.74,187.41,Beauty,398.0,Dormant,True,False,True
1574,Michelle,Stephens,michellestephens@hotmail.com,-10123,,Medium_Value,Social,36-45,Premium,80.26,0.65,False,False,False,,12,Books,1,1,0,86.06,86.06,2024-12-14,2024-12-14,0,1,0.0,86.06,Electronics,551.0,Dormant,True,False,True
1575,Robert,Kennedy,robert.kennedy@outlook.com,-10541,,High_Value,Social,18-25,Premium,422.03,0.21,True,True,True,,15,Clothing,6,5,1,2550.63,510.126,2024-07-17,2025-06-05,2,3,1167.87,1382.76,Home,378.0,Dormant,True,False,True
1576,Joseph,Brown,joseph12@yahoo.com,-3529,,High_Value,Email,36-45,High,164.75,0.29,False,False,True,,7,Clothing,11,10,1,1584.78,158.478,2024-07-24,2025-05-12,0,10,0.0,1584.78,Beauty,402.0,Dormant,True,False,True
1577,Lisa,Rose,lisarose@gmail.com,-4859,,High_Value,SMS,55+,Premium,365.69,0.22,False,True,False,,33,Sports,5,5,0,2010.17,402.034,2024-07-16,2025-06-04,1,4,406.48,1603.69,Sports,379.0,Dormant,True,False,True
1578,Christy,Murray,christy610@hotmail.com,-8684,,Low_Value,Social,26-35,High,39.38,0.84,True,False,True,,49,Electronics,9,4,4,183.51,45.8775,2024-09-24,2025-03-31,1,3,53.58,129.93,Electronics,444.0,Dormant,True,False,True
1579,Stacey,Rivera,stacey.rivera@hotmail.com,-3354,,High_Value,Direct,55+,High,375.83,0.21,False,False,False,,26,Clothing,6,6,0,2660.78,443.4633333333333,2024-07-18,2025-06-28,2,4,1127.19,1533.59,Home,355.0,Dormant,True,False,True
1580,Christina,Brown,christina171@hotmail.com,-7333,,New_Customer,SMS,55+,Low,61.99,0.76,False,False,False,,17,Sports,9,9,0,619.92,68.88,2024-08-01,2025-05-15,3,6,252.67,367.25,Beauty,399.0,Dormant,True,False,True
1581,Benjamin,Long,benjamin960@hotmail.com,-5695,,Medium_Value,SMS,Unknown,Premium,166.9,0.62,True,False,True,,15,Electronics,14,11,3,1964.99,178.63545454545454,2024-08-03,2025-06-21,2,9,423.32,1541.67,Clothing,362.0,Dormant,True,False,True
1582,Theresa,Evans,theresa.evans@gmail.com,-1735,,New_Customer,Email,18-25,Premium,104.24,0.67,False,False,True,,22,Clothing,7,5,2,616.26,123.252,2024-07-23,2025-02-23,1,4,144.95,471.31,Beauty,480.0,Dormant,True,False,True
1583,David,Murphy,davidmurphy@yahoo.com,-10014,,High_Value,Social,46-55,High,305.7,0.22,True,False,True,,17,Home,6,3,2,846.14,282.0466666666667,2025-01-05,2025-06-01,0,3,0.0,846.14,Electronics,382.0,Dormant,True,False,True
1584,Stephen,Campbell,stephen.campbell@yahoo.com,-6848,,Low_Value,Direct,36-45,Low,92.57,0.8,False,False,True,,41,Clothing,3,3,0,300.36,100.12,2024-08-30,2025-03-21,1,2,116.33,184.03,Beauty,454.0,Dormant,True,False,True
1585,David,Thomas,david.thomas@outlook.com,-5522,,High_Value,Push,46-55,Premium,431.26,0.32,False,True,True,,50,Sports,3,3,0,1136.54,378.8466666666667,2024-10-27,2025-06-28,0,3,0.0,1136.54,Books,355.0,Dormant,True,False,True
1586,Brandi,Nielsen,brandinielsen@gmail.com,-5109,,Low_Value,Push,36-45,High,46.98,0.61,False,True,False,,46,Home,9,7,2,312.36,44.62285714285714,2024-07-29,2025-06-14,1,6,51.71,260.65,Books,369.0,Dormant,True,False,True
1587,Scott,Perez,scott.perez@yahoo.com,-10374,,Low_Value,Push,18-25,Premium,52.41,0.6,True,True,True,,27,Electronics,7,6,1,356.33,59.388333333333335,2024-07-16,2025-04-27,2,4,143.52,212.81,Clothing,417.0,Dormant,True,False,True
1588,Johnathan,Burnett,johnathan.burnett@hotmail.com,-3223,,Low_Value,Direct,18-25,Medium,39.3,0.71,False,True,True,,10,Clothing,9,6,3,267.9,44.65,2024-09-14,2025-06-22,2,4,109.01,158.89,Home,361.0,Dormant,True,True,True
1589,Whitney,Norton,whitney153@outlook.com,-6921,,New_Customer,SMS,46-55,High,89.61,0.79,False,True,True,,36,Electronics,8,5,3,449.27,89.854,2024-08-19,2025-05-28,1,4,100.82,348.45,Beauty,386.0,Dormant,True,False,True
1590,Alison,Lindsey,alisonlindsey@gmail.com,-5105,,New_Customer,Direct,46-55,Premium,84.96,0.59,False,False,True,,31,Beauty,5,5,0,467.58,93.516,2024-08-30,2025-05-31,2,3,242.73,224.85,Books,383.0,Dormant,True,True,True
1591,Rhonda,Conway,rhonda.conway@yahoo.com,-5514,,New_Customer,Social,36-45,Medium,61.3,0.5,False,False,True,,16,Electronics,5,5,0,304.27,60.854,2024-07-06,2025-02-23,1,4,73.48,230.79,Sports,480.0,Dormant,True,False,True
1592,Jessica,Jones,jessicajones@outlook.com,-3486,,High_Value,Social,26-35,Premium,282.16,0.37,False,False,True,,15,Electronics,3,3,0,1064.89,354.9633333333333,2024-08-10,2025-06-29,2,1,731.06,333.83,Electronics,354.0,Dormant,True,False,True
1593,Stephen,Miller,stephen.miller@hotmail.com,-6821,,New_Customer,SMS,18-25,High,109.07,0.6,False,False,True,,24,Electronics,3,3,0,359.2,119.73333333333333,2024-12-13,2025-05-09,0,3,0.0,359.2,Sports,405.0,Dormant,True,False,True
1594,Ronald,Owens,ronaldowens@outlook.com,-9331,,New_Customer,SMS,36-45,Low,71.21,0.65,False,False,True,,0,Beauty,8,5,3,376.49,75.298,2024-08-19,2025-05-25,0,5,0.0,376.49,Electronics,389.0,Dormant,True,False,True
1595,Elizabeth,Goodwin,elizabeth.goodwin@hotmail.com,-3383,,Low_Value,Push,46-55,Medium,65.59,0.7,False,True,False,,7,Electronics,9,6,3,443.85,73.975,2024-07-19,2025-05-25,2,4,196.59,247.26,Home,389.0,Dormant,True,True,True
1596,Lindsay,King,lindsayking@yahoo.com,-9375,,High_Value,Direct,18-25,Low,299.83,0.36,True,False,True,,6,Electronics,12,11,1,3527.3,320.6636363636364,2024-07-31,2025-05-23,1,10,428.11,3099.19,Sports,391.0,Dormant,True,False,True
1597,Kyle,Rodriguez,kyle997@yahoo.com,-6498,,Medium_Value,Social,36-45,Premium,160.72,0.62,False,False,True,,4,Home,11,9,2,1611.16,179.01777777777778,2024-07-08,2025-05-08,2,7,467.87,1143.29,Beauty,406.0,Dormant,True,True,True
1598,Felicia,George,felicia.george@outlook.com,-9563,,New_Customer,Direct,18-25,Low,92.81,0.6,True,False,True,,17,Books,7,6,1,540.92,90.15333333333334,2024-07-31,2025-06-20,0,6,0.0,540.92,Beauty,363.0,Dormant,True,False,True
1599,Allen,Mason,allen.mason@outlook.com,-2219,,Low_Value,SMS,36-45,Low,53.71,0.65,False,False,True,,20,Books,7,6,1,283.93,47.321666666666665,2024-07-17,2025-04-16,1,5,70.37,213.56,Home,428.0,Dormant,True,False,True
1600,William,Sullivan,william147@hotmail.com,-8434,,Low_Value,Direct,26-35,High,25.18,0.6,False,True,True,,50,Sports,13,12,1,320.98,26.748333333333335,2024-07-28,2025-04-07,4,8,134.87,186.11,Home,437.0,Dormant,True,True,True
1601,Nicholas,Bishop,nicholasbishop@hotmail.com,-7063,,Low_Value,SMS,18-25,Low,49.14,0.67,True,False,True,,40,Clothing,3,2,1,89.05,44.525,2024-07-09,2024-09-28,0,2,0.0,89.05,Electronics,628.0,Dormant,True,False,True
1602,Bailey,Lucas,bailey205@hotmail.com,-3605,,Low_Value,SMS,18-25,Premium,36.17,0.8,True,False,False,,5,Books,7,5,2,165.87,33.174,2024-09-22,2025-07-01,0,5,0.0,165.87,Books,352.0,Dormant,True,False,True
1603,April,Mendoza,april.mendoza@hotmail.com,-5729,,High_Value,Email,18-25,Medium,232.56,0.35,False,True,False,,37,Sports,10,9,1,2124.67,236.07444444444445,2024-08-23,2025-06-28,0,9,0.0,2124.67,Home,355.0,Dormant,True,False,True
1604,Jerry,Knight,jerry.knight@yahoo.com,-2787,,High_Value,Social,36-45,Low,224.53,0.34,False,True,False,,9,Clothing,8,7,1,1531.27,218.75285714285715,2024-08-18,2025-06-17,0,7,0.0,1531.27,Clothing,366.0,Dormant,True,False,True
1605,Corey,Murray,corey.murray@yahoo.com,-6637,,High_Value,Email,36-45,Unknown,181.67,0.23,True,False,True,,15,Books,4,3,1,545.7,181.9,2025-02-28,2025-06-25,0,3,0.0,545.7,Beauty,358.0,Dormant,True,False,True
1606,Dawn,King,dawn677@yahoo.com,-2536,,Low_Value,Direct,36-45,Premium,70.37,0.6,False,False,False,,35,Books,7,6,1,514.81,85.80166666666666,2024-08-05,2025-05-06,2,4,196.9,317.91,Sports,408.0,Dormant,True,True,True
1607,Roger,Hayden,roger788@hotmail.com,-3296,,New_Customer,SMS,55+,Low,142.44,0.6,False,True,True,,30,Electronics,11,6,5,994.68,165.78,2024-07-15,2025-04-11,2,4,395.32,599.36,Home,433.0,Dormant,True,False,True
1608,Malik,Gallagher,malik939@yahoo.com,-7140,,Low_Value,Email,36-45,Premium,41.02,0.84,False,True,True,,14,Electronics,9,6,3,252.92,42.153333333333336,2025-01-04,2025-06-20,2,4,119.91,133.01,Beauty,363.0,Dormant,True,False,True
1609,Angela,Lowe,angelalowe@hotmail.com,-6089,,New_Customer,Direct,55+,Premium,52.62,0.66,False,True,True,,19,Books,6,6,0,378.53,63.08833333333333,2024-10-26,2025-03-13,2,4,156.29,222.24,Books,462.0,Dormant,True,False,True
1610,Rebekah,Novak,rebekahnovak@gmail.com,-10839,,New_Customer,Push,18-25,Premium,75.45,0.7,True,False,False,,29,Clothing,6,4,2,300.86,75.215,2024-07-20,2025-05-26,1,3,83.32,217.54,Clothing,388.0,Dormant,True,False,True
1611,Stephen,Bailey,stephenbailey@outlook.com,-9206,,New_Customer,Social,18-25,Medium,88.71,0.63,True,True,False,,13,Clothing,4,4,0,421.03,105.2575,2024-08-06,2025-02-19,1,3,126.38,294.65,Clothing,484.0,Dormant,True,False,True
1612,Kevin,White,kevin927@gmail.com,-10627,,Low_Value,Direct,Unknown,Premium,32.1,0.64,False,False,False,,14,Books,6,5,1,189.51,37.902,2024-10-19,2025-06-14,3,2,125.01,64.5,Beauty,369.0,Dormant,True,True,True
1613,Jonathan,Turner,jonathanturner@hotmail.com,-9443,,Low_Value,Social,55+,Unknown,89.25,0.63,True,True,True,,10,Electronics,10,8,2,880.49,110.06125,2024-07-22,2025-07-01,4,4,533.52,346.97,Books,352.0,Dormant,True,False,True
1614,Nathan,Luna,nathan.luna@outlook.com,-4732,,Medium_Value,Social,Unknown,Premium,88.72,0.42,False,False,False,,26,Clothing,11,10,1,956.42,95.642,2024-07-09,2025-06-16,1,9,105.41,851.01,Beauty,367.0,Dormant,True,False,True
1615,Matthew,Flowers,matthewflowers@gmail.com,-3158,,New_Customer,Social,26-35,High,75.13,0.62,False,True,True,,1,Sports,6,4,2,298.77,74.6925,2024-07-06,2025-05-14,0,4,0.0,298.77,Sports,400.0,Dormant,True,True,True
1616,Gregory,Ortiz,gregory.ortiz@yahoo.com,-9553,,High_Value,SMS,36-45,Low,253.17,0.27,False,True,False,,39,Beauty,6,5,1,1510.53,302.106,2024-07-10,2025-05-01,1,4,428.03,1082.5,Books,413.0,Dormant,True,True,True
1617,Tammy,Martinez,tammy202@hotmail.com,-5224,,Medium_Value,Push,26-35,Premium,109.95,0.6,False,False,True,,37,Clothing,6,6,0,641.25,106.875,2024-09-23,2025-07-03,0,6,0.0,641.25,Home,350.0,Dormant,True,False,True
1618,Tyler,Adams,tyler546@gmail.com,-9705,,High_Value,Direct,46-55,Low,219.96,0.31,True,False,False,,9,Electronics,7,6,0,1321.65,220.275,2024-12-26,2025-06-07,1,5,268.91,1052.74,Electronics,376.0,Dormant,True,True,True
1619,Angela,Olson,angela402@hotmail.com,-3799,,New_Customer,SMS,26-35,Unknown,129.25,0.66,True,False,False,,27,Clothing,8,8,0,1189.58,148.6975,2024-07-30,2025-06-24,3,5,577.75,611.83,Home,359.0,Dormant,True,False,True
1620,Xavier,Scott,xavier.scott@outlook.com,-10450,,New_Customer,Direct,18-25,High,47.34,0.61,False,False,True,,41,Electronics,7,6,1,286.34,47.723333333333336,2024-08-03,2025-06-21,1,5,57.86,228.48,Books,362.0,Dormant,True,False,True
1621,William,Wells,william908@gmail.com,-5676,,New_Customer,Social,36-45,Low,106.49,0.55,False,True,False,,5,Home,6,5,1,640.46,128.092,2024-09-26,2025-06-09,3,2,457.65,182.81,Home,374.0,Dormant,True,False,True
1622,Heather,Young,heather.young@outlook.com,-7327,,Low_Value,Email,36-45,Medium,56.05,0.81,False,False,False,,8,Home,9,7,2,401.01,57.287142857142854,2024-08-24,2025-06-16,1,6,80.01,321.0,Sports,367.0,Dormant,True,True,True
1623,Michael,Watson,michaelwatson@yahoo.com,-5550,,High_Value,Push,36-45,Unknown,218.86,0.23,False,False,False,,32,Electronics,8,6,2,1250.69,208.44833333333332,2024-08-05,2025-06-09,0,6,0.0,1250.69,Sports,374.0,Dormant,True,True,True
1624,Cesar,Cooper,cesar445@yahoo.com,-2438,,Medium_Value,Social,Unknown,Medium,83.09,0.41,True,False,True,,0,Beauty,7,7,0,642.6,91.8,2024-08-11,2025-04-03,1,6,132.56,510.04,Beauty,441.0,Dormant,True,False,True
1625,Lauren,Beltran,lauren709@gmail.com,-11179,,New_Customer,SMS,36-45,Premium,34.4,0.54,False,True,False,,29,Beauty,6,6,0,215.72,35.95333333333333,2024-11-24,2025-06-02,1,5,41.37,174.35,Home,381.0,Dormant,True,True,True
1626,Robert,Saunders,robert48@yahoo.com,-2643,,Low_Value,Direct,36-45,High,90.97,0.61,True,True,True,,27,Books,11,10,1,954.03,95.403,2025-01-12,2025-06-28,2,8,215.75,738.28,Electronics,355.0,Dormant,True,False,True
1627,Jean,Kelly,jean129@gmail.com,-11631,,Medium_Value,Email,18-25,Premium,103.13,0.45,True,False,False,,38,Sports,7,7,0,768.62,109.80285714285715,2024-08-20,2025-04-25,0,7,0.0,768.62,Beauty,419.0,Dormant,True,False,True
1628,William,Forbes,william11@outlook.com,-8698,,Low_Value,Email,26-35,Low,30.62,0.65,False,False,False,,33,Books,11,9,2,297.27,33.03,2024-10-06,2025-05-24,2,7,88.03,209.24,Beauty,390.0,Dormant,True,False,True
1629,Dana,Garcia,dana6@yahoo.com,-9316,,New_Customer,Direct,46-55,Low,43.2,0.79,False,False,True,,6,Beauty,16,11,5,602.06,54.732727272727274,2024-07-08,2025-03-11,5,6,321.15,280.91,Electronics,464.0,Dormant,True,False,True
1630,Jennifer,Ingram,jennifer548@yahoo.com,-10852,,Low_Value,Social,46-55,Medium,97.61,0.61,False,True,True,,24,Electronics,7,6,1,615.17,102.52833333333334,2024-07-14,2025-06-26,1,5,142.45,472.72,Beauty,357.0,Dormant,True,False,True
1631,Anthony,Tate,anthony507@hotmail.com,-9504,,Medium_Value,Direct,26-35,Low,187.74,0.56,False,True,False,,42,Electronics,9,8,1,1569.48,196.185,2024-07-27,2025-06-08,1,7,214.88,1354.6,Electronics,375.0,Dormant,True,False,True
1632,Keith,Franco,keithfranco@hotmail.com,-5898,,Low_Value,Direct,18-25,Premium,82.12,0.8,True,True,False,,8,Electronics,7,6,1,647.4,107.9,2024-07-12,2025-05-15,4,2,446.97,200.43,Sports,399.0,Dormant,True,False,True
1633,Jeremy,Williams,jeremy.williams@gmail.com,-10065,,High_Value,Direct,18-25,High,415.06,0.2,True,False,False,,15,Beauty,7,6,1,2482.72,413.7866666666667,2024-07-04,2025-06-19,0,6,0.0,2482.72,Books,364.0,Dormant,True,False,True
1634,Frank,Richardson,frankrichardson@outlook.com,-4438,,Medium_Value,Direct,18-25,Premium,164.34,0.42,False,False,True,,4,Clothing,9,9,0,1686.43,187.38111111111112,2024-07-22,2025-04-14,2,7,493.66,1192.77,Beauty,430.0,Dormant,True,False,True
1635,Thomas,Cross,thomascross@gmail.com,-3313,,Low_Value,Push,46-55,Low,97.45,0.82,True,True,False,,34,Books,5,4,1,503.31,125.8275,2024-08-30,2025-05-25,3,1,401.89,101.42,Sports,389.0,Dormant,True,False,True
1636,Candice,Howard,candicehoward@yahoo.com,-9281,,Low_Value,Email,26-35,Premium,68.57,0.66,True,True,False,,1,Books,5,4,1,357.73,89.4325,2024-07-25,2025-01-24,2,2,212.59,145.14,Electronics,510.0,Dormant,True,False,True
1637,Melissa,Jones,melissajones@gmail.com,-4606,,New_Customer,Social,36-45,High,83.76,0.64,True,True,False,,43,Clothing,16,15,1,1355.19,90.346,2024-09-09,2025-06-28,1,14,137.76,1217.43,Sports,355.0,Dormant,True,False,True
1638,Tracy,Lee,tracylee@hotmail.com,-7750,,High_Value,SMS,55+,High,299.11,0.27,True,True,True,,2,Clothing,9,7,2,2332.12,333.16,2024-07-11,2025-06-06,1,6,498.92,1833.2,Clothing,377.0,Dormant,True,False,True
1639,Natalie,Munoz,nataliemunoz@hotmail.com,-9379,,Low_Value,Email,18-25,High,53.78,0.83,True,False,True,,45,Electronics,8,8,0,515.41,64.42625,2024-07-19,2025-05-14,3,5,234.56,280.85,Beauty,400.0,Dormant,True,False,True
1640,Kelsey,Barrett,kelsey9@gmail.com,-9991,,New_Customer,Push,Unknown,Premium,46.77,0.51,True,False,True,,31,Beauty,11,8,3,501.99,62.74875,2024-08-17,2025-06-01,4,4,284.43,217.56,Beauty,382.0,Dormant,True,False,True
1641,Denise,Walker,denise318@hotmail.com,-8554,,Medium_Value,Email,55+,Low,81.07,0.44,True,True,True,,34,Clothing,6,5,1,465.66,93.132,2024-09-24,2025-01-16,2,3,240.41,225.25,Beauty,518.0,Dormant,True,False,True
1642,Jacqueline,Williams,jacqueline463@gmail.com,-7372,,Medium_Value,Push,46-55,Unknown,196.55,0.4,True,False,True,,42,Sports,1,1,0,198.94,198.94,2025-04-05,2025-04-05,0,1,0.0,198.94,Books,439.0,Dormant,True,False,True
1643,Garrett,Henderson,garretthenderson@yahoo.com,-5392,,Medium_Value,SMS,55+,High,93.57,0.56,True,True,False,,8,Home,8,8,0,686.22,85.7775,2024-07-13,2025-05-23,0,8,0.0,686.22,Clothing,391.0,Dormant,True,False,True
1644,Pamela,Morgan,pamela.morgan@outlook.com,-9780,,New_Customer,SMS,46-55,Premium,66.82,0.64,False,False,True,,5,Home,11,11,0,847.39,77.03545454545454,2024-07-28,2025-05-13,3,8,300.5,546.89,Electronics,401.0,Dormant,True,False,True
1645,Shane,Wright,shane860@outlook.com,-3668,,New_Customer,Email,Unknown,Premium,46.79,0.66,False,True,False,,37,Beauty,10,9,1,448.94,49.882222222222225,2024-08-21,2025-05-16,1,8,57.73,391.21,Home,398.0,Dormant,True,False,True
1646,Natasha,Hall,natashahall@yahoo.com,-9300,,High_Value,SMS,Unknown,Medium,287.08,0.24,False,False,True,,44,Sports,5,4,1,1285.87,321.4675,2024-09-03,2025-05-28,0,4,0.0,1285.87,Beauty,386.0,Dormant,True,False,True
1647,Lonnie,Goodman,lonnie107@outlook.com,-6039,,High_Value,Social,18-25,Low,468.33,0.37,False,False,True,,19,Beauty,5,4,1,1878.46,469.615,2024-09-15,2025-06-17,0,4,0.0,1878.46,Clothing,366.0,Dormant,True,False,True
1648,Rodney,Rodriguez,rodney612@gmail.com,-3467,,Low_Value,Social,36-45,High,56.78,0.68,True,False,True,,7,Home,7,6,1,317.5,52.916666666666664,2024-08-17,2025-06-12,0,6,0.0,317.5,Beauty,371.0,Dormant,True,False,True
1649,Keith,Smith,keithsmith@gmail.com,-8740,,Low_Value,Direct,36-45,Medium,42.57,0.62,False,False,False,,29,Beauty,5,4,1,189.85,47.4625,2024-10-05,2025-02-14,2,2,104.8,85.05,Sports,489.0,Dormant,True,False,True
1650,Laura,Dennis,laura.dennis@outlook.com,-2380,,Medium_Value,Social,26-35,High,109.58,0.46,True,True,False,,10,Beauty,7,5,1,518.2,103.64,2024-07-25,2025-05-18,0,5,0.0,518.2,Clothing,396.0,Dormant,True,False,True
1651,Shannon,Reid,shannon462@yahoo.com,-10793,,New_Customer,SMS,26-35,Medium,60.77,0.67,False,False,False,,5,Clothing,3,3,0,241.84,80.61333333333333,2024-12-04,2025-06-28,3,0,241.84,0.0,Home,355.0,Dormant,True,True,True
1652,Trevor,Morton,trevor.morton@yahoo.com,-3469,,Medium_Value,Direct,36-45,Premium,166.95,0.52,True,True,True,,15,Books,9,8,1,1442.92,180.365,2024-09-18,2025-05-13,1,7,209.15,1233.77,Home,401.0,Dormant,True,False,True
1653,Richard,Bishop,richard.bishop@gmail.com,-10210,,New_Customer,Push,46-55,Medium,56.2,0.55,False,True,True,,19,Books,5,4,1,301.89,75.4725,2024-07-11,2025-07-01,2,2,177.74,124.15,Books,352.0,Dormant,True,False,True
1654,Michael,King,michael407@gmail.com,-9796,,Low_Value,Email,55+,Medium,71.12,0.88,False,True,True,,43,Beauty,5,4,1,331.94,82.985,2024-08-24,2025-06-20,1,3,111.06,220.88,Sports,363.0,Dormant,True,False,True
1655,Sarah,Dillon,sarah.dillon@yahoo.com,-7343,,Low_Value,Email,18-25,High,53.32,0.64,False,False,False,,23,Electronics,10,10,0,694.96,69.496,2024-09-10,2025-05-30,5,5,383.41,311.55,Sports,384.0,Dormant,True,False,True
1656,Leslie,Graham,leslie.graham@gmail.com,-10343,,New_Customer,Direct,18-25,Medium,108.25,0.78,True,True,True,,12,Sports,4,4,0,527.48,131.87,2024-07-19,2025-02-09,2,2,299.65,227.83,Beauty,494.0,Dormant,True,False,True
1657,Chris,Barrett,chris109@yahoo.com,-3210,,Medium_Value,Direct,26-35,High,142.63,0.63,True,False,False,,30,Beauty,6,4,2,739.37,184.8425,2024-08-01,2025-05-28,2,2,505.45,233.92,Electronics,386.0,Dormant,True,False,True
1658,Lisa,Elliott,lisa905@hotmail.com,-9129,,Medium_Value,SMS,55+,High,147.03,0.41,True,True,True,,38,Home,1,1,0,129.46,129.46,2024-07-24,2024-07-24,0,1,0.0,129.46,Beauty,694.0,Dormant,True,True,True
1659,Shawn,Santos,shawnsantos@hotmail.com,-9833,,Medium_Value,Direct,18-25,Low,159.63,0.69,True,False,True,,33,Electronics,5,5,0,993.21,198.642,2024-08-14,2025-06-16,1,4,285.6,707.61,Clothing,367.0,Dormant,True,False,True
1660,Mark,Taylor,mark.taylor@gmail.com,-4231,,High_Value,Push,55+,Medium,217.05,0.25,True,True,False,,33,Electronics,9,9,0,2192.47,243.60777777777778,2024-08-01,2025-06-29,1,8,278.86,1913.61,Home,354.0,Dormant,True,False,True
1661,Kelsey,Garcia,kelsey.garcia@outlook.com,-5429,,High_Value,Direct,26-35,High,387.36,0.22,False,True,True,,17,Beauty,8,7,1,2958.52,422.6457142857143,2024-07-13,2025-03-24,1,6,639.19,2319.33,Beauty,451.0,Dormant,True,True,True
1662,Charles,Lin,charles424@hotmail.com,-4685,,New_Customer,Email,55+,Medium,76.09,0.6,False,True,True,,3,Clothing,9,7,2,556.73,79.53285714285714,2024-07-11,2025-06-20,1,6,98.73,458.0,Sports,363.0,Dormant,True,True,True
1663,Randy,Mitchell,randy.mitchell@gmail.com,-7685,,Low_Value,SMS,18-25,High,31.89,0.82,True,True,False,,3,Books,9,8,1,291.5,36.4375,2024-07-14,2025-04-15,3,5,141.37,150.13,Books,429.0,Dormant,True,False,True
1664,William,Smith,william.smith@yahoo.com,-4004,,High_Value,Direct,36-45,High,327.0,0.33,False,True,False,,16,Sports,10,8,2,2701.91,337.73875,2024-07-10,2025-05-27,0,8,0.0,2701.91,Beauty,387.0,Dormant,True,False,True
1665,Thomas,Reilly,thomas.reilly@yahoo.com,-9161,,High_Value,Push,46-55,Premium,390.22,0.21,True,False,True,,9,Home,12,11,1,4052.3,368.3909090909091,2024-09-02,2025-05-09,0,11,0.0,4052.3,Books,405.0,Dormant,True,True,True
1666,Terry,Stein,terry.stein@gmail.com,-2683,,New_Customer,Email,46-55,Premium,92.29,0.66,False,True,True,,16,Books,9,7,2,771.35,110.19285714285714,2024-09-03,2025-06-10,3,4,406.49,364.86,Electronics,373.0,Dormant,True,False,True
1667,Lisa,Allen,lisa678@outlook.com,-10266,,High_Value,Direct,18-25,High,432.86,0.22,False,True,False,,11,Clothing,8,6,2,2635.25,439.2083333333333,2024-07-12,2024-12-23,0,6,0.0,2635.25,Home,542.0,Dormant,True,False,True
1668,David,Hill,david463@outlook.com,-9298,,Medium_Value,Social,18-25,Premium,194.73,0.47,False,True,False,,42,Sports,7,4,3,836.12,209.03,2024-08-27,2025-05-09,0,4,0.0,836.12,Clothing,405.0,Dormant,True,False,True
1669,Charles,Burns,charles.burns@gmail.com,-4919,,Medium_Value,Push,18-25,Medium,192.1,0.56,True,True,True,,24,Books,9,8,1,1643.32,205.415,2024-07-13,2025-06-15,2,6,517.55,1125.77,Electronics,368.0,Dormant,True,False,True
1670,Derek,Carter,derek.carter@outlook.com,-8813,,High_Value,SMS,36-45,High,313.68,0.36,False,False,True,,44,Books,10,8,2,2670.82,333.8525,2024-08-09,2025-06-15,2,6,981.93,1688.89,Clothing,368.0,Dormant,True,True,True
1671,Douglas,Robinson,douglas.robinson@hotmail.com,-6016,,New_Customer,Email,18-25,Medium,54.56,0.73,False,True,True,,4,Electronics,9,7,2,437.76,62.537142857142854,2024-08-25,2025-04-09,2,5,190.21,247.55,Home,435.0,Dormant,True,False,True
1672,Rebecca,Donovan,rebecca.donovan@outlook.com,-6483,,New_Customer,Direct,55+,Low,107.64,0.62,True,False,False,,38,Books,5,4,1,458.45,114.6125,2024-08-03,2025-06-18,0,4,0.0,458.45,Clothing,365.0,Dormant,True,False,True
1673,Tina,Schroeder,tina.schroeder@hotmail.com,-9297,,Medium_Value,Social,36-45,Low,114.92,0.53,False,False,False,,23,Clothing,6,6,0,671.69,111.94833333333334,2024-07-05,2025-04-20,0,6,0.0,671.69,Electronics,424.0,Dormant,True,False,True
1674,Mary,Sullivan,marysullivan@gmail.com,-5145,,Low_Value,Push,26-35,Medium,51.13,0.84,False,True,False,,17,Sports,9,6,3,371.33,61.888333333333335,2024-09-04,2025-05-12,4,2,272.41,98.92,Clothing,402.0,Dormant,True,False,True
1675,Michael,Lucero,michaellucero@outlook.com,-7858,,Low_Value,Push,18-25,Low,94.04,0.62,True,True,True,,26,Home,7,7,0,679.27,97.03857142857143,2024-08-15,2025-07-01,1,6,104.94,574.33,Electronics,352.0,Dormant,True,False,True
1676,John,Meyer,john716yahoo.com,-5421,,New_Customer,SMS,55+,High,138.5,0.61,True,True,False,,5,Books,9,7,2,1136.85,162.40714285714284,2024-07-23,2025-03-14,2,5,468.98,667.87,Home,461.0,Dormant,True,False,True
1677,Mark,Rubio,mark755@hotmail.com,-7186,,New_Customer,Push,46-55,Low,76.44,0.71,True,True,True,,0,Beauty,11,11,0,1034.49,94.04454545454546,2024-07-09,2025-06-17,7,4,734.22,300.27,Home,366.0,Dormant,True,False,True
1678,Christine,Peterson,christine.peterson@gmail.com,-5420,,Medium_Value,Direct,36-45,Unknown,142.1,0.65,True,True,True,,0,Clothing,6,6,0,853.96,142.32666666666665,2024-10-08,2025-02-07,1,5,182.21,671.75,Clothing,496.0,Dormant,True,False,True
1679,Rebecca,Moody,rebecca628@gmail.com,-11090,,Low_Value,Direct,26-35,Premium,82.71,0.64,True,True,False,,30,Clothing,7,7,0,596.84,85.26285714285714,2024-08-13,2025-05-26,3,4,313.37,283.47,Sports,388.0,Dormant,True,True,True
1680,Thomas,Carter,thomas749@yahoo.com,-3245,,New_Customer,Direct,46-55,Medium,117.18,0.73,False,False,False,,18,Beauty,8,8,0,1102.93,137.86625,2024-09-25,2025-05-11,3,5,507.4,595.53,Sports,403.0,Dormant,True,False,True
1681,Michaela,Barrera,michaela595@yahoo.com,-1814,,Low_Value,SMS,36-45,Low,82.0,0.85,False,True,True,,29,Beauty,9,8,1,840.68,105.085,2024-09-12,2025-05-22,3,5,360.71,479.97,Books,392.0,Dormant,True,False,True
1682,Lisa,Morgan,lisamorgan@hotmail.com,-3398,,Low_Value,Direct,26-35,Low,92.05,0.88,True,False,False,,31,Books,5,5,0,549.66,109.932,2024-07-17,2025-05-15,2,3,299.96,249.7,Sports,399.0,Dormant,True,False,True
1683,Joseph,Rasmussen,joseph.rasmussen@gmail.com,-9681,,Low_Value,Social,Unknown,High,48.75,0.73,True,True,False,,15,Books,9,8,1,456.03,57.00375,2024-09-26,2025-05-25,1,7,86.4,369.63,Sports,389.0,Dormant,True,True,True
1684,Timothy,Meza,timothy.meza@outlook.com,-5246,,Medium_Value,Push,46-55,Premium,94.94,0.68,True,True,False,,10,Electronics,8,7,1,698.04,99.72,2024-08-22,2025-06-22,1,6,130.43,567.61,Clothing,361.0,Dormant,True,False,True
1685,Mia,Figueroa,mia51@gmail.com,-6227,,Low_Value,SMS,36-45,Low,58.21,0.6,False,True,False,,21,Clothing,13,10,3,629.28,62.928,2024-07-25,2025-06-28,3,7,228.84,400.44,Home,355.0,Dormant,True,False,True
1686,William,Williams,william.williams@hotmail.com,-9498,,New_Customer,Direct,46-55,High,66.7,0.56,True,True,False,,3,Clothing,7,6,1,357.97,59.66166666666667,2024-09-30,2025-03-28,0,6,0.0,357.97,Home,447.0,Dormant,True,False,True
1687,Teresa,Thomas,teresa.thomas@gmail.com,-3624,,New_Customer,Push,36-45,Low,144.21,0.79,True,False,False,,39,Books,7,5,2,921.66,184.332,2024-07-11,2025-07-19,3,2,626.87,294.79,Electronics,334.0,Dormant,True,False,True
1688,Cassandra,Brennan,cassandra668@outlook.com,-1865,,High_Value,Push,26-35,Premium,347.95,0.35,False,True,False,,12,Sports,11,10,1,3809.19,380.919,2024-08-06,2025-06-03,2,8,1109.6,2699.59,Electronics,380.0,Dormant,True,False,True
1689,Alexander,Stevens,alexanderstevens@yahoo.com,-7711,,High_Value,Social,26-35,High,265.33,0.22,True,True,True,,34,Electronics,9,8,1,1787.24,223.405,2024-07-30,2025-04-04,0,8,0.0,1787.24,Books,440.0,Dormant,True,False,True
1690,Stacey,Miller,stacey.miller@outlook.com,-8615,,High_Value,Push,46-55,High,282.82,0.38,False,True,False,,10,Home,5,4,1,1126.25,281.5625,2024-08-22,2025-02-05,0,4,0.0,1126.25,Electronics,498.0,Dormant,True,True,True
1691,Michael,Mcgrath,michaelmcgrath@yahoo.com,-5637,,Low_Value,Social,36-45,Premium,87.15,0.75,False,True,True,,31,Electronics,5,5,0,555.2,111.04,2024-07-15,2025-05-10,2,3,255.04,300.16,Electronics,404.0,Dormant,True,True,True
1692,Samantha,Perry,samantha792@gmail.com,-6187,,Medium_Value,Push,36-45,Low,158.77,0.54,True,False,False,,7,Books,5,4,1,683.67,170.9175,2024-09-04,2025-05-03,1,3,198.25,485.42,Electronics,411.0,Dormant,True,False,True
1693,Travis,Erickson,travis602@gmail.com,-7579,,New_Customer,Direct,26-35,High,98.19,0.59,True,False,False,,21,Sports,9,9,0,795.51,88.39,2024-08-23,2025-05-23,0,9,0.0,795.51,Clothing,391.0,Dormant,True,False,True
1694,Todd,Rodriguez,toddrodriguez@gmail.com,-10682,,Medium_Value,Direct,18-25,Low,174.38,0.47,False,True,False,,20,Electronics,4,4,0,682.86,170.715,2024-07-19,2024-10-14,0,4,0.0,682.86,Beauty,612.0,Dormant,True,True,True
1695,Sara,Sanchez,sara.sanchez@yahoo.com,-2806,,High_Value,Direct,55+,Low,255.31,0.28,True,False,True,,34,Books,5,4,1,1127.23,281.8075,2024-08-01,2025-03-21,0,4,0.0,1127.23,Electronics,454.0,Dormant,True,False,True
1696,Christopher,George,christophergeorge@hotmail.com,-5798,,New_Customer,SMS,18-25,Premium,46.75,0.7,True,False,False,,39,Beauty,6,6,0,272.51,45.41833333333334,2024-07-19,2025-05-12,0,6,0.0,272.51,Books,402.0,Dormant,True,False,True
1697,Sarah,Welch,sarah.welch@yahoo.com,-9064,,Medium_Value,Email,55+,High,180.69,0.56,False,False,True,,3,Clothing,8,7,1,1481.76,211.68,2024-09-18,2025-05-20,2,5,558.24,923.52,Beauty,394.0,Dormant,True,False,True
1698,Billy,Barnes,billy725@outlook.com,-10190,,High_Value,Social,46-55,Unknown,188.16,0.23,True,False,False,,4,Electronics,9,6,3,1434.36,239.06,2024-09-09,2025-04-23,1,5,320.11,1114.25,Books,421.0,Dormant,True,False,True
1699,Richard,Taylor,richard.taylor@yahoo.com,-5269,,New_Customer,SMS,Unknown,Unknown,139.24,0.69,False,False,True,,25,Books,13,12,1,1762.06,146.83833333333334,2024-07-18,2025-07-04,3,9,563.72,1198.34,Electronics,349.0,Dormant,True,False,True
1700,Gina,Weber,gina863@gmail.com,-9998,,Medium_Value,SMS,Unknown,Premium,198.36,0.62,True,False,False,,50,Electronics,10,8,2,1550.66,193.8325,2024-07-04,2025-06-21,0,8,0.0,1550.66,Home,362.0,Dormant,True,False,True
1701,Meghan,Wilkins,meghan.wilkins@outlook.com,-9108,,Medium_Value,SMS,55+,Medium,91.66,0.43,True,False,False,,12,Clothing,6,5,1,525.38,105.076,2024-07-23,2025-06-26,1,4,151.43,373.95,Books,357.0,Dormant,True,True,True
1702,Crystal,Hodge,crystal.hodge@outlook.com,-3759,,New_Customer,Email,36-45,High,41.03,0.66,False,False,True,,22,Beauty,3,3,0,125.57,41.85666666666667,2024-08-19,2025-06-13,0,3,0.0,125.57,Sports,370.0,Dormant,True,True,True
1703,Robert,Miller,robert199@outlook.com,-3382,,Medium_Value,SMS,36-45,Low,127.76,0.6,False,False,False,,23,Beauty,10,9,1,1172.96,130.32888888888888,2024-07-26,2025-06-23,2,7,361.25,811.71,Home,360.0,Dormant,True,True,True
1704,Steven,Holder,stevenholder@gmail.com,-10975,,New_Customer,Push,26-35,Low,133.7,0.63,False,True,True,,38,Electronics,8,6,2,718.98,119.83,2024-08-08,2025-05-08,1,5,158.27,560.71,Books,406.0,Dormant,True,False,True
1705,Latoya,Romero,latoya.romero@yahoo.com,-6824,,New_Customer,Social,55+,Medium,121.54,0.59,False,False,True,,43,Clothing,10,10,0,1454.96,145.496,2024-07-07,2025-03-19,3,7,525.24,929.72,Books,456.0,Dormant,True,False,True
1706,James,Hernandez,jameshernandez@outlook.com,-2617,,Low_Value,Push,18-25,Premium,87.99,0.85,False,False,True,,36,Sports,6,6,0,652.37,108.72833333333334,2024-07-04,2025-06-28,3,3,387.33,265.04,Clothing,355.0,Dormant,True,False,True
1707,Katherine,Sanders,katherinesanders@yahoo.com,-5236,,New_Customer,Email,55+,Medium,39.58,0.8,False,True,False,,37,Home,6,5,1,201.29,40.258,2024-07-21,2025-05-03,1,4,53.43,147.86,Clothing,411.0,Dormant,True,False,True
1708,John,Harris,john.harris@hotmail.com,-8232,,New_Customer,Push,18-25,Low,135.34,0.63,False,False,False,,15,Sports,6,6,0,930.65,155.10833333333332,2024-07-15,2025-06-03,2,4,354.79,575.86,Electronics,380.0,Dormant,True,True,True
1709,Maria,Hicks,mariahicks@gmail.com,-4092,,Medium_Value,Social,55+,High,189.13,0.65,False,True,True,,16,Sports,6,5,1,866.85,173.37,2024-10-25,2025-05-09,1,4,255.31,611.54,Sports,405.0,Dormant,True,False,True
1710,Randy,Mcguire,randy.mcguire@yahoo.com,-2567,,High_Value,Push,36-45,Medium,324.84,0.3,False,True,True,,4,Beauty,8,7,1,2590.75,370.10714285714283,2024-09-08,2025-05-29,2,5,929.98,1660.77,Books,385.0,Dormant,True,False,True
1711,Ariana,Williams,arianawilliams@gmail.com,-9807,,Low_Value,Direct,55+,High,98.07,0.62,False,True,False,,8,Electronics,6,6,0,713.07,118.845,2024-08-13,2025-06-16,2,4,304.01,409.06,Electronics,367.0,Dormant,True,False,True
1712,Robin,Brown,robin.brown@yahoo.com,-10147,,New_Customer,SMS,18-25,Premium,133.89,0.78,False,True,False,,1,Home,6,6,0,944.04,157.34,2024-07-25,2025-04-10,2,4,395.28,548.76,Beauty,434.0,Dormant,True,True,True
1713,Julie,Johnson,juliejohnson@outlook.com,-2426,,New_Customer,Social,36-45,Low,98.46,0.7,False,True,True,,19,Clothing,4,4,0,482.79,120.6975,2024-08-15,2025-03-15,2,2,288.15,194.64,Sports,460.0,Dormant,True,False,True
1714,Cameron,Sanchez,cameron.sanchez@outlook.com,-4167,,High_Value,Social,18-25,Premium,322.47,0.24,False,True,True,,4,Clothing,7,7,0,2429.92,347.13142857142856,2024-10-11,2025-06-24,1,6,393.71,2036.21,Sports,359.0,Dormant,True,False,True
1715,Donald,Romero,donaldromero@gmail.com,-10472,,New_Customer,Email,26-35,Medium,109.31,0.55,False,True,False,,35,Sports,10,9,1,1168.43,129.82555555555555,2024-08-01,2025-06-08,2,7,322.19,846.24,Beauty,375.0,Dormant,True,False,True
1716,Heather,Rocha,heather160@hotmail.com,-6480,,Low_Value,Social,18-25,Medium,32.27,0.65,False,True,False,,41,Home,4,3,1,105.35,35.11666666666667,2024-07-15,2024-11-11,0,3,0.0,105.35,Clothing,584.0,Dormant,True,True,True
1717,Michelle,Lee,michellelee@hotmail.com,-7149,,New_Customer,SMS,26-35,Premium,91.8,0.71,True,True,False,,7,Books,4,3,1,236.45,78.81666666666666,2024-11-13,2025-01-02,0,3,0.0,236.45,Home,532.0,Dormant,True,False,True
1718,Joel,Rangel,joel752@yahoo.com,-9282,,New_Customer,Direct,18-25,High,60.46,0.61,True,True,False,,42,Home,10,8,2,480.24,60.03,2025-01-04,2025-06-16,0,8,0.0,480.24,Beauty,367.0,Dormant,True,False,True
1719,Stephanie,Oconnor,stephanie966@hotmail.com,-6952,,Low_Value,Direct,36-45,Low,58.89,0.66,True,True,False,,40,Clothing,6,5,1,322.93,64.586,2024-07-29,2025-02-23,2,3,142.32,180.61,Books,480.0,Dormant,True,True,True
1720,Maria,Warner,mariawarner@yahoo.com,-8118,,Medium_Value,Social,55+,High,175.97,0.6,True,False,True,,45,Home,6,5,1,879.99,175.998,2024-08-29,2025-06-27,0,5,0.0,879.99,Beauty,356.0,Dormant,True,True,True
1721,Justin,Rogers,justin.rogers@outlook.com,-7050,,High_Value,Email,46-55,Medium,156.06,0.23,False,True,False,,21,Beauty,11,10,1,1620.67,162.067,2024-07-29,2025-06-15,2,8,381.72,1238.95,Clothing,368.0,Dormant,True,False,True
1722,Shaun,Norman,shaun347@gmail.com,-3715,,Low_Value,Push,18-25,Medium,99.38,0.89,True,False,True,,30,Sports,10,9,0,1060.72,117.85777777777778,2024-07-18,2025-06-02,3,6,435.4,625.32,Sports,381.0,Dormant,True,True,True
1723,Jennifer,Reyes,jenniferreyes@yahoo.com,-9241,,Medium_Value,Email,26-35,High,162.71,0.54,False,False,False,,26,Sports,10,8,2,1092.98,136.6225,2024-08-22,2025-04-01,0,8,0.0,1092.98,Beauty,443.0,Dormant,True,True,True
1724,Alicia,Bryant,alicia.bryant@gmail.com,-10720,,Medium_Value,Direct,18-25,High,172.38,0.64,False,True,True,,46,Sports,6,6,0,1130.83,188.47166666666666,2024-07-30,2025-04-27,1,5,294.28,836.55,Clothing,417.0,Dormant,True,False,True
1725,Michael,Rollins,michael.rollins@yahoo.com,-10955,,New_Customer,Direct,55+,Low,131.3,0.69,False,False,True,,23,Beauty,7,7,0,1012.45,144.63571428571427,2024-07-07,2025-06-02,2,5,353.37,659.08,Sports,381.0,Dormant,True,False,True
1726,Debbie,Lee,debbie.lee@outlook.com,-2534,,High_Value,Social,46-55,Medium,365.12,0.22,True,False,False,,5,Sports,9,6,2,2677.58,446.2633333333333,2024-08-11,2025-06-09,3,3,1605.84,1071.74,Books,374.0,Dormant,True,False,True
1727,Kathryn,Ray,kathryn.ray@yahoo.com,-3161,,High_Value,Push,46-55,Low,492.21,0.36,True,True,False,,4,Sports,9,7,2,4203.49,600.4985714285714,2024-08-08,2025-05-01,3,4,2468.97,1734.52,Electronics,413.0,Dormant,True,False,True
1728,Ashley,Simmons,ashley.simmons@yahoo.com,-10712,,High_Value,Direct,26-35,Premium,406.81,0.22,True,False,False,,46,Beauty,9,8,1,2877.09,359.63625,2024-12-03,2025-06-08,0,8,0.0,2877.09,Electronics,375.0,Dormant,True,True,True
1730,Brad,Sanchez,brad.sanchez@yahoo.com,-9064,,Low_Value,Push,26-35,Medium,67.28,0.77,False,False,False,,44,Electronics,8,6,2,491.46,81.91,2024-08-02,2025-06-25,2,4,200.04,291.42,Clothing,358.0,Dormant,True,False,True
1731,Patrick,Jones,patrick915@outlook.com,-3339,,High_Value,SMS,46-55,Low,439.18,0.34,False,True,True,,42,Electronics,8,7,1,2897.37,413.91,2024-11-05,2025-05-29,0,7,0.0,2897.37,Home,385.0,Dormant,True,False,True
1732,Lisa,Duke,lisaduke@yahoo.com,-9384,,Medium_Value,Social,Unknown,Unknown,96.37,0.49,True,False,False,,23,Books,7,5,2,527.33,105.466,2024-11-15,2025-06-10,1,4,129.64,397.69,Beauty,373.0,Dormant,True,False,True
1733,Jonathan,Lewis,jonathan640@yahoo.com,-6111,,Low_Value,Direct,36-45,Medium,99.85,0.61,False,False,True,,31,Home,3,3,0,317.16,105.72,2024-09-15,2025-07-01,1,2,127.46,189.7,Books,352.0,Dormant,True,False,True
1734,Cynthia,Bates,cynthiabates@outlook.com,-5737,,Low_Value,SMS,26-35,Low,75.44,0.62,True,True,True,,37,Home,14,11,3,822.67,74.78818181818181,2024-09-04,2025-05-11,1,10,124.01,698.66,Clothing,403.0,Dormant,True,True,True
1735,Sherri,Underwood,sherriunderwood@hotmail.com,-4247,,New_Customer,SMS,18-25,Unknown,46.86,0.62,False,True,True,,35,Sports,12,10,2,526.82,52.682,2024-07-16,2025-06-10,2,8,148.0,378.82,Beauty,373.0,Dormant,True,False,True
1736,William,Smith,williamsmith@yahoo.com,-7983,,Medium_Value,Direct,55+,Low,187.41,0.48,False,True,True,,34,Books,8,6,2,1115.8,185.96666666666667,2024-09-22,2025-05-04,0,6,0.0,1115.8,Books,410.0,Dormant,True,False,True
1737,Donna,Miller,donna463@outlook.com,-10301,,High_Value,Social,18-25,Low,460.49,0.34,False,False,True,,4,Books,5,5,0,2369.58,473.916,2024-08-26,2025-04-21,0,5,0.0,2369.58,Books,423.0,Dormant,True,False,True
1738,Leslie,Warner,leslie.warner@gmail.com,-5272,,High_Value,Social,26-35,High,170.87,0.32,True,True,True,,8,Books,8,6,2,997.82,166.30333333333334,2024-11-03,2025-06-18,1,5,257.79,740.03,Beauty,365.0,Dormant,True,False,True
1739,Leslie,Marks,leslie.marks@outlook.com,-6224,,New_Customer,Push,26-35,High,98.5,0.79,True,False,False,,4,Books,6,5,1,551.59,110.318,2024-07-04,2024-12-28,1,4,172.51,379.08,Beauty,537.0,Dormant,True,False,True
1740,Joshua,Garcia,joshuagarcia@gmail.com,-6793,,High_Value,Email,26-35,Medium,164.01,0.26,True,False,False,,37,Clothing,8,6,2,1013.18,168.86333333333334,2025-03-29,2025-07-01,0,6,0.0,1013.18,Beauty,352.0,Dormant,True,True,True
1741,Madison,Lloyd,madison.lloyd@outlook.com,-8074,,New_Customer,Direct,26-35,Low,125.93,0.66,False,True,False,,11,Beauty,3,3,0,451.83,150.61,2024-07-11,2024-12-26,0,3,0.0,451.83,Clothing,539.0,Dormant,True,False,True
1742,Gary,Phillips,gary454@gmail.com,-7804,,High_Value,Social,55+,Medium,394.62,0.22,False,True,False,,18,Electronics,5,4,1,1771.86,442.965,2024-09-04,2025-05-20,0,4,0.0,1771.86,Books,394.0,Dormant,True,False,True
1743,Nicole,Spence,nicole.spence@gmail.com,-4331,,High_Value,Push,18-25,Premium,157.19,0.27,False,True,False,,15,Books,9,7,2,986.94,140.99142857142857,2024-08-06,2025-04-05,1,6,185.77,801.17,Beauty,439.0,Dormant,True,False,True
1744,Janet,Casey,janet.casey@gmail.com,-8381,,Medium_Value,Push,Unknown,Premium,156.91,0.68,False,True,False,,9,Electronics,9,8,1,1508.67,188.58375,2024-11-16,2025-06-17,5,3,1020.7,487.97,Beauty,366.0,Dormant,True,True,True
1745,Sharon,Garcia,sharon.garcia@outlook.com,-3266,,Low_Value,SMS,46-55,Medium,68.94,0.85,False,False,True,,11,Electronics,8,8,0,650.42,81.3025,2024-08-07,2025-06-24,3,5,287.78,362.64,Sports,359.0,Dormant,True,True,True
1746,Allison,Larson,allisonlarson@outlook.com,-10612,,Low_Value,Direct,18-25,Premium,52.52,0.62,True,False,False,,43,Sports,9,7,2,398.11,56.87285714285714,2024-08-13,2025-04-18,2,5,141.78,256.33,Electronics,426.0,Dormant,True,False,True
1747,Sherry,Rogers,sherryrogers@gmail.com,-6095,,Low_Value,Push,46-55,Low,32.3,0.87,True,True,False,,9,Electronics,3,3,0,99.83,33.276666666666664,2024-11-29,2025-03-24,0,3,0.0,99.83,Home,451.0,Dormant,True,True,True
1748,Joseph,Porter,josephporter@outlook.com,-6010,,High_Value,Direct,55+,High,363.53,0.32,True,True,True,,39,Home,8,5,3,1557.93,311.586,2024-08-29,2025-04-14,0,5,0.0,1557.93,Books,430.0,Dormant,True,False,True
1749,Chad,Moore,chad.moore@hotmail.com,-2037,,New_Customer,Email,Unknown,Premium,84.57,0.53,False,True,True,,6,Clothing,9,8,1,714.82,89.3525,2024-07-12,2025-05-26,0,8,0.0,714.82,Clothing,388.0,Dormant,True,False,True
1750,Heather,Davis,heatherdavis@yahoo.com,-9564,,Low_Value,Email,46-55,Medium,51.9,0.73,True,True,False,,11,Books,5,3,2,221.1,73.7,2024-10-11,2025-03-14,2,1,159.19,61.91,Books,461.0,Dormant,True,False,True
1751,Margaret,Lewis,margaret.lewis@yahoo.com,-7826,,Medium_Value,Push,18-25,Unknown,137.78,0.49,True,True,False,,36,Books,9,8,1,1157.6,144.7,2024-09-29,2025-06-18,2,6,382.08,775.52,Books,365.0,Dormant,True,False,True
1752,Victor,Sullivan,victor836@hotmail.com,-10774,,Medium_Value,SMS,18-25,Low,149.26,0.44,False,False,True,,48,Books,10,10,0,1506.91,150.691,2024-08-08,2025-05-24,1,9,231.85,1275.06,Beauty,390.0,Dormant,True,False,True
1753,Veronica,Lopez,veronica.lopez@yahoo.com,-2615,,High_Value,SMS,36-45,Unknown,186.1,0.29,False,True,False,,29,Books,7,4,3,819.78,204.945,2024-09-14,2025-04-29,0,4,0.0,819.78,Clothing,415.0,Dormant,True,False,True
1754,Jacob,Austin,jacob.austin@outlook.com,-3680,,New_Customer,Push,26-35,Medium,100.67,0.67,True,True,True,,13,Clothing,5,3,2,350.18,116.72666666666667,2024-09-23,2025-07-01,1,2,165.82,184.36,Sports,352.0,Dormant,True,True,True
1755,Pamela,Lee,pamelalee@gmail.com,-3181,,High_Value,Direct,Unknown,High,193.91,0.29,False,False,True,,27,Electronics,8,7,1,1403.92,200.56,2024-08-19,2025-03-11,2,5,488.16,915.76,Sports,464.0,Dormant,True,False,True
1756,Jason,Hoffman,jason974@yahoo.com,-4791,,New_Customer,Direct,55+,Medium,111.0,0.53,False,True,True,,19,Electronics,6,5,1,580.41,116.082,2024-08-19,2025-05-12,1,4,160.06,420.35,Home,402.0,Dormant,True,False,True
1757,Caleb,Blankenship,caleb.blankenship@hotmail.com,-7969,,High_Value,Social,26-35,Premium,256.36,0.24,False,False,False,,9,Electronics,10,9,1,2615.15,290.5722222222222,2024-08-05,2025-05-21,2,7,823.81,1791.34,Beauty,393.0,Dormant,True,False,True
1758,Jeremy,Mills,jeremy946@gmail.com,-9760,,High_Value,Direct,18-25,Premium,202.7,0.29,True,False,False,,39,Electronics,6,6,0,1156.64,192.77333333333334,2024-09-30,2025-07-03,0,6,0.0,1156.64,Sports,350.0,Dormant,True,False,True
1759,Bradley,Wood,bradley.wood@gmail.com,-2105,,Low_Value,Social,18-25,Unknown,78.99,0.87,False,True,True,,2,Books,14,10,4,1020.69,102.069,2024-07-08,2025-05-22,7,3,781.34,239.35,Books,392.0,Dormant,True,False,True
1760,Kathryn,Mason,kathryn577@hotmail.com,-5608,,Medium_Value,Social,26-35,Medium,80.55,0.67,False,False,False,,17,Beauty,6,5,1,394.49,78.898,2024-08-05,2025-02-13,0,5,0.0,394.49,Clothing,490.0,Dormant,True,False,True
1761,Morgan,Thompson,morgan762@gmail.com,-3726,,Low_Value,Email,55+,Low,27.33,0.64,True,False,True,,19,Sports,5,4,1,142.16,35.54,2024-08-31,2025-03-24,2,2,81.35,60.81,Sports,451.0,Dormant,True,False,True
1762,Jon,Morgan,jon739@hotmail.com,-8280,,New_Customer,SMS,55+,High,138.15,0.58,False,True,False,,50,Electronics,13,13,0,1962.27,150.94384615384615,2024-07-15,2025-05-21,2,11,386.98,1575.29,Beauty,393.0,Dormant,True,True,True
1763,Phillip,Lopez,phillip669@yahoo.com,-3870,,New_Customer,Direct,26-35,Low,81.3,0.53,False,True,True,,48,Sports,10,10,0,837.47,83.747,2024-07-24,2025-06-05,1,9,107.6,729.87,Home,378.0,Dormant,True,False,True
1764,Juan,Lowery,juanlowery@yahoo.com,-8679,,High_Value,Email,55+,High,247.38,0.22,True,True,True,,23,Books,9,9,0,2377.75,264.19444444444446,2024-07-14,2025-07-01,3,6,1036.32,1341.43,Clothing,352.0,Dormant,True,True,True
1765,Janet,Lewis,janet40@gmail.com,-5114,,Low_Value,Push,Unknown,Low,92.41,0.8,False,True,False,,24,Beauty,8,8,0,953.89,119.23625,2024-08-12,2025-06-21,5,3,641.31,312.58,Books,362.0,Dormant,True,False,True
1766,Melanie,Ferrell,melanieferrell@gmail.com,-10665,,High_Value,SMS,46-55,Low,272.86,0.27,True,False,False,,49,Books,10,7,3,1955.72,279.3885714285714,2024-10-06,2025-05-21,0,7,0.0,1955.72,Beauty,393.0,Dormant,True,False,True
1767,Cathy,Chen,cathychen@yahoo.com,-2596,,Medium_Value,Social,26-35,Premium,119.45,0.48,True,False,False,,5,Clothing,4,3,1,412.71,137.57,2024-11-25,2025-04-03,0,3,0.0,412.71,Beauty,441.0,Dormant,True,False,True
1768,Douglas,Wu,douglas.wu@outlook.com,-5082,,Medium_Value,Social,26-35,Medium,143.92,0.58,False,False,True,,36,Home,9,9,0,1424.06,158.2288888888889,2024-08-13,2025-06-28,1,8,243.67,1180.39,Books,355.0,Dormant,True,False,True
1769,Stacy,Charles,stacycharles@gmail.com,-4484,,Low_Value,Push,18-25,Medium,77.07,0.8,False,False,True,,32,Books,6,6,0,590.64,98.44,2025-01-29,2025-06-24,3,3,357.4,233.24,Clothing,359.0,Dormant,True,False,True
1770,Jeffrey,Wood,jeffreywood@gmail.com,-9636,,High_Value,Email,55+,Medium,258.27,0.39,False,False,False,,36,Beauty,10,7,3,1993.5,284.7857142857143,2024-07-10,2025-06-06,1,6,446.88,1546.62,Sports,377.0,Dormant,True,False,True
1771,Daniel,Payne,daniel81@outlook.com,-9316,,Medium_Value,Push,36-45,Low,89.64,0.46,True,True,True,,43,Beauty,7,6,1,523.41,87.235,2024-07-07,2025-06-07,0,6,0.0,523.41,Home,376.0,Dormant,True,False,True
1772,Patricia,Foster,patricia.foster@hotmail.com,-9141,,Low_Value,SMS,55+,Low,70.09,0.89,False,False,True,,20,Electronics,6,5,1,344.49,68.898,2024-09-23,2025-05-07,1,4,77.28,267.21,Beauty,407.0,Dormant,True,False,True
1773,Joshua,Strong,joshua.strong@gmail.com,-7385,,Medium_Value,Email,18-25,Premium,180.58,0.52,False,True,True,,48,Electronics,11,9,2,1670.93,185.6588888888889,2024-07-04,2025-05-22,1,8,217.73,1453.2,Books,392.0,Dormant,True,False,True
1774,Lisa,Davis,lisa957@hotmail.com,-6941,,High_Value,SMS,18-25,Unknown,433.29,0.37,True,True,True,,25,Clothing,8,6,2,2409.02,401.50333333333333,2024-08-16,2025-06-06,0,6,0.0,2409.02,Clothing,377.0,Dormant,True,False,True
1775,Jeremy,Rice,jeremy65@yahoo.com,-7517,,High_Value,Push,36-45,Premium,293.37,0.25,True,True,False,,46,Sports,2,2,0,531.67,265.835,2024-08-04,2024-08-13,0,2,0.0,531.67,Clothing,674.0,Dormant,True,False,True
1776,Jodi,Robertson,jodirobertson@gmail.com,-5972,,Low_Value,SMS,18-25,Unknown,73.55,0.63,False,False,True,,28,Sports,8,5,3,455.66,91.132,2024-12-17,2025-06-29,2,3,227.92,227.74,Beauty,354.0,Dormant,True,False,True
1777,Albert,Williams,albertwilliams@yahoo.com,-3946,,Medium_Value,SMS,18-25,Unknown,165.36,0.4,True,False,False,,28,Sports,6,5,1,929.46,185.892,2024-07-10,2025-06-25,1,4,230.57,698.89,Home,358.0,Dormant,True,True,True
1778,Jennifer,Simon,jennifersimon@gmail.com,-3719,,Low_Value,Email,55+,High,40.83,0.73,True,False,False,,1,Books,7,5,2,255.87,51.174,2024-10-10,2025-06-20,2,3,127.24,128.63,Home,363.0,Dormant,True,False,True
1779,James,Mccullough,james.mccullough@yahoo.com,-7358,,Low_Value,Email,36-45,Medium,80.82,0.82,True,False,True,,42,Home,7,7,0,653.52,93.36,2024-07-20,2025-06-19,3,4,378.52,275.0,Books,364.0,Dormant,True,False,True
1780,Jose,Wilkins,josewilkins@hotmail.com,-8463,,Medium_Value,Email,55+,High,148.29,0.59,False,True,True,,10,Clothing,10,8,2,1300.11,162.51375,2024-11-22,2025-06-23,2,6,407.99,892.12,Beauty,360.0,Dormant,True,False,True
1781,Raven,Woodard,ravenwoodard@yahoo.com,-10404,,New_Customer,Direct,55+,Unknown,118.38,0.72,True,False,True,,32,Home,9,7,2,868.91,124.13,2024-07-15,2025-05-20,2,5,303.57,565.34,Home,394.0,Dormant,True,False,True
1782,Elizabeth,Pearson,elizabeth.pearson@outlook.com,-10982,,Low_Value,Direct,55+,Low,41.98,0.66,True,True,True,,19,Sports,5,5,0,242.52,48.504,2024-07-05,2025-05-23,1,4,52.07,190.45,Home,391.0,Dormant,True,False,True
1783,Larry,Lara,larrylara@yahoo.com,-10544,,Low_Value,Social,36-45,High,45.56,0.9,False,False,False,,5,Electronics,7,7,0,346.66,49.52285714285714,2024-07-17,2025-07-01,1,6,71.51,275.15,Sports,352.0,Dormant,True,False,True
1784,Matthew,Alexander,matthewalexander@gmail.com,-9533,,Low_Value,SMS,26-35,Medium,92.49,0.88,False,False,False,,36,Beauty,5,4,1,539.57,134.8925,2024-07-15,2025-06-22,3,1,434.57,105.0,Beauty,361.0,Dormant,True,False,True
1785,Joan,Jones,joanjones@outlook.com,-10430,,Medium_Value,Push,Unknown,Medium,186.91,0.55,True,True,True,,33,Books,9,6,3,1491.08,248.51333333333332,2024-07-06,2025-06-29,3,3,890.04,601.04,Clothing,354.0,Dormant,True,False,True
1786,Amanda,Bailey,amanda783@gmail.com,-10209,,Medium_Value,Direct,55+,Low,123.55,0.53,True,False,True,,14,Books,8,8,0,1206.17,150.77125,2024-08-12,2025-05-19,2,6,403.92,802.25,Home,395.0,Dormant,True,False,True
1787,Kristin,Thornton,kristin825@outlook.com,-5000,,New_Customer,SMS,26-35,Premium,133.41,0.62,False,True,False,,15,Electronics,9,7,2,1112.15,158.87857142857143,2024-07-26,2025-04-10,3,4,566.64,545.51,Home,434.0,Dormant,True,False,True
1788,Jeffrey,Kirby,jeffrey590@gmail.com,-3645,,New_Customer,Social,46-55,Low,128.54,0.62,False,False,True,,39,Clothing,9,8,1,1162.75,145.34375,2024-11-04,2025-07-03,4,4,653.73,509.02,Beauty,350.0,Dormant,True,True,True
1789,Jacob,Watkins,jacob654@yahoo.com,-10816,,High_Value,SMS,18-25,Low,356.46,0.35,True,False,False,,41,Clothing,6,5,1,1894.16,378.832,2024-08-28,2025-05-09,0,5,0.0,1894.16,Home,405.0,Dormant,True,False,True
1790,Michael,Wolfe,michael.wolfe@outlook.com,-7744,,New_Customer,Push,Unknown,High,125.66,0.65,True,True,False,,40,Sports,7,7,0,943.53,134.79,2024-08-20,2025-03-17,1,6,147.32,796.21,Beauty,458.0,Dormant,True,False,True
1791,Robert,Williams,robertwilliams@yahoo.com,-2271,,Medium_Value,Push,18-25,High,140.78,0.6,False,False,True,,44,Beauty,9,8,1,1243.32,155.415,2024-08-05,2025-06-30,3,5,547.13,696.19,Sports,353.0,Dormant,True,False,True
1792,Raymond,Johnson,raymondjohnson@gmail.com,-7601,,Low_Value,Social,26-35,Unknown,64.16,0.7,False,True,False,,38,Clothing,9,7,2,462.31,66.04428571428572,2024-07-18,2025-05-29,0,7,0.0,462.31,Home,385.0,Dormant,True,False,True
1793,Jennifer,Collins,jennifer950@yahoo.com,-9015,,High_Value,Push,18-25,Premium,390.29,0.24,True,False,True,,35,Electronics,5,5,0,1692.09,338.418,2024-07-19,2025-06-17,0,5,0.0,1692.09,Home,366.0,Dormant,True,False,True
1794,Grace,Ray,grace388@yahoo.com,-7967,,Medium_Value,Direct,18-25,Premium,135.18,0.64,False,True,True,,33,Beauty,5,3,2,426.87,142.29,2024-11-07,2025-06-06,0,3,0.0,426.87,Books,377.0,Dormant,True,False,True
1795,Nicholas,Vincent,nicholasvincent@gmail.com,-7675,,Medium_Value,Email,26-35,Medium,193.85,0.45,True,True,False,,11,Clothing,2,2,0,385.44,192.72,2024-07-16,2025-05-11,0,2,0.0,385.44,Books,403.0,Dormant,True,False,True
1796,Norma,Mason,norma.mason@hotmail.com,-5844,,High_Value,Direct,46-55,High,212.81,0.32,False,True,False,,34,Books,2,2,0,439.16,219.58,2024-11-26,2025-06-07,0,2,0.0,439.16,Books,376.0,Dormant,True,False,True
1797,Robert,Morgan,robert.morgan@outlook.com,-2638,,New_Customer,Direct,36-45,Unknown,128.07,0.67,False,True,True,,0,Home,16,16,0,2381.7,148.85625,2024-08-04,2025-06-20,4,12,713.24,1668.46,Clothing,363.0,Dormant,True,False,True
1799,Marcus,Price,marcusprice@gmail.com,-2263,,Medium_Value,Social,55+,High,155.7,0.62,False,False,False,,34,Home,10,9,1,1563.98,173.77555555555554,2024-08-26,2025-05-29,3,6,730.01,833.97,Electronics,385.0,Dormant,True,False,True
1800,Julia,Serrano,julia697@hotmail.com,-8545,,New_Customer,Email,55+,Premium,143.48,0.53,False,False,False,,12,Electronics,3,3,0,574.19,191.39666666666668,2024-10-22,2025-02-20,2,1,447.45,126.74,Books,483.0,Dormant,True,False,True
1801,Sara,Sanders,sarasanders@hotmail.com,-9859,,High_Value,Direct,36-45,Premium,352.82,0.22,True,True,True,,28,Sports,5,4,1,1142.0,285.5,2025-01-06,2025-06-09,0,4,0.0,1142.0,Books,374.0,Dormant,True,False,True
1802,Craig,Valenzuela,craig.valenzuela@yahoo.com,-10007,,Low_Value,SMS,26-35,Low,46.29,0.73,False,True,False,,31,Books,9,7,2,332.9,47.55714285714286,2024-08-03,2025-03-27,1,6,62.12,270.78,Clothing,448.0,Dormant,True,False,True
1803,Nathaniel,Lane,nathaniel.lane@yahoo.com,-3828,,Medium_Value,Social,18-25,Low,108.92,0.44,True,False,False,,21,Home,4,3,1,462.01,154.00333333333333,2024-07-07,2025-03-09,1,2,188.27,273.74,Sports,466.0,Dormant,True,False,True
1804,Brett,Michael,brettmichael@yahoo.com,-10994,,Medium_Value,Social,36-45,Medium,153.94,0.55,True,False,True,,38,Electronics,13,11,2,1715.06,155.91454545454545,2024-08-01,2025-06-04,2,9,418.33,1296.73,Beauty,379.0,Dormant,True,False,True
1805,James,Baxter,jamesbaxter@outlook.com,-6818,,Low_Value,Push,46-55,High,84.78,0.77,True,False,True,,43,Clothing,6,6,0,584.67,97.445,2024-09-29,2025-06-07,1,5,126.47,458.2,Home,376.0,Dormant,True,False,True
1806,Martha,Gibson,martha.gibson@yahoo.com,-2974,,High_Value,Email,36-45,High,240.87,0.23,False,False,False,,43,Electronics,10,8,2,2175.01,271.87625,2024-07-16,2025-04-23,1,7,377.67,1797.34,Books,421.0,Dormant,True,False,True
1807,Patricia,Williams,patricia.williams@gmail.com,-5441,,Medium_Value,Social,46-55,Premium,82.69,0.56,True,True,False,,39,Books,7,7,0,647.97,92.56714285714285,2024-09-17,2025-05-20,1,6,142.1,505.87,Beauty,394.0,Dormant,True,True,True
1808,Melissa,Hansen,melissa141@outlook.com,-6901,,High_Value,Direct,46-55,Low,267.56,0.29,True,True,False,,30,Electronics,8,8,0,2322.14,290.2675,2024-07-12,2025-03-13,1,7,358.05,1964.09,Books,462.0,Dormant,True,False,True
1809,Jessica,Peterson,jessicapeterson@hotmail.com,-10108,,New_Customer,Direct,55+,Premium,60.16,0.58,False,True,True,,43,Home,8,7,1,413.24,59.034285714285716,2024-07-20,2025-06-07,1,6,84.91,328.33,Beauty,376.0,Dormant,True,False,True
1810,Marie,Dunn,mariedunn@hotmail.com,-5593,,Medium_Value,SMS,18-25,Low,99.96,0.59,False,True,False,,14,Books,7,7,0,699.18,99.88285714285715,2024-08-13,2025-03-23,0,7,0.0,699.18,Sports,452.0,Dormant,True,False,True
1811,Tamara,Jones,tamara.jones@hotmail.com,-10120,,Medium_Value,Social,26-35,High,77.16,0.62,False,False,False,,25,Beauty,11,10,1,859.44,85.944,2024-09-03,2025-06-15,3,7,309.12,550.32,Home,368.0,Dormant,True,True,True
1812,Dana,Wolfe,dana173@gmail.com,-3958,,New_Customer,Email,26-35,Low,33.02,0.79,True,True,False,,45,Clothing,10,9,1,362.21,40.245555555555555,2024-08-20,2025-05-18,4,5,195.25,166.96,Beauty,396.0,Dormant,True,True,True
1813,Elizabeth,Miller,elizabeth477@yahoo.com,-5317,,Medium_Value,Email,26-35,Medium,177.19,0.58,True,False,True,,21,Clothing,11,9,2,1734.36,192.70666666666668,2024-08-28,2025-04-23,3,6,701.51,1032.85,Sports,421.0,Dormant,True,False,True
1814,Brittany,Guerrero,brittany.guerrero@yahoo.com,-10489,,Low_Value,Direct,55+,Premium,82.76,0.87,True,False,False,,44,Sports,10,8,2,788.52,98.565,2024-07-07,2025-05-27,3,5,403.21,385.31,Sports,387.0,Dormant,True,False,True
1815,Amber,Moore,amber.moore@outlook.com,-3099,,Medium_Value,SMS,36-45,Medium,162.54,0.49,True,False,False,,1,Sports,8,6,2,1116.98,186.16333333333333,2024-10-16,2025-05-28,2,4,517.31,599.67,Books,386.0,Dormant,True,True,True
1816,Lindsey,Bridges,lindsey.bridges@hotmail.com,-7204,,Low_Value,Direct,18-25,Medium,47.99,0.81,False,True,True,,33,Electronics,8,7,1,404.05,57.72142857142857,2024-07-05,2025-03-26,3,4,194.27,209.78,Books,449.0,Dormant,True,False,True
1817,Carlos,Harrison,carlosharrison@hotmail.com,-3811,,New_Customer,SMS,18-25,Low,113.81,0.76,True,True,False,,49,Home,11,7,4,854.77,122.11,2024-08-21,2025-05-26,3,4,457.47,397.3,Electronics,388.0,Dormant,True,False,True
1818,Jerry,Hamilton,jerry657@yahoo.com,-8354,,Low_Value,Direct,26-35,Low,34.33,0.6,True,False,False,,0,Electronics,6,6,0,218.08,36.346666666666664,2024-10-18,2025-06-27,0,6,0.0,218.08,Clothing,356.0,Dormant,True,False,True
1819,Shane,Lee,shane896@outlook.com,-6084,,Medium_Value,Social,55+,Premium,100.56,0.59,True,False,False,,36,Sports,6,4,2,462.8,115.7,2024-07-06,2025-06-11,1,3,127.74,335.06,Sports,372.0,Dormant,True,False,True
1820,Brooke,Johnson,brookejohnson@hotmail.com,-10667,,New_Customer,Social,18-25,Medium,63.2,0.77,False,True,False,,37,Home,15,14,1,979.08,69.93428571428572,2024-07-30,2025-07-20,5,9,454.94,524.14,Sports,333.0,Dormant,True,False,True
1821,Erik,Williams,erikwilliams@outlook.com,-4885,,High_Value,SMS,Unknown,Medium,260.24,0.38,False,False,False,,9,Home,14,14,0,3845.67,274.6907142857143,2024-07-13,2025-06-13,3,11,1055.64,2790.03,Clothing,370.0,Dormant,True,False,True
1822,Ethan,Olson,ethan330yahoo.com,-10124,,High_Value,Push,36-45,High,271.02,0.22,False,True,True,,34,Home,7,6,1,1690.38,281.73,2024-08-07,2025-05-09,0,6,0.0,1690.38,Electronics,405.0,Dormant,True,False,True
1823,Martha,Fields,martha.fields@outlook.com,-7404,,Low_Value,SMS,18-25,High,32.91,0.64,False,False,False,,44,Electronics,8,7,1,282.0,40.285714285714285,2024-08-12,2025-03-14,3,4,132.9,149.1,Electronics,461.0,Dormant,True,True,True
1824,Christopher,Howard,christopher75@outlook.com,-7056,,New_Customer,Direct,36-45,Premium,82.84,0.55,False,True,True,,46,Electronics,8,8,0,676.38,84.5475,2024-09-30,2025-05-27,1,7,140.64,535.74,Beauty,387.0,Dormant,True,True,True
1825,Joseph,Moyer,josephmoyer@outlook.com,-9119,,High_Value,Push,18-25,Premium,240.15,0.32,False,False,False,,18,Books,3,3,0,815.78,271.9266666666667,2024-08-10,2024-12-06,0,3,0.0,815.78,Home,559.0,Dormant,True,False,True
1826,Kathleen,Nguyen,kathleen.nguyen@gmail.com,-4718,,High_Value,Direct,55+,High,402.37,0.37,True,True,False,,15,Electronics,3,3,0,1527.41,509.13666666666666,2024-11-18,2025-01-13,2,1,1231.75,295.66,Books,521.0,Dormant,True,False,True
1827,Elizabeth,Miller,elizabeth196@gmail.com,-4722,,Low_Value,SMS,26-35,Unknown,94.62,0.61,False,False,True,,34,Home,7,6,1,722.92,120.48666666666666,2024-08-06,2025-04-03,3,3,433.46,289.46,Home,441.0,Dormant,True,True,True
1828,Autumn,Thompson,autumnthompson@gmail.com,-9073,,New_Customer,Email,55+,Premium,130.52,0.58,True,False,True,,15,Beauty,10,8,2,1180.14,147.5175,2024-08-26,2025-06-21,3,5,549.92,630.22,Clothing,362.0,Dormant,True,False,True
1829,Nicole,Bell,nicole932@hotmail.com,-6599,,Medium_Value,Email,55+,Medium,94.41,0.45,True,True,True,,21,Home,5,5,0,441.58,88.316,2024-08-07,2025-03-26,0,5,0.0,441.58,Clothing,449.0,Dormant,True,False,True
1830,Lucas,Bryant,lucas16@gmail.com,-7252,,New_Customer,Push,46-55,High,52.91,0.79,False,True,True,,13,Clothing,7,7,0,527.62,75.37428571428572,2024-08-30,2025-04-16,4,3,352.58,175.04,Home,428.0,Dormant,True,False,True
1831,Preston,George,preston408@outlook.com,-6198,,High_Value,Push,18-25,High,429.47,0.33,True,True,True,,49,Sports,14,10,3,4392.07,439.207,2024-07-14,2025-05-20,0,10,0.0,4392.07,Beauty,394.0,Dormant,True,False,True
1832,Danielle,Smith,danielle868@outlook.com,-9982,,Medium_Value,SMS,18-25,Medium,187.11,0.66,True,False,True,,21,Beauty,8,8,0,1564.39,195.54875,2024-09-28,2025-04-03,1,7,286.07,1278.32,Books,441.0,Dormant,True,False,True
1833,Ashley,Nichols,ashley.nichols@gmail.com,-6481,,New_Customer,Direct,46-55,Low,46.72,0.78,False,True,False,,30,Beauty,8,6,2,329.44,54.906666666666666,2024-11-03,2025-06-28,2,4,161.11,168.33,Home,355.0,Dormant,True,False,True
1834,Donna,Valenzuela,donna.valenzuela@hotmail.com,-4958,,Medium_Value,Direct,26-35,Premium,127.24,0.5,False,False,True,,13,Books,4,4,0,501.79,125.4475,2024-09-01,2025-07-02,0,4,0.0,501.79,Beauty,351.0,Dormant,True,False,True
1835,Brandon,Boone,brandon344@outlook.com,-6572,,Low_Value,Email,26-35,Low,61.75,0.65,True,False,False,,28,Books,11,6,5,395.01,65.835,2024-09-13,2025-06-22,2,4,179.19,215.82,Beauty,361.0,Dormant,True,False,True
1836,Tommy,Coleman,tommycoleman@hotmail.com,-3020,,New_Customer,SMS,18-25,Premium,101.51,0.57,False,True,True,,43,Home,11,9,2,1075.14,119.46,2024-08-14,2025-07-02,3,6,419.55,655.59,Clothing,351.0,Dormant,True,False,True
1837,Logan,Knight,loganknight@yahoo.com,-3249,,Medium_Value,Email,18-25,Medium,138.7,0.6,False,False,True,,50,Books,7,7,0,927.75,132.53571428571428,2024-07-09,2025-02-26,1,6,171.69,756.06,Books,477.0,Dormant,True,False,True
1838,Gina,Mendoza,gina.mendoza@hotmail.com,-9852,,Medium_Value,Direct,26-35,Premium,142.76,0.47,False,True,True,,1,Home,9,8,1,1140.37,142.54625,2024-07-18,2025-06-21,0,8,0.0,1140.37,Sports,362.0,Dormant,True,False,True
1839,Brooke,King,brooke.king@yahoo.com,-1997,,Low_Value,Email,Unknown,Medium,27.37,0.61,True,False,True,,0,Clothing,7,6,1,178.35,29.725,2024-07-20,2025-05-02,1,5,46.47,131.88,Home,412.0,Dormant,True,False,True
1840,Cynthia,Pitts,cynthia235@yahoo.com,-6595,,New_Customer,Email,36-45,Unknown,86.85,0.51,False,True,True,,41,Sports,8,8,0,679.27,84.90875,2024-07-07,2025-04-25,1,7,142.69,536.58,Beauty,419.0,Dormant,True,False,True
1841,Mark,Garrett,mark7@gmail.com,-5029,,High_Value,Direct,26-35,High,323.71,0.26,True,True,False,,16,Clothing,12,12,0,3830.55,319.2125,2024-07-21,2025-06-02,2,10,881.32,2949.23,Books,381.0,Dormant,True,False,True
1842,Jennifer,Spears,jennifer.spears@yahoo.com,-3601,,New_Customer,Direct,46-55,Low,111.79,0.61,False,True,False,,4,Electronics,10,8,2,886.02,110.7525,2024-07-14,2025-07-01,1,7,129.1,756.92,Clothing,352.0,Dormant,True,False,True
1843,Gary,Williams,gary.williams@outlook.com,-9644,,Medium_Value,Email,55+,Low,197.21,0.61,True,True,False,,2,Books,6,5,1,1154.41,230.882,2024-07-13,2025-06-04,1,4,330.03,824.38,Books,379.0,Dormant,True,True,True
1844,Aaron,Marks,aaron.marks@hotmail.com,-4052,,Low_Value,SMS,46-55,Medium,40.43,0.75,False,True,True,,8,Beauty,9,9,0,463.97,51.55222222222222,2024-07-21,2025-04-19,4,5,241.21,222.76,Electronics,425.0,Dormant,True,False,True
1845,Mason,Green,mason.green@yahoo.com,-3261,,Low_Value,SMS,36-45,Low,92.62,0.64,False,True,True,,2,Clothing,11,8,3,821.65,102.70625,2024-07-22,2025-06-26,2,6,271.17,550.48,Sports,357.0,Dormant,True,False,True
1846,Michelle,Wilson,michellewilson@yahoo.com,-2556,,New_Customer,Push,55+,Premium,131.95,0.76,True,False,True,,6,Electronics,7,6,1,1091.65,181.94166666666666,2024-07-27,2025-06-26,6,0,1091.65,0.0,Clothing,357.0,Dormant,True,True,True
1847,Michael,Trujillo,michaeltrujillo@yahoo.com,-10602,,Low_Value,Push,Unknown,High,65.59,0.64,False,True,True,,27,Sports,4,3,1,190.38,63.46,2025-01-17,2025-05-14,0,3,0.0,190.38,Books,400.0,Dormant,True,False,True
1848,Daniel,Bryant,daniel.bryant@yahoo.com,-9645,,High_Value,Social,18-25,Unknown,162.61,0.37,True,False,False,,20,Electronics,6,5,1,865.54,173.108,2024-07-13,2025-05-13,0,5,0.0,865.54,Electronics,401.0,Dormant,True,False,True
1849,Tyler,Palmer,tyler.palmer@hotmail.com,-5357,,Low_Value,Email,18-25,Medium,46.23,0.73,True,False,True,,36,Home,11,10,1,540.2,54.02,2024-08-08,2025-06-07,2,8,133.95,406.25,Clothing,376.0,Dormant,True,False,True
1850,David,Kim,david292@hotmail.com,-4629,,Low_Value,Direct,36-45,Medium,27.28,0.83,True,True,False,,27,Home,5,5,0,146.41,29.282,2024-09-18,2025-05-20,1,4,35.39,111.02,Electronics,394.0,Dormant,True,False,True
1851,Carmen,Torres,carmen528@gmail.com,-3458,,Low_Value,Social,26-35,Premium,89.88,0.87,True,False,True,,11,Books,15,14,1,1388.06,99.14714285714285,2024-07-07,2025-06-12,5,9,631.24,756.82,Clothing,371.0,Dormant,True,False,True
1852,Joseph,Ramirez,joseph.ramirez@hotmail.com,-3953,,Medium_Value,SMS,55+,Unknown,122.35,0.43,False,False,False,,15,Books,5,4,1,543.91,135.9775,2024-08-15,2025-07-01,1,3,219.11,324.8,Beauty,352.0,Dormant,True,False,True
1853,Dean,Townsend,dean519@gmail.com,-4775,,Low_Value,Social,18-25,High,81.83,0.86,False,True,True,,23,Electronics,6,5,1,382.52,76.504,2024-11-07,2025-06-12,0,5,0.0,382.52,Home,371.0,Dormant,True,True,True
1854,Timothy,Blankenship,timothy104@gmail.com,-4965,,Medium_Value,Email,36-45,High,140.41,0.47,False,False,True,,3,Clothing,8,5,3,677.82,135.564,2024-11-02,2025-04-12,1,4,183.18,494.64,Sports,432.0,Dormant,True,False,True
1855,Jesse,Ramirez,jesseramirez@gmail.com,-10483,,Medium_Value,SMS,18-25,Low,140.56,0.56,True,True,False,,47,Home,9,8,1,1058.43,132.30375,2024-07-20,2025-05-22,0,8,0.0,1058.43,Home,392.0,Dormant,True,False,True
1856,Christopher,Turner,christopherturner@gmail.com,-11143,,High_Value,Push,18-25,Low,200.46,0.29,True,True,False,,4,Sports,8,7,1,1427.28,203.89714285714285,2024-09-09,2025-05-25,0,7,0.0,1427.28,Books,389.0,Dormant,True,False,True
1857,Patricia,Dunn,patriciadunn@outlook.com,-9718,,High_Value,Social,18-25,High,231.92,0.39,True,False,True,,7,Home,7,5,2,1307.92,261.584,2024-07-17,2025-06-01,2,3,670.92,637.0,Sports,382.0,Dormant,True,False,True
1858,Michael,Barnett,michaelbarnett@gmail.com,-4561,,Medium_Value,Direct,18-25,High,182.32,0.47,False,False,False,,7,Home,7,7,0,1243.11,177.58714285714285,2024-09-16,2025-07-02,0,7,0.0,1243.11,Electronics,351.0,Dormant,True,True,True
1859,Sara,Morgan,sara.morgan@outlook.com,-5981,,New_Customer,Social,36-45,High,133.0,0.71,True,False,True,,50,Clothing,7,6,1,1087.38,181.23,2024-07-17,2025-04-06,3,3,670.93,416.45,Electronics,438.0,Dormant,True,True,True
1860,Kelly,Carlson,kelly.carlson@outlook.com,-2718,,Low_Value,Push,55+,Medium,65.63,0.7,False,False,False,,9,Sports,7,5,2,320.01,64.002,2024-09-17,2025-01-24,0,5,0.0,320.01,Beauty,510.0,Dormant,True,False,True
1861,Cameron,Lawrence,cameron.lawrence@yahoo.com,-9442,,Low_Value,Email,26-35,Premium,47.46,0.76,False,False,True,,5,Sports,16,14,2,815.8,58.27142857142857,2024-07-10,2025-06-23,7,7,489.81,325.99,Sports,360.0,Dormant,True,False,True
1862,Jared,Olson,jaredolson@hotmail.com,-4543,,Low_Value,Email,18-25,Premium,43.34,0.6,False,True,False,,47,Books,3,2,1,109.48,54.74,2025-04-16,2025-04-17,1,1,62.43,47.05,Home,427.0,Dormant,True,False,True
1863,Alexander,Murray,alexandermurray@gmail.com,-5639,,Low_Value,Push,26-35,Medium,55.16,0.74,False,True,True,,32,Electronics,5,5,0,266.14,53.228,2024-11-30,2025-06-05,1,4,60.7,205.44,Clothing,378.0,Dormant,True,False,True
1864,Sarah,Winters,sarahwinters@hotmail.com,-5864,,Low_Value,Social,55+,Premium,66.69,0.78,False,False,True,,13,Books,10,7,3,515.92,73.70285714285714,2024-08-25,2025-06-23,2,5,181.46,334.46,Books,360.0,Dormant,True,True,True
1865,Robin,Swanson,robin260@outlook.com,-8759,,Low_Value,Email,26-35,Low,88.67,0.87,True,False,True,,33,Electronics,15,12,3,1264.68,105.39,2024-09-21,2025-06-08,4,8,545.73,718.95,Home,375.0,Dormant,True,False,True
1866,Jade,Edwards,jadeedwards@outlook.com,-10263,,High_Value,Direct,55+,Premium,360.15,0.39,True,False,True,,27,Clothing,6,3,3,1301.35,433.78333333333336,2025-04-16,2025-05-21,1,2,457.93,843.42,Home,393.0,Dormant,True,False,True
1867,Mary,Molina,marymolina@gmail.com,-10274,,Low_Value,Push,18-25,High,53.83,0.75,False,True,True,,26,Home,9,9,0,590.65,65.62777777777778,2024-09-29,2025-05-09,4,5,337.14,253.51,Sports,405.0,Dormant,True,False,True
1868,Carrie,Gibson,carriegibson@hotmail.com,-6783,,Medium_Value,Social,36-45,Unknown,136.6,0.61,False,False,True,,7,Home,9,8,1,1265.65,158.20625,2024-07-10,2025-06-23,3,5,577.16,688.49,Beauty,360.0,Dormant,True,False,True
1869,James,Mcpherson,james.mcpherson@gmail.com,-4091,,New_Customer,Social,36-45,Premium,83.42,0.64,True,True,True,,34,Books,8,6,2,610.0,101.66666666666667,2024-11-20,2025-05-24,2,4,250.83,359.17,Sports,390.0,Dormant,True,False,True
1870,Kimberly,Powell,kimberly416@gmail.com,-6441,,New_Customer,Push,55+,Premium,121.53,0.73,True,True,True,,8,Beauty,10,8,2,1136.98,142.1225,2024-10-07,2025-06-11,2,6,368.14,768.84,Books,372.0,Dormant,True,False,True
1871,Kristina,Wheeler,kristinawheeler@outlook.com,-2894,,New_Customer,Direct,55+,Low,96.23,0.53,True,False,True,,47,Beauty,5,4,1,390.3,97.575,2024-09-20,2024-11-23,1,3,113.53,276.77,Clothing,572.0,Dormant,True,True,True
1872,Chelsea,Ferguson,chelsea735@hotmail.com,-9739,,High_Value,Direct,36-45,Medium,383.17,0.31,False,False,True,,8,Books,4,4,0,1240.84,310.21,2024-12-22,2025-07-30,0,4,0.0,1240.84,Sports,323.0,Dormant,True,False,True
1873,Drew,Mclean,drew822@gmail.com,-3186,,New_Customer,Email,36-45,Low,136.68,0.64,False,False,False,,41,Sports,6,5,1,657.71,131.542,2024-12-19,2025-04-24,1,4,161.27,496.44,Home,420.0,Dormant,True,False,True
1874,Kathleen,Mills,kathleen.mills@gmail.com,-8811,,Medium_Value,Direct,18-25,High,100.57,0.43,True,True,True,,39,Sports,9,7,1,764.43,109.20428571428572,2024-07-08,2025-05-07,1,6,142.2,622.23,Electronics,407.0,Dormant,True,True,True
1875,Brandon,Gould,brandon.gould@outlook.com,-10008,,High_Value,Social,36-45,Low,392.58,0.24,True,False,True,,41,Sports,6,4,2,1713.53,428.3825,2024-08-24,2025-05-15,0,4,0.0,1713.53,Electronics,399.0,Dormant,True,False,True
1876,Neil,Christensen,neil845@hotmail.com,-5235,,Medium_Value,Push,36-45,Premium,76.51,0.51,True,False,True,,40,Electronics,7,6,1,520.41,86.735,2024-10-08,2025-05-15,1,5,123.63,396.78,Home,399.0,Dormant,True,True,True
1877,Nathan,Ramirez,nathanramirez@outlook.com,-4067,,Low_Value,Push,46-55,Premium,58.04,0.79,True,False,False,,38,Home,13,8,5,489.47,61.18375,2024-08-18,2025-06-07,2,6,155.29,334.18,Books,376.0,Dormant,True,False,True
1878,Joshua,Smith,joshua.smith@outlook.com,-10342,,Medium_Value,SMS,26-35,Medium,188.44,0.57,False,False,False,,34,Home,7,6,1,1281.01,213.50166666666667,2024-09-22,2025-02-02,1,5,291.96,989.05,Electronics,501.0,Dormant,True,False,True
1879,Joseph,Medina,joseph.medina@yahoo.com,-9337,,High_Value,Email,55+,Low,434.61,0.39,True,True,True,,42,Home,8,6,2,2709.33,451.555,2024-10-11,2025-07-17,0,6,0.0,2709.33,Books,336.0,Dormant,True,False,True
1880,Jose,Pope,jose.pope@hotmail.com,-6826,,Medium_Value,Email,18-25,Medium,95.45,0.59,False,False,False,,35,Books,9,8,1,717.57,89.69625,2024-08-11,2025-06-07,2,6,246.87,470.7,Sports,376.0,Dormant,True,False,True
1881,Kyle,Cruz,kylecruz@hotmail.com,-9688,,Low_Value,Email,26-35,Low,54.01,0.65,True,True,True,,26,Home,8,8,0,467.67,58.45875,2024-08-24,2025-06-04,1,7,96.3,371.37,Beauty,379.0,Dormant,True,False,True
1882,Lee,Stafford,lee.stafford@hotmail.com,-7633,,New_Customer,SMS,55+,Low,132.9,0.59,False,False,True,,7,Sports,8,8,0,1176.46,147.0575,2024-07-13,2025-03-12,1,7,196.78,979.68,Home,463.0,Dormant,True,False,True
1883,Ashley,Moss,ashley935@hotmail.com,-2861,,Low_Value,Social,46-55,Premium,27.99,0.66,True,False,False,,48,Clothing,7,7,0,241.62,34.51714285714286,2024-09-17,2025-06-26,3,4,120.76,120.86,Books,357.0,Dormant,True,False,True
1884,Patrick,Welch,patrick.welch@outlook.com,-3917,,High_Value,Push,26-35,Medium,450.12,0.24,True,False,False,,14,Beauty,9,6,3,2764.05,460.675,2024-08-14,2025-07-01,0,6,0.0,2764.05,Electronics,352.0,Dormant,True,False,True
1885,Haley,Clark,haley.clark@outlook.com,-10528,,Low_Value,Push,55+,High,69.43,0.78,True,True,True,,40,Sports,7,7,0,560.95,80.13571428571429,2024-08-20,2025-06-17,3,4,263.29,297.66,Electronics,366.0,Dormant,True,False,True
1886,Christopher,Meyer,christopher.meyer@gmail.com,-9170,,High_Value,SMS,46-55,High,463.6,0.21,False,True,True,,30,Books,7,5,2,2368.65,473.73,2024-07-26,2025-05-20,0,5,0.0,2368.65,Books,394.0,Dormant,True,True,True
1887,Kevin,Johnson,kevin75@hotmail.com,-7919,,Medium_Value,Email,18-25,Low,181.96,0.58,True,True,True,,32,Clothing,8,5,3,873.2,174.64,2024-08-14,2025-05-09,1,4,264.98,608.22,Sports,405.0,Dormant,True,False,True
1888,Phillip,Hodges,philliphodges@outlook.com,-2735,,Medium_Value,Email,26-35,Medium,160.53,0.58,False,True,True,,50,Clothing,13,11,2,2010.29,182.75363636363636,2024-07-08,2025-07-02,3,8,730.99,1279.3,Electronics,351.0,Dormant,True,False,True
1889,Shannon,Bryan,shannonbryan@yahoo.com,-6273,,Medium_Value,Email,36-45,Premium,110.41,0.44,False,False,False,,28,Beauty,5,4,1,377.34,94.335,2024-09-20,2025-06-28,0,4,0.0,377.34,Clothing,355.0,Dormant,True,True,True
1890,Rebecca,Black,rebecca.black@outlook.com,-7484,,Low_Value,SMS,18-25,Medium,77.38,0.68,True,False,True,,41,Clothing,6,6,0,518.46,86.41,2024-08-22,2025-02-22,1,5,113.87,404.59,Beauty,481.0,Dormant,True,False,True
1891,Connie,Hayes,connie.hayes@gmail.com,-8065,,New_Customer,SMS,55+,Medium,57.23,0.69,False,False,False,,33,Electronics,6,6,0,384.43,64.07166666666667,2024-10-28,2025-06-15,3,3,212.67,171.76,Books,368.0,Dormant,True,False,True
1892,Brian,Reed,brianreed@hotmail.com,-3732,,New_Customer,Direct,26-35,Low,144.29,0.54,True,False,True,,18,Clothing,7,5,2,750.71,150.142,2024-08-21,2025-04-17,0,5,0.0,750.71,Books,427.0,Dormant,True,False,True
1893,Catherine,Melton,catherinemelton@yahoo.com,-6369,,High_Value,Email,26-35,Low,277.08,0.38,False,True,True,,16,Home,9,9,0,2670.62,296.73555555555555,2024-09-09,2025-06-23,2,7,673.92,1996.7,Beauty,360.0,Dormant,True,False,True
1894,Debra,Thornton,debra658@hotmail.com,-4981,,Low_Value,Email,18-25,Premium,61.71,0.7,True,False,True,,49,Books,7,5,2,317.13,63.426,2024-09-28,2025-04-21,1,4,81.34,235.79,Electronics,423.0,Dormant,True,False,True
1895,David,Torres,david506@outlook.com,-3472,,Medium_Value,Email,46-55,Low,164.32,0.7,True,True,True,,26,Electronics,10,10,0,1820.02,182.002,2024-07-10,2025-06-20,4,6,907.88,912.14,Clothing,363.0,Dormant,True,True,True
1896,Brianna,Ryan,briannaryan@yahoo.com,-6842,,Low_Value,Social,55+,Low,56.8,0.84,False,False,True,,29,Electronics,10,9,1,523.15,58.12777777777778,2024-09-15,2025-05-19,1,8,74.08,449.07,Sports,395.0,Dormant,True,False,True
1897,Robert,Erickson,robert.erickson@gmail.com,-7396,,Medium_Value,Social,26-35,High,115.24,0.52,False,True,False,,42,Sports,9,9,0,1051.94,116.88222222222223,2024-10-14,2025-06-19,1,8,165.13,886.81,Clothing,364.0,Dormant,True,False,True
1898,Kyle,Haas,kyle.haas@yahoo.com,-8791,,New_Customer,SMS,36-45,Medium,103.06,0.58,True,True,False,,8,Clothing,8,8,0,955.11,119.38875,2024-07-13,2025-06-20,2,6,316.31,638.8,Books,363.0,Dormant,True,False,True
1899,Carlos,Bennett,carlosbennett@outlook.com,-6725,,Medium_Value,Direct,36-45,Medium,122.72,0.43,False,False,True,,0,Sports,13,11,2,1321.03,120.09363636363636,2024-08-06,2025-05-25,1,10,182.66,1138.37,Home,389.0,Dormant,True,False,True
1900,Joshua,Becker,joshuabecker@hotmail.com,-5274,,Low_Value,SMS,46-55,Medium,37.34,0.82,False,True,False,,30,Home,11,8,3,290.69,36.33625,2024-11-17,2025-07-01,2,6,90.74,199.95,Home,352.0,Dormant,True,False,True
1901,Joann,Williams,joannwilliams@gmail.com,-6177,,Low_Value,Social,26-35,Low,85.21,0.71,True,True,True,,33,Sports,6,3,3,335.33,111.77666666666667,2024-07-16,2025-06-06,2,1,240.71,94.62,Home,377.0,Dormant,True,False,True
1902,Nancy,Anderson,nancy885@gmail.com,-7380,,Medium_Value,Email,36-45,Low,80.72,0.49,True,False,True,,5,Home,7,5,2,478.09,95.618,2024-07-11,2024-11-25,1,4,124.65,353.44,Sports,570.0,Dormant,True,False,True
1903,Donald,Shepherd,donald514@outlook.com,-9719,,Low_Value,SMS,36-45,Low,48.6,0.73,False,False,True,,42,Sports,7,6,1,333.08,55.513333333333335,2024-07-24,2025-06-27,1,5,57.55,275.53,Home,356.0,Dormant,True,True,True
1904,Rodney,Fitzpatrick,rodney.fitzpatrick@yahoo.com,-3549,,Medium_Value,Email,46-55,Low,158.07,0.43,False,False,True,,44,Electronics,6,5,0,1045.84,209.168,2024-07-14,2025-05-31,3,2,735.99,309.85,Electronics,383.0,Dormant,True,False,True
1905,Dean,Mendoza,dean982@hotmail.com,-5981,,Medium_Value,Push,46-55,Premium,91.9,0.44,False,True,True,,3,Beauty,7,5,2,512.06,102.412,2024-08-04,2025-05-19,1,4,142.83,369.23,Sports,395.0,Dormant,True,False,True
1906,April,Smith,april842@hotmail.com,-2574,,Medium_Value,Push,46-55,Premium,181.61,0.67,False,True,True,,16,Clothing,5,5,0,929.81,185.962,2024-08-12,2025-05-12,0,5,0.0,929.81,Books,402.0,Dormant,True,True,True
1907,Kimberly,Yang,kimberly552@gmail.com,-8785,,High_Value,Social,18-25,Premium,169.79,0.37,True,True,False,,30,Books,9,7,2,1206.11,172.30142857142857,2024-09-02,2025-04-10,0,7,0.0,1206.11,Books,434.0,Dormant,True,False,True
1908,Nicole,Dixon,nicole.dixon@hotmail.com,-4996,,High_Value,Email,46-55,Medium,499.05,0.3,False,True,True,,29,Clothing,5,5,0,2513.48,502.696,2024-07-17,2025-06-20,0,5,0.0,2513.48,Home,363.0,Dormant,True,False,True
1909,Anthony,Rodriguez,anthony601@hotmail.com,-6528,,Low_Value,SMS,55+,Medium,27.44,0.85,False,True,False,,50,Books,7,7,0,195.91,27.987142857142857,2024-08-25,2025-05-30,2,5,69.25,126.66,Beauty,384.0,Dormant,True,False,True
1910,Christopher,Drake,christopher.drake@hotmail.com,-5978,,Low_Value,Email,26-35,Premium,42.89,0.62,True,True,False,,36,Books,4,3,1,126.96,42.32,2024-08-11,2025-05-18,0,3,0.0,126.96,Home,396.0,Dormant,True,False,True
1911,Melissa,Todd,melissa453@gmail.com,-10528,,Medium_Value,Direct,Unknown,Low,158.96,0.47,True,True,False,,4,Home,3,3,0,465.15,155.05,2024-09-20,2024-11-20,0,3,0.0,465.15,Beauty,575.0,Dormant,True,False,True
1912,Michael,Rodriguez,michaelrodriguez@yahoo.com,-10410,,Low_Value,Direct,26-35,Medium,69.68,0.77,False,True,False,,43,Sports,8,6,2,451.02,75.17,2024-08-05,2025-04-24,2,4,185.25,265.77,Beauty,420.0,Dormant,True,False,True
1913,Ryan,Lopez,ryanlopez@gmail.com,-4822,,Medium_Value,Email,18-25,Low,112.29,0.55,True,True,True,,14,Books,8,8,0,846.36,105.795,2024-07-09,2025-04-15,0,8,0.0,846.36,Beauty,429.0,Dormant,True,False,True
1914,Alexandra,Freeman,alexandra456@yahoo.com,-6111,,Medium_Value,Social,Unknown,Low,122.79,0.58,False,True,False,,46,Home,10,9,1,1247.22,138.58,2024-08-03,2025-05-01,3,6,519.17,728.05,Home,413.0,Dormant,True,False,True
1915,Jeffrey,Esparza,jeffrey.esparza@outlook.com,-2783,,New_Customer,Direct,26-35,Medium,45.04,0.68,True,False,False,,12,Electronics,11,9,2,471.44,52.382222222222225,2024-08-07,2025-05-26,3,6,196.79,274.65,Clothing,388.0,Dormant,True,False,True
1916,Jennifer,Campbell,jennifercampbell@gmail.com,-3689,,New_Customer,Email,18-25,Medium,119.84,0.6,True,True,True,,6,Clothing,4,3,1,483.39,161.13,2025-03-14,2025-06-17,2,1,340.83,142.56,Clothing,366.0,Dormant,True,True,True
1917,Robert,Norton,robert905@gmail.com,-4118,,New_Customer,SMS,Unknown,Low,80.66,0.52,True,True,False,,40,Home,11,10,1,925.98,92.598,2024-07-07,2025-07-04,4,6,470.42,455.56,Home,349.0,Dormant,True,False,True
1918,Bryan,Howell,bryan.howell@yahoo.com,-1973,,High_Value,SMS,26-35,Premium,411.55,0.29,True,True,True,,48,Home,7,5,2,2183.11,436.622,2024-08-22,2025-05-30,0,5,0.0,2183.11,Clothing,384.0,Dormant,True,False,True
1919,Bryce,Cortez,bryce951@gmail.com,-10456,,Low_Value,SMS,36-45,Low,62.25,0.74,False,False,True,,38,Beauty,3,1,2,50.27,50.27,2024-08-25,2024-08-25,0,1,0.0,50.27,Clothing,662.0,Dormant,True,False,True
1920,Mary,Hall,mary.hall@gmail.com,-5060,,Medium_Value,SMS,46-55,Low,85.83,0.54,True,True,False,,28,Books,8,7,1,658.64,94.09142857142857,2024-08-03,2025-05-18,1,6,137.04,521.6,Books,396.0,Dormant,True,False,True
1921,Erin,Cole,erincole@outlook.com,-3788,,Low_Value,Push,36-45,High,99.69,0.7,True,True,False,,6,Sports,9,8,0,954.45,119.30625,2024-07-09,2025-06-27,3,5,437.99,516.46,Electronics,356.0,Dormant,True,False,True
1922,Richard,Hardy,richardhardy@yahoo.com,-10251,,High_Value,Direct,36-45,Medium,453.11,0.31,True,False,True,,2,Books,9,8,1,3319.07,414.88375,2024-08-09,2025-07-01,0,8,0.0,3319.07,Beauty,352.0,Dormant,True,False,True
1923,Jillian,Griffin,jillian.griffin@gmail.com,-4230,,Medium_Value,Email,36-45,Unknown,102.85,0.64,False,True,True,,6,Clothing,7,7,0,910.32,130.0457142857143,2024-08-25,2025-07-01,3,4,516.49,393.83,Clothing,352.0,Dormant,True,False,True
1924,Ronald,Salazar,ronaldsalazar@hotmail.com,-3589,,Medium_Value,Email,26-35,Unknown,138.8,0.54,False,False,False,,4,Beauty,3,3,0,443.03,147.67666666666668,2024-09-07,2024-12-29,0,3,0.0,443.03,Beauty,536.0,Dormant,True,False,True
1925,Lisa,House,lisa.house@gmail.com,-8794,,High_Value,Push,36-45,Premium,441.55,0.39,False,False,True,,40,Electronics,6,5,1,2344.53,468.906,2024-09-11,2025-03-06,1,4,582.76,1761.77,Clothing,469.0,Dormant,True,False,True
1926,Amanda,Ellis,amandaellis@outlook.com,-3301,,High_Value,Direct,55+,Low,168.24,0.29,True,True,False,,17,Sports,7,6,1,1016.41,169.40166666666667,2024-07-07,2025-06-12,0,6,0.0,1016.41,Electronics,371.0,Dormant,True,False,True
1927,Amy,Ball,amyball@yahoo.com,-10061,,New_Customer,Email,55+,Unknown,52.19,0.58,True,False,True,,9,Electronics,9,7,2,456.9,65.27142857142857,2024-07-12,2025-06-14,3,4,241.19,215.71,Sports,369.0,Dormant,True,False,True
1928,Michelle,King,michelleking@yahoo.com,-7792,,Low_Value,Email,46-55,High,27.89,0.88,False,False,True,,29,Clothing,11,11,0,324.7,29.51818181818182,2024-07-14,2025-04-01,2,9,84.96,239.74,Electronics,443.0,Dormant,True,False,True
1929,Karina,Johnson,karina.johnson@hotmail.com,-4048,,Medium_Value,Push,18-25,High,166.02,0.49,False,False,True,,12,Electronics,9,9,0,1677.52,186.39111111111112,2024-09-04,2025-06-05,0,9,0.0,1677.52,Home,378.0,Dormant,True,True,True
1930,Toni,Reilly,toni611@yahoo.com,-5463,,New_Customer,Email,55+,Unknown,32.58,0.57,True,True,True,,47,Electronics,7,7,0,248.39,35.48428571428571,2024-07-28,2025-07-04,3,4,123.08,125.31,Books,349.0,Dormant,True,True,True
1931,Marcia,Martin,marciamartin@hotmail.com,-4313,,New_Customer,Direct,26-35,Premium,127.53,0.68,True,False,False,,34,Clothing,5,5,0,776.41,155.282,2024-07-29,2025-05-07,2,3,352.58,423.83,Beauty,407.0,Dormant,True,False,True
1932,Rebecca,Wheeler,rebecca.wheeler@yahoo.com,-2575,,High_Value,Email,18-25,Medium,295.4,0.24,False,True,True,,45,Home,10,7,3,2151.89,307.41285714285715,2024-07-26,2025-07-02,0,7,0.0,2151.89,Books,351.0,Dormant,True,True,True
1933,James,Wallace,james.wallace@outlook.com,-10070,,New_Customer,Social,55+,Low,81.06,0.63,True,False,False,,5,Sports,9,8,1,762.97,95.37125,2024-08-02,2025-04-24,3,5,363.85,399.12,Beauty,420.0,Dormant,True,False,True
1934,Justin,Smith,justin.smith@gmail.com,-10442,,New_Customer,Social,26-35,Low,71.89,0.72,False,False,False,,43,Home,5,4,1,312.83,78.2075,2024-08-15,2025-05-09,0,4,0.0,312.83,Beauty,405.0,Dormant,True,True,True
1935,Darren,Miller,darren139@yahoo.com,-4023,,Low_Value,Direct,18-25,Medium,33.58,0.87,True,True,False,,19,Books,7,7,0,261.86,37.40857142857143,2024-08-07,2025-05-29,3,4,136.58,125.28,Electronics,385.0,Dormant,True,False,True
1936,Brian,Walker,brian.walker@outlook.com,-6998,,Low_Value,Push,46-55,Premium,36.16,0.7,False,False,False,,7,Home,5,5,0,219.07,43.814,2024-10-22,2025-05-12,3,2,144.41,74.66,Sports,402.0,Dormant,True,False,True
1937,Kristin,Clark,kristin764@gmail.com,-6153,,Low_Value,Push,46-55,Low,38.98,0.62,False,False,False,,6,Clothing,7,6,1,226.34,37.723333333333336,2024-08-17,2025-05-29,0,6,0.0,226.34,Sports,385.0,Dormant,True,False,True
1938,Joseph,Marshall,joseph768@yahoo.com,-2443,,High_Value,SMS,55+,Low,295.18,0.34,False,False,False,,5,Clothing,3,3,0,958.66,319.55333333333334,2025-03-06,2025-04-19,1,2,421.07,537.59,Electronics,425.0,Dormant,True,False,True
1939,April,Roberts,april833@hotmail.com,-3535,,Medium_Value,Email,55+,Low,166.28,0.43,False,False,True,,28,Clothing,9,8,1,1353.91,169.23875,2024-07-24,2025-06-13,2,6,382.69,971.22,Books,370.0,Dormant,True,True,True
1940,Christopher,Johnston,christopher918@hotmail.com,-6130,,Low_Value,Push,46-55,Unknown,78.53,0.75,True,False,False,,27,Electronics,11,9,2,788.85,87.65,2024-07-12,2025-05-21,4,5,394.63,394.22,Sports,393.0,Dormant,True,False,True
1941,Michael,Brown,michael.brown@hotmail.com,-8904,,High_Value,Email,36-45,Low,491.92,0.35,False,False,False,,25,Beauty,7,7,0,4284.34,612.0485714285714,2024-08-31,2025-06-19,2,5,1562.02,2722.32,Clothing,364.0,Dormant,True,False,True
1942,Melissa,Miller,melissa87@gmail.com,-9843,,New_Customer,Push,26-35,Medium,63.73,0.72,True,True,False,,22,Clothing,14,11,3,782.4,71.12727272727273,2024-07-17,2025-06-30,3,8,278.32,504.08,Books,353.0,Dormant,True,True,True
1943,Rebecca,Arnold,rebecca.arnold@gmail.com,-9638,,High_Value,Social,18-25,Low,279.33,0.33,False,False,True,,4,Books,9,7,2,2083.52,297.6457142857143,2024-08-05,2025-02-21,1,6,479.95,1603.57,Beauty,482.0,Dormant,True,True,True
1944,Courtney,Morgan,courtneymorgan@outlook.com,-4804,,High_Value,Direct,36-45,Unknown,243.16,0.36,True,False,False,,0,Books,3,2,1,416.27,208.135,2024-10-23,2025-02-28,0,2,0.0,416.27,Beauty,475.0,Dormant,True,True,True
1945,Brandon,Wade,brandon.wade@yahoo.com,-7112,,New_Customer,Push,18-25,Premium,44.64,0.8,False,False,True,,22,Clothing,6,6,0,267.87,44.645,2024-07-25,2025-06-30,1,5,53.38,214.49,Sports,353.0,Dormant,True,False,True
1946,Mark,Gutierrez,mark468@gmail.com,-8584,,Low_Value,Direct,Unknown,Low,68.63,0.65,True,False,True,,5,Electronics,7,7,0,524.62,74.94571428571429,2024-11-11,2025-07-04,2,5,212.31,312.31,Beauty,349.0,Dormant,True,False,True
1947,Jesse,Harrison,jesse.harrison@hotmail.com,-5793,,High_Value,Push,55+,Medium,252.05,0.29,True,True,False,,16,Books,8,8,0,2124.67,265.58375,2024-07-28,2025-05-19,0,8,0.0,2124.67,Home,395.0,Dormant,True,False,True
1948,Robert,Smith,robertsmith@outlook.com,-3960,,High_Value,Email,Unknown,Premium,161.41,0.2,False,False,False,,10,Beauty,6,4,2,676.21,169.0525,2024-08-05,2025-04-18,0,4,0.0,676.21,Clothing,426.0,Dormant,True,False,True
1949,Kenneth,Kirk,kennethkirk@yahoo.com,-9896,,Medium_Value,SMS,36-45,High,125.14,0.52,True,True,False,,39,Electronics,5,5,0,694.02,138.804,2024-08-31,2024-11-23,2,3,300.01,394.01,Clothing,572.0,Dormant,True,False,True
1950,Patricia,Thomas,patriciathomas@hotmail.com,-5044,,Medium_Value,Email,55+,High,138.86,0.43,False,True,True,,35,Electronics,9,8,1,1471.37,183.92125,2024-07-14,2025-05-12,3,5,691.59,779.78,Books,402.0,Dormant,True,False,True
1951,Gloria,Lopez,gloria.lopez@outlook.com,-2249,,New_Customer,Social,18-25,Low,111.59,0.74,False,False,True,,18,Books,7,6,1,781.92,130.32,2024-07-21,2025-03-03,1,5,194.93,586.99,Sports,472.0,Dormant,True,False,True
1952,Kristen,Ferguson,kristen.ferguson@outlook.com,-10732,,High_Value,Direct,46-55,Medium,404.17,0.32,False,False,True,,38,Electronics,8,8,0,3498.04,437.255,2024-08-18,2025-05-26,4,4,2175.79,1322.25,Clothing,388.0,Dormant,True,False,True
1953,Phyllis,Scott,phyllisscott@outlook.com,-7283,,High_Value,Social,46-55,Medium,469.08,0.37,False,False,False,,0,Beauty,12,10,2,5893.21,589.321,2024-07-14,2025-07-02,4,6,3015.76,2877.45,Home,351.0,Dormant,True,False,True
1954,Robert,Smith,robert674@gmail.com,-7632,,Medium_Value,SMS,55+,Low,101.26,0.53,False,True,True,,44,Home,6,4,2,460.72,115.18,2024-09-08,2025-03-13,0,4,0.0,460.72,Clothing,462.0,Dormant,True,False,True
1955,Joshua,Dennis,joshua290@outlook.com,-10324,,New_Customer,Direct,46-55,Medium,122.4,0.53,False,False,False,,47,Beauty,6,6,0,798.3,133.05,2024-07-07,2025-06-05,1,5,184.51,613.79,Clothing,378.0,Dormant,True,False,True
1956,Duane,Beasley,duane.beasley@outlook.com,-10063,,Low_Value,Direct,26-35,Low,98.49,0.61,True,False,False,,41,Home,8,7,1,858.09,122.58428571428571,2024-08-22,2025-05-04,2,5,322.79,535.3,Sports,410.0,Dormant,True,False,True
1957,Jose,Rhodes,joserhodes@hotmail.com,-3285,,New_Customer,Email,55+,Medium,106.67,0.71,False,True,False,,4,Beauty,7,5,2,507.34,101.468,2024-07-25,2025-03-26,0,5,0.0,507.34,Books,449.0,Dormant,True,False,True
1958,Scott,Brown,scottbrown@hotmail.com,-10121,,Medium_Value,Push,36-45,Medium,130.54,0.46,True,False,True,,36,Sports,8,7,1,951.36,135.90857142857143,2024-07-16,2025-03-10,1,6,211.02,740.34,Books,465.0,Dormant,True,True,True
1959,Benjamin,Bell,benjamin.bell@outlook.com,-5148,,Low_Value,Direct,55+,Medium,55.1,0.76,False,True,True,,0,Home,8,7,1,384.94,54.99142857142857,2024-10-15,2025-05-13,0,7,0.0,384.94,Electronics,401.0,Dormant,True,True,True
1960,Heather,Mendez,heathermendez@gmail.com,-10477,,Medium_Value,Email,55+,High,150.95,0.66,True,True,False,,8,Books,6,5,1,817.46,163.492,2024-12-12,2025-06-26,0,5,0.0,817.46,Books,357.0,Dormant,True,True,True
1961,Kimberly,Molina,kimberly.molina@gmail.com,-10117,,Medium_Value,Direct,55+,High,198.04,0.45,False,False,False,,26,Clothing,10,10,0,1984.33,198.433,2024-08-02,2025-05-11,0,10,0.0,1984.33,Sports,403.0,Dormant,True,False,True
1962,Rodney,Lopez,rodneylopez@hotmail.com,-9943,,New_Customer,Social,46-55,Unknown,136.51,0.6,False,True,True,,44,Home,4,3,1,392.0,130.66666666666666,2024-11-17,2025-04-27,1,2,160.73,231.27,Electronics,417.0,Dormant,True,True,True
1963,Rebecca,Hunter,rebecca452@gmail.com,-3226,,Low_Value,Push,18-25,Premium,97.77,0.82,False,False,True,,7,Beauty,11,7,4,825.56,117.93714285714286,2024-08-08,2025-08-01,3,4,438.93,386.63,Beauty,321.0,Dormant,True,False,True
1964,Brittany,Haynes,brittany.haynes@gmail.com,-3479,,New_Customer,Email,55+,Medium,117.59,0.54,True,True,True,,18,Home,7,5,2,651.07,130.214,2024-09-05,2025-06-02,1,4,181.05,470.02,Electronics,381.0,Dormant,True,False,True
1965,Stephen,Gonzalez,stephen.gonzalez@hotmail.com,-3423,,Medium_Value,Social,36-45,Premium,106.55,0.7,False,False,False,,6,Beauty,4,3,1,383.9,127.96666666666667,2024-10-13,2025-02-28,1,2,173.4,210.5,Beauty,475.0,Dormant,True,False,True
1966,James,Cowan,jamescowan@outlook.com,-5083,,New_Customer,Direct,26-35,Medium,149.43,0.51,True,True,True,,47,Books,8,7,1,1186.31,169.47285714285715,2024-07-27,2025-04-08,2,5,464.2,722.11,Electronics,436.0,Dormant,True,False,True
1967,Stephanie,Aguilar,stephanie.aguilar@yahoo.com,-7687,,New_Customer,Social,26-35,Low,86.33,0.53,False,True,False,,27,Home,6,6,0,497.11,82.85166666666667,2024-07-08,2025-06-17,0,6,0.0,497.11,Books,366.0,Dormant,True,False,True
1968,Gabriella,Turner,gabriella921@outlook.com,-8947,,Medium_Value,Social,18-25,Medium,172.36,0.58,True,True,False,,39,Beauty,5,5,0,824.42,164.884,2024-10-08,2025-07-01,1,4,201.67,622.75,Beauty,352.0,Dormant,True,False,True
1969,Stephanie,Gonzalez,stephanie895@yahoo.com,-5995,,New_Customer,SMS,Unknown,Medium,131.34,0.51,True,False,True,,39,Beauty,6,5,0,749.93,149.986,2024-09-09,2025-05-03,1,4,236.09,513.84,Beauty,411.0,Dormant,True,False,True
1970,John,Choi,john.choi@yahoo.com,-10555,,New_Customer,Email,26-35,Premium,63.35,0.73,True,False,True,,3,Books,12,9,3,614.92,68.32444444444444,2024-07-18,2025-03-24,3,6,222.92,392.0,Home,451.0,Dormant,True,False,True
1971,Timothy,Howard,timothy.howard@outlook.com,-7187,,High_Value,SMS,36-45,High,388.32,0.28,True,True,False,,45,Electronics,9,7,2,2963.15,423.3071428571429,2024-08-12,2025-06-13,1,6,508.91,2454.24,Home,370.0,Dormant,True,False,True
1972,Yvette,Smith,yvettesmith@hotmail.com,-8101,,New_Customer,Social,36-45,High,31.9,0.72,True,True,False,,24,Books,11,11,0,417.4,37.945454545454545,2024-08-01,2025-05-29,3,8,134.26,283.14,Electronics,385.0,Dormant,True,False,True
1973,Amber,Bishop,amber675@gmail.com,-7226,,New_Customer,Direct,Unknown,Premium,54.72,0.65,False,False,False,,29,Clothing,6,5,1,307.04,61.408,2024-07-29,2025-04-29,2,3,161.96,145.08,Clothing,415.0,Dormant,True,False,True
1974,Jessica,Armstrong,jessica77@outlook.com,-7871,,High_Value,Push,18-25,High,215.89,0.24,True,True,False,,50,Electronics,5,5,0,1163.58,232.716,2024-07-18,2025-05-09,2,3,582.82,580.76,Home,405.0,Dormant,True,False,True
1975,Sydney,Pierce,sydney863@yahoo.com,-7165,,New_Customer,Push,36-45,Low,124.51,0.72,True,True,False,,14,Sports,5,4,1,573.13,143.2825,2024-09-19,2025-05-31,2,2,337.84,235.29,Books,383.0,Dormant,True,False,True
1976,David,Daniels,daviddaniels@outlook.com,-10398,,New_Customer,Email,55+,Premium,98.1,0.67,True,False,True,,13,Books,9,9,0,1072.5,119.16666666666667,2024-12-12,2025-05-30,2,7,319.3,753.2,Books,384.0,Dormant,True,False,True
1977,Angela,Barnett,angela.barnett@hotmail.com,-5547,,Low_Value,Email,18-25,Medium,78.72,0.71,True,False,False,,21,Sports,10,10,0,871.92,87.192,2024-07-13,2025-06-09,2,8,225.61,646.31,Electronics,374.0,Dormant,True,False,True
1978,Steven,Miller,steven.miller@gmail.com,-8169,,High_Value,SMS,18-25,Medium,274.51,0.37,False,True,False,,38,Clothing,12,9,3,2709.48,301.05333333333334,2024-07-05,2025-05-05,3,6,1191.41,1518.07,Sports,409.0,Dormant,True,False,True
1979,Wendy,Pham,wendypham@gmail.com,-10864,,New_Customer,Push,26-35,Premium,106.48,0.69,False,False,True,,47,Home,8,8,0,843.55,105.44375,2024-08-20,2025-05-31,1,7,132.1,711.45,Beauty,383.0,Dormant,True,True,True
1980,Daniel,Woods,daniel496@hotmail.com,-10462,,High_Value,SMS,18-25,Medium,428.91,0.38,True,True,False,,47,Home,14,13,1,6276.38,482.79846153846154,2024-07-13,2025-06-22,2,11,1319.09,4957.29,Sports,361.0,Dormant,True,False,True
1981,Dustin,Robinson,dustin.robinson@gmail.com,-3080,,New_Customer,SMS,36-45,Medium,66.6,0.76,True,True,False,,33,Home,8,6,2,474.09,79.015,2024-08-22,2025-04-02,2,4,215.0,259.09,Books,442.0,Dormant,True,False,True
1982,Derrick,Schwartz,derrick.schwartz@gmail.com,-4201,,New_Customer,Social,46-55,Premium,133.07,0.57,True,False,False,,1,Beauty,8,7,1,933.19,133.31285714285715,2024-07-22,2025-05-11,2,5,383.16,550.03,Home,403.0,Dormant,True,False,True
1983,Christopher,Lang,christopher720@hotmail.com,-2596,,High_Value,Email,46-55,Medium,357.89,0.37,True,False,True,,1,Electronics,4,3,1,1103.74,367.91333333333336,2024-07-12,2024-11-05,1,2,502.5,601.24,Beauty,590.0,Dormant,True,False,True
1984,John,Brown,johnbrown@hotmail.com,-7351,,High_Value,SMS,Unknown,Medium,223.67,0.36,True,True,True,,32,Beauty,9,8,1,2192.73,274.09125,2024-07-30,2025-06-17,2,6,750.63,1442.1,Electronics,366.0,Dormant,True,False,True
1985,Andrew,Fowler,andrewfowler@yahoo.com,-11322,,Medium_Value,Social,55+,Medium,162.34,0.65,False,False,False,,45,Clothing,8,6,2,1064.23,177.37166666666667,2024-07-10,2025-06-23,1,5,283.32,780.91,Home,360.0,Dormant,True,False,True
1986,Victor,Fitzgerald,victor569@outlook.com,-5303,,Medium_Value,Direct,36-45,High,86.01,0.41,True,True,True,,13,Beauty,8,8,0,693.16,86.645,2024-07-19,2025-06-15,1,7,126.42,566.74,Beauty,368.0,Dormant,True,True,True
1987,Timothy,Parker,timothyparker@yahoo.com,-3718,,Medium_Value,Email,55+,Low,115.26,0.42,True,False,True,,44,Sports,10,7,3,740.1,105.72857142857143,2024-10-24,2025-06-28,0,7,0.0,740.1,Home,355.0,Dormant,True,True,True
1988,Jennifer,Patel,jenniferpatel@gmail.com,-3023,,High_Value,SMS,26-35,High,328.87,0.25,True,False,True,,3,Clothing,10,9,1,3018.73,335.4144444444444,2024-07-24,2025-07-02,1,8,414.11,2604.62,Beauty,351.0,Dormant,True,False,True
1989,Rita,Joyce,rita.joyce@hotmail.com,-11095,,Medium_Value,SMS,Unknown,High,187.11,0.59,True,False,False,,7,Clothing,10,8,2,1751.75,218.96875,2024-07-27,2025-05-06,1,7,325.33,1426.42,Beauty,408.0,Dormant,True,True,True
1990,Shane,Maldonado,shane262@hotmail.com,-6588,,Low_Value,SMS,26-35,High,81.21,0.66,False,False,True,,30,Beauty,9,7,2,650.4,92.91428571428571,2024-07-07,2025-06-04,1,6,113.11,537.29,Clothing,379.0,Dormant,True,False,True
1991,Tina,Day,tinaday@outlook.com,-2165,,Low_Value,Email,46-55,Medium,34.97,0.74,True,False,True,,36,Books,6,5,1,232.7,46.54,2024-07-11,2025-02-14,3,2,163.0,69.7,Home,489.0,Dormant,True,False,True
1992,Corey,Thomas,corey91@hotmail.com,-4611,,Medium_Value,Direct,46-55,Premium,105.07,0.59,True,False,False,,48,Books,6,6,0,655.02,109.17,2024-08-25,2025-04-24,1,5,148.53,506.49,Clothing,420.0,Dormant,True,True,True
1993,Chase,Cox,chasecox@hotmail.com,-9009,,New_Customer,SMS,26-35,Low,36.79,0.59,True,True,False,,35,Books,11,10,0,377.48,37.748,2024-09-02,2025-06-18,2,8,92.05,285.43,Home,365.0,Dormant,True,False,True
1994,Jennifer,Thompson,jenniferthompson@gmail.com,-6634,,High_Value,Direct,55+,Medium,486.59,0.22,True,False,False,,0,Clothing,11,11,0,5874.1,534.0090909090909,2024-08-14,2025-06-24,2,9,1529.17,4344.93,Beauty,359.0,Dormant,True,True,True
1995,Natalie,Brown,natalie.brown@gmail.com,-5907,,Medium_Value,Direct,36-45,Medium,189.03,0.42,True,True,False,,2,Electronics,14,12,2,2481.0,206.75,2024-07-21,2025-05-18,0,12,0.0,2481.0,Sports,396.0,Dormant,True,False,True
1996,Peter,Moore,peter.moore@yahoo.com,-8329,,Medium_Value,Direct,36-45,Medium,124.3,0.54,False,False,False,,20,Books,7,4,3,573.13,143.2825,2024-09-25,2025-05-04,2,2,314.47,258.66,Clothing,410.0,Dormant,True,False,True
1997,Manuel,Watson,manuel.watson@yahoo.com,-9611,,Low_Value,Direct,18-25,Premium,77.35,0.87,True,False,True,,48,Home,6,5,1,433.74,86.748,2024-08-11,2025-06-26,3,2,278.21,155.53,Books,357.0,Dormant,True,False,True
1998,Karen,Smith,karen.smith@outlook.com,-6936,,High_Value,Direct,36-45,Medium,183.99,0.2,True,True,False,,44,Beauty,11,11,0,1899.92,172.72,2024-08-03,2025-06-22,0,11,0.0,1899.92,Books,361.0,Dormant,True,False,True
1999,Andrew,Morales,andrew.morales@yahoo.com,-9083,,New_Customer,Push,55+,Medium,55.37,0.66,False,True,True,,30,Home,6,4,2,229.62,57.405,2024-07-19,2025-02-27,0,4,0.0,229.62,Books,476.0,Dormant,True,True,True
2000,Mary,Roberts,mary953@hotmail.com,-3368,,New_Customer,Direct,46-55,High,122.68,0.68,True,False,True,,42,Electronics,7,5,2,589.27,117.854,2024-10-17,2025-03-03,0,5,0.0,589.27,Home,472.0,Dormant,True,False,True
1729,Amanda,Stone,amandastone@gmail.com,-9059,,Low_Value,Push,26-35,Premium,49.41,0.61,True,False,False,,14,Books,2,0,2,0.0,,,,0,0,0.0,0.0,Books,,New,True,False,True
1798,Ronald,Clark,ronald.clark@gmail.com,-7127,,New_Customer,Push,46-55,Premium,68.52,0.73,False,True,True,,18,Clothing,3,0,3,0.0,,,,0,0,0.0,0.0,Clothing,,New,True,False,True
1222,Jesse,Johnson,jessejohnson@outlook.com,-3857,,Medium_Value,Direct,18-25,Premium,80.03,0.61,False,False,False,,46,Books,2,0,2,0.0,,,,0,0,0.0,0.0,Books,,New,True,False,True
1133,Tom,Dougherty,tomdougherty@hotmail.com,-4492,,Low_Value,Push,26-35,Unknown,38.24,0.71,False,True,True,,9,Books,0,0,0,0.0,,,,0,0,0.0,0.0,Books,,New,True,False,True
